<?xml version='1.0' encoding='UTF-8'?><TEI xmlns:xsi="http://www.w3.org/2001/XMLSchema-instance" xmlns="http://www.tei-c.org/ns/1.0" xsi:schemaLocation="http://www.tei-c.org/ns/1.0 file:/T:/Instruktioner,%20manualer,%20scheman/TEI-scheman%20(AM)/tei_brevschema.xsd">
  <teiHeader>
    <fileDesc>
      <titleStmt>
        <title>Br803</title>
        <respStmt>
          <resp>Ansvarig redaktör:</resp>
          <name>Laura Mattsson</name>
        </respStmt>
      </titleStmt>
      <publicationStmt>
        <publisher>Zacharias Topelius Skrifter</publisher>
      </publicationStmt>
      <sourceDesc>
        <p>Arkivsignum: se databas</p>
      </sourceDesc>
    </fileDesc>
    <profileDesc>
      <handNotes>
        <handNote medium="black-ink"/>
      </handNotes>
    </profileDesc>
  </teiHeader>
  <text>
    <body xml:space="preserve">
      <!-- – » ’ æ ½ ø &#x00A0; --> 
      <div type="letter"> 
        <opener>
          <address>Herr <persName corresp="pe506">Albert Bonnier</persName>, <placeName corresp="pl2157">Stockholm</placeName>.</address>
          <dateline><placeName corresp="pl399">Helsingfors</placeName> 5 Mars 1855.</dateline>
        </opener>
        <p n="1">För det skyndsama delfåendet af Tit. svar, som jag mottog i går, får jag förbindligast tacka. Jag vet att <title corresp="tw14">Regina v. Emmeritz</title> ej gjort någon särdeles lycka på Mindre theatern för denna gång och förstår derföre Tit. betänkligheter vid dess tryckning. Det är alldeles i sin ordning att Tit. behandlar saken som affär; jag hade endast önskat att Tit. öfvertygat sig, huruvida stycket äger något värde som bok.</p>
<p>Wåra åsigter skilja sig deri, att Tit. kalkylerar för dagen, men jag skrifver ej för dagen. <anchor xml:id="start13930"/>Jag vågar nästan tro att <title corresp="tw14">Regina v. Emmeritz</title> har en framtid, oberoende af Mindre theatern.<anchor xml:id="end13930"/> Åtminstone anser jag stycket vara betydligt bättre än »<title corresp="tw15">Efter femtio år</title>».</p>
        <p>Min proposition ansåg jag som en skyldig uppmärksamhet <del>för</del> <add>mot</add> <persName corresp="pe506">Herr Bonnier</persName>, som förlagt <anchor xml:id="start3526"/>två<pb/> af mina förra arbeten.<anchor xml:id="end3526"/> Upplysningsvis bör jag nämna att <persName corresp="pe150"><subst>St</subst>jernström</persName> för <title corresp="tw14">Regina</title> betalat 400 <choice><abbr>rub. s:r</abbr><expan>rubel silver</expan></choice> (hvaraf 200 för Sverige) och att <add>jag</add> således ej kan sälja en svensk upplaga för 50 rdr bko (27 rub. s:r), äfven med tillskott af 100 exx. <anchor xml:id="start3527"/>som skulle göra mig bryderi för <anchor xml:id="start7420"/>Krigets<anchor xml:id="end7420"/> skull.<anchor xml:id="end3527"/></p>
<p>Jag accepterar derföre Tit. svar som afböjande och låter det bero, huru och när den svenska upplagan träder i dagen. Som affärsman skall Tit. säkert godkänna min vana att »<anchor xml:id="start7419"/>engång säga och dervid blifva<anchor xml:id="end7419"/>».</p>
<p>Emellertid hoppas jag bådas vår uppriktighet å ömse sidor ej ledt till något missförstånd och att jag ännu framdeles, om icke för detta, så för andra arbeten, kan påräkna Tit. välvilliga medverkan, som jag vet att tillfyllest uppskatta. För löftet om ett ex. af min <title corresp="tw17">»Fältskär», första cykeln</title>, får jag tacka. <title corresp="tw100">Andra cykeln</title> blir färdig i vår.</p>
<p>Med fullkomlig högaktning tecknar Herr Bonniers </p> 
      <closer>
          <salute>ödmjuke tjenare</salute>
          <signed>Z. Topelius.</signed>
      </closer> 
      </div> 
    </body>
  </text>
</TEI>