<?xml version='1.0' encoding='UTF-8'?><TEI xmlns:xsi="http://www.w3.org/2001/XMLSchema-instance" xmlns="http://www.tei-c.org/ns/1.0" xsi:schemaLocation="http://www.tei-c.org/ns/1.0 file:/T:/Instruktioner,%20manualer,%20scheman/TEI-scheman%20(AM)/tei_brevschema.xsd">
  <teiHeader>
    <fileDesc>
      <titleStmt>
        <title>Br846</title>
        <respStmt>
          <resp>Ansvarig redaktör:</resp>
          <name>Laura Mattsson</name>
        </respStmt>
      </titleStmt>
      <publicationStmt>
        <publisher>Zacharias Topelius Skrifter</publisher>
      </publicationStmt>
      <sourceDesc>
        <p>Arkivsignum: se databas</p>
      </sourceDesc>
    </fileDesc>
    <profileDesc>
      <handNotes>
        <handNote medium="black-ink"/>
      </handNotes>
    </profileDesc>
  </teiHeader>
  <text>
    <body xml:space="preserve">
      <!-- – » ’ æ ½ ø &#x00A0; -->
      <div type="letter">
        <opener>
          <dateline><placeName corresp="pl2157">Stockholm</placeName> d. 24 Novbr 1860.</dateline>
          <address><choice><abbr>H</abbr><expan resp="CH">Högädle</expan></choice> Herr Prof <persName corresp="pe614">Z Topelius</persName><lb/><placeName corresp="pl399">Helsingfors</placeName>.</address>
        </opener>
        <p>Ändtligen har jag idag haft nöjet att kunna öfversända med ångbåten <hi rend="underline">Suomi</hi> en del exemplar af Tits »<title corresp="tw27">Sånger</title>», såväl i häftade som bundna exemplar. Af Tits 25 honorars Expl har jag enligt Tits order utlemnadt 4 expl här – och resten erhålles hos H<hi rend="raised">rr</hi> Frenckell &amp; Son i <placeName corresp="pl399">Helsingfors</placeName>, nämligen 15 häftade och 6 inbundna Expl.</p>
        <table rend="noBorder">
          <row>
            <cell>Honorariet utgörande för ark 1–14</cell>
            <cell>Rubel 150 –</cell>
          </row>
          <row>
            <cell>samt för de öfriga 3 ¼ ark à 12 Rubel</cell>
            <cell rend="botBorder">39 –</cell>
          </row>
          <row>
            <cell>Summa Rubel</cell>
            <cell>189 –</cell>
          </row>
        </table>
        <p rend="noIndent">har jag äran bifoga uti en anvisning på <anchor xml:id="start3545"/>Herrar J. C. Frenckell Sons Bokhandel<anchor xml:id="end3545"/> i <placeName corresp="pl399">Hlfrs</placeName>, som jag hoppas snart nog blir inlöst.</p>
        <p>Det skulle fägna mig om Tit blir belåten med bokens yttre – jag har gjort mitt bästa för att tillfredsställa <anchor xml:id="start3546"/>billiga<anchor xml:id="end3546"/> anspråk. Hvad urvalet beträffar, kan Tit sjelf naturligtvis bäst bedöma, huruvida de rätta stycken blifvit införda och hvilka som kunde varit borta. – Med stor ledsnad upptäckte jag (tyvärr för sent att få det afhjelpt ifall Tit velat lyssna på min önskan derom) att <anchor xml:id="start3547"/>Tits präktiga helsning till <persName corresp="pe2513">G. Montgomery</persName><anchor xml:id="end3547"/> saknas i samlingen!</p>
        <p>Måhända Tit haft speciella orsaker att aflägsna detta och flera dylika stycken – men nog tror jag att sådana med en <hi rend="underline">frisk anda</hi> uti sig skulle hafva prydt samlingen och fägnat läsaren. – Nu får det vara till en ny upplaga, som jag med Guds hjelp hoppas upplefva.</p><pb/>
        <p>Genom en egen tillfällighet <subst>h</subst>ar vår litteratur (trotts den vanliga klagan öfver <hi rend="underline">o</hi>poetiska tid) att till denna Jul <del>er</del>bjuda på icke mindre än <add place="leftMargin">Ett sjette, höll jag på att glömma, nemligen <anchor xml:id="start3548"/><persName corresp="pe2548">W v Brauns</persName> <hi rend="underline">sista</hi> Kalender, <title corresp="tw147">Borup</title>.<anchor xml:id="end3548"/></add> 5 stora poetiska arbeten, nemligen <anchor xml:id="start3549"/><persName corresp="pe2549">Torquato Tasso</persName> I<anchor xml:id="end3549"/> <title corresp="tw149">Lalla Rookh</title> (ny upplaga) <persName corresp="pe2550">Nybloms</persName> <title corresp="tw150">Dikter</title> (Ett band om 18 ark) Tits <title corresp="tw27">Sånger</title> och hvartill slutligen kommer <title corresp="tw151">Fänrik Stål</title> senare delen, hvilken dock troligen icke kommer utom <placeName corresp="pl62">Finland</placeName> till Julen. Detta sammanträffande kommer utan tvifvel att minska afsättningen för åtskilliga af dessa arbeten, åtminstone afsättningen för första <choice><orig>ögonblicken</orig><reg resp="CH">ögonblicken.</reg></choice></p>
        <p>Motseende några rader om <anchor xml:id="start7421"/>inhändigandet<anchor xml:id="end7421"/> af exemplaren, samt ett qvitto å honorariet, när Tit fått det, utbeder jag mig äfven att få veta, när den 4<hi rend="raised">de</hi> Cykeln af <title corresp="tw114">Fältskärns berättelser</title>, kan vara att förvänta; och tecknar</p>
        <closer>
          <salute>Högaktningsfullt</salute>
          <signed>Albert Bonnier</signed>
        </closer>
      </div>
    </body>
  </text>
</TEI>