<?xml version='1.0' encoding='UTF-8'?><TEI xmlns:xsi="http://www.w3.org/2001/XMLSchema-instance" xmlns="http://www.tei-c.org/ns/1.0" xsi:schemaLocation="http://www.tei-c.org/ns/1.0 file:/T:/Instruktioner,%20manualer,%20scheman/TEI-scheman%20(AM)/tei_brevschema.xsd">
  <teiHeader>
    <fileDesc>
      <titleStmt>
        <title>Br847</title>
        <respStmt>
          <resp>Ansvarig redaktör:</resp>
          <name>Laura Mattsson</name>
        </respStmt>
      </titleStmt>
      <publicationStmt>
        <publisher>Zacharias Topelius Skrifter</publisher>
      </publicationStmt>
      <sourceDesc>
        <p>Arkivsignum: se databas</p>
      </sourceDesc>
    </fileDesc>
    <profileDesc>
      <handNotes>
        <handNote medium="brown-ink"/>
      </handNotes>
    </profileDesc>
  </teiHeader>
  <text>
    <body xml:space="preserve">
      <!-- – » ’ æ ½ ø &#x00A0; -->
      <div type="letter">
        <opener>
          <dateline><placeName corresp="pl2157">Stockholm</placeName> d. 20 Aug 1861.</dateline>
          <address><choice><abbr>H</abbr><expan resp="ch">Högädle</expan></choice> Herr <persName corresp="pe614">Prof Topelius</persName><lb/><placeName corresp="pl1512">Ny Carleby</placeName></address>
        </opener>
        <p>Härmed har jag nöjet sända arken 3 &amp; 4 i <anchor xml:id="start3550"/>korrektur<anchor xml:id="end3550"/> och hoppas jag att kunna sända ännu 2<hi rend="raised">ne</hi> ark med nästa post. Som theaterpieser fordra en gruflig mängd s. k mellanslag eller <anchor xml:id="start3551"/>utslutning af stil<anchor xml:id="end3551"/> – så fruktar jag att tryckeriets ressurser icke räcka till att på engång uppsätta mera än 4 ark. Det är derföre af största vigt att genast få korrekturerna tillbaka.</p>
        <p>Med anledning af Tits förfrågan om det skydd dramat förf nu åtnjuta i <placeName corresp="pl332">Sverige</placeName> – får jag <choice><abbr>innesl</abbr><expan>inneslutet</expan></choice> sända <anchor xml:id="start13434"/>utdrag ur förordningen om denna sak<anchor xml:id="end13434"/>. – Enär densamma dock uttryckligen nämner »svensk författare» – skulle jag tillråda att vi på baksidan af Titeln sätta ongefär så här</p>
        <p>»Jemlikt <rs corresp="pe2551">Kgl Maj<hi rend="raised">t</hi></rs> förordning af 20 Juli 1855 böra de Theater direktörer som önska uppföra något af de i denna samling införda arbeten, derom träffa öfverenskomst med förläggaren, som å författarens vägnar är berättigadt att träffa sådan öfverenskomst» – </p>
        <p>Å min sida skulle jag derjemte i vårt förlags<pb/>kontrakt utfästa mig att låta Tit oafkortadt erhålla alla de genom öfverenskomst med Theaterdirektörer möjligen <del>blifvande</del> inflytande medel för styckenas offentliga uppförande. –</p>
        <p>På så sätt är jag säker på att man på fullgod rättsgrund kunde beifra, ifall någon Theaterdirektör skulle utan lof vilja gifva någon af pieserna.</p>
        <p>Anser Tit denna operation för vidtlyftig – så går det ju an att sätta</p>
        <p>»Att författaren förbehåller sig rättighet att efter träffad öfverenskomst gifva tillåtelse till styckenas offentliga uppförande af de theatrar som det <choice><orig>åstunda.</orig><reg>åstunda.»</reg></choice></p>
        <p>Tit kan ju fundera på saken och bestämma sig för hvilketdera alternativet Tit finner lämpligast, och kan jag framdeles få besked derom.</p>
        <p>Mera manuskript motses.</p>
        <closer>
          <salute>Högaktningsfullt</salute>
          <signed>Albert Bonnier</signed>
        </closer>
      </div>
    </body>
  </text>
</TEI>