<?xml version='1.0' encoding='UTF-8'?><TEI xmlns:xsi="http://www.w3.org/2001/XMLSchema-instance" xmlns="http://www.tei-c.org/ns/1.0" xsi:schemaLocation="http://www.tei-c.org/ns/1.0 file:/T:/Instruktioner,%20manualer,%20scheman/TEI-scheman%20(AM)/tei_brevschema.xsd">
  <teiHeader>
    <fileDesc>
      <titleStmt>
        <title>Br805</title>
        <respStmt>
          <resp>Ansvarig redaktör:</resp>
          <name>Laura Mattsson</name>
        </respStmt>
      </titleStmt>
      <publicationStmt>
        <publisher>Zacharias Topelius Skrifter</publisher>
      </publicationStmt>
      <sourceDesc>
        <p>Arkivsignum: se databas</p>
      </sourceDesc>
    </fileDesc>
    <profileDesc>
      <handNotes>
        <handNote medium="black-ink"/>
      </handNotes>
    </profileDesc>
  </teiHeader>
  <text>
    <body xml:space="preserve">
      <!-- – » ’ æ ½ ø &#x00A0; -->
      <div type="letter">
        <opener>
          <address>Herr Bokhandlaren <persName corresp="pe506">Alb. Bonnier</persName>, <placeName corresp="pl2157">Stockholm</placeName>.</address>
          <dateline><placeName corresp="pl399">Helsingfors</placeName> 20 Okt. 1861.</dateline>
        </opener>
        <p><anchor xml:id="start3556"/>Sista korrekturet<anchor xml:id="end3556"/> bekom jag i fredags två timmar efter posttidens utgång och har ej förrän nu med måndagsposten någon möjlighet att återsända detsamma.</p>
        <p>Med tillägg af summarisk innehållsförteckning, hoppas jag allt blir i yttre måtto efter önskan.</p>
        <p>Några öfverskjutande sidor komma ej i fråga för honorariet, men kanske vill Herr Bonnier i stället göra mig den tjensten att sända några af mina exemplar inbundna, emedan detta göres i <placeName corresp="pl2157">Stockholm</placeName> bättre och billigare än här.</p>
        <p>Jag ber nu äfven att, såsom sednast, få besvära med distribuering i <placeName corresp="pl332">Sverige</placeName> af några bland mina exemplar, till följande personer:</p>
        <list>
          <item>1 ex. till hofmarskalken <persName corresp="pe443">friherre v. Beskov</persName>;</item>
          <item>1 〃 till <persName corresp="pe1994">Doktor Wetterbergh</persName> (<placeName corresp="pl2891">Norrköping</placeName>?)</item>
          <item>1 〃 till mad:lle <persName corresp="pe1328">Fredrika Bremer</persName>;</item>
          <pb/>
          <item>1 ex. till mad:lle <persName corresp="pe609">Thekla Knös</persName> (<placeName corresp="pl2487">Upsala</placeName>)</item>
          <item>1 〃 till mad:lle <persName corresp="pe2552">Griselda Deland</persName>; <del>samt</del></item>
          <item>1 〃 till skådespelaren <persName corresp="pe183">W. Åhman</persName> vid Mindre Theatern, samt</item>
          <item>1 〃 till mad:lle <persName corresp="pe462">Hedvig Forsman</persName> vid samma theater;</item>
        </list>
        <p rend="noIndent">för hvilket ändamål jag ber att bifogade blad må häftas framför titelbladet. Jag stadnar i ytterligare förbindelse, om <persName corresp="pe443">baron Beskov</persName> kunde få sitt ex. bundet i samma <add>slags</add> band som mina »<title corresp="tw27">Sånger</title>». – </p>
        <p>Mina manuscripter ber jag må antingen brännas eller återsändas. Ingen nåd för kättare.</p>
        <p>Kontrakt bifogas med tillägg ang. Tit. rätt att å mina vägnar disponera för scenen. Törhända kommer det ej i fråga.</p>
        <p><anchor xml:id="start3557"/>Ang. »<title corresp="tw15">Efter femtio år</title>»<anchor xml:id="end3557"/> kan jag nu endast svara, att jag anser stycket högeligen olämpligt för bruk i skolorna och dels på denna grund, dels emedan det torde ingå i någon af följande dramatiska Samlingar, icke finner skäl<pb/> att nu utskicka en ny upplaga. <persName corresp="pe3276">Lektor Sundstens</persName> val är mig lika obegripligt, som i andra afseenden smickrande. Kanske känner han ej heller, att stycket i början af detta år utkommit i <placeName corresp="pl1615">Paris</placeName> uti <anchor xml:id="start3558"/>fransk öfversättning af Mad:lle <persName corresp="pe2553">L. Puget</persName>.<anchor xml:id="end3558"/></p>
        <p>När jag omarbetat första kursen af min <title corresp="tw146">Läsebok</title>, skall jag med nöje öfverlåta åt Tit. en svensk upplaga, men emedan <persName corresp="pe158">Thunberg</persName> för ett år sedan tryckte 3:dje uppl. i 4,000 exx., torde omarbetningen ej ännu kunna komma i fråga på ett år eller par. <anchor xml:id="start3559"/>Andra kursen med berättelser ur <placeName corresp="pl62">Finlands</placeName> historia torde bli färdig medio 1862.<anchor xml:id="end3559"/></p>
        <p>Jag önskar hjertligt att sejouren i <placeName corresp="pl2892">Aachen</placeName> må blifva angenäm och helsobringande. Yppas anledning till vidare korrespondens, skall jag dervid begagna den benägna anvisningen och tecknar <anchor xml:id="start7925"/>emellertid<anchor xml:id="end7925"/> högaktningsfullt</p>

        <closer>
          <salute>Herr Bokhandlarens <lb/> ödmjuke tjenare</salute>
          <signed>Z. Topelius.</signed>
        </closer>
        <postscript>
          <p><add place="leftMargin">Måtte hösten ännu ett par veckor eller tre vara lika vacker som härtills. Sista bokhandelsremisserna från <placeName corresp="pl332">Sverige</placeName> äro här mycket efterlängtade.</add></p>
        </postscript>
      </div>
    </body>
  </text>
</TEI>