<?xml version='1.0' encoding='UTF-8'?><TEI xmlns:xsi="http://www.w3.org/2001/XMLSchema-instance"
 xsi:schemaLocation="http://www.tei-c.org/ns/1.0 file:/T:/Instruktioner,%20manualer,%20scheman/TEI-scheman%20(AM)/tei_manuskriptschema.xsd"
 xmlns="http://www.tei-c.org/ns/1.0">
  <teiHeader>
    <fileDesc>
      <titleStmt>
        <title></title>
        <respStmt>
          <resp>Transkribering, ms-beskrivande kodning:</resp>
          <name>PaS (20-08-2012)</name>
        </respStmt>
        <respStmt>
          <resp>Granskad av:</resp>
          <name>NN (XX-XX-20XX)</name>
        </respStmt>
        <respStmt>
          <resp>Övrig kodning:</resp>
          <name>NN (XX-XX-20XX)</name>
        </respStmt>
        <respStmt>
          <resp>Granskad av:</resp>
          <name>NN (XX-XX-20XX)</name>
        </respStmt>
      </titleStmt>
      <publicationStmt>
        <publisher>Zacharias Topelius Skrifter</publisher>
      </publicationStmt>
      <sourceDesc>
        <p>Arkivsignum: se ovan</p>
      </sourceDesc>
    </fileDesc>
    <profileDesc>
      <handNotes>
        <handNote medium=""/>
      </handNotes>
      <creation><title type="desc">Kontrakt till Läsning för barn 1–3 1865</title></creation>
    </profileDesc>
  </teiHeader>
  <text>
    <body xml:space="preserve">
      <pb type="author unwritten"/>
      <p rend="noIndent"><anchor id="pos1"/>Emellan undertecknade är träffad följande <anchor xml:id="start9583"/>öfverenskommelse<anchor xml:id="end9583"/>:</p>
      <p><lb/></p>
      <p rend="noIndent">Jag <persName>Zachr. Topelius</persName> öfverlåter och försäljer härmed till Bokhandlaren <persName>Albert Bonnier</persName> i Stockholm förlagsrätt för alltid till en samling af mig författade skrifter på svenska språket under titel <title rend="underline">Läsning för Barn</title>, hvilken samling, såframt mig förunnas lif och helsa, kommer att omfatta minst tre delar, tryckta, i likhet med de förut på Herr Bonniers förlag utgifna <title>Fältskärns Berättelser</title>, uti duodes format med 24 sidor på arket.</p>
      <p>I författarearfvode för nämnde <title>Läsning för Barn</title> betalar Herr Albert Bonnier till mig eller ordres Femtio /50/ Riksdaler Svenskt Riksmynt per ark, hvilket honorar tillhandahålles mig särskildt för hvarje del, sedan densamma utlemnats i bokhandeln. Dessutom erhåller jag 25 exemplar af hvarje del och hvarje upplaga.</p>
      <p>För öfversättningar af nämnde arbete till annat språk behåller jag uteslutande dispositions- och ägande rätt.</p>
      <dateline><placeName>Helsingfors</placeName> 7 December 1865.</dateline>
      <p><persName>Zachr. Topelius</persName>.</p>
      
    </body><!-- – » ’ æ † / ⁄ ½ ⅓ ¼ □ ° % − -->
  </text>
</TEI>