﻿<?xml version="1.0" encoding="UTF-8"?>
<TEI xmlns:xsi="http://www.w3.org/2001/XMLSchema-instance" xmlns="http://www.tei-c.org/ns/1.0" xsi:schemaLocation="http://www.tei-c.org/ns/1.0 file:/T:/Instruktioner,%20manualer,%20scheman/TEI-scheman%20(AM)/tei_brevschema.xsd">
  <teiHeader>
    <fileDesc>
      <titleStmt>
        <title>Br1143</title>
        <respStmt>
          <resp>Ansvarig redaktör:</resp>
          <name>Laura Mattsson</name>
        </respStmt>
      </titleStmt>
      <publicationStmt>
        <publisher>Zacharias Topelius Skrifter</publisher>
      </publicationStmt>
      <sourceDesc>
        <p>Arkivsignum: se databas</p>
      </sourceDesc>
    </fileDesc>
    <profileDesc>
      <handNotes>
        <handNote medium="brown-ink" />
      </handNotes>
    </profileDesc>
  </teiHeader>
  <text>
    <body xml:space="preserve">
      <!-- – » ’ æ ½ ø &#x00A0; -->
      <div type="letter">
        <opener>
          <dateline><placeName corresp="pl2157">Stockholm</placeName> d. 19 Decbr 1865</dateline>
          <address><choice><abbr>H</abbr><expan resp="ch">Högädle</expan></choice> Herr Prof <persName corresp="pe614">Z Topelius</persName><lb /><placeName corresp="pl399">Helsingfors</placeName>.</address>
       </opener>
        <p>Ärade <anchor xml:id="start3566" />skrifvelsen af d 7 Decbr<anchor xml:id="end3566" /> erhöll jag för få dagar sedan och skyndar genast att besvara densamma.</p>
        <p>Det fägnade mig obeskrifligt att höra att Tit tyckte om <persName corresp="pe686">Hr Malmströms</persName> illustrationer och skall det säkerligen äfven glädja honom att få höra att Tit är belåten med dem – jag skall lemna honom denna underrättelse det första jag träffar honom.</p>
        <p>För att icke utsätta Tit för obehaget att möjligen få gå och vänta på sina pengar har jag icke velat sända någon anvisning på bokhandlare – utan bifogar i stället här återstoden af honorariet uti 2<hi rend="raised">ne</hi> vexlar</p>
        <table rend="noBorder">
          <row>
            <cell>å till hopa</cell>
            <cell>623 Mark,</cell>
            <cell>neml</cell>
            <cell>485 Mark</cell>
            <cell>à Finlands Bank</cell>
          </row>
          <row>
            <cell />
            <cell>och</cell>
            <cell />
            <cell>138 Mark</cell>
            <cell>à <persName corresp="pe3409">Julius Harff</persName></cell>
          </row>
          <row>
            <cell />
            <cell />
            <cell />
            <cell />
            <cell>i <placeName corresp="pl399">Helsingfors</placeName>.</cell>
          </row>
        </table>
        <p>Om ingåendet häraf torde jag få utbedja mig några rader äfvensom qvitto för <title corresp="tw18">1<hi rend="raised">sta</hi> Delens</title> <choice><orig>honorar</orig><reg>honorar.</reg></choice></p>
        <p>Att en eller annan af mina kolleger i <placeName corresp="pl399">Helsingfors</placeName> <hi rend="underline">numera</hi> kanske icke vore ohågad att förlägga Tits arbeten, är jag ganska säker på – huruvida de kunde honorera dem lika bra vill jag icke heller ifrågasätta – men enär det utom sjelfva det materiella i honorariet äfven för en författare finns en tillfredsställelse uti att veta sig hafva erhållit den <hi rend="underline">störst möjligaste läsarekrets</hi> och sålunda med sin penna hafva<pb /> verkat så mycket godt han förmått och trängt så vidt omkring som det språket läses, hvarpå han skrifver – så vågar jag påstå – att ett sådant resultat på <hi rend="underline">långt när</hi> icke skulle för Tits arbeten hafva inträffat – derest de endast varit tryckte i <placeName corresp="pl62">Finland</placeName>. Detta är måhända mindre angenämt för hrr bokhandlare i <placeName corresp="pl62">Finland</placeName> – men att det är ett factum lärer icke kunna bestridas. – Ett alldeles analogt förhållande eger äfven rum med de norska författare, hvars mera framstående heroer numera låta trycka och förlägga sina skrifter i <placeName corresp="pl1100">Köpenhamn</placeName>, hvarigenom de i <placeName corresp="pl150">Danmark</placeName> erhålla en vida större publik än hvad de eljest skulle ha fått. –</p>
        <p><persName corresp="pe1994">Onkel Adams</persName> anmälan i <title corresp="tw165">Linnea</title> har väl Tit sett äfvenså några ord i <title corresp="tw166">Ny Illustr Tidn.</title> Här bifogar jag en kort anmälan ur <title corresp="tw96">Sthlms Dagblad</title>.</p>
        <p>Expl till <persName corresp="pe1994">Dr Wetterbergh</persName>, <persName corresp="pe609">Thekla Knös</persName> &amp; <persName corresp="pe2568">Dr Hörlins</persName> äro afsända så att de äro framme före Jul.</p>
        <p>En högst fägnesam nyhet var det att <title corresp="tw119">Fältskärns 5<hi rend="raised">te</hi> Cykel</title> är under tryckning. Blir hela 5<hi rend="raised">te</hi> delen färdig till våren? I så fall önskade jag den <hi rend="underline2">tidigt</hi> på våren för att hinna beqvämt trycka den under sommaren.</p>
        <p>Manuskript till 2<hi rend="raised">dra</hi> delen af <title corresp="tw167">Barnboken</title> är välkommet <hi rend="underline">när</hi> Tit vill!</p>
        <p>Dernäst skulle vi väl tänka på de omtalade novellerna hvaraf trycknigen äfven gerna kunde ske nästa år.</p>
        <p>Af det mindre aftrycket (i fickformat) af Tits<pb /> <title corresp="tw27">Ljungblommor</title> finns icke heller mer qvar än att ett nytt aftryck deraf borde påtänkas. Skulle Tit vilja ha samlingen tillökad eller på något sätt ändrad?</p>
        <p>Härom torde jag äfven få utbedja mig några ord till svar.</p>
        <p>Dernäst vill jag nämna att jag vidtalat Hr <persName corresp="pe2505">C H Rydberg</persName>, utgifvaren af <anchor xml:id="start3567" /><title corresp="tw168">Kapt Puff</title><anchor xml:id="end3567" />, en gammal och mycket talangfull publicist angående korrespondenser för <title corresp="tw98">H Tidn.</title> Han är beredd att åtaga sig det – begär 10 Rd Sv R<hi rend="raised">mt</hi> per bref och vill att börja med skrifva några på prof – äro de icke i smaken, eller derest Tit ogillar mitt val af person, så förbinder det icke till någonting från Red af <title corresp="tw98">H T.</title> sida – utan är jag då beredd att söka en annan – ty här finnes allt flera att välja på.</p>
        <p>Tits inlaga till <persName corresp="pe2045">Hr Tudin</persName> blef genast aflemnadt – tillåt mig att nu i stället besvära med ett litet bref till <persName corresp="pe735">Hr Edlund</persName>.</p>
        <p>Slutligen beder jag att få framföra mina hjertligaste önskningar för Hr Professoren och H<hi rend="raised">rns</hi> familj välgång under det nu snart stundande nya året.</p>
        <closer>
          <salute>Högaktningsfullt</salute>
          <signed>Albert Bonnier</signed>
        </closer>
      </div>
    </body>
  </text>
</TEI>