<?xml version='1.0' encoding='UTF-8'?><TEI xmlns:xsi="http://www.w3.org/2001/XMLSchema-instance" xmlns="http://www.tei-c.org/ns/1.0" xsi:schemaLocation="http://www.tei-c.org/ns/1.0 file:/T:/Instruktioner,%20manualer,%20scheman/TEI-scheman%20(AM)/tei_brevschema.xsd">
  <teiHeader>
    <fileDesc>
      <titleStmt>
        <title>Br1145</title>
        <respStmt>
          <resp>Ansvarig redaktör:</resp>
          <name>Laura Mattsson</name>
        </respStmt>
      </titleStmt>
      <publicationStmt>
        <publisher>Zacharias Topelius Skrifter</publisher>
      </publicationStmt>
      <sourceDesc>
        <p>Arkivsignum: se databas</p>
      </sourceDesc>
    </fileDesc>
    <profileDesc>
      <handNotes>
        <handNote medium="black-ink"/>
      </handNotes>
    </profileDesc>
  </teiHeader>
  <text>
    <body xml:space="preserve">
      <!-- – » ’ æ ½ ø &#x00A0; -->
      <div type="letter">
        <opener>
          <dateline><placeName corresp="pl2157">Stockholm</placeName> d. 17 Oktbr 1866.</dateline>
          <address><choice><abbr>H</abbr><expan resp="ch">Högädle</expan></choice> Herr Prof <persName corresp="pe614">Z Topelius</persName><lb/><placeName corresp="pl399">Helsingfors</placeName></address>
        </opener>
        <p>Först och främst gratulerar jag till att Tit med familj åter befinner sig i hemmet och alla vid helsa! Med tryckningen af 2<hi rend="raised">dra</hi> Delen <title corresp="tw167">Läsning f Barn</title> hoppas jag nog det skall gå bra nu, sedan jag fått allt manuskriptet, men uti ett anfall af tvekan huruvida jag kunde afvakta korrekturets återkomst lät jag aftrycka 4<hi rend="raised">de</hi> arket efter att Mag <persName corresp="pe2556">Sturzen Becker</persName> och jag läst igenom det. Jag önskar att vi ej må hafva förbisett något väsendtligt tryckfel.</p>
        <p>Jag sänder nu pr Ångb Wiborg, såväl 4<hi rend="raised">de</hi> som korrektur på 8<hi rend="raised">de</hi>. Detta senaste vill jag ej trycka förr än jag fått det åter såvida det kan vara här på en veckas tid – och det tycker jag det bör kunna vara, eftersom ångbåtarna ännu göra så täta resor.</p>
        <p>Af det sända manuskriptet återstår sedan <choice><orig>»slutet</orig><reg>slutet</reg></choice> på <title corresp="tu1253">Elisa</title>, <title corresp="tu1254">Himmelens barn</title>, samt <title corresp="tu1255">Sagan om de 4 som prisade Gud</title> (icke upptagen på Tits lista) och <choice><orig>»<title>Barnens bön för fäderneslandet</title>»</orig><reg>»<title corresp="tu1257">Barnens bön för fäderneslandet</title>».</reg></choice> Beträffande den ändring Tit nu senast föreslår att låta detta <add>sistnämde</add> stycke utgå och i stället sätta »<title corresp="tu1242">Julvisan</title>» sist i delen, så får jag göra uppmärksam på att detta icke går an, emedan <title corresp="tu1242">Julvisan</title> redan varit infördt i slutet på 6<hi rend="raised">te</hi> arket. (Tit har sjelf haft korrekturet derå, men naturligtvis afglömdt det). Det skulle visserligen ha varit roligt att få en komposition af <persName corresp="pe108">Josefson</persName> till <title corresp="tu1257">Barnens Bön</title> – men det är ju ändock ganska ovisst att det blir af – och som detta<pb/> intagande stycke på ett särdeles lyckligt sätt kommer att afsluta samlingen, så skulle jag tillstyrka att så fick ske.</p>
        <p>Nu blir det visserligen 3<hi rend="raised">ne</hi> stycken i bunden stil efter hvarann i slutet (<title corresp="tu1254">Himmelens barn</title>, <title corresp="tu1255">Sagan om de fyra</title> och <choice><orig><title>Barnens Bön</title></orig><reg><title corresp="tu1257">Barnens Bön</title>)</reg></choice> – så att om Tit hade haft ett litet prosa stycke på en 4 trycksidor, så hade det varit ypperligt och dermed hade då 9<hi rend="raised">de</hi> arket blifvit fullt – ty nu utgår det (inclus. Tittel, förord &amp; innehåll endast 8 ark &amp; 20 <choice><orig>sidor</orig><reg>sidor)</reg></choice>.</p>
        <p>Att Tit finner att den dragit mycket manuskript förvånar mig! Den är dock icke <hi rend="underline">tät</hi> tryckt, då hvarenda stycke börjar ny sida, hvarigenom rätt många tomgluggar uppkommit.</p>
        <p>För de sända 4 musikbilagorna tackar jag. De äro i arbete dock torde det icke vara nödvändigt att sända korrekturen till <placeName corresp="pl399">Hlfrs</placeName> då de här läses af en Musiker.</p>
        <p><persName corresp="pe686">Malmström</persName> har lemnat 3<hi rend="raised">ne</hi> illustrationer till detta bandet, hvaraf 2<hi rend="raised">ne</hi> redan är skurna och betydligt bättre än de ifjol.</p>
        <p>Med största nöje och beredvillighet skall jag ombestyra att Tit får hela honorariet vid nyårstiden, helst som en så glad anledning till penningutgifter nu för Tit förestår – Tillåt mig att derjemte redan nu framföra min ödmjuka lyckönskan till <persName corresp="pe11">M<hi rend="raised">le</hi> Topelius</persName> förestående förbindelse, och skall det bli roligt att få höra hvem som blir Tits måg. –</p>
        <p>Beträffande sjelfva betalningssättet ville jag tillåta mig att fråga Tit om det skulle <anchor xml:id="start3593"/>convenera<anchor xml:id="end3593"/> Tit att taga <anchor xml:id="start7424"/>in<pb/>visningar<anchor xml:id="end7424"/> på H<hi rend="raised">rr</hi> Wasenius &amp; <hi rend="raised">co</hi> och <persName corresp="pe669">Sederholm</persName> i <placeName corresp="pl399">Hlfrs</placeName>. Det skulle för mig vara en serdeles stor tjenst och på det att Tit icke må blifva strandsatt skulle jag kunna lemna dessa anvisningar ganska snart <anchor xml:id="start3594"/>ᴐ:<anchor xml:id="end3594"/> såsnart jag fått Tits svar härom. Derest invisningarna icke honoreras, så skall jag i stället i slutet af året sända Tit pengar. – Jag tviflar dock icke på, att det skall gå mycket lättare för Tit att få pengar än det gått för mig.</p>
        <p><anchor id="pos1"/>Apropos häraf så beklagade sig <persName corresp="pe2505">Hr Rydberg</persName> härom dagen bitterligen för mig att ha tillgodo 30 Rd Sv R<hi rend="raised">mt</hi> hos <rs corresp="pe520">Red</rs> af <title corresp="tw98">Helsingfors Tidn</title> f 3<hi rend="raised">ne</hi> bref – likasom Telegrafkorrespondenten <persName corresp="pe2557">Hr Lodén</persName> lärer ha tillgodo utlagde pengar 70 Rd Sv. Det gör mig ondt såväl å egna som Tits vägnar att så är förhållandet eftersom såväl Tit, som genom Tit jag, uppträdt som <anchor xml:id="start3595"/>mäklare<anchor xml:id="end3595"/> i denna affär. Är det icke möjligen att få <rs corresp="pe520">Red.</rs> eller <anchor xml:id="start3596"/>Wasenius &amp; co<anchor xml:id="end3596"/> att i godo uppgöra denna skuld?</p>
        <p>På Tits fråga om <persName corresp="pe2417">Hr Gernandt</persName> och hans <title corresp="tw170">Familj Journal</title> har jag svårt att yttra mig. Mannen har lyckats få litet vind i seglet och temligen antal subscr på sin <title corresp="tw170">Journal</title> – äfven bidrag från en del yngre svenska litteratörer – dock mest folk af 2<hi rend="raised">dra</hi> ordningen eller derunder – så att icke anses det för någon heder att vara medarbetare i <title corresp="tw170">Journalen</title>. Huru länge han kan fortfara att vara solvent är ock vanskeligt att säga – ty dylika företag bruka icke hos oss ha någon lång lefvotid. – Mycket förr ville jag då råda Tit att lemna bidrag till <anchor xml:id="start3597"/><title corresp="tw166">Ny Illustr Tidning</title><anchor xml:id="end3597"/>, som äfven betala mycket bra och som eger större anseende. Vill Tit skall jag arrangera något derom.</p><pb/>
        <p>Att lemna ett expl af Tits <title corresp="tw167">Läsn f Barn</title> till vår unga <rs corresp="pe2561">Prinsessa</rs> – eller till <anchor xml:id="start3598"/><persName corresp="pe602">Prins Oscars</persName> barn<anchor xml:id="end3598"/> – låter sig mycket väl göra – utan att boken derföre behöfver vara dedicerad till dem. Expl borde blott åtföljas af ett bref eller några versar.</p>
        <p>Motseende Tits svar har jag äran teckna</p>
        <closer>
          <salute>Tits alltid tillgifne</salute>
          <signed>Albert Bonnier</signed>
        </closer>
        <postscript>
          <p rend="noIndent">P. S. Korrektur på slutbladen skola följa om några dagar<lb/>fås ett fyllnadsstycke kan väl det dock tryckas utan korrekturs sändning.</p>
        </postscript>
      </div>
    </body>
  </text>
</TEI>