﻿<?xml version="1.0" encoding="UTF-8"?>
<TEI xmlns:xsi="http://www.w3.org/2001/XMLSchema-instance" xmlns="http://www.tei-c.org/ns/1.0" xsi:schemaLocation="http://www.tei-c.org/ns/1.0 file:/T:/Instruktioner,%20manualer,%20scheman/TEI-scheman%20(AM)/tei_brevschema.xsd">
  <teiHeader>
    <fileDesc>
      <titleStmt>
        <title>Br811</title>
        <respStmt>
          <resp>Ansvarig redaktör:</resp>
          <name>Laura Mattsson</name>
        </respStmt>
      </titleStmt>
      <publicationStmt>
        <publisher>Zacharias Topelius Skrifter</publisher>
      </publicationStmt>
      <sourceDesc>
        <p>Arkivsignum: se databas</p>
      </sourceDesc>
    </fileDesc>
    <profileDesc>
      <handNotes>
        <handNote medium="black-ink" />
      </handNotes>
    </profileDesc>
  </teiHeader>
  <text>
    <body xml:space="preserve">
      <!-- – » ’ æ ½ ø &#x00A0; -->
      <div type="letter">
        <opener>
          <address>Herr <persName corresp="pe506">Albert Bonnier</persName>, <placeName corresp="pl2157">Stockholm</placeName>.</address>
          <dateline><placeName corresp="pl399">Helsingfors</placeName> 5 Okt. 1866.</dateline>
        </opener>
        <p rend="noIndent">Jag hoppas att Tit. bekommit mina sednaste <anchor xml:id="start3588" />manuscripter<anchor xml:id="end3588" />, afsända från NyCarleby den 21 September. Ledsamt nog för tryckningen af vår bok, blef min återresa hit fördröjd af <rs corresp="pe10">min hustrus</rs> sjukdom. Ändtligen d. 24 Sept. önskade hon sjelf att stiga direkt från sjukbädden i vagnen. Vi gjorde små dagsresor och anlände hit i söndags den 30:de. Resan har Gudilof icke bekommit illa, snarare väl, och min hustru är nu någorlunda återställd.</p>
        <p>Jag försummade <anchor xml:id="start3589" />Aura<anchor xml:id="end3589" /> i går på morgonen och sänder nu detta sista mscr. med posten, i hopp att det hinner lika fort som med <anchor xml:id="start3590" />»Constantin»<anchor xml:id="end3590" /> i Söndag. Boken torde nu härmed blifva 9 ark vidpass; en manuskriptätare är den!</p>
        <p>Jag införväntar dagligen korrektur på 7:de och 8:de arken. Men huru skola vi göra med detta nu afgående mscr.? Tiden torde icke medgifva<pb /> korrekturs hitsändande, och likväl har jag en vådelig erfarenhet af vanställande tryckfel i föregående arbeten, – de ark, som jag icke sjelf korrigerat, – hvartill felet troligen ofta varit otydlighet i manuscriptet. Skulle det möjligen gå an, att blott det nödigaste första antalet exemplar afdrages af sista arket och förordet och resten finge stå uppsatt, tilldess jag hunnit återsända ett korrektur?</p>
        <p>Osäker om Tit. definitiva beslut angående nottrycket, sänder jag emellertid melodin till den vackra »<title rend="underline" corresp="tu1242">Julvisan</title>», hvilken jag anser böra sättas sist i boken.<note place="leftMargin" anchored="true">Neml. visans text.</note> »<title rend="underline" corresp="tu1257">Barnens bön för fäderneslandet</title>», hvilket stycke jag först ämnade låta afsluta detta häfte, menar jag att vi spara till nästa häfte, då vår vän <persName corresp="pe108">J. A. Josephson</persName> kanske gör oss och våra små läsare den glädjen att skrifva dertill en bra musik, som då skulle pryda samlingens 3:dje häfte.</p>
        <pb />
        <p>Icke torde jag behöfva något korrektur på noterna, endast de korrigeras i <placeName corresp="pl2157">Sthm</placeName> af någon musikus.</p>
        <p>Jag får nu höra Herr Bonniers mening härom. Måtte ej häftet alltför länge fördröjas.</p>
        <p>Skulle det passa i stycket, att jag finge hela mitt lilla honorarium vid nyårstiden, vore detta för mig en god tjenst, emedan jag just då mer än vanligt behöfver kassa. <anchor xml:id="start3591" /><rs corresp="pe11"><anchor id="pos1"/>Min äldsta dotters</rs> bröllopp<anchor xml:id="end3591" /> torde nemligen inträffa strax på nyåret, och Herr Bonnier kan väl tänka sig en fattig poets bank vid ett sådant tillfälle.</p>
        <p>Apropos häraf beder jag om ett vänskapligt råd oss emellan. Det är möjligt att <add>jag</add> från nästa års början uppsäger min följetong i <title corresp="tw98">Hfors Tidningar</title> och derigenom får tid att skrifva ett och annat novellistiskt på andra håll. Ännu har jag ej bundit mig med något löfte. <anchor id="pos2"/>Bland flera propositioner från <placeName corresp="pl332">Sverige</placeName>, bjuder mig <persName corresp="pe2417">Herr Gernandt</persName> ett betydligt honorarium för<pb /> uppsatser i hans <anchor xml:id="start3592" /><title corresp="tw170">Familjejournal</title><anchor xml:id="end3592" />. Huru är denna månadsskrift ansedd? Pengar äro visst bra, men jag säljer mig icke åt hvem som helst, likasom jag har för princip att ej heller slita ut mig uti kalendrar.</p>
        <p>Härom får jag kanske vid tillfälle motse ett vänligt råd.</p>
        <p><title>Fältskärn</title> börjar troligen om en vecka i <title corresp="tw98">Hfors Tidningar</title>. Min höst upptages mest af <title corresp="tw171">Läseboken</title>.</p>
        <p>Längre fram får jag bedja om distribuering af några få exx. af vår bok i <placeName corresp="pl332">Sverige</placeName>. Jag tänkte någon gång vara så näsvis och skicka ett ex. till <rs corresp="pe2561">lilla prinsessan</rs>, men det hade väl då bordt vara dediceradt till henne?</p>
         <closer><salute>Må väl! Med högaktning och vänskap</salute>
          <signed>Z. Topelius.</signed>
        </closer>
        <postscript>
          <p rend="noIndent">P. S. Jag upprepar min anhållan att mscripterna må förstöras efter korrigeringen.</p>
        </postscript>
      </div>
    </body>
  </text>
</TEI>