<?xml version='1.0' encoding='UTF-8'?><TEI xmlns:xsi="http://www.w3.org/2001/XMLSchema-instance" xmlns="http://www.tei-c.org/ns/1.0" xsi:schemaLocation="http://www.tei-c.org/ns/1.0 file:/T:/Instruktioner,%20manualer,%20scheman/TEI-scheman%20(AM)/tei_brevschema.xsd">
  <teiHeader>
    <fileDesc>
      <titleStmt>
        <title>Br809</title>
        <respStmt>
          <resp>Ansvarig redaktör:</resp>
          <name>Laura Mattsson</name>
        </respStmt>
      </titleStmt>
      <publicationStmt>
        <publisher>Zacharias Topelius Skrifter</publisher>
      </publicationStmt>
      <sourceDesc>
        <p>Arkivsignum: se databas</p>
      </sourceDesc>
    </fileDesc>
    <profileDesc>
      <handNotes>
        <handNote medium="blue-ink"/>
      </handNotes>
    </profileDesc>
  </teiHeader>
  <text>
    <body xml:space="preserve">
      <!-- – » ’ æ ½ ø &#x00A0; -->
      <div type="letter">
        <opener>
          <address>Herr <persName corresp="pe506">Albert Bonnier</persName>, <placeName corresp="pl2157">Stockholm</placeName>.</address>
          <dateline><placeName corresp="pl1512">NyCarleby</placeName> 30 Juli 1866.</dateline>
        </opener>
        <p rend="noIndent">I thorsdags 26 <anchor xml:id="start3579"/>hujus<anchor xml:id="end3579"/> hade jag nöjet mottaga <persName corresp="pe506">Herr Bonniers</persName> vänliga skrifvelse jemte två ark <anchor xml:id="start3580"/>korrektur<anchor xml:id="end3580"/>. Jag finner dröjsmålet alldeles naturligt under en så upptagen och hvimlande tid, när <placeName corresp="pl2157">Stockholm</placeName> varit i ett slags belägringstillstånd. Allt hinner Herr Bonnier med! Jag har med största intresse erfarit, bland annat, <anchor xml:id="start3581"/>det skandinaviska bokhandlaremötets förhandlingar och önskar af hjertat en tryggad, lättad och förenklad literär förbindelse mellan de fyra länderna.<anchor xml:id="end3581"/> Norsk och dansk litteratur t. ex. fås i <placeName corresp="pl62">Finland</placeName> ej utan skild reqvisition, med flera omgångar, och samma fall lär vara med våra tryckalster der. Vi ha alldeles för högt porto mellan <placeName corresp="pl332">Sverige</placeName> och <placeName corresp="pl62">Finland</placeName>. För sednaste remiss betalade jag 2 mark finskt mynt, neml. 60 penni för hvardera korsbandet och 80 penni för brefvet. Korsbanden äro alltså,<pb/> att döma af vigten, 33&#x00A0;% billigare, eller cirka 60 p. = 40 öre per lod. Det torde vara enklast, att vi göra såsom de förra åren: skicka vexelvis ofrankerade korsband m. m. och jag tänker att <anchor xml:id="start3582"/>några rader väl stundom kunna instickas i dem.<anchor xml:id="end3582"/></p>
 <p>Med nästa korrektur skall jag skicka ett par melodier till de här införda visorna, enkla och vackra, lånade ur <anchor xml:id="start3583"/><persName corresp="pe2555">Fröbels</persName> <title><foreign xml:lang="ger">Zeitschrift</foreign></title><anchor xml:id="end3583"/> för en hop år tillbaka. Tryckt blad kan jag ej sända, men en korrekt och tydlig afskrift, som kan tryckas med noggrannt korrektur på stället.</p>
        <p>Läsaren af första korrekturet har i välmening insatt en mängd apostrofer för Samtalen. Det der blandar bort barnen, så att vi i det följande torde bortlemna all apostrofering, ehuru jag ej nu velat bortkrångla korrekturet med ändringar.</p>
<p>Jag skall underrätta <persName corresp="pe73">Collan</persName> om Tit. önskan att utsätta »<title corresp="tw167">Läsn. f. Barn</title>», men befarar att han redan tryckt det mesta med tillägg ur »<title corresp="tw169">Eos</title>».</p>
        <pb/>
        <p><persName corresp="pe686">Herr Malmströms</persName> fyndiga snille skall troligen ej sakna ämnen till så många bilder Tit. finner för godt, och ju flera, desto bättre. Raska teckningar bibehåller sig bäst i barnens smak.</p>
        <p>Ännu ville jag bedja Herr Bonnier vid tillfälle låta mig veta huru mycket ungefär det nu lemnade mscn må göra i tryck, på det att jag, om det behöfvas, må sända mera. För tredje saml. finns så tillräckligt förråd, att den torde bli för tjock i proportion, och jag tänker att vi derföre skulle göra den nu utkommande vidpass 12 ark stark.</p>
        <p>Som jag förut nämnt, anser jag det ej vara skäl att tillägga något nytt i de nuvar. <title corresp="tw27">Ljungblommorna</title>, utan vi utsända ett nytt band, när det hvarje år vexande materialet blir målfylligt, hvilket ej torde dröja länge. Jag skall genomgå senaste upplaga, på jagt efter tryckfel.</p>
        <pb/>
        <p><!-- Tillagt av AB: besv 24/8 beg mera manuskr ordning på Sagan om de 4 --><anchor id="posls8a"/>Min tjenstledighet i höst för <anchor xml:id="start3584"/>läseboken<anchor xml:id="end3584"/> är beviljad; jag hoppas då äfven medhinna <title corresp="tw119">Fältskärns</title> 15:de berättelse, som afslutar femte cykeln. Kanske kan dess tryckning begynna nästa vinter. Andra bandet <title>Dramat. dikter</title> väntar blott på en omarbetning af <title>Sancta Maria</title>. – Mina arbeten ha sett <subst><del>g</del><add>d</add></subst>agen i åtminstone fem olika format; – jag vet ej när och huru de skola fås i uniform.</p>
        <p><anchor id="pos2"/>Jag önskar Herr Bonnier god sommar och framför allt helsa i dessa <anchor xml:id="start7422"/>portvins och <persName corresp="pe3280">Thielemanns</persName> tider<anchor xml:id="end7422"/>. Min synnerliga helsning till <persName corresp="pe108">J. A. Josephson</persName>, när han träffas.</p>
        <closer>
          <salute>Högaktningsfullt</salute>
          <signed>Z. Topelius.</signed>
        </closer>
        <postscript>
          <p>P. S. En liten anhållan! Jag önskar att mina ändrade manuscripter ingalunda må kringströs här och der, utan beder Herr Bonnier <hi rend="underline">som en väntjenst</hi> att för all del bränna upp dem.</p>
        </postscript>
      </div>
    </body>
  </text>
</TEI>