﻿<?xml version="1.0" encoding="UTF-8"?>
<TEI xmlns:xsi="http://www.w3.org/2001/XMLSchema-instance" xmlns="http://www.tei-c.org/ns/1.0" xsi:schemaLocation="http://www.tei-c.org/ns/1.0 file:/T:/Instruktioner,%20manualer,%20scheman/TEI-scheman%20(AM)/tei_brevschema.xsd">
  <teiHeader>
    <fileDesc>
      <titleStmt>
        <title>Br1154</title>
        <respStmt>
          <resp>Ansvarig redaktör:</resp>
          <name>Laura Mattsson</name>
        </respStmt>
      </titleStmt>
      <publicationStmt>
        <publisher>Zacharias Topelius Skrifter</publisher>
      </publicationStmt>
      <sourceDesc>
        <p>Arkivsignum: se databas</p>
      </sourceDesc>
    </fileDesc>
    <profileDesc>
      <handNotes>
        <handNote />
        <handNote />
      </handNotes>
    </profileDesc>
  </teiHeader>
  <text>
    <body xml:space="preserve">
      <!-- – » ’ -->
      <div type="letter">
        <opener><dateline><placeName corresp="pl2157">Stockholm</placeName> <date when="1866-12-28">28 Decbr 1866</date></dateline>
<address><choice><abbr>H</abbr><expan resp="ch">Högädle</expan></choice> Herr Prof Z Topelius<lb /><placeName corresp="pl399">Helsingfors</placeName></address></opener>
        <p rend="noIndent">Jag begagnar tillfället af en annan korrespondens till <placeName corresp="pl399">Hlfrs</placeName> att bifoga några få rader till Tit – för att berätta att jag före jul personligen uppvaktade <persName corresp="pe602">Prins Oskar</persName> för att till honom öfverlemna de särdeles prydligt inbundna expl af <title corresp="tw245">Läsning f Barn</title> båda delar – jemte Tits bref till hans unga son. Prinsen tycktes blifva ganska rörd af skrifvelsen och bad mig framföra sin hjertliga tack för Tits honom visade uppmärksamhet.</p>
        <p>För öfrigt <subst><del>må</del><add>ka</add></subst>n jag berätta Tit att detta 2<hi rend="raised">dra</hi> bandet af hela svenska pressen har blifvit helsad med ännu allmännare bifall än det föregående. Jag antager att Tit har tillfälle (t.ex på <anchor xml:id="start3610" /><title corresp="tw178">Hufvudstadsbladets</title><anchor xml:id="end3610" /> Redakt lokal) att se de flesta svenska tidningar. I motsatt fall skall jag om Tit bryr sig om det gärna söka skaffa och sända dessa anmälningar af boken.</p>
        <p>Beträffande bokens afsättning så var den tillfredsställande – helst om man afser att de verkligt dåliga tiderna denna Jul förorsakade en betydlig minskning i bokafsättningen, hvilket naturligtvis skadade såväl denna som alla andra nu utkomne nya böcker.</p>
        <p>I förhoppning att snart få höra från Tit angående hvad vi i vinter skola trycka – och tillönskande ett godt nytt år för Tit och dess värda familj tecknar jag</p>
<closer><salute>Högaktningsfullt</salute>
<signed>Albert Bonnier</signed></closer>
      </div>
    </body>
  </text>
</TEI>