<?xml version='1.0' encoding='UTF-8'?><TEI xmlns:xsi="http://www.w3.org/2001/XMLSchema-instance" xmlns="http://www.tei-c.org/ns/1.0" xsi:schemaLocation="http://www.tei-c.org/ns/1.0 file:/T:/Instruktioner,%20manualer,%20scheman/TEI-scheman%20(AM)/tei_brevschema.xsd">
  <teiHeader>
    <fileDesc>
      <titleStmt>
        <title>Br808</title>
        <respStmt>
          <resp>Ansvarig redaktör:</resp>
          <name>Laura Mattsson</name>
        </respStmt>
      </titleStmt>
      <publicationStmt>
        <publisher>Zacharias Topelius Skrifter</publisher>
      </publicationStmt>
      <sourceDesc>
        <p>Arkivsignum: se databas</p>
      </sourceDesc>
    </fileDesc>
    <profileDesc>
      <handNotes>
        <handNote medium="black-ink"/>
      </handNotes>
    </profileDesc>
  </teiHeader>
  <text>
    <body xml:space="preserve">
      <!-- – » ’ æ ½ ø &#x00A0; -->
      <div type="letter">
        <opener>
          <address>Herr <persName corresp="pe506">Alb. Bonnier</persName>, <placeName corresp="pl2157">Stockholm</placeName>.</address> <dateline><placeName corresp="pl399">Helsingfors</placeName> 6 Juni 1866.</dateline> </opener>
        <p>Haf mig vänligen ursäktad, att jag icke förr besvarat Herr Bonniers vän<subst>skap</subst>sfulla skrifvelse, hvilket härrör deraf att jag velat på samma gång öfversända manuscript till andra boken af vår »<title corresp="tw167">Läsning för Barn</title>». Det följer nu här, en temligen dryg lunta, om hvars blifvande arktal i tryck jag icke har någon redig föreställning. Troligen gör det 14 ark eller något deröfver. Jag tänker det således förslår för ett häfte, och  vidpass lika mycket har jag sparat i förråd till nästa år, likasom detta, förut endast publicerade, spridt och glömdt i tio årgångar af <anchor xml:id="start8696"/>barntidningen <title corresp="tw169">Eos<anchor xml:id="end8696"/></title>. Ett litet företal torde jag dessutom skicka under sommarens lopp eller i September.</p> 
        <p>Haf undseende med mscr:s temligen plumpade och illa medfarna skick, äfvensom med den omkastade ordningen, hvilken jag angifvit på särskildt blad och som gör något besvär, men jag har ej kunnat hjelpa det, emedan afskrifterna tyvärr ha verkställts utan på förhand uppgjord plan.<pb/> Äfven bör jag icke förtiga, att <persName corresp="pe73">doktor Collan</persName> härstädes begärt och fått mitt löfte att i en <anchor xml:id="start3575"/>vidlyftigare läsebok<anchor xml:id="end3575"/>, som utkommer här på sommaren för skolornas behof, aftryckta tre här ingående prosa-stycken, nemligen: »<title corresp="tu1235">Om den sommar, som aldrig kom</title>»; »<title corresp="tu1225">Adalminas perla</title>» och »<title corresp="tu1241">Silfverpenningens Berättelser</title>». Skulle Herr Bonnier anse detta göra något hinder för samma berättelsers ingående i vår samling, <subst><del>så</del><add>h</add></subst>vilket jag icke tror, såvida <persName corresp="pe73">Collans</persName> och vår bok äro af så olika syften, så kunna vi ju låta dessa stycken utgå eller ersättas af andra. Något slags honorarium har jag icke för dem uppburit af <persName corresp="pe73">Collan</persName>.</p>
        <p><anchor id="pos2"/>Äfven ville jag fråga, huruvida Tit. finner skäl att låta boken åtföljas af ett blad nottryck, i hvilket fall jag har ett par vackra, ur <anchor xml:id="start3576"/><persName corresp="pe2555">Fröbels</persName> samlingar<anchor xml:id="end3576"/> lånade melodier för höst- och julvisorna.</p>
        <p>Jag reser nästa lördag, som vanligt, till <placeName corresp="pl1512">Nykarleby</placeName> och hoppas der efterhand få mottaga korrekturark, såsom förut, hvilket<pb/> torde af flera skäl vara oundvikligt. Ett stort nöje hade det visst varit att denna tid göra en tripp öfver till <placeName corresp="pl2157">Stockholm</placeName> och då äfven få språka med Herr Bonnier om våra öfriga planer, men detta låter sig icke göra så lätt, när man har andra och annat, än eget nöje, att tänka uppå.</p>
        <p><anchor id="pos1"/><title corresp="tw119">Fältskärns</title> fjortonde berättelse »Afton och Morgon» är, som Tit. kanske sett, afslutad i <title corresp="tw98">Hfors Tidningar</title>; den femtonde följer möjligen i höst, men jag är då så upptagen af <anchor xml:id="start3577"/>min nya läsebok i <placeName corresp="pl62">Finlands</placeName> Historia<anchor xml:id="end3577"/>, som jag önskar ändtligen få af stapeln, att jag föga hinner anställda den nödiga retoucheringen af <title corresp="tw119">Fältskärns femte Cykel</title>. Vi spara den således ett år till, och likaså Novellerna ännu tillsvidare.</p>
        <p>Jag önskar Herr Bonnier en angenäm sommar, och det är väl intet illa i att tillika önska rätt talrika besök i boklådan. Helsa <persName corresp="pe108"><add>J. A.</add> Josefson</persName>, om han träffas, samt andra vänner från</p>
        <closer><salute>Herr Bonniers</salute>
          <gap reason="damage" extent="3" unit="words"/>
        </closer>
        <postscript>
          <p rend="noIndent">Detta i hast för ångbå<supplied reason="damage" resp="ch">t</supplied></p>
        </postscript>
      </div>
    </body>
  </text>
</TEI>