﻿<?xml version="1.0" encoding="UTF-8"?>
<TEI xmlns:xsi="http://www.w3.org/2001/XMLSchema-instance" xmlns="http://www.tei-c.org/ns/1.0" xsi:schemaLocation="http://www.tei-c.org/ns/1.0 file:/T:/Instruktioner,%20manualer,%20scheman/TEI-scheman%20(AM)/tei_brevschema.xsd">
  <teiHeader>
    <fileDesc>
      <titleStmt>
        <title>Br813</title>
        <respStmt>
          <resp>Ansvarig redaktör:</resp>
          <name>Laura Mattsson</name>
        </respStmt>
      </titleStmt>
      <publicationStmt>
        <publisher>Zacharias Topelius Skrifter</publisher>
      </publicationStmt>
      <sourceDesc>
        <p>Arkivsignum: se databas</p>
      </sourceDesc>
    </fileDesc>
    <profileDesc>
      <handNotes>
        <handNote medium="black-ink" />
      </handNotes>
    </profileDesc>
  </teiHeader>
  <text>
    <body xml:space="preserve">
      <!-- – » ’ æ ½ ø &#x00A0; --> 
      <div type="letter"> 
        <opener>
          <address>Herr <persName corresp="pe506">Alb. Bonnier</persName>, <placeName corresp="pl2157">Stockholm</placeName>.</address>
          <dateline><placeName corresp="pl399">Helsingfors</placeName> 26 Nov. 1866.</dateline>
        </opener> 
        <p rend="noIndent">I lördags hade jag nöjet mottaga 20 exx. af vår bok, som är litet tät tryckt för barn, men annars af ganska nätt yttre. Helsa och tacka <persName corresp="pe686">herr Malmström</persName>! Jag är förtjust i plancherna! Äfven notbladen äro ganska vackra och rediga; jag hoppas de ej så litet skola öka bokens intresse och befordra dess spridning. Utom de redan anmärkta tryckfelen, har jag ännu ej uppjagat några flera. Finnas betydligare sådana, så kunna de rättas i tredje häftet.</p>
        <p>Åberopande Herr Bonniers vänliga löfte, skickar jag här ett litet bref till <rs corresp="pe603">hertigen af Wermland</rs>, emedan jag ansåg mig skyldig en liten förklaring för min påhängsenhet, och då detta ej torde kunna inhäftas<pb /> i boken, (hvilket jag likväl öfverlämnar åt Herr Bonniers godtfinnande), så torde det kunna medfölja i ett vanligt, hyggligt kuvert. Men att skicka blott andra delen, ansåg jag ej heller rätt passande och beder Herr Bonnier derföre hafva godheten skicka <persName corresp="pe603">hertigen</persName> <hi rend="underline">båda</hi> delarna af <title corresp="tw245">Läsning för barn</title>, kanhända inbundna, som Herr Bonnier föreslagit. Vidare beder jag, att ett ex. skickas till <persName rend="underline" corresp="pe609">Thekla Knös</persName> i <placeName corresp="pl2487">Upsala</placeName>, <del>och</del> ett till <persName corresp="pe2287" rend="underline">Ellen Heurlin</persName> i <placeName corresp="pl2921">Marstrand</placeName> och ett tredje till <persName rend="underline" corresp="pe3288">Olga Wetterbergh</persName> i <placeName corresp="pl2922">Linköping</placeName>, alla med påteckning att de äro från mig. Ursäkta nu detta besvär, men det går kanhända med andra remisser.</p>
<p>Herr Bonniers vänliga <anchor xml:id="start3603" />bref<pb /> af d. 7 Nov.<anchor xml:id="end3603" /> har jag emottagit jemte räkningarna. Så ledsamt det är med deras fördröjda utbetalning, är jag dock öfvertygad att denna skall ske, likasom att <persName corresp="pe158">Thunbergs</persName> affärer skola reda sig, endast han får tid dertill. <title corresp="tw98">Helsingfors Tidningar</title> äro från d. 1 Dec. försålda åt <title corresp="tw172">Dagbladets</title> bolag, och köpesumman är tillräcklig att betäcka tidningens <anchor xml:id="start3604" /><subst> d</subst>eficit<anchor xml:id="end3604" />. Men af denna orsak har jag ej kunnat införa <title corresp="tw119">Fältskärns Berättelser</title> nu på hösten i tidningens följetong, emedan de i sådant fall blifvit tvärt afbrutna. Jag är ännu odeciderad huru jag gör med den sista berättelsen i femte cykeln, om jag gifver den till någon tidning eller ej. Deremot hoppas jag intet skall hindra<pb /> <!-- tillagt av AB: Postremissvexel <hi rend="underline">18093</hi> 500:- à Finlands Bank d. 11/12 66. -->att på vintern, ifall Herr Bonnier så önskar, <subst><add>p</add><del>b</del></subst>åbörja tryckningen af <title corresp="tw173">Läsning för Barn, tredje boken</title>. Vill Herr Bonnier utskicka både denna och <title corresp="tw119">Fältskärn</title> 1867?</p>
<p>Önskande en god jul och god julmarknad, tecknar jag med vänskap och högaktning.</p>
        <closer>
          <salute>Herr Bonniers<lb />ödmjuke tjenare</salute>
          <signed>Z. Topelius.</signed>
        </closer>
      <postscript><p rend="noIndent">P. S. Kanske får jag i nästa bref veta något om bokens öfverlemnande till <rs corresp="pe603">vår lille hertig</rs>. Det röda papperet är mycket ömtåligt, hvarföre jag beder att det ej må råka ut för något missöde.</p></postscript>
      </div> 
    </body>
  </text>
</TEI>