<?xml version='1.0' encoding='UTF-8'?><TEI xmlns:xsi="http://www.w3.org/2001/XMLSchema-instance" xmlns="http://www.tei-c.org/ns/1.0" xsi:schemaLocation="http://www.tei-c.org/ns/1.0 file:/T:/Instruktioner,%20manualer,%20scheman/TEI-scheman%20(AM)/tei_brevschema.xsd">
  <teiHeader>
    <fileDesc>
      <titleStmt>
        <title>Br1153</title>
        <respStmt>
          <resp>Ansvarig redaktör:</resp>
          <name>Laura Mattsson</name>
        </respStmt>
      </titleStmt>
      <publicationStmt>
        <publisher>Zacharias Topelius Skrifter</publisher>
      </publicationStmt>
      <sourceDesc>
        <p>Arkivsignum: se databas</p>
      </sourceDesc>
    </fileDesc>
    <profileDesc>
      <handNotes>
        <handNote/>
        <handNote/>
      </handNotes>
    </profileDesc>
  </teiHeader>
  <text>
    <body xml:space="preserve">
      <!-- – » ’ -->
      <div type="letter">
        <opener>
          <dateline><placeName corresp="pl2157">Stockholm</placeName> d. 11 Decbr 1866</dateline>
          <address>Högädle Herr Prof <persName corresp="pe614">Z Topelius</persName><lb/><placeName corresp="pl399">Helsingfors</placeName></address>
        </opener>
        <p>För Tits ärade bref af 26 Novbr tackar jag förbindligast och fägnar det mig att Tit på det hela taget är belåten med utseendet af <title corresp="tw167">II boken L. f. B.</title> – Tits anmärkning att något större stil hade bordts användas finner jag numera vara ganska grundad – det var verkligen mera ett förbiseende af mig att så icke togs till detta band – likväl var jag allt litet bunden deraf att samma mindre stilsort för <anchor xml:id="start3605"/>Corpus<anchor xml:id="end3605"/> redan är användt i 1<hi rend="raised">sta</hi> delen »<title corresp="tw18"><choice><orig>Lekarne</orig><reg>Lekarne»</reg></choice></title>. När vi nu skola börja 3<hi rend="raised">dje</hi> delen får Tit sjelf afgöra om vi skola fortsätta med samma sorts stil eller taga en gröfre hvilkens utseende Tit kan se i några <add>i</add> år hos mig utkomna böcker såsom <persName corresp="pe3417">Hedlund</persName>, <title corresp="tw176">resa i Schweiz</title> eller <persName corresp="pe3286">Paykull</persName>, <title corresp="tw177">En sommar på Island</title>.</p>
        <p>Till <persName corresp="pe603">Hertigen af Wermland</persName> låter jag binda båda delarna i vackra lämpliga band (med hertiglig krona på) och ämnar såfort jag får dem från bokbindaren, hvilket jag tänker blir i denna vecka, gå upp med dem till <persName corresp="pe602">Prins Oscar</persName>. Tits bref till <rs corresp="pe603">Hertigen</rs> inläggas främst i boken eller lemnar jag honom i handen. Om utgången af min mission skall jag straxt ha äran skrifva till Tit.</p>
        <p>Som jag vet att postgången är långsam har jag icke velat afvakta att jag fått färdig böckerna till <rs corresp="pe604">Prinsen</rs>, för att på samma gång sända Tit honorariet – utan föredrager att sända det än idag – så bör det med visshet vara hos Tit före Jul. –</p>
        <pb/>
        <p rend="noIndent">Ehuru boken blott blef 9 ark har jag icke velat afdraga något för det 10<hi rend="raised">de</hi> utan sänder Tit jemnt 500 Rd sv R<hi rend="raised">mt</hi> i bifogade vexel på Finlands Bank, och önskar jag att pengarna må komma väl till pass till <anchor xml:id="start8700"/>det förestående glada tillfället<anchor xml:id="end8700"/>.</p>
        <p>Beträffande våra nästa företag – önskade jag helst att först få börja med 5<hi rend="raised">te</hi> delen af <title corresp="tw119">Fältskärn</title>, så att den kunde utkomma på våren 1867 – Anser Tit det vara ovillkorligt nödvändigt att sista berättelsen i denna del först skall tryckas i någon tidning? – ty för min del är det ju ingalunda nödvändigt – jag ser kanske tvertom hellre att så icke sker – ty jag <del>k</del> har svårt att hindra, hvad som redan här skett både i <title corresp="tw175">Nerikes Allehanda</title> och en <placeName corresp="pl3097">Kalmar</placeName> tidning att dessa berättelser blifva aftryckta efter <title corresp="tw98">He<subst><del>f</del><add>l</add></subst>singfors Tidningar</title>. Manuskript (skrifvet eller tryckt) kunde väl per <anchor xml:id="start3607"/>tungpost<anchor xml:id="end3607"/> hitsändas, så att man kunde börja tryckningen.</p>
        <p>Obehindradt deraf kunde äfven under vintern tryckningen ega rum å <title corresp="tw173">Läsn f Barn III</title>.</p>
        <p>Jag hoppas att vid tillfälle få veta Tits bestämmelser härom.</p>
        <p>Kunde Tit förskaffa liqvid till H<hi rend="raised">rr</hi> <persName corresp="pe2557">Lodén</persName>, <persName corresp="pe2505">Rydberg</persName>, äfvensom kanhända äfven de 44,02 öre som jag redan den 6 April utbetalte till Hr <persName corresp="pe2557">Lodén</persName> för Telegrafporto, så vore jag mycket tacksam. Om blott Tit inkasserar dem och tillåter mig att få debitera dem <hi rend="underline">på Tit</hi> så är det icke precist nödvändigt att sända dem hit öfver – utan får väl jag göra upp resten med ofvannämda två herrar. – Men blir icke saken uppgjord nu, så fruktar jag det blir svårare att komma långt efter sedan tidningen<pb/> längesedan <anchor xml:id="start3608"/>upphört att finnas till.<anchor xml:id="end3608"/> En räkning å mina <anchor xml:id="start3609"/>utlagor<anchor xml:id="end3609"/> har jag fl. ggr sändt till <persName corresp="pe158">Thunberg</persName> – men han tycks då vara alldeles omöjlig eller otillräknelig.</p>
        <p>Expl af <title corresp="tw167">Läsn II</title> t. <persName corresp="pe609">fröken Knös</persName>, <persName corresp="pe3288">Olga Wettbg</persName> &amp; <persName corresp="pe2287">fröken Heurlin</persName> äro afsända enl Tits ordres.</p>
        <closer>
          <salute>Vänskapsfullt<lb/>Tits tillgifna</salute>
          <lb/>
          <signed>Albert Bonnier</signed>
        </closer>
        <postscript>
          <p rend="noIndent">P. S. Skulle Tit ha något emot att Tits porträtt i fotografi åtföljde nästa upplaga af <title corresp="tw27">Ljungblommorna</title>? Det är blott en framkastad fråga – jag vet ännu icke om <persName corresp="pe3289">Hr Böökman</persName> har qvar plåten af Tits porträtt och hvad han begär för ett antal aftryck.</p>
        </postscript>
      </div>
    </body>
  </text>
</TEI>