<?xml version='1.0' encoding='UTF-8'?><TEI xmlns:xsi="http://www.w3.org/2001/XMLSchema-instance" xmlns="http://www.tei-c.org/ns/1.0" xsi:schemaLocation="http://www.tei-c.org/ns/1.0 file:/T:/Instruktioner,%20manualer,%20scheman/TEI-scheman%20(AM)/tei_brevschema.xsd">
  <teiHeader>
    <fileDesc>
      <titleStmt>
        <title>Br1144</title>
        <respStmt>
          <resp>
          </resp>
          <name>
          </name>
        </respStmt>
      </titleStmt>
      <publicationStmt>
        <publisher>Zacharias Topelius Skrifter</publisher>
      </publicationStmt>
      <sourceDesc>
        <p>Arkivsignum: se databas</p>
        <p>Oavslutat utkast</p>
      </sourceDesc>
    </fileDesc>
    <profileDesc>
      <handNotes>
        <handNote medium="black-ink"/>
      </handNotes>
    </profileDesc>
  </teiHeader>
  <text>
    <body xml:space="preserve">
      <!-- – » ’ æ ½ &#x202F; &#x00A0; --> 
            <div type="letter"> 
                <opener><address>Herr Prof <persName corresp="pe614">Z Topelius</persName><lb/><placeName corresp="pl1512">Ny Carleby</placeName></address><dateline><placeName corresp="pl2157">Stockholm</placeName> d. 16 Juli 1866.</dateline><salute/></opener> 
                <p rend="noIndent">Jag börjar med att anhålla om ursäkt att jag ända tills nu lemnat Tits ärade af d 6/6 utan svar men jag var verkligen under förra månaden mer än vanligt upptagen af »möten» m m hvad dertill hörde.</p> 
                <p>Nu har jag äran öfversända korrektur på 1<hi rend="raised">sta</hi> arket af den 2<hi rend="raised">dra</hi> Samlingen af <title corresp="tw167">Läsning f Barn</title> och som jag tror skall tryckningen af densamma nog kunna låta sig verkställa före sjöfartens slut i år – såvida Tit med vanlig punktlighet vill hafva godheten återsända korrekturerna</p>
                <p>Det lofvade förord torde jag under loppet af sommaren få motse.</p>
                <p>Att Tit. låter <persName corresp="pe73">Dr Collan</persName> <anchor xml:id="start3578"/>aftrycka några stycken<anchor xml:id="end3578"/> skadar alldeles icke – om det ej är för sent skulle jag blott önskat, att han uti noter upplyst om att dessa stycken äro lånade utur <choice><orig>»Läsning f Barn II</orig><reg>»<title corresp="tw167">Läsning f Barn II</title>»</reg></choice> 1866.</p>
                <p>Mycket gerna får detta band åtföljas af ett blad Nottryck – Jag anhåller att i god tid få manuskriptet dertill och ifall det är tryckt original torde korrekturet också godt kunna läsas här.</p>
                <p>Likaledes har jag redan anmodat min vän <persName corresp="pe686">Malmström</persName> om några teckningar. <anchor xml:id="start7942"/>Vi skola se till att<anchor xml:id="end7942"/> </p>
                <closer><salute/><signed/></closer>
            </div> 
        </body>
  </text>
</TEI>