<?xml version='1.0' encoding='UTF-8'?><TEI xmlns:xsi="http://www.w3.org/2001/XMLSchema-instance" xmlns="http://www.tei-c.org/ns/1.0" xsi:schemaLocation="http://www.tei-c.org/ns/1.0 file:/T:/Instruktioner,%20manualer,%20scheman/TEI-scheman%20(AM)/tei_brevschema.xsd">
  <teiHeader>
    <fileDesc>
      <titleStmt>
        <title>Br807</title>
        <respStmt>
          <resp>Ansvarig redaktör:</resp>
          <name>Laura Mattsson</name>
        </respStmt>
      </titleStmt>
      <publicationStmt>
        <publisher>Zacharias Topelius Skrifter</publisher>
      </publicationStmt>
      <sourceDesc>
        <p>Arkivsignum: se databas</p>
      </sourceDesc>
    </fileDesc>
    <profileDesc>
      <handNotes>
        <handNote medium="black-ink"/>
      </handNotes>
    </profileDesc>
  </teiHeader>
  <text>
    <body xml:space="preserve">
      <!-- – » ’ æ ½ ø &#x00A0; -->
      <div type="letter">
        <opener>
          <address>Herr <persName corresp="pe506">Albert Bonnier</persName>, <placeName corresp="pl2157">Stockholm</placeName>.</address>
          <dateline><placeName corresp="pl399">Helsingfors</placeName> 5 Jan. 1866.</dateline>
          <salute>Ett godt nytt år!</salute>
        </opener>
        <p rend="noIndent">Jemte vänskapsfulla brefvet af d. 19 Dec. mottog jag äfven bifogade vexlar på 48<subst><del>8</del><add>5</add></subst> och 138 Mark samt bifogar här qvitto öfver <anchor xml:id="start6639"/>hela beloppet<anchor xml:id="end6639"/> med de förut mottagna 112 mark. För den benägna remissen af hela beloppet nu till nyåret får jag här uttrycka min synnerliga erkänsla, emedan detta aldrig varit välkomnare än just nu till nyårsliqviderna. I mitt förra bref förutsatte jag efter en tidigare beräkning att boken skulle utgöra 10 ark, men erinrar mig nu att det 10:de icke<pb/> blef mer än till en mindre del upptaget, hvarföre min skyldighet är, efter aftal, att godtgöra Tit. det öfverskjutande, hvilket kanske lämpligast kan ske vid nästa häfte. Jag har visst icke förbisett den ögonskenliga fördelen af en större spridning genom Herr Bonniers bemedling, hvarför jag icke heller fäst mig vid en och annan reklamation af våra förläggare här; men önskligt vore för ömsesidig fördel mellan <placeName corresp="pl332">Sveriges</placeName> och <placeName corresp="pl62">Finlands</placeName> literatur, att reciprociteten vore fullständig, ty nu klagas från båda hållen, och kanske ej utan skäl. Vår finska förlagsrörelse måste dervid af naturliga skäl draga det kortare strået.</p>
        <p>Af <title corresp="tw119">Fältskärns 5:te cykel</title> är nu första berättelsen nästan färdig,<pb/> ty årets slut tvang mig att spara kapitel till den följande, som torde börja om någon vecka eller par. Jag tviflar på att hela cykeln fås färdig så tidigt, att den hinner tryckas till julen; deremot skickar jag nu på våren andra boken för barn komplett – kanske med första öppet vatten? – ty det mesta är renskrifvet och behöfver blott retouchering.</p>
        <p>Jag kommer troligen äfven att förnya förslaget om andra häftet af dramatiska dikter, hvarom mera längre fram. Novellerna, hvilka, som jag förut nämndt, äfven med urval, torde utgöra omkring fyra band, hinner jag icke med detta år, och det kan vara nog att servera publiken med två arbeten. Hvad <title rend="underline" corresp="ve289">Sångerna</title> angår, har jag ett <anchor xml:id="start3568"/>timligt<anchor xml:id="end3568"/> förråd nya och för det mesta otryckta, hvilka sparas för Tit. räkning, men<pb/> jag anser det bättre att utsända dem i ett särskildt band, t. ex. 1867, om vi lefva, än att nu inflicka dem i det redan så mycket spridda första häftet. Var derföre god och tryck den nya upplagan oförändrad! – <rs corresp="pe520">Red.</rs> för <title corresp="tw98">Hfors Tidn.</title> beder mig genom Tit. helsa <persName rend="underline" corresp="pe2505">Herr Rydberg</persName>, att Red. med nöje ingår uppå hans vilkor och förväntar <anchor xml:id="start3569"/>med första<anchor xml:id="end3569"/> en början till korrespondensen, som skall honoreras till dess definitiv öfverenskommelse hinner uppgöras efter profbrefven. Som gammal publicist torde <persName corresp="pe2505">Herr R.</persName> sjelf pröfva hvad som mest intresserar finska läsare. Äfven beder Red. att <persName corresp="pe2505">Hr Rbg</persName> ville, mot särskild ersättning för kostnaden, <hi rend="underline">med första</hi> tillsända Red. <hi rend="underline">telegrammer</hi> om vigtigare tilldragelser i <placeName rend="underline" corresp="pl332">Sverige</placeName> och undantagsvis de allra vigtigaste från <hi rend="underline">utlandet</hi>, tills man får erfarenhet, <anchor xml:id="start3572"/>om de komma fortare via <placeName corresp="pl2157">Stockholm</placeName>, än via <placeName corresp="pl1957">Petersburg</placeName>.<anchor xml:id="end3572"/> <add place="leftMargin">För Tit. vänskapsfulla besvär härmed beder mig Red. frambära dess förbindligaste tack.</add></p>
        <p>God fortsättning, om början varit bra, önskar vänligt och aktningsfullt</p>
        <closer>
          <signed>Z. Topelius.</signed>
        </closer>
        <postscript><p><add place="leftMargin">P. S. <rs corresp="pe520">Red.</rs> beder mig fråga, om ej möjligen <anchor xml:id="start3573"/><title corresp="tw98">Hfors Tidn:s</title> nya betydelse som finsk handelstidning<anchor xml:id="end3573"/> kunde i <choice><abbr>Sv.</abbr><expan resp="ch">Svenska</expan></choice> blad påpekas.</add></p></postscript>
      </div>
    </body>
  </text>
</TEI>