<?xml version='1.0' encoding='UTF-8'?><TEI xmlns:xsi="http://www.w3.org/2001/XMLSchema-instance" xmlns="http://www.tei-c.org/ns/1.0" xsi:schemaLocation="http://www.tei-c.org/ns/1.0 file:/T:/Instruktioner,%20manualer,%20scheman/TEI-scheman%20(AM)/tei_brevschema.xsd">
  <teiHeader>
    <fileDesc>
      <titleStmt>
        <title>Br810</title>
        <respStmt>
          <resp>Ansvarig redaktör:</resp>
          <name>Laura Mattsson</name>
        </respStmt>
      </titleStmt>
      <publicationStmt>
        <publisher>Zacharias Topelius Skrifter</publisher>
      </publicationStmt>
      <sourceDesc>
        <p>Arkivsignum: se databas</p>
      </sourceDesc>
    </fileDesc>
    <profileDesc>
      <handNotes>
        <handNote medium="black-ink"/>
      </handNotes>
    </profileDesc>
  </teiHeader>
  <text>
    <body xml:space="preserve">
      <!-- – » ’ æ ½ ø &#x00A0; -->
      <div type="letter">
        <opener>
          <address>Herr <persName corresp="pe506">Albert Bonnier</persName>, <placeName corresp="pl2157">Stockholm</placeName>.</address>
          <dateline><placeName corresp="pl1512">NyCarleby</placeName> 10 Sept. 1866.</dateline>
        </opener>
        <p rend="noIndent"><persName corresp="pe506">Herr Bonniers</persName> sednaste vänskapsfulla bref, jemte 6:te <anchor xml:id="start3586"/>korrekturarket<anchor xml:id="end3586"/>, har försatt mig i bryderi. Det var ett manuscriptätande tryck! Jag misstänker nu, att stilen är alldeles för fin för en barnabok. I de dramatiska »lekarna» med deras dialogform märktes detta icke, men desto mera här, der sidorna ofta upptagas af ett eller par stycken tätt tryck. Emellertid är detta en sak, som ej kan hjelpas förrän i en ny upplaga, och vi dela båda<pb/> felet härutinnan. Värre är, att jag beräknade arktalet för det sända till ungefär 10 och derföre qvarlemnade vid min afresa de utskrifna öfriga berättelserna m. m. i <placeName corresp="pl399">Hfors</placeName>, i förmodan att jag härifrån endast behöfde skicka företalet och möjligen något litet tillskott vid återkomsten till <placeName corresp="pl399">Hfors</placeName>. Der äro de nu, och min resa härifrån, som skulle ske i dag, har blifvit fördröjd af <rs corresp="pe10">min hustrus</rs> sjukdom. Hon är nu på bättring, men behöfver samla krafter, så att vi troligen ej förrän om en vecka kunna begifva oss af. Jag nödgas således bedja tryckeriet vänta till först afgående ångbåt<pb/> från <placeName corresp="pl399">Hfors</placeName> vid min återkomst, således till dagarna efter d. 20<add place="inline">–22</add> Sept. Vi skola deremot göra boken ett par ark tunnare, än jag beräknat, således 9, högst 10 ark. Jag sände med 6:te korrekturet melodier till tre af visorna, men är ej i stånd att skicka den 4:de förrän från <placeName corresp="pl399">Hfors</placeName>. Då alla äro korta, torde de utan svårighet inrymmas, alla fyra, på ett vanligt qvartblad, eller två duodesblad. De äro alla så enkla, vackra och i mitt tycke väl passande för barn, att det vore skäl att upptaga alla fyra så gerna som en. Melodierna äro lånade från <anchor xml:id="start3587"/><persName corresp="pe2555">Fröbels</persName> <title><foreign xml:lang="ger">Zeitschrift für Kindergarten</foreign></title><anchor xml:id="end3587"/>. Häftet blir ju i alla fall ej dyrt.<pb/> Kanske får jag för säkerhets skull korrektur på nottrycket till <placeName corresp="pl399">Hfors</placeName>. <rs corresp="pe11">Min dotter</rs> skref af dem något för smått; jag disponerade ej tryckta blad. Om plancherna är jag nyfiken att höra. Redigt, skarpt tryck för dem vore af nöden.</p>
        <p>Gerna vill jag, om möjligt, ställa så till, att tryckningen af <title corresp="tw119">Fältskärns 5:te Cykel</title> kan börja på vintern. Och då får jag äfven höra, <anchor xml:id="start13426"/>om Herr Bonnier vill ingå i någon öfverenskommelse om berättelserna ur <placeName corresp="pl62">Finlands</placeName> historia, som utgöra mitt hufvudarbete under hösten.<anchor xml:id="end13426"/></p>
        <p><rs corresp="pe10">Min hustru</rs> beder om sin vänliga helsning, och jag tecknar med högaktning och vänskap</p>   
        <closer>
          <salute>Herr Bonniers<lb/>ödmjuka tjenare</salute>
          <signed>Z. Topelius.</signed>
        </closer>
        <postscript><p rend="noIndent"><add place="nextPage">P. S. Förordet blir kort och sändes från <placeName corresp="pl399">Hfors</placeName>.</add></p></postscript>
      </div>
    </body>
  </text>
</TEI>