<?xml version='1.0' encoding='UTF-8'?><TEI xmlns:xsi="http://www.w3.org/2001/XMLSchema-instance" xmlns="http://www.tei-c.org/ns/1.0" xsi:schemaLocation="http://www.tei-c.org/ns/1.0 file:/T:/Instruktioner,%20manualer,%20scheman/TEI-scheman%20(AM)/tei_brevschema.xsd">
  <teiHeader>
    <fileDesc>
      <titleStmt>
        <title>Br2902</title>
        <respStmt>
          <resp>Ansvarig redaktör:</resp>
          <name>Laura Mattsson</name>
        </respStmt>
      </titleStmt>
      <publicationStmt>
        <publisher>Zacharias Topelius Skrifter</publisher>
      </publicationStmt>
      <sourceDesc>
        <p>Arkivsignum: se databas</p>
      </sourceDesc>
    </fileDesc>
    <profileDesc>
      <handNotes>
        <handNote medium="black-ink" id="ZT">Zacharias Topelius d.ä.</handNote>
        <handNote medium="black-ink" id="CT">Catharina Sofia Topelius</handNote>
      </handNotes>
    </profileDesc>
  </teiHeader>
  <text>
    <body xml:space="preserve">
      <!-- – ” ’ æ ½ --> 
            <div type="letter">
                <div type="letterpart" part="i">
                <opener>
                    <dateline><handShift new="#ZT"/><placeName corresp="pl963">Kudnis</placeName> d. 17 Sept. 1829.</dateline>
                    <salute><choice><abbr>M. K.</abbr><expan resp="EK">Min käre </expan></choice> <persName corresp="pe614">Zachris</persName>!</salute>
                </opener> 
                    <p rend="noIndent">Dina 2<hi rend="raised">ne</hi> bref ha<del>r</del> rigtigt ingått, hvaraf finner att Du på nytt är i ordning med dina läxor – Men dertill har jag händelsevis fått läsa et tredje till <persName corresp="pe498">Alex. Lithén</persName>, hvars innehåll på det högsta oroat mig – Du berättar der att du vid sista marknaden köpt och druckit ej mindre än 2 Bout. öl, samt dertill begagnat dig af krögerskans misräkning vid betalningen. Det förra är af en så ung gosse <anchor xml:id="start20407"/>ohyggeligt<anchor xml:id="end20407"/> och det sednare kan ej få lindrigare namn än oredlighet – hvad som nu litet mildrat min oro är att du sjelf omtalar saken och således icke ansett den af betydenhet – Men min bäste <persName corresp="pe614">Zachris</persName> om du nu en par gånger skulle förnya sådant uppförande, så vore du på vägen att bli alldeles förlorad. Jag har kännt flera unga gossar som på detta vis började och derefter icke mera kunde rättas. En af dina bekanta t. ex. <persName corresp="pe7279">G. Mathesius</persName> skall nu i <placeName corresp="pl399">H<hi rend="raised">fors</hi></placeName> vara en <anchor xml:id="start20415"/>liderlig persedel<anchor xml:id="end20415"/>. Redan i sin skoltid smuttade han i hemlighet vin, öl och annat dylikt – nu är han <foreign xml:lang="lat"><anchor xml:id="start20408"/>incurabilis<anchor xml:id="end20408"/></foreign>. En <persName corresp="pe1001">Otto Snellman</persName> – Dito –. Dit fel vore jag väl böjd att anse för en öfverilning – men likväl kan Du ej ställa mig tillfreds om du icke 1<hi rend="raised">o</hi> betygar ånger och oro öfver tilldragelsen – 2<hi rend="raised">o</hi> heligt föresätter dig och låfvar att ej förnya den – 3<hi rend="raised">o</hi> uppsöker den der gumman och med vidgående af dit fel, betalar punktligt hvad hon förlorade. I allt detta skall du visa Din <rs corresp="pe21">farbror</rs> fullkomligt förtroende och öppe<unclear reason="writing" resp="EK">nhetlig</unclear>het.<pb/> Så skall du sjelf finna att du derigenom vinner mera styrka i goda föresatser af detta ordspråk: <foreign xml:lang="lat"><anchor xml:id="start20409"/>nitimur in vetitum semper cupimusque negata<anchor xml:id="end20409"/></foreign><!-- Ovidius --> – bör du lära att ett öppet och redligt Gunstlings sätt motverkar kraftigt det onda som då icke förmår segra eller locka till efterföljd – framför allt bör du sky elakt sälskap – märker du någon vill föra på afvägar, så tänk: <foreign xml:lang="lat"><anchor xml:id="start20410"/>hic niger est, hunc tu Romane caveto<anchor xml:id="end20410"/></foreign><!-- Horatius --> – eller också: <foreign xml:lang="lat"><anchor xml:id="start20411"/>foenum in cornu habet, longe fuge</foreign><!-- Horatius -->.<anchor xml:id="end20411"/></p>
                    <p>Det är nu första gången min gosse gjort mig bekymrad – hoppas också att det är den sista – gör mig den glädjen att få höra det du härefter oförviteligen vandrar fram din bana.</p>
                    <p>Den der goda öfningen du hade här hemma bör du ännu fortsätta – den att föresätta dig någon försakelse. Du skall deraf erfara mera nytta än du nu kan föreställa dig. Du har än ej börjat klaverspelningen. Din motvilja deremot bör du besegra – du skall i en framtid finna att denna talang är ibland de vackraste.</p>
                    <p>Intet nytt af vigt har här passerat – och likväl är naturen i ouphörlig rörelse att att åstadkomma förändringar eljes ofta omärkliga. <persName corresp="pe7307">Carl Wargelin</persName> som bott i en stuga på <placeName corresp="pl3170">Frill</placeName>, flyttar nu till <placeName corresp="pl4883">Isakas</placeName>. <persName corresp="pe7317">W. Wildmark</persName> som rymde från oss har sedan velat återkomma men blifvit afvisad.</p>
                    <p>Natten är nu långt liden och jag nödgas sluta – hälsa hjertl. farbror och <rs corresp="pe888">moster</rs> <rs corresp="pe3410">fastrarne</rs> och de <rs corresp="pe3411">små bröderne</rs> – så ofta tillfälle blir skrif till din Pappa –</p>
                <closer><signed>Z. Topelius</signed></closer>
                </div>
                <div type="letterpart" part="f">
                    <p><handShift new="#CT"/>Min goda Zachris. du ser af föregående huru mycket du oroat din pappa och äfven så mig men vi hoppas nu at du då du känner at du felat ej mera förnyar sådant du är lycklig kära barn som har föräldrar och vänner som ger ackt på dig och varnar, sök därföre at tacksamt begagna denna förmån som mången i sin barndom saknat och som därföre fallit för många frestelser. du kan väl tycka at denna lilla händelse altför mycket oroar oss men du kan däraf dömma huru kär du är för oss och huru hvarje felsteg af dig skall såra oss djupt.</p>
                    <p><persName corresp="pe498">Alexander</persName> var här i går han sade sig ha et långt bref färdigt till dig och låfte bära hit det men ännu har det ej kommit förleden söndag var vi med <rs corresp="pe890">mormor</rs> till <placeName corresp="pl4872">kubban</placeName> men det var dåligt väder om måndag kom vi hem inga andra bär ficks än Hägg bär men det var mycket sådana om vädret varit bättre så hade vi fått mycket inga gossar var med. systrarna hälsar dig de mår väl, <anchor xml:id="start20567"/><anchor xml:id="start20566"/>nog<anchor xml:id="end20566"/> kom vi i håg dig den 6 Sept.<anchor xml:id="end20567"/> men dagen passerade här aldeles tyst <persName corresp="pe498">Alexander</persName> skulle nog önska at få komma med sin <rs corresp="pe49">pappa</rs> till <placeName corresp="pl2464">uleå</placeName> men han tviflar at det lyckas <persName corresp="pe485">Svante</persName> har och varit här han hälsar dig i från Bror <persName corresp="pe23">Frans</persName> hade vi bref han hade väntat dig flere dar men då han hörde at <persName corresp="pe7333">Assesor Fagerström</persName> passerat hade han gissat at du följt med honom. hälsa Fastrarna så mycket i från oss alla och tillfredsställ oss snart med bref kära <persName corresp="pe614">Zachris</persName> at vi nu som förr blott med glä<unclear reason="damage" resp="EK">dje</unclear> kan tänka på <subst>vår</subst> gosse det önskar</p>
                    <closer>
                      <signed><supplied resp="MaD" reason="damage">din Mamma</supplied></signed>
                    </closer>
                    <postscript><p rend="place_leftMargin"><!-- i vänstra marginalen på sid. 3 -->boken skall jag väl skicka med <persName corresp="pe7334">maja</persName> men jag tror at hon får följa med <persName corresp="pe49">Morbror Lithen</persName> om du skall börja läsa tyska och franska så låt veta hvad böcker du därtill behöfver</p></postscript>
                </div>
            </div> 
        </body>
  </text>
</TEI>