<?xml version='1.0' encoding='UTF-8'?><TEI xmlns:xsi="http://www.w3.org/2001/XMLSchema-instance"
 xsi:schemaLocation="http://www.tei-c.org/ns/1.0 file:/T:/Instruktioner,%20manualer,%20scheman/TEI-scheman%20(AM)/tei_brevschema.xsd"
 xmlns="http://www.tei-c.org/ns/1.0">
  <teiHeader>
    <fileDesc>
      <titleStmt>
        <title>Br909</title>
        <respStmt>
          <resp>Ansvarig redaktör:</resp>
          <name>Laura Mattsson</name>
        </respStmt>
      </titleStmt>
      <publicationStmt>
        <publisher>Zacharias Topelius Skrifter</publisher>
      </publicationStmt>
      <sourceDesc>
        <p>Arkivsignum: se databas</p>
      </sourceDesc>
    </fileDesc>
    <profileDesc>
      <handNotes>
        <handNote medium="black-ink"/>
      </handNotes>
    </profileDesc>
  </teiHeader>
  <text>
    <body xml:space="preserve">
      <!-- – ” ’ æ ½ -->
      <div type="letter">
        <opener>
          <dateline><placeName corresp="pl963">Kudniss</placeName> d. 1. Mars.</dateline>
        </opener>
        <p rend="noIndent"><!--LM infogade punkt--><!--LM ändrade från – --><!--LM ändrade från – -->Min Älskade Gosse. i fredags om afton helt sent kom vi hem och fann <rs corresp="pe226">pappa</rs> nöjd och glad och i synnerhet fägnade det honom at du var så rask när du skildes från Mamma och jag vill ej tro at du nu heller har ledsamt pappa har haft bref från <persName corresp="pe33">Herr Blank</persName> när han kom till <placeName corresp="pl399">Helsinfors</placeName> var han utan rum och hade då han skref ännu ej fått något. de betalar till ock med 25 <choice><abbr>Rub</abbr><expan resp="MaD">Rubel</expan></choice> i mån för et rum. <persName corresp="pe498">Alexander</persName> var här i går han har rätt ledsamt efter dig och sade at hans nuvarande lärare är mycket strängare än <persName corresp="pe33">Herr Blank</persName> jag hoppas nu min Gosse at du ej behöfver på minnas om din läsning och för alting beflita dig om at kunna dina läxor och at vara lydig at <del>din</del> din goda <rs corresp="pe21"><anchor xml:id="start13646"/>Farbror</rs> och <rs corresp="pe888">moster<anchor xml:id="end13646"/></rs> ej må få orsak till missnöje med dig. <anchor xml:id="start8315"/>Bror <persName corresp="pe23">Frans</persName> träffade jag ej på hem resan<pb/> jag skickade inn på <placeName corresp="pl671">Kalajocki</placeName> Prestgård för at fråga om <persName corresp="pe23">Frans</persName> var hemma men han var på läsförhör och hade blott lämnat et bref till mig.<anchor xml:id="end8315"/> hvad tycker du at <persName corresp="pe2766">Anna lena</persName> hon väntade at få se dig komma tillbakas med mig en sådan stackare trodde hon dig vara och hon blef rätt flat då hon fick höra huru nöjd du var dit bref till <persName corresp="pe33">Herr Blank</persName> skall i morgon afgå då pappa skrifver till honom och dina öfriga bref är och aflämnade till sina ägare.</p>
        <p>Jag kan nu ej berätta dig några nyheter ty jag har sjelf ej fått veta några. pappa hälsar så mycket sin gosse och ber dig ackta dig för en hop pojkstreck som odygdiga pojkar plär ha för sig vid skolan äfven ber pappa dig<pb/> ej bortslösa din tid med läsning af onyttiga ofta skadliga böcker läs ingen af <anchor xml:id="start3014"/>Biblioteks<anchor xml:id="end3014"/> böckerna som du ej förut visat åt <hi rend="underline">Farbror</hi></p><!--LM lade in styckebrytning-->
        <p><rs corresp="pe889">Morfar</rs> och <rs corresp="pe890">Mormor</rs> hälsar dig äfven dina andra vänner små systrarna och <persName corresp="pe2766">anna lena</persName> i synnerhet. gå till fastrarna och hälsa från mamma nästa gång skall jag skrifva till <persName corresp="pe465">Faster Lisette</persName> denna gång hinner jag ej. jag väntar nu med otålighet bref i från dig för at få höra om du börjat spela och rita begagna nu kär<supplied reason="damage" resp="LM">a</supplied> barn alla tillfällen till at lära det som är nyttigt ty den som är i tillfälle at lära och ej sjelf vill begagna det i sin ungdom får vanligtvis i äldre år bittert ångra sin försummelse</p>
        <p>må väl min goda gosse och måtte du altid bli en glädje för din pappa.</p>
        <closer>
          <signed>
            <hi rend="underline">mamma</hi>
          </signed>
        </closer>
      </div>
    </body>
  </text>
</TEI>