<?xml version='1.0' encoding='UTF-8'?><TEI xmlns:xsi="http://www.w3.org/2001/XMLSchema-instance" xmlns="http://www.tei-c.org/ns/1.0" xsi:schemaLocation="http://www.tei-c.org/ns/1.0 file:/T:/Instruktioner,%20manualer,%20scheman/TEI-scheman%20(AM)/tei_brevschema.xsd">
  <teiHeader>
    <fileDesc>
      <titleStmt>
        <title>Br910</title>
        <respStmt>
          <resp>Ansvarig redaktör:</resp>
          <name>Laura Mattsson</name>
        </respStmt>
      </titleStmt>
      <publicationStmt>
        <publisher>Zacharias Topelius Skrifter</publisher>
      </publicationStmt>
      <sourceDesc>
        <p>Arkivsignum: se databas</p>
      </sourceDesc>
    </fileDesc>
    <profileDesc>
      <handNotes>
        <handNote medium="black-ink"/>
      </handNotes>
    </profileDesc>
  </teiHeader>
  <text>
    <body xml:space="preserve">
      <!-- – ” ’ æ ½ -->
      <div type="letter">
        <opener>
          <dateline><placeName corresp="pl963">Kudniss</placeName> d. 11. Ap.</dateline>
        </opener>
        <p rend="noIndent"><!--Nyberg?--><!--LM ändrade från ,--><!--LM ändrar från – --><!--LM tog bort – --><!--LM tog bort – -->Min goda Gosse. jag hant ej skrifva till dig med <persName corresp="pe7340">Mamsell Nyberg</persName>. därföre får du nu detta med <persName corresp="pe7307">Calle</persName> som också var mycket nöjd at få nån anledning at hälsa på dig. han reser nu för at söka sig arbete. om du kan tjena honom med at skrifva åt honom hem till sin hustru så skall du göra det. då <persName corresp="pe7341">fru Lojander</persName> varit så god och tilllåtit dig at ibland gå och öfva dig att spela så bör du ej försumma det för en onödig blyghet ty då du spelar så sällan så hinner du nästan glömma mellan hvar gång det du lärt. det är rätt fägnesamt at höra at du mår så väl och gudgifve kära <persName corresp="pe614">Zachris</persName> at du viste genom dit upförande göra dig förtjent af all den godhet du njuter bjud åtminstone till ty med en fast vilja uträttar man mycket framför alt sök at vinna på dig sjelf som <rs corresp="pe226">pappa</rs> säger ty det är nödvändigt om man skall kunna rätta sig efter andra. pappa har haft 2 bref i från <persName corresp="pe33">Herr Blank</persName> däri han berättar om alt märkvärdigt han besett och om nya upfinningar som du vet pappa är så road af.<pb/> nog syns det at han med uppmärksamhet betracktar det som omger honom gör du och på samma sätt det kommer dig till nytta i framtiden om du från barndomen kan göra det till en vana.  om jag nu kunde berätta dig någodt nytt men här passerar så litet dina förra kamrater ser jag så sällan en olycks händelse inträffade på <placeName corresp="pl2835">Högbacka</placeName> för några dagar sen <anchor xml:id="start38269"/>en gosse af din ålder föll i en brunn<anchor xml:id="end38269"/> som de höll på at stensätta på 9 alnars höjd och slog sit hufvud mot sten at Hjernan tillika med blod kom ut igenom öronen han var länge liflös men ännu lefver han men önskar ständigt at få dö. hans Mamma var här med honom och det var så ynkligt at se deras jämmer och jag som altid tänker på at nån olycka skall hända dig så kan du föreställa dig huru mycket jag deltog i deras sorg.  små systrarna mår väl och hälsar och tackar dig för det du skickat dem om ej <persName corresp="pe7307">Calle</persName> reser förän de kommit från skolan så skrifver de till dig emedlertid bad de hälsa och så skickar de dig litet <anchor xml:id="start38268"/>skolgotta<anchor xml:id="end38268"/> för närvarande sade de sig ej ha något bättre du skall dela med <persName corresp="pe22">Gustav</persName><pb/> och <persName corresp="pe19">Oscar</persName> kanske de hittar på någodt bättre tils <persName corresp="pe3317">Cristine Toppelius</persName> reser Hälsa Fastrarna och säg at med henne skickar jag böckerna nog kan jag tro att du ofta hälsar på <rs corresp="pe465">Fasters</rs> <anchor xml:id="start8316"/>Bibliotek<anchor xml:id="end8316"/> men äfven hoppas jag at du som karl håller dit löfte <anchor xml:id="start8317"/>at ej läsa nån roman<anchor xml:id="end8317"/> är det icke så. du bör skrifva bref till <rs corresp="pe889">Morfar</rs> och <rs corresp="pe890">Mormor</rs> och bjud till at göra det ordentligt och nätt. när det blir någodt tillfälle så köp en <anchor xml:id="start13647"/>socker bok<anchor xml:id="end13647"/> åt lilla <persName corresp="pe299">Frans</persName> han blef så missnöjd när han blef utan och skrif et litet bref åt honom vi har här mycket Kalt ännu at snön har ej minskats als och isen är 2 alns tjock i ån här frucktas för stark <anchor xml:id="start13648"/>isgång<anchor xml:id="end13648"/> ackta dig när islåssningen blir at du ej går för nära du var här hemma mycket oförsicktig.</p>
        <p>Hälsa <rs corresp="pe21">Farbror</rs> och <rs corresp="pe888">Moster</rs> i från oss och små bröderna skall du ge en puss och fram föralt var beskedlig emot dem hälsa <persName corresp="pe2989" correspUncert="Y">anna</persName><!--LM tog bort .--> och <persName corresp="pe34">Carolina</persName> <persName corresp="pe2766">anna lena</persName> och de öfriga af vårt folk hälsar alla till dig. må väl min goda <persName corresp="pe614">Zachris</persName> och Gud vare med dig önskar din</p>
        <closer>
          <signed>Mamma.</signed>
        </closer>
      </div>
    </body>
  </text>
</TEI>