<?xml version='1.0' encoding='UTF-8'?><TEI xmlns:xsi="http://www.w3.org/2001/XMLSchema-instance" xmlns="http://www.tei-c.org/ns/1.0" xsi:schemaLocation="http://www.tei-c.org/ns/1.0 file:/T:/Instruktioner,%20manualer,%20scheman/TEI-scheman%20(AM)/tei_brevschema.xsd">
  <teiHeader>
    <fileDesc>
      <titleStmt>
        <title>Br2899</title>
        <respStmt>
          <resp>Ansvarig redaktör:</resp>
          <name>Laura Mattsson</name>
        </respStmt>
      </titleStmt>
      <publicationStmt>
        <publisher>Zacharias Topelius Skrifter</publisher>
      </publicationStmt>
      <sourceDesc>
        <p>Arkivsignum: se databas</p>
      </sourceDesc>
    </fileDesc>
    <profileDesc>
      <handNotes>
        <handNote medium="black-ink"/>
      </handNotes>
    </profileDesc>
  </teiHeader>
  <text>
    <body xml:space="preserve"><!-- – ” ’ æ ½ -->
            <div type="letter"> 
                <opener>
                    <dateline><placeName corresp="pl963">Kudnis</placeName> d. 30. Nov. 1829.</dateline>
                    <salute><choice><abbr>M. K. <persName corresp="pe614">Z</persName>.</abbr><expan resp="EK">Min käre Zachris</expan></choice></salute>
                </opener> 
                <p rend="noIndent">För att icke försumma tillfället <anchor xml:id="start38324"/>skrifver jag detta med Postillionen.<anchor xml:id="end38324"/> Jag har nu i 2<hi rend="raised">ne</hi> veckor varit ganska illamående, men är åter bätre, så att jag hoppas än en gång få omfamna dig. Ja, var nu hjertl. välkommen till Jul jemte <rs corresp="pe21">farbror</rs> och <rs corresp="pe888">moster</rs>. Till julklappar åt dina vänner önskade jag att du copierade några nätta ritningar, o. d. Man kan intet mer begära af dig.</p>
                <p>Som nyhet kan jag berätta att <persName corresp="pe4511" correspUncert="Y">Lippjärvi Gustav</persName> flyttat från torpet. <persName corresp="pe7307">Calle</persName> som förr äfven gjorde det sträfvar nu af alla krafter att komma dit igen. <rs corresp="pe3321">Landbonds</rs> <persName corresp="pe7376">Janne</persName> ligger illa sjuk.</p>
                <p>Närmare underrättelser får du väl sjelf inhämta. <foreign xml:lang="lat"><anchor xml:id="start20465"/>Cura ut valeas</foreign>.<anchor xml:id="end20465"/></p> 
                <closer>
                    <signed>Z. T.</signed>
                </closer> 
            </div> 
        </body>
  </text>
</TEI>