<?xml version="1.0" encoding="UTF-8"?>
<TEI xmlns:xsi="http://www.w3.org/2001/XMLSchema-instance"
    xsi:schemaLocation="http://www.tei-c.org/ns/1.0 file:/T:/Brev%20(LM)/TEI-scheman/tei_brevschema.xsd"
    xmlns="http://www.tei-c.org/ns/1.0">
    <teiHeader> 
        <fileDesc> 
            <titleStmt> 
                <title>Br3232</title> 
                <respStmt> 
                    <resp>Ansvarig redaktör:</resp> 
                    <name></name> 
                </respStmt> 
            </titleStmt> 
            <publicationStmt> 
                <publisher>Zacharias Topelius Skrifter</publisher> 
            </publicationStmt> 
            <sourceDesc> 
                <p>Arkivsignum: se databas</p> 
            </sourceDesc> 
        </fileDesc> 
        <profileDesc> 
            <handNotes> 
                <handNote medium="black-ink"/> 
            </handNotes> 
        </profileDesc> 
    </teiHeader> 
    <text> 
        <body xml:space="preserve"><!-- – ” ’ æ ø ½ --><!-- &#x00A0; --> 
            <div type="letter"> 
                <opener><dateline>26-2-87.</dateline><address>Hr <persName corresp="pe614">Zacharias Topelius</persName></address></opener> 
                <p>Jeg har hermed den Fornøielse at tilsende Dem ”<title corresp="tw526">Norden</title>” 3 Hefte. –</p>
                <p>Da jeg ved dette Foretagende helst vil overlade de fremragende Forfattere selv at opgive Honorarets Størrelse, beder jeg Dem venligst opgive mig dette for Deres Digts Vedkommende. – Bringende Dem min bedste<pb/> Tak for den viste Velvillie og haabende, at det ikke maa blive den eneste gang jeg har den Glæde at modtage Bidrag <supplied reason="binding" resp="EV">fra</supplied> Deres Haand</p>
                <closer><salute>tegner jeg mig<lb/>høiagtelsesfuldt</salute><signed>Ernst Bojesen</signed></closer> 
            </div> 
        </body> 
    </text> 
</TEI>
