<?xml version="1.0" encoding="UTF-8"?>
<TEI xmlns:xsi="http://www.w3.org/2001/XMLSchema-instance"
 xsi:schemaLocation="http://www.tei-c.org/ns/1.0 ../../../../../../../Desktop/TEI%20scheman/tei_brevschema.xsd"
 xmlns="http://www.tei-c.org/ns/1.0">
    <teiHeader> 
        <fileDesc> 
            <titleStmt> 
                <title>Br3231</title> 
                <respStmt> 
                    <resp></resp> 
                    <name></name> 
                </respStmt> 
            </titleStmt> 
            <publicationStmt> 
                <publisher>Zacharias Topelius Skrifter</publisher> 
            </publicationStmt> 
            <sourceDesc> 
                <p>Arkivsignum: se databas</p> 
            </sourceDesc> 
        </fileDesc> 
        <profileDesc> 
            <handNotes> 
                <handNote medium="black-ink"/> 
            </handNotes> 
        </profileDesc> 
    </teiHeader> 
    <text> 
        <body xml:space="preserve"><!-- – ” ’ æ ø ½ --><!-- &#x00A0; --> 
            <div type="letter"> 
                <opener><dateline>10-1-87.</dateline><address>Forfatteren<lb/>Hr <persName corresp="pe614">Zach. Topelius</persName></address></opener>
                <p>Det var mig en stor Glæde i Dag at modtage Deres saa venlige Brev og ikke mindst ved i Brevet at finde den smukke Sang, som De saa elskværdigt stiller til ”<title corresp="tw526">Nordens</title>” Disposition. Jeg arbeider lige paa Tryckningen af ”<title corresp="tw526">Nordens</title>” 3<hi rend="raised">die</hi> Hefte og jeg har strax sørget for at gjøre Plads, saa at jeg allerede i Slutningen af denne<pb/> Maaned kan have den Glæde at sende <hi rend="underline">Dem</hi> Heftet og min gode Ven Hr <persName corresp="pe765">Arnold Gamel</persName> denne behagelige Overraskelse. –</p>
                <p>Det glæder mig ogsaa meget, at De syntes om ”<title corresp="tw497">Juleroser</title>”, jeg haaber, at jeg skal naa mit Maal med denne, nemlig ved Hjelp af de ypperste Kræfter i <placeName corresp="pl629">Skandinavien</placeName>, efterhaanden at skabe et paa Høide med Udlandet staaende kunstnerisk Juleblad, som kan bringe god og Sand Julestemning ind i Tusinder skandinaviske Hjem. Paa en god og ærlig Villie skal det ikke mangle fra<pb/> min Side.</p>
                <p>Hvis De til Aargangen 1887 vil glæde mig med et Bidrag fra Deres saa skattede Haand, vil jeg være Dem overordentlig taknemlig. Føler De Lyst til at opfylde denne min ærbødige Anmodning, vil jeg sætte stor Pris paa at modtage det en af de første Maaneder, saa at jeg kan faa det ypperligt illustreret (af <persName corresp="pe1303">Edelfelt</persName> for&#x00A0;Expl). –</p>
                <p>Jeg troer, at det vil glæde Dem at se <title corresp="tw221">Børnenes Juleroser</title>, som nu i 3 Aar er kommet hos mig, jeg har stor Glæde af denne Bog, som alt har<pb/> vundet Hævd i alle Hjem heri <placeName corresp="pl150">Danmark</placeName>, hvor der er Børn.</p>
                <p>Idet jeg beder Dem modtage min ærbødige Tak for de mange behagelige Timer Deres rige Forfattervirksomhed har beredt mig, tegner jeg mig</p>
               
                <closer><salute>høiagtelsesfuldt</salute><signed>Ernst Bojesen</signed></closer>
            </div> 
        </body> 
    </text> 
</TEI>
