<?xml version="1.0" encoding="UTF-8"?>
<TEI xmlns:xsi="http://www.w3.org/2001/XMLSchema-instance"
    xsi:schemaLocation="http://www.tei-c.org/ns/1.0 file:/T:/Brev%20(LM)/TEI-scheman/tei_brevschema.xsd"
    xmlns="http://www.tei-c.org/ns/1.0">
    <teiHeader> 
        <fileDesc> 
            <titleStmt> 
                <title>Br3233</title> 
                <respStmt> 
                    <resp>Ansvarig redaktör:</resp> 
                    <name></name> 
                </respStmt> 
            </titleStmt> 
            <publicationStmt> 
                <publisher>Zacharias Topelius Skrifter</publisher> 
            </publicationStmt> 
            <sourceDesc> 
                <p>Arkivsignum: se databas</p> 
            </sourceDesc> 
        </fileDesc> 
        <profileDesc> 
            <handNotes> 
                <handNote medium="black-ink"/> 
            </handNotes> 
        </profileDesc> 
    </teiHeader> 
    <text> 
        <body xml:space="preserve"><!-- – ” ’ æ ø ½ --><!-- &#x00A0; --> 
            <div type="letter"> 
                <opener><dateline>18 16/4 88.</dateline><address>Til Digteren<lb/>Hr <persName corresp="pe614">Zacharias Topelius</persName>.</address></opener> 
                <p>Tilgiv at jeg henvender mig til Dem med en Bøn. Det er en Bøn om et lille Bidrag til mine ”<title corresp="tw497">Juleroser</title>”. Disses hidtidige skandinaviske Redaktion er opløst; men jeg vil gjerne søge at bevare et skandinavisk Indhold – og særlig (det behøver jeg neppe at forsikre Dem om) vilde jeg være taknemlig, hvis <hi rend="underline">De</hi> vilde vise mig den Ære og Godhed, at støtte mine Bestræbelser.</p>
                <p>I et fransk Illustrationsværk har jeg fundet det Blad, som jeg tillader mig at vedlægge. Ideen synes jeg ikke er videre lykkeligt udført; men selve Idéen forekommer mig smuk, og hvis for Exempl; som jeg haaber, <persName corresp="pe1303">Edelfelt</persName> vilde være villig til at tegne et Par saadanne Grupper, tror jeg, det vilde blive et overordentlig stemningsfuldt Billede. Som De vil se, er<pb/> det hele kun en Erindring om den skjønne Tid, da han og hun vare unge. Var det ikke muligt at <hi rend="underline">De</hi> vilde lade Dem bevæge til at skrive det lille Digt, hvortil de to Tegninger – af før og nu – skulde knytte sig? Hvis De viste mig den Godhed, vilde jeg bede om Tilladelse til – saaledes som det paa det franske Blad er gjort ved <persName corresp="pe3824">Coppés</persName> Digt – at maatte gjengive Deres Manuskript i Facsimile.</p>
                <p>Skulde De være utilbøielig til at opfylde netop denne Bøn, beder jeg Dem om venligst at sende mig det indlagte Blad tilbage, og jeg lever i Haabet om, at De i saa Fald dog muligvis med et andet Bidrag – et Digt eller en lille Prosaskizze, maaske f.&#x00A0;Expl om Julen i <placeName corresp="pl62">Finland</placeName>? – vilde glæde og beære</p>
                <closer><salute>Deres med udmærket Høiagtelse<lb/>ærbødige</salute><signed>Ernst Bojesen</signed></closer> 
            </div> 
        </body> 
    </text> 
</TEI>
