<?xml version="1.0" encoding="UTF-8"?>
<TEI xmlns:xsi="http://www.w3.org/2001/XMLSchema-instance"
 xsi:schemaLocation="http://www.tei-c.org/ns/1.0 ../../../../../../../Desktop/TEI%20scheman/tei_brevschema.xsd"
 xmlns="http://www.tei-c.org/ns/1.0">
    <teiHeader> 
        <fileDesc> 
            <titleStmt> 
                <title>Br3235</title> 
                <respStmt> 
                    <resp>Ansvarig redaktör:</resp> 
                    <name></name> 
                </respStmt> 
            </titleStmt> 
            <publicationStmt> 
                <publisher>Zacharias Topelius Skrifter</publisher> 
            </publicationStmt> 
            <sourceDesc> 
                <p>Arkivsignum: se databas</p> 
            </sourceDesc> 
        </fileDesc> 
        <profileDesc> 
            <handNotes> 
                <handNote medium="black-ink"/> 
            </handNotes> 
        </profileDesc> 
    </teiHeader> 
    <text> 
        <body xml:space="preserve"><!-- – ” ’ æ ø ½ --><!-- &#x00A0; --> 
            <div type="letter"> 
                <opener><dateline> 12/9 <hi rend="underline">1888</hi>.</dateline><placeName>Kbh.</placeName><address>Digteren Hr <persName corresp="pe614">Zacharias Topelius</persName></address></opener> 
                <p rend="noIndent">Hjertelig Tak for Digtet, jeg er overordentlig glad og taknemlig derfor. Jeg har strax sendt <persName corresp="pe1303">Edelfelt</persName> et <unclear reason="writing" resp="EV">Correktivtryk</unclear> og jeg haaber, at han opfylder min Bøn om at illustrere det. Nu er der naturligvis ikke Tid til at udføre Farvetryksidéen; men det gjør ikke noget; thi <persName corresp="pe1303">Edelfelts</persName> Illustrationer, samt Digtet haver Farve nok i sig selv.</p>
                <p>De maa til enhver Tid disponere over mig med Hensyn til at naa det Maal i at der bliver Samvirken, om at skaffe Ungdommen virkelig god og sund Literatur og jeg kan love<pb/> Dem, at jeg i min fremtidige Virksomhed skal gjøre hvad jeg kan for at lægge en lille Stén til Bygningen.</p>
                <p>– Det har været mig kjært at laane Deres Datter mine Cliché, hvad jeg <hi rend="underline">har</hi> og hvad jeg <hi rend="underline">faar</hi> skal til enhver Tid staa til hendes frie Afbenyttelse. Samtidig hermed sender jeg et Aftryk af Digtet til Correktiv, Samt Honorar for Bidraget.</p>
                <closer><salute>Med taknemlig og ærbødig Hilsen</salute><signed>Ernst Bojesen</signed></closer> 
            </div> 
        </body> 
    </text> 
</TEI>
