<?xml version="1.0" encoding="UTF-8"?>
<TEI xmlns:xsi="http://www.w3.org/2001/XMLSchema-instance"
 xsi:schemaLocation="http://www.tei-c.org/ns/1.0 ../../../../../../../Desktop/TEI%20scheman/tei_brevschema.xsd"
 xmlns="http://www.tei-c.org/ns/1.0">
    <teiHeader> 
        <fileDesc> 
            <titleStmt> 
                <title>Br3237</title> 
                <respStmt> 
                    <resp>Ansvarig redaktör:</resp> 
                    <name></name> 
                </respStmt> 
            </titleStmt> 
            <publicationStmt> 
                <publisher>Zacharias Topelius Skrifter</publisher> 
            </publicationStmt> 
            <sourceDesc> 
                <p>Arkivsignum: se databas</p> 
            </sourceDesc> 
        </fileDesc> 
        <profileDesc> 
            <handNotes> 
                <handNote medium="black-ink"/> 
            </handNotes> 
        </profileDesc> 
    </teiHeader> 
    <text> 
        <body xml:space="preserve"><!-- – ” ’ æ ø ½ --><!-- &#x00A0; --> 
            <div type="letter"> tu<placeName corresp="pl1100">Kjøbenhavn</placeName>
                <opener><dateline> d. 21 Januar 1889.</dateline><address>Digteren<lb/>Hr <persName corresp="pe614">Zacharias Topelius</persName></address></opener> 
                <p rend="noIndent">Jeg møder atter denne gang med en Bøn til Dem, nemlig om nu medens sidste Jul staaer frisk i Erindringen, at skrive mig en lille Nutids Skizze, Fortælling eller Stemning der knytter sig til Julen. – Jeg beder Dem om at gjøre det nu; thi jeg vil i Aar gjøre mig al mulig Umage for at bringe en ”<title corresp="tw497">Juleroser</title>” der i Helhed, Skjønhed og Stemning er saa god og smuk, som det er muligt heroppe. Jeg nærer ikke Tvivl om, at det skal lykkes mig, hvis blot Forfatterne vil hjelpe mig med at give mig Bidragene nu her i Vinter, medens Kunstnerne ere i deres Hjem; thi naa vi først <unclear reason="writing" resp="EV">herned</unclear><!-- "henad", ATP --> Foraarstid, flyve de ud i den vide Verden, og vende da først hjem til Efteraaret – og da er det for sent. Ved at Bidragene <unclear reason="writing" resp="EV">komme</unclear> saa sent, nødes man ogsaa let til at medtage Ting, der ikke hører med i et <hi rend="underline">Juleblad</hi> – de tidligere Aargange bære<pb/> desværre Vidnesbyrd derom. Hvis det er Dem muligt, vil jeg være Dem overordentlig taknem<supplied reason="binding" resp="EV">lig</supplied> om De vil støtte mig i min Bestræbelse.</p>
                <p>– De bedes venligst takke Deres Datter for de returnerede Cliché, jeg har modtaget disse i god Behold i Dag – jeg har først fa<supplied reason="binding" resp="EV">aet</supplied> dem nu, da Pakken havde forstukket sig <gap reason="binding" extent="1" unit="words"/><!-- börjar eventuellt på f (EV) --><!-- möjligen "for", ATP --> Toldvæsenet. De bedes sige Deres Datter, at de nye forlangte Cliche skal følge; men maa jeg bede hende tjene mig i at have Taalmodig<supplied reason="binding" resp="EV">hed</supplied> med disse til først i Februar, idet jeg før<supplied reason="binding" resp="EV">st</supplied> til den Tid faaer en paabegyndt Ordning af mine Cliché færdig. Sluttende med den Forsikring, at alt hvad jeg eier af Cliché staar til Deres Datters Raadighed</p>
                <closer><salute>forbliver jeg med udmærket høiagtelse <lb/>Deres ærbødigst forbundne</salute><signed>Ernst Bojesen</signed></closer> 
            </div> 
        </body> 
    </text> 
</TEI>
