<?xml version="1.0" encoding="UTF-8"?>
<TEI xmlns:xsi="http://www.w3.org/2001/XMLSchema-instance"
 xsi:schemaLocation="http://www.tei-c.org/ns/1.0 ../../../../../../../Desktop/TEI%20scheman/tei_brevschema.xsd"
 xmlns="http://www.tei-c.org/ns/1.0">
    <teiHeader> 
        <fileDesc> 
            <titleStmt> 
                <title>Br3239</title> 
                <respStmt> 
                    <resp>Ansvarig redaktör:</resp> 
                    <name></name> 
                </respStmt> 
            </titleStmt> 
            <publicationStmt> 
                <publisher>Zacharias Topelius Skrifter</publisher> 
            </publicationStmt> 
            <sourceDesc> 
                <p>Arkivsignum: se databas</p> 
            </sourceDesc> 
        </fileDesc> 
        <profileDesc> 
            <handNotes> 
                <handNote medium="black-ink"/> 
            </handNotes> 
        </profileDesc> 
    </teiHeader> 
    <text> 
        <body xml:space="preserve"><!-- – ” ’ æ ø ½ --><!-- &#x00A0; --> 
            <div type="letter"> 
                <opener><address><print><persName corresp="pe2420">Ernst BojesenS</persName> KUNSTFORLAG</print></address><dateline><placeName corresp="pl1100">Kjbhvn</placeName> d. 4-2-90.</dateline><address>Digteren<lb/>Hr <persName corresp="pe614">Zacharias Topelius</persName></address></opener> 
                <p rend="noIndent">Jeg blev meget glad over Deres lille Nytaarsbrev og over det venlige Tilbud om ogsaa i Aar at være mig behjælpelig med at faa en god ”<title corresp="tw497">Juleroser</title>”. Løftet modtages med Glæde og haabes indløst saa tidligt paa Aaret som muligt, i hvert Fald inden Solen skinner saa varmt, at Kunstnerne ere fløine til al Verdens Hjørner og Kanter. – <persName corresp="pe3825">Johan Krohn</persName> og jeg have i Forening en Bøn til Dem om ogsaa at give et Bidrag til ”Børnenes Juleroser” – mulig et lille finsk Eventyr eller Fortælling. Vær saa venlig<pb/> – ved Leilighed – at lade mig vide, om vi tør gjøre Regning paa at se vort Ønske opfyldt, for at vi kan holde Plads aaben.</p>
                <p>Vi ere tidlig paa Færde, det er aldeles nødvendigt; thi som ovenfor berørt, maa Kunstnerne benyttes <hi rend="underline">inden</hi> de gaa ud af Vinterhien. Er de først flagret bort, er alt Haab om at faa Tegninger før til Efteraaret udslukt – og da er det let for sént. – Clichéerne til Deres Datter har jeg nu afsendt gjennem min Kommissionær i <placeName corresp="pl2157">Stockholm</placeName> (Seelig&#x00A0;&amp;&#x00A0;Co), De bedes venligst sige hende det.</p>
                <p>Bliv nu ikke vred over mit aarlige Plageri; men som De ved stræber jeg efter at naa det bedste og derfor kommer jeg stadig igjen.</p>
                <closer><salute>Høiagtelsesfuldt<lb/>Dem forbundne</salute><signed>Ernst Bojesen</signed></closer> 
            </div> 
        </body> 
    </text> 
</TEI>
