<?xml version="1.0" encoding="UTF-8"?>
<TEI xmlns:xsi="http://www.w3.org/2001/XMLSchema-instance"
 xsi:schemaLocation="http://www.tei-c.org/ns/1.0 file:/T:/TEI-scheman%20(AM)/tei_brevschema.xsd"
 xmlns="http://www.tei-c.org/ns/1.0">
    <teiHeader> 
        <fileDesc> 
            <titleStmt> 
                <title>Br3294</title> 
                <respStmt> 
                    <resp>Ansvarig redaktör:</resp> 
                    <name></name> 
                </respStmt> 
            </titleStmt> 
            <publicationStmt> 
                <publisher>Zacharias Topelius Skrifter</publisher> 
            </publicationStmt> 
            <sourceDesc> 
                <p>Arkivsignum: se databas</p>
                <p>Avskrift</p>
            </sourceDesc> 
        </fileDesc> 
        <profileDesc> 
            <handNotes> 
                <handNote medium="black-ink"/> 
            </handNotes> 
        </profileDesc> 
    </teiHeader> 
    <text> 
        <body xml:space="preserve"><!-- – ” ’ æ ø ½ --><!-- &#x00A0; --> 
            <div type="letter"> 
                <opener><address>Herr <persName>E. Bojesen</persName>, <placeName>Kjöbenhavn</placeName></address><dateline><placeName>Villa Björkudden</placeName> 9 Sept. 1892</dateline></opener> 
                <p rend="noIndent">jag har nu mottagit Deres kort och bref, men varit bortrest på sommaren, så att jag ej förr kunnat sända mitt utlofvade bidrag till <title>Börnens Juleroser</title>. Jag sänder Dem nu en saga och hoppas, att den ännu hinner få en eller flera illustrationer, hvartill texten nog gifver anledning.</p>
                <p>Emedan mitt manuskript är på några ställen ändradt och kanske kan missförstås af danske sättare, beder jag Dem vänligen sända mig ett korrektur. Vill De öfversätta sagan till danska, har jag ingengting deremot.</p>
                <p>För öfrigt önskar jag, som förr, den bästa framgång åt Deras förträffliga <title>Juleroser</title>.</p>
                <p>Måtte <placeName>Kjöbenhavn</placeName> blifva förskonadt från Koleran! Här i <placeName>Finland</placeName> ha vi, oaktadt vår dagliga beröring med <placeName>Petersburg</placeName>, varit lyckliga nog att till dato undgå farsoten. I landsorten ha ett par resande från <placeName>Petersburg</placeName> insjuknat, men härtills ingen i <placeName>Helsingfors</placeName>.</p>
                <p><rs>Min dotter</rs> beder Dem undskylla att Deras clichéer dröjt, men hon skall återsända dem med Nidaros<!-- verkar vara en dansk ångbåt (trafikerade Hangö-Köpenhamn). MN --> ännu i höst.</p>
                <p>Med aktning och vänskap</p>
                <closer><salute>Deras</salute><signed>Z. Topelius</signed></closer> 
            </div> 
        </body> 
    </text> 
</TEI>
