<?xml version="1.0" encoding="UTF-8"?>
<TEI xmlns:xsi="http://www.w3.org/2001/XMLSchema-instance"
    xsi:schemaLocation="http://www.tei-c.org/ns/1.0 file:/T:/Brev%20(LM)/TEI-scheman/tei_brevschema.xsd"
    xmlns="http://www.tei-c.org/ns/1.0">
    <teiHeader> 
        <fileDesc> 
            <titleStmt> 
                <title>Br3243</title> 
                <respStmt> 
                    <resp>Ansvarig redaktör:</resp> 
                    <name></name> 
                </respStmt> 
            </titleStmt> 
            <publicationStmt> 
                <publisher>Zacharias Topelius Skrifter</publisher> 
            </publicationStmt> 
            <sourceDesc> 
                <p>Arkivsignum: se databas</p> 
            </sourceDesc> 
        </fileDesc> 
        <profileDesc> 
            <handNotes> 
                <handNote medium="black-ink"/> 
            </handNotes> 
        </profileDesc> 
    </teiHeader> 
    <text> 
        <body xml:space="preserve"><!-- – ” ’ æ ø ½ --><!-- &#x00A0; --> 
            <div type="letter"> 
                <opener><address><print><persName corresp="pe2420">Ernst Bojesens</persName> Kunstforlag <placeName corresp="pl3248">Købmagergade 44 D</placeName>.</print></address><dateline>23/11<!-- EV ändrat dateringen i databasen. kollar med CH innan döper om alla filer --> 92</dateline><address>Digteren Hr <persName corresp="pe614">Zacharias Topelius</persName></address></opener> 
                <p rend="noIndent">Med den hjerteligste Tak for ”<title corresp="tu1542">Rimtussen</title>” oversender jeg hermed et Exemplar af <title corresp="tw498" rend="underline">Barnens Julrosor</title>, samt i Postanvisning 100 Kroner. –</p>
                <p>I Haab om at denne første Aargang af en svensk Udgave af min lille Børnebog maa vinde Deres Bifald og at jeg en anden Gang kan haabe paa et Bidrag fra Deres Haand, ønsker jeg Dem en glædelig Jul.</p>
                <closer><salute>Deres ærbødigst hengivne</salute><signed>Ernst Bojesen</signed></closer> 
            </div> 
        </body> 
    </text> 
</TEI>
