<?xml version="1.0" encoding="UTF-8"?>
<TEI xmlns:xsi="http://www.w3.org/2001/XMLSchema-instance"
    xsi:schemaLocation="http://www.tei-c.org/ns/1.0 file:/T:/Brev%20(LM)/TEI-scheman/tei_brevschema.xsd"
    xmlns="http://www.tei-c.org/ns/1.0">
    <teiHeader> 
        <fileDesc> 
            <titleStmt> 
                <title>Br3244</title> 
                <respStmt> 
                    <resp>Ansvarig redaktör:</resp> 
                    <name></name> 
                </respStmt> 
            </titleStmt> 
            <publicationStmt> 
                <publisher>Zacharias Topelius Skrifter</publisher> 
            </publicationStmt> 
            <sourceDesc> 
                <p>Arkivsignum: se databas</p> 
            </sourceDesc> 
        </fileDesc> 
        <profileDesc> 
            <handNotes> 
                <handNote medium="black-ink"/> 
            </handNotes> 
        </profileDesc> 
    </teiHeader> 
    <text> 
        <body xml:space="preserve"><!-- – ” ’ æ ø ½ --><!-- &#x00A0; --> 
            <div type="letter"> 
                <opener><address><print><persName corresp="pe2420">Ernst Bojesens</persName> Kunstforlag. <placeName corresp="pl3248">Købmagergade 44 D</placeName>.</print></address><dateline>7/7 92</dateline><address>Digteren<lb/>Hr <persName corresp="pe614">Zacarias Topelius</persName></address></opener> 
                <p rend="noIndent">Jeg var lidt trist over slet ikke at have Deres saa skattede Pen med i <title corresp="tw497">Julerosen</title> sidste Aar og jeg sender Dem derfor disse Linier med Forespørgsel, om De ikke i Aar vil glæde mig med et lille Bidrag, der paa et eller andet Punkt tangerer Julen og dens Stemning. I Haab om et gunstigt Svar</p> 
                <closer><salute>forbliver jeg Deres<lb/>med Høiagtelse forbundne</salute><signed>Ernst Bojesen</signed></closer> 
            </div> 
        </body> 
    </text> 
</TEI>
