<?xml version="1.0" encoding="UTF-8"?>
<TEI xmlns:xsi="http://www.w3.org/2001/XMLSchema-instance"
    xsi:schemaLocation="http://www.tei-c.org/ns/1.0 file:/T:/Brev%20(LM)/TEI-scheman/tei_brevschema.xsd"
    xmlns="http://www.tei-c.org/ns/1.0">
    <teiHeader> 
        <fileDesc> 
            <titleStmt> 
                <title>Br3245</title> 
                <respStmt> 
                    <resp>Ansvarig redaktör:</resp> 
                    <name></name> 
                </respStmt> 
            </titleStmt> 
            <publicationStmt> 
                <publisher>Zacharias Topelius Skrifter</publisher> 
            </publicationStmt> 
            <sourceDesc> 
                <p>Arkivsignum: se databas</p> 
            </sourceDesc> 
        </fileDesc> 
        <profileDesc> 
            <handNotes> 
                <handNote medium="black-ink"/> 
            </handNotes> 
        </profileDesc> 
    </teiHeader> 
    <text> 
        <body xml:space="preserve"><!-- – ” ’ æ ø ½ --><!-- &#x00A0; --> 
            <div type="letter"> 
                <opener><address><print><persName corresp="pe2420">Ernst Bojesens</persName> Kunstforlag. <placeName corresp="pl3248">Købmagergade 44 D</placeName>.</print></address><dateline>26/8 92.</dateline><address>Digteren<lb/>Hr <persName corresp="pe614">Zacharias Topelius</persName></address></opener> 
                <p rend="noIndent">Tag mig ikke ilde op at jeg atter plager Dem, men da Tiden nu er saa langt fremrykket, er det mig <unclear reason="writing" resp="EV">om</unclear> at gjøre at faa Stoffe<unclear reason="writing" resp="EV">t</unclear> til ”<title corresp="tw497">Julrosor</title>” samlet til Illustrering og Tryk. Som De véd sætter jeg den allerstørste Pris paa at faa et Bidrag med fra Deres Haand, kan De derfor <hi rend="underline">paa nogen Maade</hi> gjøre det, vil det glæde mig overordentligt.</p> 
                <closer><salute>Deres med udmærket Høiagtelse<lb/>forbundne</salute><signed>Ernst Bojesen</signed></closer> 
            </div> 
        </body> 
    </text> 
</TEI>
