<?xml version="1.0" encoding="UTF-8"?>
<TEI xmlns:xsi="http://www.w3.org/2001/XMLSchema-instance"
    xsi:schemaLocation="http://www.tei-c.org/ns/1.0 file:/T:/Brev%20(LM)/TEI-scheman/tei_brevschema.xsd"
    xmlns="http://www.tei-c.org/ns/1.0">
    <teiHeader> 
        <fileDesc> 
            <titleStmt> 
                <title>Br3248</title> 
                <respStmt> 
                    <resp>Ansvarig redaktör:</resp> 
                    <name></name> 
                </respStmt> 
            </titleStmt> 
            <publicationStmt> 
                <publisher>Zacharias Topelius Skrifter</publisher> 
            </publicationStmt> 
            <sourceDesc> 
                <p>Arkivsignum: se databas</p> 
            </sourceDesc> 
        </fileDesc> 
        <profileDesc> 
            <handNotes> 
                <handNote medium="black-ink"/> 
            </handNotes> 
        </profileDesc> 
    </teiHeader> 
    <text> 
        <body xml:space="preserve"><!-- – ” ’ æ ø ½ --><!-- &#x00A0; --> 
            <div type="letter"> 
                <opener><address><print><persName corresp="pe2420">Ernst Bojesens</persName> Kunstforlag. <placeName corresp="pl3248">Kjøbmagergade 44 D</placeName>.</print></address><dateline>17/2 93</dateline><address>Digteren<lb/>Hr <persName corresp="pe614">Zacharias Topelius</persName></address></opener> 
                <p rend="noIndent">Jeg har i et fransk Værk fundet en lille Idé, som det vilde glæde mig om jeg kunde overføre paa <title corresp="tw497">Juleroser</title>.</p>
                <p>– De vil af vedlagte Blad se Idéen og enhver Forklaring bliver derved overflødig. – Nu er det min ærbødige Bøn til Dem, om De vil være saa elskværdig at udfylde det hoslagte Blad; – det vil glæde mig meget, at faa dette fornyede Vidnesbyrd paa den Interesse De altid har vist mit Forlag. –</p>
                <p>– Selvfølgelig bliver Spørgsmaalene trykte paa svensk i svensk-finsk Udgave.</p>
                <p>Jeg havde da den Glæde af min svenske<pb/> Udgave af ”<title corresp="tw498">Barnens Julrosor</title>”, at jeg kan komme igjen i 1893 og mér hav<supplied reason="binding" resp="EV">de</supplied> jeg ikke ventet af 1<hi rend="raised">ste</hi> Aargang. Vil De i Aar glæde mig med et Bidrag, behøve<supplied reason="binding" resp="EV">r</supplied> jeg næppe at sige at det skal være hjærteligt velkomment.</p>
                <p>Med Ønsket om et glædelig<supplied reason="binding" resp="EV">t</supplied><!-- EV något osäker på grammatiken här, så behöver kollas --><!--  skall vara "glædeligt", ATP--> Nytaar for Dem og Deres</p>
                <closer><salute>forbliver jeg Deres<lb/>ærbødigst hengivne</salute><signed>Ernst Bojesen</signed></closer> 
            </div> 
        </body> 
    </text> 
</TEI>
