<?xml version='1.0' encoding='UTF-8'?><?xml-stylesheet type="text/css" href="file:/T:/TEI-scheman%20(AM)/oxygen_css_author/tei_all.css"?><TEI xmlns:xsi="http://www.w3.org/2001/XMLSchema-instance" xmlns="http://www.tei-c.org/ns/1.0" xsi:schemaLocation="http://www.tei-c.org/ns/1.0 ../../../../../../../Desktop/TEI%20scheman/tei_brevschema.xsd">
    <teiHeader> 
        <fileDesc> 
            <titleStmt> 
                <title>Br3230</title> 
                <respStmt> 
                    <resp>Ansvarig redaktör:</resp> 
                    <name/> 
                </respStmt> 
            </titleStmt> 
            <publicationStmt> 
                <publisher>Zacharias Topelius Skrifter</publisher> 
            </publicationStmt> 
            <sourceDesc> 
                <p>Arkivsignum: se databas</p> 
            </sourceDesc> 
        </fileDesc> 
        <profileDesc> 
            <handNotes> 
                <handNote medium="black-ink"/> 
            </handNotes> 
        </profileDesc> 
    </teiHeader> 
    <text> 
        <body xml:space="preserve"><!-- – ” ’ æ ø ½ --><!-- &#x00A0; --> 
            <div type="letter"> 
                <opener><dateline><placeName corresp="pl2792">Örebro</placeName> d. 15 Maj 1871.</dateline><salute><anchor xml:id="start16416"/><foreign xml:lang="lat"><choice><abbr>S. H. T.</abbr><expan resp="ch">Sine Honoris Titulo</expan></choice></foreign><anchor xml:id="end16416"/></salute></opener> 
                <p rend="noIndent">Förlaget af Tit samlade skrifter skulle vara mig kärt, mycket kärt; och jag anser detta förlag af <anchor xml:id="start22001"/>ganska<anchor xml:id="end22001"/> högt värde äfven med afseende på den ekonomiska detaljen, på <anchor xml:id="start19300"/>afsättigheten<anchor xml:id="end19300"/>. I allmänhet äro förläggare, särdeles i länder fattiga på folk och penningar, svårt utsatta, emedan de aldrig<del>,</del> åtminstone ej utan personlig uppoffring, hvilken stundom är onödig – kunna honorera författare med uteslutande hänsyn på det värde de tillmäta ett arbetes innehåll, utan måste fästa stort afseende på den beräkneliga afsättligheten, på den större eller mindre publik som kan påräknas. Men, som sagdt, här anser jag en jemförelsevis betydlig afsättning sannolik; och om författare-honorariet också ej kan blifva sådant som förläggaren med skäl kunde önska, om det också alltid måste understiga hvad<pb/> förläggaren så gerna ville vara i tillfälle att erbjuda; så bör det dock kunna blifva någorlunda försvarligt, med afseende på förhandenvarande bokhandelsförhållanden.</p>
                <p>Men att göra ett ordentligt förslag, att formulera ett antagligt anbud, är icke möjligt innan man först känner dels huru mycket af redan tryckta arbeten i befintliga upplagor finnes qvar, dels ock hvad de hittils alldeles otryckta eller de ej i bokform utgifna kunna komma att omfatta till innehåll och arktal. Godt vore äfven att få höra åtminstone något ungefärligt förslag till det honorarium Förf. sjelf beräknat: ett förslag som jag, i fall det framställes, på intet sätt skulle missbruka.</p>
                <p>Utom <anchor xml:id="start16405"/>”<title corresp="tw163">Fältskärns berättelser</title>”, hvartill förlagsrätten är definitift bortlemnad<anchor xml:id="end16405"/>, återstår åtskilligt som Tit i sin förteckning ej nämnt: sålunda <anchor xml:id="start16406"/>”<title corresp="tw441">Läsning för barn</title>”<anchor xml:id="end16406"/>, ett par skolböcker, samt, i<pb/> fall Tit skulle så vilja, äfven <anchor id="pos1"/>en ordnad samling af de rese-bref hvilka, tid efter annan, varit i <title corresp="tw98">Helsingfors’ Tidn<hi rend="raised">r</hi>.</title> införda, om jag ej missminner mig under den gemensamma titeln <anchor xml:id="start16407"/>”Söder om Östersjön”<anchor xml:id="end16407"/>. <anchor xml:id="start16408"/><anchor id="pos1"/>Jag vill minnas att jag år 1862, vid ett sammanträffande hos <persName corresp="pe5230">Gustaf Widell</persName>, gjorde någon framställning härom<anchor xml:id="end16408"/>; och jag är säker att dessa resebref, då utgifna, skulle fått en stor publik; men äfven nu tror jag att de, ehuru nog sent utgifna, icke borde uteslutas ur en samling af Tit skrifter, och är säker att, om de äfven af en massa läsande skulle betraktas såsom en föråldrad resebeskrifning samt lemnas å sido, de dock fortfarande kunna påräkna en icke ringa samt en ganska taksam läsarekrets.</p>
                <p>Som sagdt – något direkt anbud vågar jag icke framställa; men jag vore tacksam om Tit, när något om Tit<pb/> samlade arbetens utgifning kan närmare bestämmas, finge påräkna ett meddelan<supplied reason="binding" resp="EV">de</supplied> för så vidt äldre aftal ej derigenom rubbas.</p>
                <p>Skulle Tit under sina blifvande sommarresor besöka <placeName corresp="pl332">Sverige</placeName>, vore angenämt om vi, här eller annorstädes, kunde sammanträffa någon dag. Efter hvad jag förmodar kommer Nordiska Fornminnes fören<supplied reason="binding" resp="EV">ingen</supplied> att i nästa Juni (omkring d. 19–22) hafva sitt årsmöte i <placeName corresp="pl2792">Örebro</placeName>. <anchor xml:id="start19301"/><anchor xml:id="start16409"/>Histori<unclear reason="writing" resp="ch">aruum<anchor xml:id="end19301"/></unclear> Professorn Z. Topelius vore dervid naturligtvis ganska välkommen<anchor xml:id="end16409"/> och torde kanske här sammanträffa med flera gamla bekanta, måhän<supplied reason="binding" resp="EV">da</supplied> äfven från grannländerna, ehuru man väl knappast vågar utfärda någon direkt inbjudning, emedan valet af mötesplats först i ellfte timmen och efter <placeName corresp="pl2185">Strengnäs</placeName> omöjlighet, blifvit bestämdt. Ett par ord härom vore välkomna.</p>
                <p>Slutligen ett hjertligt tack för brefvet.</p>
                <closer><salute>Högaktningsfullt</salute><signed>Abr. Bohlin.</signed></closer>
                <postscript><p rend="noIndent"><seg rend="place_leftMargin"><anchor xml:id="start16410"/>Stackars <persName corresp="pe2">Runeberg</persName>!<anchor xml:id="end16410"/> Måhända skulle ett sommarbesök i <placeName corresp="pl3135"><anchor xml:id="start16412"/>Vichy</placeName> samt ett vid <placeName corresp="pl3259">Loka</placeName><anchor xml:id="end16412"/>, i tid använda, ha återställt honom. Jag skref derom till</seg><seg rend="place_previousPage"> hans närmaste och meddelade mig äfven med Riksarkivarien <persName corresp="pe395">Nordström</persName>, hvilken gerna velat vara <persName corresp="pe2">R.</persName> följaktig på resan till utlandet. Nu är knappt hopp</seg><seg rend="place_previousPage"> att någonsin här i lifvet få se honom återstäld. Men på samma gång jag beklagar honom, tänker jag med glädje på hans lycka att fortlefva i sina barn, såväl skrifterna som mennisko-barnen.</seg> <seg rend="place_previousPage">Helsning till <persName corresp="pe203">J. W. Snellman</persName>, om han träffas!</seg></p></postscript>
            </div> 
        </body> 
    </text> 
</TEI>