<?xml version="1.0" encoding="UTF-8"?>
<TEI xmlns:xsi="http://www.w3.org/2001/XMLSchema-instance"
 xsi:schemaLocation="http://www.tei-c.org/ns/1.0 file:/T:/TEI-scheman%20(AM)/tei_brevschema.xsd"
 xmlns="http://www.tei-c.org/ns/1.0">
    <teiHeader> 
        <fileDesc> 
            <titleStmt> 
                <title>Br3295 avskrift</title> <!-- ej kollationerad (EV) -->
                <respStmt> 
                    <resp>Ansvarig redaktör:</resp> 
                    <name></name> 
                </respStmt> 
            </titleStmt> 
            <publicationStmt> 
                <publisher>Zacharias Topelius Skrifter</publisher> 
            </publicationStmt> 
            <sourceDesc> 
                <p>Arkivsignum: se databas</p>
                <p>Avskrift<!-- egenhändig? kolla! --></p>
                </sourceDesc> 
        </fileDesc> 
        <profileDesc> 
            <handNotes> 
                <handNote medium="black-ink"/> 
            </handNotes> 
        </profileDesc> 
    </teiHeader> 
    <text> 
        <body xml:space="preserve"><!-- – ” ’ æ ø ½ --><!-- &#x00A0; --> 
            <div type="letter">
                <opener><address>Herr <persName>Abrah. Bolin</persName>, <placeName>Örebro</placeName>.</address><dateline><placeName>Ekenäs</placeName> 17 Juni 1872.</dateline></opener> 
                <p rend="noIndent">Nyss utflugen till min sommarbostad i <placeName>Ekenäs skärgård</placeName>, öfverräknar jag gamla skulder och finner bland dem en icke förgäten, men länge försummad debet till Herr Bolin. Jag tager för afgjordt, att det exemplar af <persName>Franzéns</persName> <title>Valda Dikter</title>, två delar, som jag hade nöjet mottaga förliden höst, icke kan härstamma från annan hand, än förläggarens, och beder att sent omsider få sända min hjertliga tacksägelse för detta vänskapsbevis. Det var en lycklig tanke att upplifva <persName>Franzéns</persName> sekular-minne med detta urval af hans mest oförgängliga skaldestycken, och jag förmodar, att <placeName>Örebro</placeName>-upplagan får en stark spridning såväl i <placeName>Finland</placeName>, som <placeName>Sverige</placeName>.</p>
                <p>Det förslag, hvarom vi för ett år sedan skriftvexlade, har sedan icke vidare avancerat. <persName>Bonnier</persName> har visserligen gjort ett förslag att utgifva mina samlade arbeten, men mig fattas tid att göra det nödiga urvalet med dertill hörande retouchering. Detta är äfven orsaken, hvarför jag icke haft något vidare att derom meddela Herr Bolin.</p>
                <p>Fortfar emellertid att rikta den svenska literaturen med förläggandet af goda arbeten! Jag önskar Herr Bolin af hjertat helsa och framgång dertill, och att Herr Bolin må hafva den tillfredsställelsen att se sina verk.</p>
                <closer><salute>Med aktning och vänskap</salute><signed>Z. Topelius.</signed></closer>
                </div> 
        </body> 
    </text> 
</TEI>
