<?xml version='1.0' encoding='UTF-8'?><?xml-stylesheet type="text/css" href="file:/T:/TEI-scheman%20(AM)/oxygen_css_author/tei_all.css"?><TEI xmlns:xsi="http://www.w3.org/2001/XMLSchema-instance" xmlns="http://www.tei-c.org/ns/1.0" xsi:schemaLocation="http://www.tei-c.org/ns/1.0 file:/T:/Instruktioner,%20manualer,%20scheman/TEI-scheman%20(AM)/tei_brevschema.xsd">
    <teiHeader> 
        <fileDesc> 
            <titleStmt> 
                <title>Br3295</title> 
                <respStmt> 
                    <resp>Ansvarig redaktör:</resp> 
                    <name/> 
                </respStmt> 
            </titleStmt> 
            <publicationStmt> 
                <publisher>Zacharias Topelius Skrifter</publisher> 
            </publicationStmt> 
            <sourceDesc> 
                <p>Arkivsignum: se databas</p>
                
                </sourceDesc> 
        </fileDesc> 
        <profileDesc>
            <handNotes>
                <handNote medium="black-ink"/>
            </handNotes> 
        </profileDesc>
    </teiHeader>
    <text>
        <body xml:space="preserve"><!-- – ” ’ æ ø ½ --><!-- &#x00A0; --> 
            <div type="letter">
                <opener><address>Herr <persName corresp="pe3670">Abrah. Bolin</persName>, <placeName corresp="pl2792">Örebro</placeName>.</address><dateline><placeName corresp="pl82"><anchor xml:id="start21525"/>Ekenäs</placeName> 17 Juni 1872.<anchor xml:id="end21525"/></dateline></opener> 
                <p rend="noIndent">Nyss utflugen till min sommarbostad i <placeName corresp="pl4669">Ekenäs skärgård</placeName>, öfverräknar jag gamla skulder och finner bland dem en icke förgäten, men länge försummad debet till Herr Bolin. Jag tager för afgjordt, att det exemplar af <persName corresp="pe341"><anchor xml:id="start16414"/>Franzéns</persName> <title corresp="tw613">Valda Dikter</title>, två delar<anchor xml:id="end16414"/>, som jag hade nöjet mottaga förliden höst, icke kan härstamma från<pb/> annan hand, än förläggaren<supplied reason="binding" resp="ch">s,</supplied> och beder att sent omsider få sända min hjertliga tacksägelse för detta vänskapsbevis. Det var en lycklig tanke att upplifva <persName corresp="pe341">Franzéns</persName> <add><anchor xml:id="start19490"/>sekular-</add>minne<anchor xml:id="end19490"/> med detta urval af hans mest oförgängliga skaldestycken, och jag förmodar, att <placeName corresp="pl2792">Örebro</placeName>-upplagan får en stark spridning såväl i <placeName corresp="pl62">Finland</placeName>, som <placeName corresp="pl332">Sverige</placeName>.</p>
                <p>Det förslag, hvarom vi för ett år sedan skriftvexlade, har sedan icke vidare avancerat. <persName corresp="pe506">Bonnier</persName> har visserligen gjort ett förslag att utgifva mina samlade arbeten, men mig<pb/> fattas tid att göra det nödiga urvalet med dertill hörande retouchering. Detta är äfven orsaken, hvarför jag icke haft något vidare att derom meddela Herr Bolin.</p>
                <p>Fortfar emellertid att rikta den svenska literaturen med förläggandet af goda arbeten! Jag önskar Herr Bolin af hjertat helsa och framgång dertill, och <anchor xml:id="start16415"/>att Herr Bolin må hafva den tillfredsställelsen att se sina verk<anchor xml:id="end16415"/>.</p>
                <closer><salute>Med aktning och vänskap</salute><signed>Z. Topelius.</signed></closer>
                </div> 
        </body> 
    </text> 
</TEI>