<?xml version="1.0" encoding="UTF-8"?>
<TEI xmlns:xsi="http://www.w3.org/2001/XMLSchema-instance"
 xsi:schemaLocation="http://www.tei-c.org/ns/1.0 file:/T:/TEI-scheman%20(AM)/tei_brevschema.xsd"
 xmlns="http://www.tei-c.org/ns/1.0">
    <teiHeader> 
        <fileDesc> 
            <titleStmt> 
                <title>Br3295 koncept</title> 
                <respStmt> 
                    <resp>Ansvarig redaktör:</resp> 
                    <name></name> 
                </respStmt> 
            </titleStmt> 
            <publicationStmt> 
                <publisher>Zacharias Topelius Skrifter</publisher> 
            </publicationStmt> 
            <sourceDesc> 
                <p>Arkivsignum: se databas</p>
                <p>Koncept</p>
                </sourceDesc> 
        </fileDesc> 
        <profileDesc> 
            <handNotes> 
                <handNote medium="black-ink"/> 
            </handNotes> 
        </profileDesc> 
    </teiHeader> 
    <text> 
        <body xml:space="preserve"><!-- – ” ’ æ ø ½ --><!-- &#x00A0; --> 
            <div type="letter">                
                <opener><address>Herr <persName>Abrah. Bolin</persName>, <placeName>Örebro</placeName>.</address><dateline><placeName>Ekenäs</placeName> Juni 1872.</dateline></opener>
                <p>Nyss utflugen till min sommarbostad i <placeName>Ekenäs skärgård</placeName>, öfverräknar jag gamla skulder och finner bland dem en icke förgäten, men länge försummad debet till herr Bolin. Jag tager för afgjordt, att det exemplar af <persName>Franzéns</persName> <title>Valda dikter</title>, 2 delar, hvilket jag hade nöjet mottaga redan förliden höst, icke kan härstamma från annan hand, än förläggarens, och beder att nu, sent omsider, få sända min hjertliga tacksägelse för<pb/> för detta vänskapsbevis. Det var en lycklig tanke att upplifva <persName>Franzéns</persName> sekularminne genom detta urval af hans mest oförgängliga arbeten, så mycket mer, som den förra kompletta upplagan blef flertalet af läsare för dyr. Jag har anledning förmoda, att <placeName>Örebro</placeName> upplagan får en stark spridning, såväl i <placeName>Finland</placeName>, som <placeName>Sverige</placeName>, och har hört mången fägna sig åt denna acqvisition.</p>
	<p>Det förslag, hvarom jag för något år sedan utbytte bref med Herr Bolin, har sedan denna tid icke vidare avancerat. <persName>Bonnier</persName> har erbjudit sig att under 6 års tid utgifva mina samlade arbeten i 22 vo-<pb/></p><!-- resten saknas, endast första hälften (2 sidor) av lägget bevarat. MN -->
            </div> 
        </body> 
    </text> 
</TEI>
