<?xml version='1.0' encoding='UTF-8'?><TEI xmlns:xsi="http://www.w3.org/2001/XMLSchema-instance" xmlns="http://www.tei-c.org/ns/1.0" xsi:schemaLocation="http://www.tei-c.org/ns/1.0 file:/T:/Instruktioner,%20manualer,%20scheman/TEI-scheman%20(AM)/tei_brevschema.xsd">
  <teiHeader>
    <fileDesc>
      <titleStmt>
        <title>Br1653</title>
        <respStmt>
          <resp>Ansvarig redaktör:</resp>
          <name>Laura Mattsson</name>
        </respStmt>
      </titleStmt>
      <publicationStmt>
        <publisher>Zacharias Topelius Skrifter</publisher>
      </publicationStmt>
      <sourceDesc>
        <p>Arkivsignum: se databas</p>
      </sourceDesc>
    </fileDesc>
    <profileDesc>
      <handNotes>
        <handNote medium="black-ink"/>
      </handNotes>
    </profileDesc>
  </teiHeader>
  <text>
    <body xml:space="preserve">
      <!-- – ” ’ æ ½ -->
      <div type="letter">
        <opener>
          <dateline>3. Jan 1862.</dateline>
          <salute>Älskade kära <persName corresp="pe614">Zache</persName> och <persName corresp="pe10">Emelie</persName>!</salute>
        </opener>
        <p rend="noIndent">Jag har blott en tanke och en fråga lefver vår älskade <persName corresp="pe272">Toini</persName>? Jag tror att hon gått i från oss. så har det före kommit mig alt sen första brefvet om deras sjukdom, att <persName corresp="pe272">Toini</persName> skulle dö. olyckligt att de ej kan sköta halsröta i <placeName corresp="pl399">Helsingfors</placeName>. voj voj tocken jul ni haft, det ligger så tungt på mig. stackars föräldrar hvad ni ha lidit. i bland har det skymtat ett litet hopp för mig men nu efter brefvet i dag så är det för bi. Gud tröste er. med längtan och oro väntade jag postillon i dag, men när han kom bara med tidningar blef jag förskrä<unclear reason="endline" resp="MD">ckt</unclear> att brefvet skickats till nån annan jag lät genast gå till <persName corresp="pe653">Lybecks</persName>. brefvet ficks, men min farhåga blef blott vissare. det älskade barnet har Gud vist tagit i från oss till en bättre jul. jag borde ej sörja där öfver som snart går efter, utan blott tänka på att kunna komma där hon är. men för er skull sörjer jag vår älskling.<pb/> skulle hon ännu lefva, det törs jag ej ens aflägset tänka. om mina tankar i bland genom bestyr eller andras prat, för en stund vändes på andra föremål, så kommer tanken på er som en blixt liksom jag glömt bort en vigtig sak, och jag håller med envishet fast den.</p>
        <p>Julen i <placeName corresp="pl1142">Larsmo</placeName> var glad och treflig huru litet man kan förutse hvad närmaste dagar för med sig. vi kom hem om lördag, det stormade alla dagar så för skräckligt att jag var rädd att vara bort hem i från för elden. också hade de ej tordes elda så att här var så kallt och otrefligt då vi kom hem. då fick vi den glada notisen om <persName corresp="pe320">Augustas</persName> nedkomst, och rask är hon som vanligt fick mit bud idag till svar. men <persName corresp="pe10">Emelie</persName> <foreign xml:lang="fin"><anchor xml:id="start27052"/>rukka<anchor xml:id="end27052"/></foreign> hur är det med dig hur kan du bära alt detta? Gud ger och Gud tar åter sitt lån alt efter sitt goda behag, och till vår nytta om vi tror på hans ord och löften<pb/> Men vi svaga stackare tycker oss ochså veta hvad oss nyttigt är, men hvad oss är kärt det veta vi åtminstone. Jag vet ej om jag har nån längtan efter nästa post då jag intet hopp har om annat än hvad jag ren tror. hur skall ni ackta <persName corresp="pe11">Aina</persName> och <persName corresp="pe274">Rosa</persName>. men jag ber er att om de det aldra minsta känner i halsen så låt gurgla med lapis och bränn, <persName corresp="pe2086">Fontell</persName> han låter nu ifrigt <anchor xml:id="start27056"/>bränna<anchor xml:id="end27056"/> sen han en så lång tid gått på med <anchor xml:id="start27053"/>Chlorkali<anchor xml:id="end27053"/> månne ej det är vådligt att låta flickorna bo i det rum där <rs corresp="pe535">han</rs> dog. månne <persName corresp="pe13">Eva</persName> och <persName corresp="pe272">Toini</persName> kunnat så på samma gång för kyla sig att de ej hade nån smitta i faggorna intet tror jag mycket på <persName corresp="pe6981">Sophies</persName> försigtighet när hon ej är under upsigt. så mycket har jag i acktagit kanske nån badat i samma kar förut och det ej blifvit ursköljdt bra, eller månne de hand hafvit några saker eller kläder som den döda <persName corresp="pe535">Oscar</persName> begagnat. <persName corresp="pe13">Eva</persName> hon kan väl göra reda för det gick till med badet om de sen stannade<pb/> i prat med någon att de hant bli kalla något fick de på en gång förkylning eller smitta. nu kan det vara det samma, men huru ackta de andra dett är ett stort bekymmer för er. ha nu bara <anchor xml:id="start27055"/>lapis lösning<anchor xml:id="end27055"/> till gurgling hem att de natt eller d<subst>ag</subst> kan gurgla om nån känner det minsta. intet kan jag skrifva om något annat för denna gång. Jo en hjertlig tack till min kära pia <persName corresp="pe11">Aina</persName> för Jul klappen, Gud bevare dig mit barn, för den svåra sjukdomen och alt annat ondt i verlden. Jag borde väl och önska er godt nytt år, men det gör jag alla dagar och alla tider, och nu i synnerhet då ni jemt är i min håg. nyårsdagen åt vi middag hos <persName corresp="pe658">Dyhrns</persName> men jag var mer hos er, och kom ständigt i håg <anchor xml:id="start27057"/>det nionde sjukdoms dygnet<anchor xml:id="end27057"/>. Gud uppe hålle och styrke er mina älskade barn stora och små <persName corresp="pe10">Emelie</persName> var rädd om din hälsa du skall lefva för alla dina kära som behöfver din om vårdnad. skulle mot alt menskligt förutseende vår lilla älskling ännu andas så säg henne att Farmor gamla ögon fäller tårar och tror att hon <hi rend="underline">gått i från oss.</hi></p>
        <postscript>
          <p rend="place_previousPage_leftMargin"><!--skrivet i vänstra marginalen på sid. 1-->en så hjertelig hälsning till <persName corresp="pe13">Eva</persName> och <persName corresp="pe274">Rosa</persName> från Farmor.</p>
        </postscript>
      </div>
    </body>
  </text>
</TEI>