<?xml version='1.0' encoding='UTF-8'?><TEI xmlns:xsi="http://www.w3.org/2001/XMLSchema-instance" xmlns="http://www.tei-c.org/ns/1.0" xsi:schemaLocation="http://www.tei-c.org/ns/1.0 file:/T:/Instruktioner,%20manualer,%20scheman/TEI-scheman%20(AM)/tei_brevschema.xsd">
  <teiHeader>
    <fileDesc>
      <titleStmt>
        <title>Br1670</title>
        <respStmt>
          <resp>Ansvarig redaktör:</resp>
          <name>Laura Mattsson</name>
        </respStmt>
      </titleStmt>
      <publicationStmt>
        <publisher>Zacharias Topelius Skrifter</publisher>
      </publicationStmt>
      <sourceDesc>
        <p>Arkivsignum: se databas</p>
      </sourceDesc>
    </fileDesc>
    <profileDesc>
      <handNotes>
        <handNote medium="black-ink"/>
      </handNotes>
    </profileDesc>
  </teiHeader>
  <text>
    <body xml:space="preserve">
      <!-- – ” ’ æ ½ -->
      <div type="letter">
        <opener>
          <dateline><placeName corresp="pl963">Kuddnäs</placeName> 11. Maj 1868.</dateline>
          <salute>Käraste <persName corresp="pe614">Zache</persName> och <persName corresp="pe10">Emelie</persName></salute>
        </opener>
        <p rend="noIndent">Oaktat er brådska och bekymmer, så kan jag ej låta bli att uptaga er tid på några ögonblick jag vill så gärna säga er hur svårt dett var att höra att den <anchor xml:id="start32654"/>stilla goda <persName corresp="pe875">Anna</persName> så hastigt gick bort<anchor xml:id="end32654"/> de sina stackars <persName corresp="pe319">Thilda</persName> som ej hant fram medan hon lefde jag tyckte dett var så oförmodat som man ej alls vetat af hennes sjukdom. hälsa <persName corresp="pe319">Thilda</persName> så hjertligt från mig och <persName corresp="pe323">Fanny</persName>, vi deltaga så mycket i hennes sorg. stackars <anchor xml:id="start32655"/>mor som förut mistat så många<anchor xml:id="end32655"/> nu är ni väl på resande fot kanske detta ej hinner er. Jag ber er om ni kommer i närheten där <persName corresp="pe29">Emelie Turdin</persName> bor så besök henne och hälsa henne åtminstone genom <persName corresp="pe2045">Emil</persName>. <persName corresp="pe521">Gustaf</persName> är <anchor xml:id="start32652"/>alt<anchor xml:id="end32652"/> vice Länsman i <placeName corresp="pl539">Ilmola</placeName></p>
        <pb/>
        <p>I dag var dett bud här att <persName corresp="pe6944">Fru Hejkell</persName> mistat sin snälla gosse <persName corresp="pe6943">Emil</persName> dett var och nog sorg. alt söker de efter den drunknade<!--JG ändrade drunkna till drunknade --> <persName corresp="pe2255">Leonard Kullman</persName> och hans två roddare, deras efecter har de hittat samt nät och annat <rs corresp="pe2059">Gubben</rs> skall vara så bedröfvad Skall ni nu hinna till den 18. på väg kära <persName corresp="pe10">Emelie</persName> hvad du har fullt opp af bekymmer. jag tänker stundeligen på er. <anchor xml:id="start32660"/>komitén<anchor xml:id="end32660"/> må väl ej sitta hos er vill jag hoppas.</p>
        <p>barnen kommer väl nu i sällskap med <persName corresp="pe319">Thilda</persName>. de är så kärkomna de barnen Gud låte dem nu komma lycklig<unclear reason="endline" resp="MD">t</unclear> voj voj så mång sorters bestyr du har kära <persName corresp="pe10">Emelie</persName> hur skall du hinna med alt. och dett ögon blick sen då du skall träffa din djupt bedröfvad syster. Ja jag beklagar er kära barn. Guds mening är ej vår mening.<pb/> Och så skall jag ej säga mer än att du käraste <persName corresp="pe10">Emelie</persName> noga ser till dig sjelf och mot all vana klär på dig i synnerhet om qvällarna både på sjö och land. laga så att du drar nytta för din hälsa af resan, och mana äfven gubben till försigtighet. håll noga öga på honom att han lyder nu med följer <persName corresp="pe658">Dyhrns</persName> 3. <choice><abbr>m.</abbr><expan resp="EK">mark</expan></choice> till <persName corresp="pe561">Berndt</persName> han trodde sjelf att han glömt lägga in den. Herren Jesus ledsager och bevare på er resa så går den nog bra. vist önskar jag att få lefva och än en gång få omfamna er dock som Gud vill. Tänk på mig i edra böner kära barn. Gud välsigne och bevare er önskar och ber så innerligt er</p>
        <closer>
          <signed>
            <hi rend="underline">mamma</hi>
          </signed>
        </closer>
      </div>
    </body>
  </text>
</TEI>