<?xml version='1.0' encoding='UTF-8'?><TEI xmlns:xsi="http://www.w3.org/2001/XMLSchema-instance" xmlns="http://www.tei-c.org/ns/1.0" xsi:schemaLocation="http://www.tei-c.org/ns/1.0 file:/T:/Instruktioner,%20manualer,%20scheman/TEI-scheman%20(AM)/tei_brevschema.xsd">
  <teiHeader>
    <fileDesc>
      <titleStmt>
        <title>Br1652</title>
        <respStmt>
          <resp>Ansvarig redaktör:</resp>
          <name>Laura Mattsson</name>
        </respStmt>
      </titleStmt>
      <publicationStmt>
        <publisher>Zacharias Topelius Skrifter</publisher>
      </publicationStmt>
      <sourceDesc>
        <p>Arkivsignum: se databas</p>
      </sourceDesc>
    </fileDesc>
    <profileDesc>
      <handNotes>
        <handNote medium="black-ink"/>
      </handNotes>
    </profileDesc>
  </teiHeader>
  <text>
    <body xml:space="preserve">
      <!-- – ” ’ æ ½ -->
      <div type="letter">
        <opener>
          <dateline>d. 30. Sept.</dateline>
          <salute>Goda <persName corresp="pe10">Emelie</persName>!</salute>
        </opener>
        <p rend="noIndent">Tack för dina bref det sednare med <persName corresp="pe2143">Fru Berger</persName> som var så nöjd med sin resa och mådde så bra efter den, och äfven därefter. hon kom hem tisdagen, och om onsdag ren var hon här med hälsningar så artig var hon. boken och spetsarna fick vi också, men kunde du få åt mig <anchor xml:id="start26854"/>2.½ aln<anchor xml:id="end26854"/> spets till af samma sort vore bra de<del>tt</del> räcker ej kring ett täcke på vår stora säng och har du ej köpt kattun så köp häldre <anchor xml:id="start26853"/>½ ℔<anchor xml:id="end26853"/><!--skålpund--> thé åt mig ty bara strunt får man här nu sen <persName corresp="pe37">Dyhrns</persName> är slut. det kommer väl nångång hit intet är det bråttom. Nu går <persName corresp="pe323">Fanny</persName> till <persName corresp="pe653">Lybecks</persName> så att i morgonbitti skrifver jag om dem som eljest skulle kommit till först <persName corresp="pe599">Nannis</persName> bättring går raskt.</p>
        <p>var nu försigtig med era små och skrif litet mer om dem, hur <persName corresp="pe274">Rosa</persName> förkofrar sig och om hon får mat af <persName corresp="pe6981">Sophie</persName> ännu. var nu mån om <persName corresp="pe11">Ainas</persName> ben när det blir kallt ty hennes hufvud tål ej kyla om benen. Ser du jag har så god tid att tänka på alt<pb/> och då dröjer tankarna mäst på dem och det som är mig kärast och det är barnen stora och små i bland kan väl mina funderingar före falla er litet <anchor xml:id="start26855"/>pj<subst>os</subst>kiga<anchor xml:id="end26855"/> men det betyder ingenting det ger er anledning att tänka därpå? i dag har vi ett utmärkt vackert väder efter nattens rimfrost. våra potäter har vi nu uptagna få se om de skall börja rutna ännu är ingen anledning att tro det. våra vänner <persName corresp="pe28"><anchor xml:id="start26856"/>Moster Nena</persName> och <persName corresp="pe2085">Louise</persName> tänka ej ännu på flyttning<anchor xml:id="end26856"/> så snart de har ej färdigt och roligt är det så länge de bo qvar, och längre fram tänker jag nu ej tills vidare.</p>
        <p><persName corresp="pe2130">Höckert</persName> har hyrt hos <persName corresp="pe2071">Bentzelstjernas</persName> och som han troligen blir Borgmästare så är ingen förhoppning åt det hållet det blef fort öfverflöd på rum i vår stad Jag har i dag tagit mig före att skrifva till <placeName corresp="pl2464">Uleåborg</placeName> afgick nyss ett bref, och ett ligger färdigt till <placeName corresp="pl739">Kaskö</placeName> och detta fortsättes i morgon. Moster är till middag hos <persName corresp="pe653">Lybecks</persName> i dag och <persName corresp="pe658">Dyhrns</persName> är rest till <placeName corresp="pl269">GCarleby</placeName>. <persName corresp="pe2085">Louise</persName> kom just inn få se hur det går med <persName corresp="pe323">Fannys</persName> gång till <persName corresp="pe653">Lybecks</persName> den torde torka inn.</p>
        <pb/>
        <p>och <persName corresp="pe614">Zache</persName> ett <anchor xml:id="start38608"/>ofördat<anchor xml:id="end38608"/> nöje skänkte du mig med sednaste posten tack för det min son. du skrifver om brådska när har du ej de<subst><del>tt</del><add>n</add></subst>? <anchor xml:id="start26857"/>låt nu bara bli att alt för mycket befatta dig med theatern den liksom plågar mig på afstånd, det blir en dyr pjes för dig<anchor xml:id="end26857"/> tänk om den ej tar sig bra ut till på köpet, skänker du den så att du sen ej har nån rättighet till den? och skänker <persName corresp="pe130">Pacius</persName> musiken? – hvad det nu vore roligt igen att fråga och få muntligt svar.</p>
        <p>Du säger att tjäran kostar 9. <choice><abbr>rub.</abbr><expan resp="EK">rubel</expan></choice> hur kan den vara så Dyhr när ångbåtar går hit vist ger de 4. <choice><abbr>rub</abbr><expan resp="EK">rubel</expan></choice> åt bonden nog sålde de den väl för 5. här. i år tror jag köpmännen får skära guld med sina fartyg, skada att våra ha så få.</p>
        <p>Måndag. <persName corresp="pe323">Fanny</persName> var i aftse till <persName corresp="pe653">Lybecks</persName>, den stackars <persName corresp="pe320">Augusta</persName> har händerna fulla nu har hon alla fyra sjuka, den lilla i tandfeber med svår hosta <persName corresp="pe599">Nanne</persName> lär nu vara raskast och intet lär det heller vara lifsfarligt med flickorna men de är sjuka och då vet man hvad mamma lider. men <persName corresp="pe320">Augusta</persName> är beundransvärd med sitt stilla och till utseendet lugna väsende fast det nog käns svårt under den stilla ytan. <persName corresp="pe659">Stina</persName> gick nu dit<pb/> för att höra hur det är i dag. det är lyckligt att de är så nöjda med Doctorn. <anchor xml:id="start26858"/>Det lär väl ej bli något af <persName corresp="pe475">Grefve Bergs</persName> afsked<anchor xml:id="end26858"/> <title corresp="tw836">Papp.l.</title> skäller alt smått i förtäckta ord nästan hvar post <anchor xml:id="start26859"/>det är nog att de ej hutar åt den.<anchor xml:id="end26859"/> det lider till slut för mig med tidn. när <persName corresp="pe2085">Louise</persName> flyttar, jag har ej del i de finska, och ej heller tänker jag ta för nästa år, utan nöja mig med <title corresp="tw98">Helsingforsarn</title> om jag bara får den. hur har du nu kära <persName corresp="pe10">Emelie</persName> beslutit skall du ha <persName corresp="pe6981">Sophie</persName> med barnen för nästa år, eller <persName corresp="pe516">Fina</persName>? <persName corresp="pe323">Fanny</persName> ber om sin hälsning till samteliga hon saknar er så mycket hon tackar för skickningarna, och ber <persName corresp="pe10">Emelie</persName> vara så god och vid tillfälle skicka mera broder garn hon lär varit bort skyldig hvad hon fick. Jag lär väl få lof att skicka af brefvet <persName corresp="pe659">Stina</persName> hörs ej af, troligen är det väl lika som i aftse med de sjuka eljest skulle hon nog skyndat hem. och då har jag ej vidare än att i tankarna hjertligt omfamna er allesammans och önsken Guds frid.</p>
      </div>
    </body>
  </text>
</TEI>