<?xml version='1.0' encoding='UTF-8'?><TEI xmlns:xsi="http://www.w3.org/2001/XMLSchema-instance" xmlns="http://www.tei-c.org/ns/1.0" xsi:schemaLocation="http://www.tei-c.org/ns/1.0 file:/T:/Instruktioner,%20manualer,%20scheman/TEI-scheman%20(AM)/tei_brevschema.xsd">
  <teiHeader>
    <fileDesc>
      <titleStmt>
        <title>Br1667</title>
        <respStmt>
          <resp>Ansvarig redaktör:</resp>
          <name>Laura Mattsson</name>
        </respStmt>
      </titleStmt>
      <publicationStmt>
        <publisher>Zacharias Topelius Skrifter</publisher>
      </publicationStmt>
      <sourceDesc>
        <p>Arkivsignum: se databas</p>
      </sourceDesc>
    </fileDesc>
    <profileDesc>
      <handNotes>
        <handNote id="CST" medium="black-ink">Catharina Sofia Topelius</handNote>
        <handNote id="FMT" medium="black-ink">Fanny Magdalena Toppelius</handNote>
      </handNotes>
    </profileDesc>
  </teiHeader>
  <text>
    <body xml:space="preserve">
      <!-- – ” ’ æ ½ -->
      <div type="letter">
        <opener>
          <handShift new="#CST"/>
          <dateline>27. Mars.</dateline>
          <salute>Kära sonen min!</salute>
        </opener>
        <p rend="noIndent">Ännu vill jag skicka dig några rader till <placeName corresp="pl2735">Åbo</placeName>, nog vet jag att de hinner dig där, i fall ej föret bevekt <rs corresp="pe549">bispen</rs> att låte er fara. tack kära barn för ditt sista bref med dess innehåll, så behöfligt och bra dett är att få, så skulle jag ännu häldre ge än ta af dig. Utgifterna går på som bäst. fogden är här. 66. mark har jag ändå fast intet för hemmanet, men branstod 55. <choice><abbr>m.</abbr><expan resp="EK">mark</expan></choice> <choice><abbr>beviln.</abbr><expan resp="EK">bevilning</expan></choice> 8. <anchor xml:id="start32033"/><choice><abbr>mantalsp.</abbr><expan resp="EK">mantalspengar</expan></choice><anchor xml:id="end32033"/> egna, <persName corresp="pe6189" correspUncert="Y">Jacobs</persName> talar jag ej om jag lämnar den så länge. <persName corresp="pe659">Stinas</persName> begrafning och öfriga utgifter kostade 100 mark. en del <anchor xml:id="start7655"/>likvist<anchor xml:id="end7655"/> obetalt ännu. jag tycker att dett är onödigt att skänka dett åt arvingarna, då jag har sjelf så knapt. jag har tänkt <anchor xml:id="start7657"/>proponera<anchor xml:id="end7657"/> att de skulle betala mig de 100 <choice><abbr>m.</abbr><expan resp="EK">mark</expan></choice> och stugan till arf efter <persName corresp="pe659">Stina</persName>, och resten skulle de få taga.<pb/> eller hvad tycker du skall jag låta dem ta stugan med för att flyttas bort? men pengarna behöfver jag och onödigt att ännu skänka dem då jag kunnat ta altsammans. tisdags kokade vi <anchor xml:id="start32037"/>fyra hundra kannor<anchor xml:id="end32037"/> soppa som hade en strykande åtgång fast dett kokas i alla byar här om kring alla dagar och särskilt för stads bona. till hvar portion lades en bit kött och några potatis 1. Maj kommer min nästa tur. nog bjuder våra stad bor att hjelpa efter fter förmåga fattig herbergen är vist bra, men där friska och sjuka skall bo till sammans, och redan dett att en hop menniskjor, vanligt vis osnygga skall sofva i ett rum huru osundt skall dett ej vara i en sådan far sots tid som nu nog froddas sjukdomen där.<pb/> och jag tänker med fasa på hur många skendöda som släpas ut bara de se liflösa ut kanske blott en svimning bättre då att de får söka sig friskare nattqvarter. bland de fattigaste här är <persName corresp="pe6961">murmästar Daniel</persName> på <placeName corresp="pl3170">frillas</placeName> där <persName corresp="pe451">Eser</persName> låter dem bo, 9. personer, nog har de ätit halm hela vintern men nu kan de ej skaffa sig en smula mjöl till blanda. i bland flere dagar har de ej annat fattig soppa för tre eller fyra personer och de är 9. brist på arbete vållar sådant nu far alla yngre och äldre karlar söderut, en stor del till <placeName corresp="pl961">Kronstad</placeName> men många utan vidare än där arbete kan fås, <anchor xml:id="start32040"/>jernvägen främst.<anchor xml:id="end32040"/> men familjerna de lämna här att för sörja sig sjelf så godt de kan. de går och säljer sina kläder och sängkläder för att få skjutspengar åt männerna som skall fara bort. Gubben <persName corresp="pe9175" correspUncert="Y">Daniel</persName> från <placeName corresp="pl2762">Åminne</placeName> är i <placeName corresp="pl399">Helsingfors</placeName> och fick genast arbete så att han ren skickat hem litet pengar. posten lär knapt komma idag. föret är dåligt fast dett fins snö ymnigt men det går i genom.<pb/> dett skall vara isfritt i hafvet alt till båken, således att förmoda tidig seglation <persName corresp="pe2044">Fru Grönholm</persName> väntas dessa dagar för att afhämta sin <rs corresp="pe2251">man</rs> som nu är så bra att han går i rummen och åker ut. men Gubben stackare är blind och minnes lös i många fall, men likvist redig. i från <persName corresp="pe5634">Schalins</persName> har jag ej hört något sen de for här i från de blir nu snart instängd på sin ö. Jag skref till dem det du skref om <persName corresp="pe556">Zache</persName> och <anchor xml:id="start32041"/>salmererna<anchor xml:id="end32041"/>. Du opserverade väl de salmer som stått i <title corresp="tw1603">Kyrkligt vecko blad</title>, dugde ej de att taga? Nå hur skall du komma hem intet lär dett bli på släda. har du hört att <persName corresp="pe2252"><anchor xml:id="start32054"/>Svedberg</persName> har skrifvit till consistorium och bett att predika för sokneadjunks tjensten här och dett har kommit till Pastors utlåtan där om, men våra prester skall ha svarat att dett behöfs ej nog bärgar de sig. <persName corresp="pe6951">Semelius</persName> sköter sokne adj. tjensten hvad predikningar vidkommer och annat när han är på stället. <persName corresp="pe6959">Caldén</persName> predikar för kaplan,<anchor xml:id="end32054"/> men alt annat skall gubben <persName corresp="pe2059">Kullman</persName> hinna med. <persName corresp="pe2252">Svedbergs</persName> plan skall vara <seg rend="place_leftMargin"><!--brevet fortsätter i vänstra marginalen på sid. 4-->att nu först börja predika och sen söka dispens och bli prest. sin skola lär han numera sköta illa.</seg> <seg rend="place_previousPage_leftMargin"><!--brevet fortsätter i vänstra marginalen på sid. 3-->Gud vare med dig kära barn Gud hjelpe dig lyckligt hem, och att du må finna alla våra kära vid hälsan</seg> <seg rend="place_previousPage_leftMargin"><!--brevet fortsätter i vänstra marginalen på sid. 2-->I går var <persName corresp="pe320">Augusta</persName> och <persName corresp="pe119">Lotta</persName> här <rs corresp="pe50">gubben</rs> är piggare. få se om <persName corresp="pe875">Anna Häggström</persName> kan komma med släda.</seg> <seg rend="place_previousPage_leftMargin"><!--brevet fortsätter i vänstra marginalen på sid. 1-->dett ber jag om, att detta bref jemte öfriga må brännas opp genast och ej sparas hem. <persName corresp="pe323">Fanny</persName> hälsar.</seg> <seg rend="place_previousPage_topMargin"><!--brevet fortsätter i övre kanten av sid. 1--><handShift new="#FMT"/>ville Farbror skicka mig litet blomfrö för trädgårdens behof, vore jag mycket tacksam här finnes icke ett frökorn af gammalt.</seg></p>
      </div>
    </body>
  </text>
</TEI>