<?xml version='1.0' encoding='UTF-8'?><TEI xmlns:xsi="http://www.w3.org/2001/XMLSchema-instance" xmlns="http://www.tei-c.org/ns/1.0" xsi:schemaLocation="http://www.tei-c.org/ns/1.0 file:/T:/Instruktioner,%20manualer,%20scheman/TEI-scheman%20(AM)/tei_brevschema.xsd">
  <teiHeader>
    <fileDesc>
      <titleStmt>
        <title>Br1656</title>
        <respStmt>
          <resp>Ansvarig redaktör:</resp>
          <name>Laura Mattsson</name>
        </respStmt>
      </titleStmt>
      <publicationStmt>
        <publisher>Zacharias Topelius Skrifter</publisher>
      </publicationStmt>
      <sourceDesc>
        <p>Arkivsignum: se databas</p>
      </sourceDesc>
    </fileDesc>
    <profileDesc>
      <handNotes>
        <handNote medium="black-ink"/>
      </handNotes>
    </profileDesc>
  </teiHeader>
  <text>
    <body xml:space="preserve">
      <!-- – ” ’ æ ½ -->
      <div type="letter">
        <opener>
          <dateline>d. 17. Maj.</dateline>
          <salute>Käraste barn!</salute>
        </opener>
        <p rend="noIndent">Nå kära <persName corresp="pe614">Zache</persName> min hvilken fröjd är dett icke för mig att åter få bref af din kära hand, Gud vare lofvad. och Min kära <persName corresp="pe10">Emelie</persName>, hvilken sorg har ej Gud afvändt i från våra hjertan måtte han i sin nåd ochså låta <anchor xml:id="start27468"/>din resa<anchor xml:id="end27468"/> bli lyckosam, och du återkomma med stärkta krafter. och vår lilla pulla som nu vill med, måtte hon ej bli sin mamma till alt för stort besvär en liten kär bit af hemmet är hon emedlertid Gud beskydde er så går alt bra skall vi tro. Ja hvad skall jag nu skrifva om oss här. Jag känner nu mycket mindre bekymmer när <anchor xml:id="start38917"/>dett största är borta<anchor xml:id="end38917"/>. vi håller nu på med åker arbete. rätt nu börjar jag få någorlunda redskap i ordning. <persName corresp="pe594">Hind:</persName> är här i dag han är mig en god hjelp. åror har han tillstält. men inga nät köper jag. ingen bjuder ut sådant, och i allmänhet är här ej bättre tillgång än förr hvarken på ett eller annat trädskedar och qvastar, är hvad som mäst bjudits ut. men bröd är stor efterfrågan i köket. i går kom ett spanmåls fartyg in, och flere väntas. skutan med med slädan är och välbe<pb/>behållen här. <persName corresp="pe4939" correspUncert="Y">Herman</persName> har sagt att han ej ville gå till er då han hörde att professorn var sjuk. ni skall hälsa och tacka <persName corresp="pe160">Leopold</persName> för slädans qvarter, och för hans hjelp vid afsändan<subst>d</subst>et, rättnu kommer ni i dett tråkiga <anchor xml:id="start27469"/>flyttningsbestyret<anchor xml:id="end27469"/> i gen. intet tror jag ni saknar de präcktiga rummen, där ni haft så många bekymmer fulla dagar och veckor, ja månader. Jag ser på tidningarna att de ännu äro outhyrda tänk om Gubben fick lof att pruta, dett vore rätt. och så kommer resbestyr som ej heller är trefligt bråka ej för mycket kära <persName corresp="pe10">Emelie</persName>, mer än godt gör jag vet du vill väl nu aldeles spara gubben din men <rs corresp="pe11">stora pian</rs> blir väl nu till mycken hjelp. hon är väl då så fri och glad som en fogel i luften, <anchor xml:id="start27470"/>när hon sluppit skolan.<anchor xml:id="end27470"/> vill du goda <persName corresp="pe10">Emelie</persName> fråga <persName corresp="pe140">Augusta Rosenkampffs</persName> efter dett bruna siden tyget som hon låfte ha bestyr om att svärtas nog vet jag att du skickade dett till henne dett var i er kista i höstas, jag ämnar det till ett lätt sommar öfver plagg, jag har altid varit svag för siden men på långa tider har dett varit stopp därmed. detta skall bli mig till mycken nytta <persName corresp="pe323">Fanny</persName> får sy den. hör nu åt i tid och packa dett med <persName corresp="pe11">Ainas</persName>. Hvad jag tycker <persName corresp="pe13">Eva</persName> stackare skall få ledsamt här, och hvad hon skall vara utan göra, <persName corresp="pe272">Toini</persName> som altid är den ordnande i deras lekar.</p>
        <pb/>
        <p>Nå <anchor xml:id="start38916"/>theatern ja, dett är slut med dett nojset<anchor xml:id="end38916"/> tills vidare, få se om folket nu blir mera ense alting var ju nu så bra, både hus och personal. hvad jag för min del hoppas är, att min son ej denna gång nöter opp sin guldpenna på strider, eller loford om ditt och datt åt dett hållet. Men <persName corresp="pe19">Oscar</persName> han fick en knuff som kändes, theatern som är hans ynkliga lefnads mål, men den reser sig väl i gen. dett som nu händt hoppas jag skall och ha sitt goda med sig för någon men intet tror jag för <persName corresp="pe19">Oscar</persName>. <rs corresp="pe21">Farbror</rs> Gubben skall blifvit så skral, till och med staplande, är du nu rätt försigtig kära Zache <anchor xml:id="start27472"/>att du ej går ut för bittida<anchor xml:id="end27472"/>. hvad dett skall bli trefligt att få er hit bara också <persName corresp="pe10">Emelie</persName> varit med, hvad du skall få ledsamt, <persName corresp="pe11">Aina</persName> och <persName corresp="pe323">Fanny</persName> får väl vara med på <placeName corresp="pl402">majniemi</placeName> och sköta om dig på så godt de kan, i år är jag fastbunden vid hemmet. intet tror jag att vi tar <persName corresp="pe5258">Nuppa</persName> i år, han är så besvärlig i mat väg, och annars <anchor xml:id="start27473"/>trätig<anchor xml:id="end27473"/>. <persName corresp="pe530">Lotta</persName> må ni gärna ta med kanske hon kan vara med på <placeName corresp="pl35">alörn</placeName> ty de jag nu har behöfs för hemmans arbete, och en annan tas dit ut, hvarför skall ej <persName corresp="pe530">Lotta</persName> gå ut med det likså väl som en härifrån. kanske ni ej behöfde ta tredje hästen om hon ej kom med, dett är och en sak hvad som är för er nyttigast och billigast så gör, nog går alt för sig här, tänk ej därpå.</p>
        <pb/>
        <p>Jag glömde sist att säga hur väl till pass de de sköna tjugufemmorna kom, jo straxt efter kom Landtmätarns nätta räckning, och glad var jag som hade mynt på fickan, i går hade jag bref från <persName corresp="pe262">Sofi</persName>, hon hade då ej fått mitt bref om ditt tillfrisknande, hon var mycket orolig och befarade dett värsta, hon skref att till och med i sömnen kommer dett för henne så att hon vaknar förskräckt opp. ett bref mellan <placeName corresp="pl1142">Larsmo</placeName> och här är ofta mer än en vecka gammalt. <persName corresp="pe653">Lybecks</persName> mår bra <persName corresp="pe556">Zacke</persName> gossen var där i går hos <persName corresp="pe599">Nanne</persName>. Sofia dagen var <persName corresp="pe320">Augusta</persName> hos oss. klockan 9. på förmiddagen hade jag glädjen att emotaga min sons bref, dett var en kär namsdags gåfva och den enda, som ni väl kan förstå. <persName corresp="pe653">Lybecks</persName> nemligen Fruarna och <persName corresp="pe2156">Sandra Falk</persName> och grannarna var här på struvor som vanligt <persName corresp="pe323">Fanny</persName> ber hälsa hon skall i dag stå fadder hos <persName corresp="pe2157">Theodor Häggbloms</persName> åt en <rs corresp="pe2158">gosse</rs>. Jag tror väl at jag ren skref att <persName corresp="pe658">Dyhrns</persName> flicka heter <persName corresp="pe763">Verna Charlotta</persName>. jag lär väl ej hinna med att <anchor xml:id="start27481"/>ramla<anchor xml:id="end27481"/> på mer för denna gång, bara de hjerteligaste hälsningar till <persName corresp="pe11">Aina</persName> och små piorna från Farmor och till <persName corresp="pe798">Rosenkampffs</persName> och <persName corresp="pe360">Mina Julin</persName>. Gud vare hos er mina älskade <hi rend="underline">så går er alt väl.</hi></p>
      </div>
    </body>
  </text>
</TEI>