<?xml version='1.0' encoding='UTF-8'?><TEI xmlns:xsi="http://www.w3.org/2001/XMLSchema-instance" xmlns="http://www.tei-c.org/ns/1.0" xsi:schemaLocation="http://www.tei-c.org/ns/1.0 file:/T:/Instruktioner,%20manualer,%20scheman/TEI-scheman%20(AM)/tei_brevschema.xsd">
  <teiHeader>
    <fileDesc>
      <titleStmt>
        <title>Br1664</title>
        <respStmt>
          <resp>Ansvarig redaktör:</resp>
          <name>Laura Mattsson</name>
        </respStmt>
      </titleStmt>
      <publicationStmt>
        <publisher>Zacharias Topelius Skrifter</publisher>
      </publicationStmt>
      <sourceDesc>
        <p>Arkivsignum: se databas</p>
      </sourceDesc>
    </fileDesc>
    <profileDesc>
      <handNotes>
        <handNote medium="black-ink"/>
      </handNotes>
    </profileDesc>
  </teiHeader>
  <text>
    <body xml:space="preserve">
      <!-- – ” ’ æ ½ -->
      <div type="letter">
        <opener>
          <dateline>5. feb.</dateline>
          <salute>Älskade kära barn.</salute>
        </opener>
        <p rend="noIndent">Tack kära <persName corresp="pe614">Zache</persName> min för dina kära bref och ett så långt och sakrikt bref sen, men min älskling du tycktes mig så nedstämd, dett var ej heller underligt då du så nyss fått den bekymmersamma underrättelsen om <persName corresp="pe11">Ainas</persName> sjukdom den gjorde äfven på mig ett så sorgligt intryck, att vist blåste i en hast bort alla tankar på <anchor xml:id="start31242"/>den nyss öfverståndna granlåts högtiden till din ära<anchor xml:id="end31242"/>. Gud har altid i beredskap mot vigt för <del>både för</del> både godt <add>och</add> ondt, när dett blir för mycket. nu hoppas jag med Guds hjelp att vår <persName corresp="pe11">Aina</persName> är nära åter stäld efter <persName corresp="pe10">Emelies</persName> bref i fredags till <persName corresp="pe50">Lybecks</persName> bara hon nu är rätt försigtig så plär dett gå fort med bättringen Du var så nedslagen när du sist skref till mig dett gjorde mig ondt, du behöfver nu alla dina krafter i ordning för ditt alvarsamma arbete aldraminst skall du låta dig ned tryckas af den hyllning dig vederfarits, dett är verldsliga ting, tacka Gud att du ej känner dig hög modig, men låt ej nedslå dig däraf. utan var tacksam som för ett stort be vis af landsmäns acktning. Jag har och fått min del där af gratulationer, m. m. intet högmodas jag heller.<pb/> fast dett kännes godt att se dig så hedrad. Nu skall du ej för mycket anstränga dig med ditt arbete, sof din natt i ro. Sådant tanke arbete är annat än smörj i hop hur dett passar, dett tar på själskrafterna och med dem skall du hushålla, ty kropskrafterna följer efter. Jag tänker på <persName corresp="pe139"><anchor xml:id="start31243"/>Rosenkampff</persName> han fick sin knäpp för uträckningen till <placeName corresp="pl1984">Saima kanal<anchor xml:id="end31243"/></placeName> som han natt och dag grublade på. <anchor xml:id="start31244"/>Jag vet nu ej om <persName corresp="pe2">Runeberg</persName> något<anchor xml:id="end31244"/> men kanske hans salm bok tyngde på honom. ett vet jag bara grubla ej utan lit på Guds hjelp, och nytja dagen och ej natten, och klä väl på dig när du går ut. denna moderliga lexa kan väl synas öfverflödig för en 50årig son men <subst>kan</subst>ske något kan finnas däri som gör dig upmärksam på hur du känner dig tåla ansträngning att du i tid får dig till vara – du min skatt som jag är så rädd om.</p>
        <p>Nå hvad skall jag nu skrifva om oss sjelfva, alt är sig likt, tiggare från morgon till qväll. nog går de nu och bjuder ut väfvar men de skall köpas på stället, pjexor är dett blott i garveribodarna de finnes, och hvad är dett värdt att köpa af köp män, bondskomakare kan ej få sig läder utan de arbetar åt garvarena.<pb/> och med hvem skall man skicka sen ingen vill just ta mer än ett bref. hvad tyckte du om <persName corresp="pe2246"><anchor xml:id="start31246"/>Silfversvans</persName> tal i <title corresp="tw254">Åbobladet<anchor xml:id="end31246"/></title>? hör du hvem är det som skrifver från <placeName corresp="pl399">H.f.</placeName> till <title corresp="tw254">Åbo tidning</title>? <persName corresp="pe6672"><anchor xml:id="start31247"/>Thilda Vahlströms</persName> bröllop<anchor xml:id="end31247"/> var d. 26 jan jag var och en stund där, dett var hos <persName corresp="pe114">Fina Lagermarck</persName>, och en hop ungdom och några Fruar var där. ungdomen dansade. två dagar där efter begaf de sig på sin långa färd med godt mod och små vilkor ynkligt tyckte jag dett var. de penningar ni skickade åt gumman <persName corresp="pe34">Calamnius</persName> till jul, så gaf jag ej ty hon hade då nyss fått mina 32. <choice><abbr><unclear reason="endline" resp="MD">m.</unclear></abbr><expan resp="EK">mark</expan></choice> och <persName corresp="pe35">Johanna</persName> sitt <anchor xml:id="start31248"/>qvartal<anchor xml:id="end31248"/>, och jag tänkte när brölloppet är för bi så är de pank, hvilket och hände gumman kom hit par dagar efter för att tacka <persName corresp="pe262">Sofi</persName>, som här, för en bytta smör som hon hade med sig då frågte jag hur är dett med bröd Jo vi köpte i går fyra kakor från torget. då sade jag att du skickat och jag har köpt mjöl ni får baka i morgon du må tro hur glad hon blef och bad mig tacka så hjertligt. om hon fått dem till jul så hade hon varit lika utan ändå. så hade de smör och bröd en tid åtminsto<unclear reason="damage" resp="MD">ne.</unclear></p>
        <pb/>
        <p>Mina 77 år har nu passerat. jag sade åt <persName corresp="pe323">Fanny</persName> d. 3. feb. du får ej alls nämna om födelsedagen, jag vill ej fira den, men <persName corresp="pe658">Dyhrns</persName> kom i håg den och kom hit med barnen och <persName corresp="pe2044">Fru Grönholm</persName> och <persName corresp="pe28">moster Backman</persName>. <persName corresp="pe107">Hildegard</persName> hade varit till fattigskolan och där träffat <persName corresp="pe45">Marie Kerrman</persName> och hon följde med hit, men ingen annan var här, och så drack vi förmiddags kaffe och därmed väl. i dag är <persName corresp="pe323">Fanny</persName> hos <persName corresp="pe2085">Louise Blank</persName> på Agatha. <persName corresp="pe555">Emmi</persName> kom hit med <persName corresp="pe558">Thilda</persName> som nu går i skolan. <persName corresp="pe555">Emmi</persName> blir tills <persName corresp="pe54">Schalin</persName> kommer från <placeName corresp="pl1042">Qveflax</placeName>, han skall predika d. 16. <persName corresp="pe451">Eser</persName> får 40 <choice><abbr>m.</abbr><expan resp="EK">mark</expan></choice> för sitt korn så nog tror jag han slår sig ut. de ger ej en bit åt tiggare och det vore också för mycket då skulle han vist gå i bit hvart skulle jag tagit vägen i år om jag haft Landbönder att skaffa mat och utsäde åt. bra som dett är gud ske lof. Nu har vi haft kallt och ruskit igen posten dröjde ett dygn igår. <persName corresp="pe37">Albert</persName> berättar dig väl stadsnyheter om sådana är att tillgå. hos <persName corresp="pe653">Lybecks</persName> mår de bra, utom att gubben håller sig inne och är litet häs. <persName corresp="pe323">Fanny</persName> och <persName corresp="pe555">Emmi</persName> hälsar så mycket. <persName corresp="pe20">Selma</persName> skref till <persName corresp="pe323">Fanny</persName> för nån tid sen, nog måste jag till <placeName corresp="pl2735">Åbo</placeName> för att få se och träffa Farbror och nu har hon ju fått dett. <!--brevet fortsätter i vänstra marginalen på sid. 4--><seg rend="place_leftMargin">Gud vare med dig min kära älskade gosse hans nåd följe dig i alla skiften där om ber dageligen din egen</seg></p>
        <closer rend="place_leftMargin">
          <signed>mamma</signed>
        </closer>
        <postscript>
          <p rend="place_previousPage_leftMargin"><!--skrivet i vänstra marginalen på sid. 1-->hvad säger du om <persName corresp="pe148"><anchor xml:id="start31249"/>Stenbäcks</persName> förändringar<anchor xml:id="end31249"/> som står i <title corresp="tw1603">kyrkligt veckoblad</title> n<hi rend="raised">o</hi> 2. kanske det besparar er förändrings arbete till nån del.</p>
        </postscript>
      </div>
    </body>
  </text>
</TEI>