<?xml version='1.0' encoding='UTF-8'?><TEI xmlns:xsi="http://www.w3.org/2001/XMLSchema-instance" xmlns="http://www.tei-c.org/ns/1.0" xsi:schemaLocation="http://www.tei-c.org/ns/1.0 file:/T:/Instruktioner,%20manualer,%20scheman/TEI-scheman%20(AM)/tei_brevschema.xsd">
  <teiHeader>
    <fileDesc>
      <titleStmt>
        <title>Br1654</title>
        <respStmt>
          <resp>Ansvarig redaktör:</resp>
          <name>Laura Mattsson</name>
        </respStmt>
      </titleStmt>
      <publicationStmt>
        <publisher>Zacharias Topelius Skrifter</publisher>
      </publicationStmt>
      <sourceDesc>
        <p>Arkivsignum: se databas</p>
      </sourceDesc>
    </fileDesc>
    <profileDesc>
      <handNotes>
        <handNote medium="black-ink"/>
      </handNotes>
    </profileDesc>
  </teiHeader>
  <text>
    <body xml:space="preserve">
      <!-- – ” ’ æ ½ -->
      <div type="letter">
        <opener>
          <dateline>Påskdagen. 1862.</dateline>
          <salute>Kära barn!</salute>
        </opener>
        <p rend="noIndent">I fjol Påskhelgen var vi tillsammans med stort bekymmer om <persName corresp="pe274">Rosa</persName>, nu kan ni vara trygg för henne hon har en bättre påsk än hon här nånsin kunnat få. Kära <persName corresp="pe614">Zache</persName> du tyckes nu stöda dig på vatten om hon fått <anchor xml:id="start27171"/>inpackning<anchor xml:id="end27171"/>, du sade då <persName corresp="pe12">Micha</persName> dog, om han fått istersmörjning hade han kanske lefvat, nu ser du hvad ister hjelper ofelbart, så och med vatnet. Du vet att <persName corresp="pe293">C. Essen</persName> är <anchor xml:id="start27170"/>vattu man<anchor xml:id="end27170"/> för några år sen hade ett hans barn scharlakans feber, vatten begagnades genast men förgäfves, <persName corresp="pe33">Blank</persName> efter skickades jag tror ej han hant fram medan barnet lefde. Hos <persName corresp="pe1837">Otto Essen</persName> på <placeName corresp="pl788">Keppos</placeName> hände för några år sen att <rs corresp="pe2146">Frun</rs> vaknade om natten då <add>hon</add> hörde ett af barnen hosta i andra rummet och fant att det hade början till strupsjuka. hon väckte opp barn flickan, som nu tjenar hos <persName corresp="pe658">Dyrhns</persName> och som talte om det <add>för</add> mig när de bodde här efter branden. barnet skall genast ha inpackning, hvilken och verk stäldes midt i natten, dett var en flicka om 6 år, men det <anchor xml:id="start27172"/>halp<anchor xml:id="end27172"/> intet hon dog. Så intet skall ni grubla på det som är lika osäkert som allt annat. hufvudsaken lär bli att kunna utröna när det passar</p>
        <pb/>
        <p>Hvarföre min älskade <persName corresp="pe10">Emelie</persName> vill du ej till <placeName corresp="pl2921">Marstrand</placeName>, du får ju åtminstone halfva hemmet med dig och Gud är öfver alt. <persName corresp="pe571">Olga</persName> blef ju så bra där hon borde göra om den resan, det skulle vara trefligt för er. Kommer nu <persName corresp="pe140">Augusta</persName> så tidigt hit att ni hinner till första bad turen? och kan barnen skickas utan sköterska? jag tycker de kan allesammans behöfva liten oppassning. oro och bekymmer öfver alt jag hade i går bref i från <placeName corresp="pl2464">Uleå</placeName> <persName corresp="pe24">Fanny</persName> hennes <rs corresp="pe888">mamma</rs> är nu mera dålig än förr, och alt längtar hon att få träffa mig ni må tro att dett kostar på mig att jag ej for i vintras oacktat alla hinder, nu är det omöjligt på flere veckor för än det blir <anchor xml:id="start27176"/>kärr före<anchor xml:id="end27176"/>, om hon då lefver mer, och då kommer väl <persName corresp="pe140">Augusta</persName> hit. Men vist tänker jag om det är möjligt att försöka komma dit. dett brefvet ökade på oron. Tack kära barn för era bref och för pengarna, du skulle väl ändå tagit ut dem för resan, och du bestyr väl om att du får dem igen. stock har jag låtit köra ner. Jag har ej synnerlig lust med stora bestyr nu mer, det lider framåt Gud låte ej dett angelägna bestyret lämna för långt efter tills dett är för sent.</p>
        <pb/>
        <p>Tack Zache att du lämnat <anchor xml:id="start27177"/>theater skolan<anchor xml:id="end27177"/> och <anchor xml:id="start27179"/>lofvar lämna äfven theatern<anchor xml:id="end27179"/>. <persName corresp="pe19"><anchor xml:id="start27180"/>Oscar</persName> <foreign xml:lang="fin"><anchor xml:id="start27174"/>rukka<anchor xml:id="end27174"/></foreign> som gjort den till sitt lefnads mål<anchor xml:id="end27180"/> beklagar jag hjerteligen.</p>
        <p>Den älskeliga <persName corresp="pe272">Toini</persName> och hennes vackra bön Gud bevare de barnen. Nog skall vi försöka bada henne på <placeName corresp="pl35">Alön</placeName> i sommar fast ej något hus håll blir där. <persName corresp="pe11">Aina</persName> är väl lycklig som får resa med. se till bara att hon passar opp mamma som sig bör nog har ni goda barn i behåll fast Gud delat med er, var nöjd med hans vilja så att <persName corresp="pe13">Eva</persName> fick i halsen från de fördömda gluggarna som ej borde finnas oklistrade om man nångång vid städning vill vädra så kan man klistra åter igen dem jag tyckte de var rysliga drag hål. ta ej opp dem eller ut något fönster förän ni far ty ingen af er tål det. <persName corresp="pe555">Emmi Schalin</persName> ligger nu i messling bra nog sjuk har hon varit, nu börjar prickarna ljusna hon har mycket <anchor xml:id="start27181"/>de vet ej på <placeName corresp="pl1142">Larsmo<anchor xml:id="end27181"/></placeName> att hon är sjuk. Hur är det med <persName corresp="pe461">Johannes</persName> går han på kryckor? <persName corresp="pe323">Fanny</persName> hade bref af honom där han säger sig vara frisk, utom litet ondt i benet af sträckn. <persName corresp="pe4511">Dalsten</persName> gubben som hela vintern varit krasslig har nu tagit näten till bygge. så bra blir det åtminstone gjort. på <placeName corresp="pl402">Majniemi</placeName> har intet ofog bedrifvits i år.</p>
        <pb/>
        <p>Stora drifvor har vi på vår gård, och frost alla nätter, och soliga dagar. utom <rs corresp="pe573">Doctorns</rs> blida anlete, som besökt <persName corresp="pe555">Emmi</persName>, så ser vi ingen, som ni väl kännes vid när smittosam sjukdom är i fråga. <persName corresp="pe555">Emmi</persName> hälsar och tackar <persName corresp="pe272">Toini</persName> för brefvet. bara hon blir frisk så skall hon nog skrifva <placeName corresp="pl1142">Larsmo</placeName> bona blir snart instängd på sin ö. Ni har ej nämt om hur ni skall göra med er betjening i sommar, det lär nog bli drygt det och. månne de ej kan ta tjenst på månad hos någon, då de ändå har sin lön hos er i behåll, blott ni slapp föda dem. <persName corresp="pe10">Emelie</persName> har ju aldrig skrifvit hurdana de är, men nöjda har ni ej varit med dem, så mycket har jag märkt. godt tjenstefolk är ovärderligt det är vist och sant Hos <persName corresp="pe653">Lybecks</persName> håller barnen på blir friska, <persName corresp="pe6998">Olivia</persName> ligger där i messling Jag har ej träffat dem på länge. hälsa till <persName corresp="pe140">Augusta</persName> och hennes barn och öfriga anhöriga, och till <persName corresp="pe360">Mina Julin</persName>. men mäst till mina <anchor xml:id="start27182"/>pior<anchor xml:id="end27182"/> och till er sjelfva från</p>
        <closer>
          <signed>
            <hi rend="underline">Farmor.</hi>
          </signed>
        </closer>
      </div>
    </body>
  </text>
</TEI>