<?xml version='1.0' encoding='UTF-8'?><TEI xmlns:xsi="http://www.w3.org/2001/XMLSchema-instance" xmlns="http://www.tei-c.org/ns/1.0" xsi:schemaLocation="http://www.tei-c.org/ns/1.0 file:/T:/Instruktioner,%20manualer,%20scheman/TEI-scheman%20(AM)/tei_brevschema.xsd">
  <teiHeader>
    <fileDesc>
      <titleStmt>
        <title>Br1668</title>
        <respStmt>
          <resp>Ansvarig redaktör:</resp>
          <name>Laura Mattsson</name>
        </respStmt>
      </titleStmt>
      <publicationStmt>
        <publisher>Zacharias Topelius Skrifter</publisher>
      </publicationStmt>
      <sourceDesc>
        <p>Arkivsignum: se databas</p>
      </sourceDesc>
    </fileDesc>
    <profileDesc>
      <handNotes>
        <handNote medium="black-ink"/>
      </handNotes>
    </profileDesc>
  </teiHeader>
  <text>
    <body xml:space="preserve">
      <!-- – ” ’ æ ½ -->
      <div type="letter">
        <opener>
          <dateline>19. Ap 68.</dateline>
          <salute>Kära barn!</salute>
        </opener>
        <p rend="noIndent">Nå nu är ni åter Gudskelof tillsammans igen. besvärlig tycker jag att hemresan skall varit för dig kära <persName corresp="pe614">Zache</persName> du må tro att jag stundeligen kom i håg dig, men glädjen var så mycket större då alt gick väl. tack för ert gemensamma bref som jag igår emot tog. jag har ju ej ännu talt ett ord med er om <anchor xml:id="start32250"/>svenska resan<anchor xml:id="end32250"/>, ja nog tror jag att den har både glada och besvärliga sidor, men alt går här i verlden. barnen skall vi nog <anchor xml:id="start32231"/>hylla om<anchor xml:id="end32231"/> dett är säkert. vårt hopp att få <persName corresp="pe11">Aina</persName> hit dett var bara en hägring som försvann efter en veckas väntan och bekymmer hur de möjligen skulle komma främ och hur <persName corresp="pe875">Anna</persName> stackare skulle orka hela veckan på vägen.</p>
        <p><persName corresp="pe561">Berndt</persName> och <persName corresp="pe11">Aina</persName> lärer väl anse dett för dyrt att komma den långa vägen hit och till bringa sommar<unclear reason="endline" resp="MD">n</unclear> med oss de skulle vara så hjertligt välkomna. <persName corresp="pe561">Berndt</persName> behöfver ju ej nu läsa öfver lexor mer som i fjol. för mig skulle dett vara trefligt och kärt. tänker <persName corresp="pe561">Berndt</persName> söka till <placeName corresp="pl255">Fredh.</placeName> hans bror hade sagt dett hos <persName corresp="pe4492">Bergers</persName>. dett var sant <persName corresp="pe10">Emelie</persName> nämde ju och därom.</p>
        <pb/>
        <p>Hur är dett med syster <persName corresp="pe140">Augusta R.</persName> tänk att jag aldrig hört omtalas hennes <anchor xml:id="start32238"/>knutar<anchor xml:id="end32238"/> fast hon var så länge här. Gud hjelpe henne till hälsan i gen. sjukligt börjar här bli i staden nu på sednare par veckor hos <persName corresp="pe658">Dyhrns</persName> <persName corresp="pe6966">Winter bäck</persName> och två pigor mera dåliga. <persName corresp="pe320">Augusta Lybecks</persName> jungfru ligger äfven i tyfus. men de husen har så många rum och kan hålla skilda sköterskor. på <placeName corresp="pl3170">Frillas</placeName> är dåligt <persName corresp="pe6961">Daniel</persName> som hyrt af <persName corresp="pe451">Eser</persName> dog påsk dagen och hans hustru par dagar efter, i dag begrafvas båda. och ännu är flere sjuka i samma stuga 8 har där legat på en gång. <persName corresp="pe5229">Brita Cajsa</persName> som skött dem skall i dag klaga öfver yr i hufvudet hon bor i <persName corresp="pe659">Stinas</persName> stuga och röker kött i hennes badstuga.</p>
        <p>ännu står <persName corresp="pe659">Stinas</persName> egendom <unclear reason="endline" resp="MD">orörd</unclear> vi har nu mera ingen beröring med <placeName corresp="pl3170">frill</placeName>. <persName corresp="pe6965">Fia</persName> är så rädd hon går min sann ej dit. <persName corresp="pe6963">Daniels</persName> har svält så rysligt i vinter att de var så svaga alt sen i höstas har de ätit moss och halm bröd då de ens kunnat få dett. nog är nöden stor här, menniskjorna går och bjuder ut sina gamla käder kjortlar västar pälsar och alla plagg säng kläder i synnerhet, men hvad få de för dett tjenstefolk köper väl något men<pb/> gillar ej mycket däraf och betalar så litet. nej jag skulle ej vilja ge de stackarena annat än mjölbrodden den lilla bit de få. de som kan utväga sig till några penny eller nån mark nog får de köpa hur litet som hälst. här sitter alla dagar på torget flere mjölförsäljare som säljer tiloch med för några penni bröd säljes där från <anchor xml:id="start32226"/>L℔.<anchor xml:id="end32226"/><!--lispund, men kan vara skålpund--> till bitar ¼ kaka. strömming äfvenså till och med styckevis. välling och soppa fins där, utom hvetbröd ost och pannkakor. och kött. dett är ändå underligt hur mycket där kan gå åt fast i smått. vår <persName corresp="pe6224" correspUncert="Y">Fredric</persName> är och torg handels man och slagtare han har sålt mycket kött i vinter och stått sig bra mjöl och ljus har han och han sade att han <anchor xml:id="start32246"/>markar ut<anchor xml:id="end32246"/> en matta mjöl på två dagar. nu kostar mattan 64. <choice><abbr><unclear reason="writing" resp="MD">s</unclear>m.</abbr><expan resp="EK">silfvermark</expan></choice> <!-- fm? HK -->och de är många som säljer utom honom. men dett är en annan publik som håller sig till koken och sopp kokerierna där de slåss om företräde dett kokas skilt för stadsfattiga på standens bekostnad men den andra är subskriberad af en del för kring vandrande, men de tränger sig och träter och slåss om <anchor xml:id="start32247"/>poletterna<anchor xml:id="end32247"/>. <anchor xml:id="start32249"/>1. maj är åter vår tur.<anchor xml:id="end32249"/> Gubben <persName corresp="pe2251">Grönholm</persName> är ännu här, <persName corresp="pe6962">Anette Nyberg</persName> är alt han sköterska<pb/> och så har de tre andra sjuksköterskor en åt vardera sjuk. således fyra. Dett sommar gör nu som man säger bäcken brusar, och isen lyfter sig få se om den går denna vecka. Intet tror jag här blir brist på mjöl tills sjön blir klar. <persName corresp="pe451">Eser</persName> börjar nu med sin korn handel till utsäde 40 <unclear reason="writing" resp="MD">m</unclear>. potates säljer han och för 12 <choice><abbr>m.</abbr><expan resp="EK">mark</expan></choice> <anchor xml:id="start32230"/><choice><abbr>t.</abbr><expan resp="EK">tunnan</expan></choice><!--12 mark per tunna. MD--><anchor xml:id="end32230"/> nog slår han sig ut i år. hvad skall han behöfva så mycket rofvor som har både korn och potates. han har i höstas plöjt opp stora Nyåkern för hafra i går köpte han en unghäst för 160 <choice><abbr>m.</abbr><expan resp="EK">mark</expan></choice> Nå kära <persName corresp="pe614">Zache</persName> så ledsamt med <persName corresp="pe6806">Bergsten</persName> han lär väl ej haft samma speltur som <persName corresp="pe69" correspUncert="Y">B.</persName> i sin ungdom. kära <persName corresp="pe614">Zache</persName> du har ju så många gånger låft att ej gå i borgen låt nu bli hedanefter nog har du gjort nog i den vägen ren. <persName corresp="pe34">Moster Calamnius</persName> och <persName corresp="pe2245">mamsel Glansk</persName> har varit dåligt sjuka men blir friska och de yngre dö. dett var bra att jag har qvar af jul pengarna så att gumman nu fått då hon bäst behöft.</p>
        <p>Nå <persName corresp="pe19">Oscar</persName> som tänker sig till <placeName corresp="pl2561">Wasa</placeName>, månne han får det? hur skulle han trifvas där då han ej ville till <placeName corresp="pl2735">Åbo</placeName>. hur är det med förlofningen som du skref om? hälsa honom att det fägnar mig om han kommer oss närmare bara jag lefver till dess. hvad säger <persName corresp="pe323">Fanny</persName> därom? <persName corresp="pe2253">Helena Berger</persName> som kom så behändigt till <placeName corresp="pl399">Helsingfors</placeName>. hälsa <persName corresp="pe561">Berndt</persName> och <persName corresp="pe11">Aina</persName>, hjertans välkomna är de hit om de besluter om. hälsa <persName corresp="pe272">Toine</persName> och <persName corresp="pe13">Eva</persName> till och med <gap reason="writing" extent="1" unit="words"/> hoppade glad öfver deras snara hitkomst hvad sen vi andra. <persName corresp="pe323">Fanny</persName> hälsar hjerteligen till er alla, hon har nu några dagar dragits med hals sjuka och svulnad i ansigtet men håller nu på att bli bra. <!--brevet fortsätter i vänstra marginalen på sid. 4--><seg rend="place_leftMargin">hvad du kära <persName corresp="pe10">Emelie</persName> nu skall ha för bråk och bestyr med att få er alla i ordning. skall <persName corresp="pe614">Zache</persName> ha uniform eller får han vara svart?</seg> <!--brevet fortsätter i vänstra marginalen på sid. 3--><seg rend="place_previousPage_leftMargin">hälsa lilla <persName corresp="pe556">Zache</persName> kanske dett reder sig bra med hans qvarter det lär ej vara aldeles afgjort att <persName corresp="pe6544">Johansons</persName> uplöser sitt hus håll</seg> <!--brevet fortsätter i vänstra marginalen på sid. 2--><seg rend="place_previousPage_leftMargin">Måndag i dag är bouptekning hos <persName corresp="pe659">Stina</persName> af hennes arfvingar. Stugan behåller jag till minne af <unclear reason="writing" resp="MD">umman</unclear> må den stå där.</seg> <!--brevet fortsätter i vänstra marginalen på sid. 1--><seg rend="place_previousPage_leftMargin">Gud vare med er mina älsklingar vårt lif står altid i herrans hand och nu i dessa svåra tider har man jemt för ögonen hur fort dett kan vara slut.</seg> <!--brevet fortsätter i övre kanten av sid. 1--><seg rend="place_previousPage_topMargin">nog skulle fröna snart behöfvas.</seg></p>
        <closer/>
      </div>
    </body>
  </text>
</TEI>