<?xml version='1.0' encoding='UTF-8'?><TEI xmlns:xsi="http://www.w3.org/2001/XMLSchema-instance" xmlns="http://www.tei-c.org/ns/1.0" xsi:schemaLocation="http://www.tei-c.org/ns/1.0 file:/T:/Instruktioner,%20manualer,%20scheman/TEI-scheman%20(AM)/tei_brevschema.xsd">
  <teiHeader>
    <fileDesc>
      <titleStmt>
        <title>Br1566</title>
        <respStmt>
          <resp>Ansvarig redaktör:</resp>
          <name>Laura Mattsson</name>
        </respStmt>
      </titleStmt>
      <publicationStmt>
        <publisher>Zacharias Topelius Skrifter</publisher>
      </publicationStmt>
      <sourceDesc>
        <p>Arkivsignum: se databas</p>
      </sourceDesc>
    </fileDesc>
    <profileDesc>
      <handNotes>
        <handNote medium="black-ink"/>
      </handNotes>
    </profileDesc>
  </teiHeader>
  <text>
    <body xml:space="preserve">
      <!-- – ” ’ æ ½ --> 
      <div type="letter"> 
        <opener>
        <dateline>4. Mars.</dateline>
        <salute>Käraste barn.</salute>
        </opener> 
        <p rend="noIndent">Som ni ser, så slår jag opp ett stort <anchor xml:id="start28529"/>paklat<anchor xml:id="end28529"/> om jag kan fylla dett är ej så vist. tiden kan jag ej skylla på ty jag uträttar ej mycket mer här i verlden. först tack för era kära bref, ni rigtigt skämmer bort mig, och sen huru mycket postpengar dett går åt för min skull. men för mig är dett mer än trefligt. om jag <anchor xml:id="start28530"/>hälst<anchor xml:id="end28530"/> hade något intresant att skrifva om, men ingenting sådant. jo ändå dett bästa af alt i verlden att vi är friska, äfvenså <persName corresp="pe5634">Schalins</persName> som nu varit här till fet tisdagen och reste hem i fredags barnen var muntra och pigga. och genom dem kom jag mig i farten för andra gången i vinter till <persName corresp="pe658">Dyhrns</persName> och till <persName corresp="pe6776">Granholms</persName>. <persName corresp="pe644"><anchor xml:id="start28538"/>Louise Granholm</persName> stackare har oro och bekymmer öfver sin <rs corresp="pe41">man</rs>, han ligger sjuk i <placeName corresp="pl2109">Skottland</placeName> och han måste lämna fartyget åt annan skeppare han har hela vintern haft svår reumathism och nytjat flere <anchor xml:id="start28531"/>spanskflugor<anchor xml:id="end28531"/> på ryggen, och sluteligen har dett gått till en svår stor bulning i ryggen, få nu se hur dett går med honom dett är en kålplats nära <placeName corresp="pl4844">Glasgov</placeName> där han ligger sjuk.<anchor xml:id="end28538"/></p>
        <p><persName corresp="pe272">Toini</persName> <foreign xml:lang="fin"><anchor xml:id="start28541"/>rukka<anchor xml:id="end28541"/></foreign> med sina sjuka ögon bekymrar mig, ta bort pian från skolan hon kan ju läsa litet om dagen för <persName corresp="pe11">Aina</persName> om hon blef hur lärd och mister sina ögon. <anchor xml:id="start28543"/>rättnu<anchor xml:id="end28543"/> kommer slask, och solsken som och kan inverka menligt på henne låt ej lägga något starkt i ögat jag tycker om <persName corresp="pe500">Hjelt</persName> i detta som i alt annat, nytja fisk olja både in och utvärtes par små skedar om dagen, dett är <anchor xml:id="start28544"/>skrofler medicin<anchor xml:id="end28544"/>. Om ni kunde få er en färsk lake att ta lefvern träd en sticka genom den och häng i ett dricksglas som ställes i en varm nishs då dett efter par dagar dryper olja bra nog mycket om den får stå länge. dett är en så fin fisk olja vi har här förr haft den åt <persName corresp="pe23">Frans Toppelius</persName> när han hade sjuka ögon <rs corresp="pe226">pappa</rs> gubben ansåg den så bra för sjuka ögon.<pb/> sök att sysselsätta pian med hushålls göromål, och gör dett vigtigt och angelägit fast dett aldrig behöfs för den dagen att hon ej läser och skrifver för mycket. koka åt dockorna och klippa m m. son ej anstränger ögat vaka öfver henne alla tider på dagen. om ögonen blir bra så kan hon ännu efter par år komma i nån annan skola, då hon nu i medlertid litet förökar sitt kunskaps föråd. Jag tycker och tror <add>jag </add> att <persName corresp="pe11">Aina</persName> skall så gärna bli lärarinna för sin egen syster värre vore att bli dett för främmande. ja Gud hjelpe <persName corresp="pe272">Toina</persName> stackars barn både till ögon och öron.</p>
        <p><persName corresp="pe42">Häggström</persName> var så god och kom med hälsningar i från er, <anchor xml:id="start28545"/>han var så nöjd med sin resa,<anchor xml:id="end28545"/> rask såg han ut. han sade att <persName corresp="pe10">Emelie</persName> varit hans trogna sällskap, men att <persName corresp="pe614">Zachris</persName> är <anchor xml:id="start28546"/>öfver höfvan<anchor xml:id="end28546"/> sysselsatt, att hans sliter ut sig mycket i för tid, han borde nödvändigt lämna i från sig en del lönlösa befattningar då han nu har en tjenst som <add>tar</add> hans tid så mycket i anspråk och däri instämmer äfven jag du har nu så länge varit <anchor xml:id="start28547"/>fruarnas skrifvare<anchor xml:id="end28547"/> låt nu nån yngre ta emot. <persName corresp="pe10">Emelie</persName> kunde just ta <persName corresp="pe316">Fru Borgström</persName> på dett ömma, att hon <subst><del>ej</del><add>ger</add></subst><!-- LM sku koda <gap/> --> med sig och väljer bland de yngre som ej kan motstå hennes vältalighet detta blir nödvändigt ty dett hopas mer och mer arbete ju vidsträcktare deras verkningskrets slå nu ej detta i vädret som du mäst brukar med mina råd men jag kommer ändå med flera när dett så behöfs. och så skrifver du så mycket på tidningen som du ej behöfva jag känner nog igen dina insatser. vist var och vecko krönikan din som redaction frikallade sig i från? hur många prenumeranter har nu tidningen? <title corresp="tw178">H.bl.</title> tyckes nu vara på modet de flästa bolag här har den och ej <title corresp="tw98">H. T.</title> –</p>
        <p>du skrifver om folk bibliotheket i sommar om vi lefver så skall vi rividera gamla lånebibliotheket nog finnes där en och annan bok<pb/> som passar så att du ej behöfver köpa dit några. <persName corresp="pe323">Fanny</persName> kan ingenting uträtta hon skulle hälst vilja verka något för fattigskolan som håller på att bli fattig om de ej i år får bidrag. vår brunte<!--Catharina Sofia Topelius' häst. MD--> är alt krasslig i sin mage och ser så dålig ut. Jag var tvungen att lega häst i <anchor xml:id="start28549"/>hållskjuts<anchor xml:id="end28549"/> som vi nu har som bäst. men från skogen hämtar han sitt vedlass för dagen. Efter nu gårdens affärer är i fråga så hör därtill att <rs corresp="pe6945" correspUncert="Y">landbond</rs> blir qvar med ytterligare eftergifter, så att han inga penninge utlagor behöfver deltaga uti bara sina <anchor xml:id="start28550"/>mantalspengar<anchor xml:id="end28550"/> alla skriker på obilliga vilkor. Hvad stigande af jord värde beträffar, så tål flere tiotal år innan dett hinner till vår ort där dett så litet lönar sig för herremän att ha jord, och vår allmoge är nu så skuldsatt så nog får hypotheksföreningen hemman för godt pris efter detta år, och hvad spanmåls brist här skall bli. köpmännen tar ej hem i år, och hvad som kunnat finnas till salu går i bränvinspannan. dett är olyckligt tiggare aldeles öfver höfvan. hvad vi bakade för vinterns behof, med beräckning för tiggare dett är nu aldeles slut. jag borde ej skrifva sådana jerimiader, men som sagt här är så litet intresant att skrifva om. vår lilla soiré var för par veckor sen, ingen bjuden utom sällskapet. våra grannar var ej här engång, de är krassliga hos <persName corresp="pe2881">Wennerholms</persName> och <persName corresp="pe644">Louise Granholm</persName> ej road af sådant, i sin oro. och <persName corresp="pe658">Dyhrns</persName> jo <persName corresp="pe37">Albert</persName> lät öfver tala sig att ta emot värdskapet, men dett kom blott 6 herrar. omkring 20. fruntimmer. <persName corresp="pe324">Jeana</persName> bad jag men hennes systrar glömde att nämna om budet åt henne. Nu har jag <anchor xml:id="start28551"/>ej hört af <persName corresp="pe140">Augusta Rosenkampff</persName> hvad hon tar för beslut<anchor xml:id="end28551"/> nog lär dett väl gå som förra gången. dett kan väl vara bäst som sker tänker jag <persName corresp="pe37">Albert</persName> håller på med hartsfabrik, men ännu ej kommit rätt i ordning därmed, hans inrättning lär ej vara ändamålsenlig dock torde han ej lämna den utan nya försök, han tyckes vara så intreserad däraf.<pb/> Dett är märkeligt att opplands bönder köper halm ända härifrån jag låt <persName corresp="pe594">Hind.</persName> bygga opp några lador i <placeName corresp="pl4666">lipjärvi</placeName>, och <anchor xml:id="start28565"/>ackorderade<anchor xml:id="end28565"/> halm från <placeName corresp="pl3193">kofjoki</placeName> för 50 <choice><abbr>kop.</abbr><expan resp="EK">kopek</expan></choice> bandet, nu kom de med återbud och sade att intet kan de ge för 50. <choice><abbr>k.</abbr><expan resp="EK">kopek</expan></choice> då de får mer än 1. <choice><abbr>rub</abbr><expan resp="EK">rubel</expan></choice> af de som kommer långt i från. hvad kunde jag undra därpå i dessa fattiga tider då de stackarena är så utan pengar. vår halm går åt här hem, men nog hoppas jag att fodret räcker till<!-- syns inte i skanningen -->. Soldat enkan <persName corresp="pe7009">Greta Höglund</persName> har flere gånger varit här med förfrågan om underhåll, vet du något därom så nämn därom. Nå den <persName corresp="pe34">Fru Calamnius</persName> som täcks komma med klockarns mamsell till dig kära <persName corresp="pe10">Emelie</persName>, nog borde hon tänkt efter att dett nog fins sömmerskor i <placeName corresp="pl399">Helsingfors</placeName> utan att skicka dem härifrån dett är nog att pigor far i mängd, men de får skaffa sig sjelf men att besvära andra, dett är gumman så van vid. nog var hon här i torsdags men jag kom ej i håg hela saken eljest skulle jag nog sagt henne att dett var bra onödigt. de har nog <persName corresp="pe7011">Walströms</persName> flickor som behöfde komma bort från fattigdomen men intet till <placeName corresp="pl399">Helsingfors</placeName> utan på nån lands prestgård men hvar skall de barmhertiga menniskjorna finnas som ville förbarma sig öfver de stackars barnen. så att <persName corresp="pe521">Gust. Turdin</persName> ej hörs af vist måste han vara hos <persName corresp="pe1278" correspUncert="Y">Nummers</persName> hvem lär eljest ta emot honom. Ja den stackarn ack<!-- LM ändrade ock till ack --> hvad dett blir af honom? Ingen från <persName corresp="pe653">Lybeks</persName> har jag träffat dessa dagar lilla gossen är nu bra, <persName corresp="pe599">Nanne</persName> tillika med vår <persName corresp="pe556">Zacke</persName> och en mängd skolgossa har fått vara hem en hel vecka för sjukdom, men nu går de i gen. Jag kommer ännu till <persName corresp="pe272">Toinis</persName> ögon fråga <persName corresp="pe500">Hjelten</persName> om <placeName corresp="pl1531">Nådendals</placeName> gytjebad vore tjenliga för hennes skrofler om Mamma fore på tre fyra veckor med henne dit. <persName corresp="pe20"><anchor xml:id="start28567"/><anchor xml:id="start38978"/>Selma</persName> skrifver till <persName corresp="pe323">Fanny<anchor xml:id="end38978"/></persName> att dett varit så många efter frågningar om deras rum<anchor xml:id="end28567"/> så nog lär dit komma folk. Nå nu är papperet fullt, och ni tänker när ni tar opp dett, här är vist mycket nytt och godt, men till slutet nå ingenting <!--brevet fortsätter i vänstra marginalen på sid. 4--><seg rend="place_leftMargin">hälsa hjerteligen till barnen i från farmor. och till <persName corresp="pe798">Rosenkampffs</persName> och <persName corresp="pe19">Oscar</persName>. Gud vare med er mina älskade kära barn.</seg></p>
      <closer rend="place_leftMargin">
        <salute>Farmor ber om sin hälsning.</salute><!-- eller är detta en postscript? -->
      </closer> 
      </div> 
    </body>
  </text>
</TEI>