<?xml version='1.0' encoding='UTF-8'?><TEI xmlns:xsi="http://www.w3.org/2001/XMLSchema-instance" xmlns="http://www.tei-c.org/ns/1.0" xsi:schemaLocation="http://www.tei-c.org/ns/1.0 file:/T:/Instruktioner,%20manualer,%20scheman/TEI-scheman%20(AM)/tei_brevschema.xsd">
  <teiHeader>
    <fileDesc>
      <titleStmt>
        <title>Br2776</title>
        <respStmt>
          <resp>Ansvarig redaktör:</resp>
          <name>Laura Mattsson</name>
        </respStmt>
      </titleStmt>
      <publicationStmt>
        <publisher>Zacharias Topelius Skrifter</publisher>
      </publicationStmt>
      <sourceDesc>
        <p>Arkivsignum: se databas</p>
      </sourceDesc>
    </fileDesc>
    <profileDesc>
      <handNotes>
        <handNote medium="black-ink"/>
      </handNotes>
    </profileDesc>
  </teiHeader>
  <text>
    <body xml:space="preserve">
      <!-- – ” ’ æ ½ --> 
            <div type="letter"> 
                <opener>
                    <dateline><placeName corresp="pl963">Kudnäs</placeName> d. 2 Nov.</dateline>
                    <salute>Gulle <persName corresp="pe10">Emelie</persName>!</salute>
                </opener> 
                <p rend="noIndent">Jag ställer nu mitt bref till dig i anledning af ditt sist ankomna som jag tackar dig hjertligen för en mulen ruskig och små snögig dag har vi i dag som alla dagar, regn, dimma och snöslagg för ombyte skull, så se våra dagar ut och jag vet ej när Österbotn skall slippa till <placeName corresp="pl2735">Åbo</placeName>, ännu har han ej passerat <placeName corresp="pl4417">Jacobstad</placeName> på åter vägen så nog lär hela denna månad åtgå om ej vädret blir bättre sik <anchor xml:id="start26905"/>fjerdingar<anchor xml:id="end26905"/> m. m. är qvar här och jag skickar den ej heller nu troligen kommer väl intet fartyg att mera gå till <placeName corresp="pl339">Helsingfors</placeName> när <persName corresp="pe567">Olson</persName> kommer till <placeName corresp="pl2735">Åbo</placeName>, och dett skulle göra er mer bråk än varan är värd. ung herrarna de får nog länge vänta på sina kappsäckar.</p>
                <p>Käringen med väfvarna var här, och var villig att ta en del, men kom med åter bud mannen sade nej, det blir för tungt i detta väglag. så nu står åter alt sammans och bidar tiden till min stora ledsnad. Så att vår lilla ros är blek, om vi kunde få <persName corresp="pe6186">fru Thodens</persName> <anchor xml:id="start38610"/>ält kur<anchor xml:id="end38610"/> åt henne jag skall fundera med <persName corresp="pe320">Augusta</persName> därom jag tror hon ämnar fara till <persName corresp="pe2086">Fontell</persName> om sina sjuka, hon har nog att blåsa på, <persName corresp="pe50">Lybeck</persName> har sin strup sot i gen, så att han är mycket hes och håller sig inne, <persName corresp="pe599">Nanne</persName> åter är ytterligt matt –<pb/> och svag i ben<subst>en</subst> fast han både äter och sofver vill mycket ligga. han lär nu nytja salta bad <persName corresp="pe594"><placeName corresp="pl4666">Lippjärvi</placeName> Hind</persName> älsta flicka 8 år gammal dog i måndags i samma hals röta efter blott 4 dagars sjukdom, hon blef häftigt angripen genast med så stark lukt att de hade svårt och måste röka jemt med enris de sörjer mycket <persName corresp="pe594">Hind.</persName> gret så han hade svårt att tala. ja säg hvarifrån har smittan kommit dit midt i skogen? ännu är de andra friska i staden höres sjukdomen nu ej mera af men på landet. <subst>S</subst>kulle det ej gå ann att fråga <persName corresp="pe8658">Vasastjerna</persName> om <persName corresp="pe274">Rosas</persName> sjukdom, kunde <persName corresp="pe3500">Rudolfine</persName> fråga kalla omslag skall du åtminstone aldrig sätta på henne om hvem som hälst ordinerar dem. ja Gud i himmelen bevare barnen, vi skall hoppas på hans nåd att ni får behålla dem till er glädje, och ej sörja i förtid som de som intet hopp hafva. Det fägnar mig att ni slagit <persName corresp="pe8662"><anchor xml:id="start26907"/>Cargers</persName> våning<anchor xml:id="end26907"/> ur hågen, för din egen hälsas skull dina ben skulle ej tålt vid så många trappor och andtäppa hade ni fått båda två. och sen oberäcknat att hålla dreng för att ligga och vräka en sådan kostar att föda, häst skulle väl kommit efter då ni haft den som skötte den, och för vatnets körande bra som det är så länge men <add>nog</add> vore det bra om ni kunde få varmare rum.<pb/> Intet är det så nödigt att <persName corresp="pe274">Rosa</persName> är mycket på golfvet så länge hon har hosta det är kallt för de små som har dåligt bröst, men hon kan bäras i rummen och sitta eljest hvar det passar på soffor och bord nog hinner hon gå om hon får lefva, om det nu sker par månader förr eller sednare gör ej saken. i barn kammarn om där är mattor och dörren igen kan hon krypa där min resa till er står i vida fältet viljan fattas ej men nog är det svårt att lämna gården dett talar jag ej särdeles om, föret torde vi få vänta på och mycket annat nu <subst>f</subst>å<subst>r</subst> man ej ha kusk och jag är ej så rask som förr – men vi få alt se. medan jag skrifvit har solen tittat fram en half timmi men nu är det lika mulet i gen nu till <persName corresp="pe316">Fru Borgströms</persName> äplen, de är anlända du skall nu tacka på mina vägnar det artigaste du kan, det var mer än artigt af <persName corresp="pe316"><subst>Fru B</subst>orgström</persName> ja som sagt, tacka nu det bästa du kan kommer jag till er får jag väl ytterligare göra det.</p>
                <p>Intet var det <persName corresp="pe8660">Postillon Eklund</persName> som förde <persName corresp="pe2156">Sandra</persName> det <persName corresp="pe8659">Bokbindar vacktmästar Eklund</persName> men nog had <persName corresp="pe2156">Sandra</persName> kunnat säga dig till.</p>
                <p><persName corresp="pe11">Aina</persName> har för kallt om fötter och ben därföre har hon hufvud värk. hälsa pian vår stora gud ge henne hälsan ty hvad är lifvet utan den. hälsa de små hjertegrynen, nog hoppas jag att <persName corresp="pe274">Rosa</persName> blir bra.</p>
                <pb/>
                <p><persName corresp="pe614">Zache</persName> <anchor xml:id="start26912"/>hur tar <persName corresp="fi213">prinsessan af Cypern</persName> sig ut? hur kommer <persName corresp="my33">Lemikeinen</persName> till passa i hop med henne är det en ny upränning eller kommer han till <placeName corresp="pl3190">Cypern</placeName>?<anchor xml:id="end26912"/> då blir det väl en ny <anchor xml:id="start38611"/>lycksalighets ö<anchor xml:id="end38611"/>. <anchor xml:id="start26913"/>Du skrapar om <persName corresp="pe2974">Cheivitz</persName> rätt hederligt, det vill säga att han narrat er dugtigt. hur mycket pengar har du satt till bygnaden? och kanske får alt framgent plåta på<anchor xml:id="end26913"/> ock om du hade de fyrkarna i <placeName corresp="pl2561"><anchor xml:id="start38612"/>Wasa</placeName> bomulsspinneri<anchor xml:id="end38612"/> det vore annat det. du skall nu svara mig på detta och sen om du tän på alvare lämna tidningen nästa år. ja hör du var det ej förargeligt med sik och <anchor xml:id="start26914"/>nätingar<anchor xml:id="end26914"/> som nu står här till förargelse <persName corresp="pe19"><anchor xml:id="start26915"/>Oscar</persName> hade åter otour<anchor xml:id="end26915"/> jag såg att vår gamla bekanta <persName corresp="pe3952">Edv. Finström</persName> fått Notarie tjensten, hur skall nu <persName corresp="pe19">Oscar</persName> <foreign xml:lang="fin">rukka</foreign> få sig nån inkomst källa, månne han ej varit för långsam till Notarie. kan han ej söka efter <persName corresp="pe2030">Cannelin</persName>, som fått Pastorat, till Gymnasium i <placeName corresp="pl4417">Jacobstad</placeName> eller är det för dåligt? det är ju bara stora kaxar där, som <persName corresp="pe480">Forsman</persName> – hälsa <persName corresp="pe19">Oscar</persName> och öfriga anförvandter. hur går det med <persName corresp="pe309">juliuses</persName> och <persName corresp="pe461">jannes</persName> examina när skall de de fram? <persName corresp="pe323">Fanny</persName> funderar mycket på sin bror om det lyckas får han också bo på <placeName corresp="pl418">klininkum</placeName>? du säger dig komma sakna <persName corresp="pe7510">Gustava</persName>, men håll <persName corresp="pe516">fina</persName> från första dagen i ordning och tillåt intet slarf så går det nog om hon från början får göra om sin sak. <seg rend="place_leftMargin">nu har jag ej vidare än att befalla er alla i guds beskydd och att ni må fast och stadigt tro därpå att det aldrig sviker.</seg></p>
            </div> 
        </body>
  </text>
</TEI>