<?xml version='1.0' encoding='UTF-8'?><TEI xmlns:xsi="http://www.w3.org/2001/XMLSchema-instance" xmlns="http://www.tei-c.org/ns/1.0" xsi:schemaLocation="http://www.tei-c.org/ns/1.0 file:/T:/Instruktioner,%20manualer,%20scheman/TEI-scheman%20(AM)/tei_brevschema.xsd">
  <teiHeader>
    <fileDesc>
      <titleStmt>
        <title>Br1660</title>
        <respStmt>
          <resp>Ansvarig redaktör:</resp>
          <name>Laura Mattsson</name>
        </respStmt>
      </titleStmt>
      <publicationStmt>
        <publisher>Zacharias Topelius Skrifter</publisher>
      </publicationStmt>
      <sourceDesc>
        <p>Arkivsignum: se databas</p>
      </sourceDesc>
    </fileDesc>
    <profileDesc>
      <handNotes>
        <handNote medium="black-ink"/>
      </handNotes>
    </profileDesc>
  </teiHeader>
  <text>
    <body xml:space="preserve">
      <!-- – ” ’ æ ½ -->
      <div type="letter">
        <opener>
          <dateline>4. Dec.</dateline>
          <salute>Mina käraste!</salute>
        </opener>
        <p rend="noIndent">Jag tycker att dett är helt längesen jag skref till er, men <persName corresp="pe323">Fanny</persName> har ju skrifvit i mitt ställe. litet krassligt har vi haft denna tid, lill <persName corresp="pe556">Zache</persName> har, eller rättare sagt har messling, temmeligen svår. nu är han dock på bättrings vägen fast utslaget ej ännu är borta dett har räckt nära par veckor. hälften af skolpojkarna har varit sjuka och smittat hvarandra. <persName corresp="pe54">Schalin</persName> har och varit sjuk så att fyra söndagar har kyrkan varit stängd. nu har vi ej hört något i från dem på hela veckan. Isen håller nu på o<unclear reason="inksmudge" resp="MD">ch</unclear> lägger sig på alvare få se om <persName corresp="pe5634">Schalins</persName> kan komma hit före jul efter <persName corresp="pe556">Zache</persName> han lär väl ej komma mer på dessa veckor i skolan. två sysskon, en flicka 16 år och en yngre gosse gick i lördags öfver ån vid <placeName corresp="pl3101">Forsbacka</placeName>, flickan först och kom lyckligt öfver men gossen föll in och systern vände om för att hjelpa honom men när hon fick tag i honom så drog han henne med ned i djupet och så lämnade båda två där. dett var fattiga barn som gick ut för att tigga. deras föräldrar bodde nästan midt emot där de omkom.</p>
        <pb/>
        <p>Och hur dett är bedröfligt hos våra grannar <persName corresp="pe2166">Inga</persName> är <anchor xml:id="start29530"/>kolrig<anchor xml:id="end29530"/> och så förskräckligt elak och ovettig mot <rs corresp="pe562">Fadren</rs> och <rs corresp="pe3028">mostern</rs>, de är betänkt på att skicka henne bort till <anchor xml:id="start29534"/>Lasarettet<anchor xml:id="end29534"/>, hon gör dagliga visiter i stan och då upför hon sig stilla och talar klokt men hem är hon ursinnig. de har en sköterska som hon tål och som följer henne öfver alt till och med ligger i samma säng. dett är för ynkligt med dem allihop. för några dagar sen kom hon inn med inneliggande billett till <persName corresp="pe11">Aina</persName>, jag var nyfiken att se hvad hon rört i hop och fann till min förvåning en ganska sammanhängande skrifvelse. hon sysselsätter sig mycket med skrifve och i hennes bref skall ej röjas galenskap, om jag nu hade något trefligt att skrifva om. Julbrådska lär nu börja öfver alt jag tänker ej alls på julklapper, jag har ej en gång ull i år att använda jag skref ju att de sköt i hjäl fem får för oss på <placeName corresp="pl4845">lill holmen</placeName>. i fjol fick jag hem 20 får i år 6. brunte är åter sjuk. rätt nu får väl gubben Zache skol lof, och tid med sin <title corresp="ve65">Fältskär</title>, jag tycker hvad den skall intressera Allmänheteten.</p>
        <p><persName corresp="pe140">Augusta</persName> hade bref i från <persName corresp="pe415">Alexander</persName> och han skref att <title corresp="tu2825">ditt Sorgeqväde</title> varit så mycket omtyckt och så väl öfver satt. flere har frågat om han kände författaren, och<pb/> och <persName corresp="pe415">Alexander</persName> var helt lycklig öfver att kunna ge noga besked om honom. <persName corresp="pe140">Augusta</persName> och <rs corresp="pe6547">flickorna</rs> hälsar så mycket. Modren har skrifvit till <persName corresp="pe416">Max</persName> att han skulle gå och rådgöra med dig om affären. dett måtte han väl gjort. <persName corresp="pe323">Fanny</persName> hälsar och tackar <persName corresp="pe10">Emelie</persName> för brefvet, hon går i dag för hela dagen till <persName corresp="pe658">Dyhrns</persName>. <rs corresp="pe28">Mosters</rs> ögon är nu så hjelpliga att hon ser gå omkring och sköta sig sjelf. <persName corresp="pe37">Albert</persName> är något dyster och ser <anchor xml:id="start29550"/>myntreformen<anchor xml:id="end29550"/> i svart. när han kom sist i från <placeName corresp="pl2561">Wasa</placeName> berättade han att <persName corresp="pe295">Laurén</persName> fått den vurmen att han <del>v</del>är ett hvetekorn och att så snart han skulle gå ut så kommer sparfvarna och äter opp honom. därpå svarade jag ackta dig sjelf för något sådant du är ej långt i från. men jag ser att <persName corresp="pe295">Laurén</persName> söker språklärare tjenst i <placeName corresp="pl2735">Åbo</placeName> han måtte således vara bättre</p>
        <p>nu tänker jag kära <persName corresp="pe10">Emelie</persName> att du skall vara öfverhopad med comisioner från alla håll, dett är ej för roligt. du blir väl helt för skräckt för hvart bref du får denna tiden, men detta inne håller ej flere än att fortskaffa inne liggande till <persName corresp="pe416">Max</persName>. och sen att stafva i gennom detta bref som är skrifvet i skymningen på måndags morgon, och ser bra ruskit ut.</p>
        <pb/>
        <p><persName corresp="pe11">Aina</persName> tycks vara alla söndagar hos <persName corresp="pe5541">Nybergs</persName> hälsa henne och <persName corresp="pe561">Berndt</persName> ifrån oss. hälsa och små pullorna och säg att farmor tackar sin snälla <persName corresp="pe13">Eva</persName> för brefvet när de nu få skol lof så skrifver väl <persName corresp="pe272">Toine</persName> ett långt bref till mig jag har ej heller väntat något förr. <persName corresp="pe556">Zache</persName> hälsar piorna så mycket från messlingen som de nog minnes af gammalt. från <persName corresp="pe653">Lybecks</persName> vet jag ej annat än bra, kanske de äfven skrifver i dag jag ämnade skrifva med förra posten men blef hindrad och därföre har <persName corresp="pe560">Mimmis</persName> bref fått ligga öfver här. kanske dett ej inne håller fatalier. <persName corresp="pe320">Augusta Lybeck</persName> var snäll och var här en afton i förra veckan. nu kan vi ej vänta någon så länge messlingen är i huset. få se om flickorna här undslipper den, de har ej haft förut. Doctorn säger att <persName corresp="pe556">Zache</persName> varit den mäst sjuka af dem som nu haft den. stads nyheter känner jag ej en enda för denna gång alt är lungt och stilla. <persName corresp="pe324">Jeana</persName> har ej varit här på en hel vecka. har ni fått tag i <persName corresp="pe521">Gustaf</persName> slarven? <persName corresp="pe28">Moster Backman</persName> ber hälsa <persName corresp="pe309">Julius</persName> att han är god svarar om och endast ett ord ja, eller nej. hon ber <persName corresp="pe10">Emelie</persName> vara god och säga dett till honom. Gudvare med er alla mina kära <hi rend="underline">nu och altid.</hi> därom ber Farmor dageligen.</p>
        <closer/>
      </div>
    </body>
  </text>
</TEI>