<?xml version='1.0' encoding='UTF-8'?><TEI xmlns:xsi="http://www.w3.org/2001/XMLSchema-instance" xmlns="http://www.tei-c.org/ns/1.0" xsi:schemaLocation="http://www.tei-c.org/ns/1.0 file:/T:/Instruktioner,%20manualer,%20scheman/TEI-scheman%20(AM)/tei_brevschema.xsd">
  <teiHeader>
    <fileDesc>
      <titleStmt>
        <title>Br1647</title>
        <respStmt>
          <resp>Ansvarig redaktör:</resp>
          <name>Laura Mattsson</name>
        </respStmt>
      </titleStmt>
      <publicationStmt>
        <publisher>Zacharias Topelius Skrifter</publisher>
      </publicationStmt>
      <sourceDesc>
        <p>Arkivsignum: se databas</p>
      </sourceDesc>
    </fileDesc>
    <profileDesc>
      <handNotes>
        <handNote medium="black-ink"/>
      </handNotes>
    </profileDesc>
  </teiHeader>
  <text>
    <body xml:space="preserve">
      <!-- – ” ’ æ ½ -->
      <div type="letter">
        <opener>
          <dateline>d. 18 Maj,</dateline>
          <salute>Kära barn! –</salute>
        </opener>
        <p rend="noIndent">I dag är dett en bedröflig <subst>och</subst> sorglig anledning som sätter pennan i min hand, men kanske rycktet ren hunnit till er på annan väg. Sophia dagen var för oss en sorglig dag, <persName corresp="pe33">Blanks</persName> skulle resa till <placeName corresp="pl399">Helsingfors</placeName> på eftermiddagen, han hade de föregående dagarna mått sämre med svåra anfall åt hjertat, dagen förut sade han åt mig att hans hjerta värkte, och så tyst och alvarsam, men så vänlig var han.</p>
        <p>tisdags förmiddag kom de in för att gratulera och tillik på afsked, då bar han in sitt silfver i ett knyte och sade intet är det namsdags present han såg mycket nedstämd ut. <persName corresp="pe658">Dyhrns</persName> var inne och <persName corresp="pe28">Anna Lena</persName>, han svarade kort på våra frågor och yttrade, hvem vet hvad gud har under alt, han har de sednare tiderna läst mycket i <title corresp="ve33">bibeln</title>, när de då gick så tog de afsked af honom men åt mig sade han intet men jag sade vi tar afsked sen kl. var då vid pass ½ 11. när han kom ut var <rs corresp="pe2130">Borgmästarn</rs> där för att få något bidrag till fattig skolan han tog en 10. rub sedel och sade åt <persName corresp="pe2085">Louise</persName> jag ger nu det här så länge när jag kommer till bakas skall jag väl ge mer, nu skall jag fara till <persName corresp="pe2074">Grundfelts</persName> och se på barnen för än vi reser, så skref<pb/> han ett recept åt en qvinna alt detta stod ej på mer än en qvart, innan jag far till stan sade han så måste jag gå ut, tog så nyckeln och gick, <persName corresp="pe2085">Louise</persName> tyckte att han dröjde så gick hon efter och då hon öpnade dörren fann hon honom liggande liflös på golfvet flytande i blod –</p>
        <p>det var alt slut. då var kl. något öfver 11. ni kan före ställa er hur förskräckligt det var för oss alla, men för den arma <persName corresp="pe2085">Louise</persName> hon med sitt stilla väsende larmar intet sörjer så rysligt, jag har henne att ligga här hos oss, hon ville eljest sitta natt och dag i salen hos honom, <anchor xml:id="start26705"/>hon anar ej dödssättet<anchor xml:id="end26705"/> utan tror att nån åder sprungit. <rs corresp="pe5345">bröderna</rs> och <persName corresp="pe66">Björkelund</persName> med <rs corresp="pe2132">Fru</rs> är nu här. <persName corresp="pe2133">Bodén</persName> och <persName corresp="pe2086">Fontell</persName> obducerade honom i går aftn eller snarare i natt de har förundrat sig öfver att han kunnat lefva så har hans hjerta varit skadat. stort och en stor utväxt på pulsådern som två sammanlagda knytnäfvar och den har legat och tryckt på. <persName corresp="pe2133">Bodén</persName> lär ämna skicka den till <persName corresp="pe500">Professor Hjelt</persName>. <anchor xml:id="start26706"/>oacktat alla dessa omständigheter så lär ändå ej lagen tillåta annan begrafning än i tysthet,<anchor xml:id="end26706"/> den lär ske i morgon. är icke altdetta rysligt? jag kan ej säga hur tungt det är. <persName corresp="pe2085">Louise</persName> stackare har nu fått veta altsammans. <anchor xml:id="start38603"/>medföljande bref<anchor xml:id="end38603"/> låg på hans skrifbord han sade om måndagen åt mig att han höll på att skrifva till Zachris men det blef ej fär<pb/>digt det är nu hans afsked till dig.</p>
        <p>Jag kan nu ej skrifva om något annat och detta är nog för en gång. jo om <persName corresp="pe79">Alexander</persName> har vi ännu ej hört om han kommit till <placeName corresp="pl119">Brahestad</placeName>, han for i lördags men skall ej orkat längre än till <placeName corresp="pl269">GCarleby</placeName> där han måste stadna men hur länge vet vi ej <rs corresp="pe28"><anchor xml:id="start26707"/>moster</rs> vet ej detta engång<anchor xml:id="end26707"/> ty då vore hon otröstlig.</p>
        <p>Jag kan väl tro att <persName corresp="pe2133">Bodén</persName> skrifver till <persName corresp="pe500">Hjelt</persName> utförligt om <persName corresp="pe33">Blanks</persName> <anchor xml:id="start26708"/>besigtning<anchor xml:id="end26708"/> så där får ni väl veta mer om du vill.</p>
        <p>hjerteliga hälsningar och omfamningar till er alla från</p>
        <closer>
          <signed>farmor.</signed>
        </closer>
        <postscript>
          <p>nu kommer jag i håg <persName corresp="pe10">Emelies</persName> fråga om mjöl vist vore det bra att få tack kära barn, nog får jag det i från <placeName corresp="pl574">Jacobstad</placeName> kanske ni och skickar er kista som vanligt, så skickar jag dit efter.</p>
        </postscript>
        <postscript>
          <p rend="place_previousPage_leftMargin"><!--skrivet i vänstra marginalen på sid. 2--><persName corresp="pe323">Fanny</persName> tackar för tyget, hon stackare har ännu skakningar och sömnlöshet <gap reason="overstrike" extent="3" unit="words"/></p>
        </postscript>
      </div>
    </body>
  </text>
</TEI>