﻿<?xml version="1.0" encoding="UTF-8"?>
<TEI xmlns:xsi="http://www.w3.org/2001/XMLSchema-instance" xmlns="http://www.tei-c.org/ns/1.0" xsi:schemaLocation="http://www.tei-c.org/ns/1.0 file:/T:/Instruktioner,%20manualer,%20scheman/TEI-scheman%20(AM)/tei_brevschema.xsd">
  <teiHeader>
    <fileDesc>
      <titleStmt>
        <title>Br1663</title>
        <respStmt>
          <resp>Ansvarig redaktör:</resp>
          <name>Laura Mattsson</name>
        </respStmt>
      </titleStmt>
      <publicationStmt>
        <publisher>Zacharias Topelius Skrifter</publisher>
      </publicationStmt>
      <sourceDesc>
        <p>Arkivsignum: se databas</p>
      </sourceDesc>
    </fileDesc>
    <profileDesc>
      <handNotes>
        <handNote medium="black-ink" />
      </handNotes>
    </profileDesc>
  </teiHeader>
  <text>
    <body xml:space="preserve">
      <!-- – ” ’ æ ½ -->
      <div type="letter">
        <opener>
          <dateline>3. Jan. 1868.</dateline>
          <salute>Älskade kära barn!</salute>
        </opener>
        <p rend="noIndent">Ännu har Gud i sin nåd förunnat mig att upplefva ett nytt års början, fortgången där af står som altannat i hans faderliga vilja. Samma goda fader beskydde och bevare er äfven detta år och i all er framtid, både stora och små alla ligga ni mig så ömt om hjertat måtte Gud upfylla alla mina önskningar för er om dett är eder nyttigt. hälsa <persName corresp="pe11">Aina</persName> och <persName corresp="pe561">Berndt</persName> de är ju och barnen mina och ligger mig lika ömt om hjertat, <persName corresp="pe11">Aina</persName> mit första kära barnabarn. Julafton for vi till <placeName corresp="pl1142">Larsmo</placeName>, och dröjde där till d. 30. vi kommo så väl i håg er bröllops dag. Juldagarna kan ni väl förstå förflöt, intet kan jag säga i tysthet ty <persName corresp="pe472">Poje</persName> bulrade med sina julklapper<pb /> en trumma, en pistol, en kanon, och en bläcksparbössa med några slantar uti, barnen hade en hel mängd julklapper sins emellan. <persName corresp="pe555">Emmi</persName> hade roa de små med hvarje handa. jul träd dett förstås. tack för <anchor xml:id="start31209" />generaln<anchor xml:id="end31209" /> som hänger nu på väggen oskadd och ser så bussig ut som han aldrig varit i krig. jag fick 4. julklapper. <persName corresp="pe323">Fanny</persName> fick 7. hon hälsar och tackar för <title corresp="tw119">fältskärn</title>. Nyårs afton var <persName corresp="pe6544">Ezers</persName> och <persName corresp="pe2245">mamsell Glansk</persName> hos oss. och så kom in bärandes en topp socker <unclear reason="writing" resp="EK">v.</unclear> <anchor xml:id="start31206" />23. ℔<anchor xml:id="end31206" /><!--skålpund-->. Nyårsdagen var här en mängd gratulanter. på qvällen gick jag och <persName corresp="pe323">Fanny</persName> en stund till <persName corresp="pe658">Dyhrns</persName> där träffade vi <persName corresp="pe119">Lotta</persName> <persName corresp="pe560">Mimmi</persName> och <persName corresp="pe3441">Hjalmar</persName>. <persName corresp="pe320">Augusta</persName> var ej med i dag tycker jag just att de skall komma hit. <persName corresp="pe3441">Hjalmar</persName> har rest i dag.</p>
        <pb />
        <p>Just som jag ned skrifvit föregående så hörde jag <persName corresp="pe320">Augustas</persName> och <persName corresp="pe119">Lottas</persName> röst i salen, så att jag genast framför deras hälsning. <persName corresp="pe50">Lybeck</persName> är ej bra i halsen. Jag ser så illa att jag kommer i från raden som ni ser. vi har dimmit att dett är nästan skymning hela dagen. eljest vackert väder blott 10. gr. när vi for från <placeName corresp="pl1142">Larsmo</placeName> var dett på morgonen 25 gr om middagen då vi reste, 17. och på qvällen 6. eljest hade vi före jul 38. Nöden är sig lik vi hade jul Marknad måndagen före jul, i köket om kring 300. afnämare, och sen alla dagar som vanligt. <persName corresp="pe54">Schalin</persName> sade att <persName corresp="pe6450">Normén</persName> sagt att han förundrat sig öfver att här i <placeName corresp="pl855">österbotn</placeName> de intet begärt direct under stöd men öfveralt ha de begärt arbete.<pb /> <placeName corresp="pl1513">Lappojokis</placeName> rensning lär ändå ej bli af, knapt lär väl heller <placeName corresp="pl1142">Larsmo</placeName>bona få väga hjelp de ger minst där det bäst behöfs. hon som skulle skicka profsjal ligger sjuk och torde ligga länge om hon stiger opp mer? kommer de och bjuder ut någon så skall jag väl köpa men hvad är dett att skicka prof de vill sälja i smått hvarefter de får färdigt de kan ej vänta och svälta nöden är här stor våra stadsbor de ger mycket. man talar om arbete, men den som ser dageligen en mängd trasiga och hungriga barn, och gamla orklösa personer så kan man ej annat än hjelpa för stunden. <anchor xml:id="start31210" />Slöjd bolaget<anchor xml:id="end31210" /> tycker jag är mycket bra för kommande tider men för detta år hinner dett ej till – folket har ingen material att göra af här på orten odlas ej lin och litet hampa och på blef mindre för sjukdom gick i vintras så mången blef utan får <!--brevet fortsätter i vänstra marginalen på sid. 4--><seg rend="place_leftMargin">med <persName corresp="pe19">Oscar</persName> eller <persName corresp="pe9319">mamsell Witting</persName> skall jag skicka <placeName corresp="pl1042">qveflax</placeName> mjöl och rot <persName corresp="pe54">Wilhelm</persName> skall predika den 16 feb. i <placeName corresp="pl1042">Qveflax</placeName>. <anchor xml:id="start31211" />man anser <persName corresp="pe548">Nordman</persName> som sjelfskrifven.<anchor xml:id="end31211" /></seg> <!--brevet fortsätter i vänstra marginalen på sid. 3--><seg rend="place_previousPage_leftMargin">Ni har väl hört att <persName corresp="pe2130">Höckert</persName> är kallad att sitta som Asessorr i <placeName corresp="pl2561">Wasa</placeName> hofrätt. fåse hvem som blir hans vicarie här.</seg> <!--brevet fortsätter i vänstra marginalen på sid. 2--><seg rend="place_previousPage_leftMargin"><persName corresp="pe6544">Esers</persName> mår bra intet tror jag de varit utom grinden i helgen han har tagit sig renskrifnings arbete. dett är en sällsynt arbet<unclear reason="writing" resp="EK">sam</unclear> yngling.</seg> <!--brevet fortsätter i vänstra marginalen på sid. 1--><seg rend="place_previousPage_leftMargin">Dagsljuset och papperet är slut Gud vare med er mina kära älskade barn hälsningar till alla från farmor. <persName corresp="pe614">Zache</persName> du skrifver väl till mig <anchor xml:id="start31199" />från <placeName corresp="pl2735">Åbo<anchor xml:id="end31199" /></placeName>.</seg> <!--brevet fortsätter i övre kanten på sid. 1--><seg rend="place_previousPage_topMargin">behöfs dett bara vanlig utanskrift tar du ut brefven sjelf.</seg></p>
      </div>
    </body>
  </text>
</TEI>