<?xml version='1.0' encoding='UTF-8'?><TEI xmlns:xsi="http://www.w3.org/2001/XMLSchema-instance" xmlns="http://www.tei-c.org/ns/1.0" xsi:schemaLocation="http://www.tei-c.org/ns/1.0 file:/T:/Instruktioner,%20manualer,%20scheman/TEI-scheman%20(AM)/tei_brevschema.xsd">
  <teiHeader>
    <fileDesc>
      <titleStmt>
        <title>Br1658</title>
        <respStmt>
          <resp>Ansvarig redaktör:</resp>
          <name>Laura Mattsson</name>
        </respStmt>
      </titleStmt>
      <publicationStmt>
        <publisher>Zacharias Topelius Skrifter</publisher>
      </publicationStmt>
      <sourceDesc>
        <p>Arkivsignum: se databas</p>
      </sourceDesc>
    </fileDesc>
    <profileDesc>
      <handNotes>
        <handNote medium="black-ink"/>
      </handNotes>
    </profileDesc>
  </teiHeader>
  <text>
    <body xml:space="preserve">
      <!-- – ” ’ æ ½ -->
      <div type="letter">
        <opener>
          <dateline>23. Maj.</dateline>
          <salute>Mina käraste!</salute>
        </opener>
        <p rend="noIndent">Jag kan ej låta bli att skicka er några rader fast ni kanske knapt har tid att genomögna dem. Jag för modar att du kära <persName corresp="pe614">Zacke</persName> är den som kanske ändå har nån ledig stund, i alt dett stora <anchor xml:id="start38947"/>bråk<anchor xml:id="end38947"/> som ni säkert har. Så att <persName corresp="pe11"><anchor xml:id="start27975"/>Aina</persName> pian nu har kommit så långt<anchor xml:id="end27975"/>, ni vet nog hur mycket jag deltar i alt som rör henne och er, således behöfver jag ej säga dett. bara hon nu kan ackta sig vid alt detta bestyr, att hon ej förkyler sig på nytt, vaka där öfver att ej så sker. hvad jag beklagar dig kära <persName corresp="pe10">Emelie</persName>, som så mycket hvilar på, Gud gifve dig krafter så du står ut där med. här gick dett rycktet länge sen att <persName corresp="pe11">Aina</persName> skulle bli den utvalda, troligen har <persName corresp="pe2253">Helena</persName> skrifvit därom, hon får väl äfven vara med och binda kransar än <persName corresp="pe6547">flickorna Rosenkampff</persName> få<del>r</del> de vara med? <persName corresp="pe28">Moster Nena</persName> kom midt i alt i hop, jag längtar att få höra hur hon tålde vid<pb/> resans besvärligheter, dett blåste myckett kallt här. annat kan man väl ej med första bref få veta. men hur ni ställt till med rum till först kan jag ej gissa till, ingenting kan väl göras åt ögat förän alt blir lungt i gen hos er. hälsa henne hjerteligen från oss. Ja nog är ni altid i mina tankar kära barn och n<subst><del>y</del><add>u</add></subst> i synnerhet, vist får man i <placeName corresp="pl399">Helsingfors</placeName> hvad till sådant bestyr fodras, men pengar och omtanke skall vara dett första. ta bara ej till för knapt ty toma fat är ledsamt jag har ej begrepp om trackteringen. Kära <persName corresp="pe11">Aina</persName> pian så att du nu blifvit så upburen, dett har nu värde på sitt sätt, måtte du kunna upskatta hedern till dess rätta värde och ej därutöfver litet vigtig måste du väl vara, och upmärksam på dina skyldigheter att du kan upbära värdigheten. Gud bevara dig kära barn för fåfänga och egen kärlek och alt annat ondt. måtte din hals nu vara bra. men var försigtig.</p>
        <pb/>
        <p>Nu kära Zache är båten färdig men är ännu i <placeName corresp="pl1142">Larsmo</placeName> jag vet ej om vi skall skicka efter den eller om de för hit den, där på stället kostar den 13. rubel. sen skall den väl målas du skall upge hvad färg den skall ha nog kommer <persName corresp="pe594">Hind.</persName> till <placeName corresp="pl35">Alörn</placeName> när du kommer hit. ännu har jag ej tackat för trädgårds frön tack, tack. <persName corresp="pe272">Toini</persName> och <persName corresp="pe13">Eva</persName> de skall nu vara i sitt element när dett blir så mycket ungt folk hos er, men håll dem i skinnet, farmor ber dem vara stilla och snälla pior som jag sen får höra. <persName corresp="pe323">Fanny</persName> hälsar och gratulerar <persName corresp="pe11">Aina</persName> <persName corresp="pe2166">Inga Wennerholm</persName> blef så till sig hon vet ingen ting bättre än <persName corresp="pe11">Aina</persName>. få se nu när ni kan komma hit. intet kan ni väl resa innan ögonoperation för sig gått, Gud låte den lyckas. häla <persName corresp="pe37">Albert</persName> och <persName corresp="pe798">Rosenkampffs</persName>. är nu <persName corresp="pe476">Carl</persName> och <persName corresp="pe24">Fanny</persName> på vägen har de bra kallt och blåsigt. Gud vare med er kära barn. Måtte alt lyckas utan för tret eller ledsamhetet som vanligen följer stora <hi rend="underline">kalas</hi></p>
      </div>
    </body>
  </text>
</TEI>