﻿<?xml version="1.0" encoding="UTF-8"?>
<TEI xmlns:xsi="http://www.w3.org/2001/XMLSchema-instance"
 xsi:schemaLocation="http://www.tei-c.org/ns/1.0 file:/T:/Instruktioner,%20manualer,%20scheman/TEI-scheman%20(AM)/tei_manuskriptschema.xsd"
 xmlns="http://www.tei-c.org/ns/1.0">
  <teiHeader>
    <fileDesc>
      <titleStmt>
        <title>NB 244.108</title>
        <respStmt>
          <resp>Transkribering, ms-beskrivande kodning:</resp>
          <name>JS</name>
        </respStmt>
        <respStmt>
          <resp>Övrig kodning:</resp>
          <name>NN (XX-XX-20XX)</name>
        </respStmt>
      </titleStmt>
      <publicationStmt>
        <publisher>Zacharias Topelius Skrifter</publisher>
      </publicationStmt>
      <sourceDesc>
        <p>Arkivsignum: se ovan</p>
      </sourceDesc>
    </fileDesc>
    <profileDesc>
      <handNotes>
        <handNote medium="black-ink"/>
      </handNotes>
    </profileDesc>
  </teiHeader>
  <text>
    <body xml:space="preserve">
      <div type="lecture">
        <div type="chapter" id="ch1">
      <pb type="author" n="1"/><pb type="other" n="121"/>
          <head type="title" rend="underline">Anteckningar, rörande <persName corresp="pe122">Elias Lönnrots</persName> plats i <placeName corresp="pl62">Finlands</placeName> Historia.</head>
      <p n="1">Mensklig storhet, <del>är relativ,</del> <add><del>beror</del></add> <add>betraktad</add> <del>så</del>som <del>allt jordiskt,</del> mått, <add>beror</add> på en jemförelse. <del>Äfven myran är stor vid sidan af mikroskopiska varelser. Den störste bland menniskor</del> Den planet, der vi bo, synes för oss som en <del>hel</del> verld och är dock ett sandkorn mot solen. Mästaren sade: »Bland dem, som af qvinnor födts, är ingen större, än <persName corresp="pe7778">Johannes</persName>; men den minste i himmelriket är större än han.»</p>
      <p>Storheten <del>beror af</del> <add>ligger</add> <del>derför</del> <del>icke af</del> <add>i</add> <del>måttet,</del> <add>målet,</add> <del>utan af</del> <add>icke i</add> må<subst><del>l</del><add>tt</add></subst>et. <add place="rightMargin"><del>Det</del><add>Det</add> storartade är icke i sig stort.</add> Att arbeta för ändliga, sjelfviska ändamål, är, äfven med de mest lysande gåfvor, <add place="inline"><del>och bragder,</del></add> litet. Att uppställa för sig och <add place="rightMargin"><del>sjelfförsakande</del></add> söka i lifvet förverkliga <del>höga</del> <add>ädla</add> <del>menskliga</del> <add place="rightMargin">sjelfförsakande</add> mål, detta är, äfven med ringare gåfvor, den enda storhet historien erkänner.</p>
      <p>Stora namn äro sitt folks egendom. De förkroppsliga folkanden, belysa dess djup, samla dess kraft, angifva dess riktning. Att glädjas åt dem, att af dem känna sig lyftad och manad, är menskligt berättigadt. Att knäböja för dem, är sjelftillbedjan.</p>
      <p>Multnade ben i grafvarna äro starka nog att uppbära minnesvårdarne, men ärestoder åt lefvande trycka till jorden. <del>Ju högre mål, desto högre måttstock</del> Prisa icke tallen på berget för att han står så högt öfver småskogen<subst><del>,</del><add>.</add></subst> <del><subst><del>H</del><add>h</add></subst>an</del> <subst><del>m</del><add>M</add></subst>äter <add>han</add> sin storhet efter himmelens höjd, <del>och</del> <add>måste han</add> känn<subst><del>er</del><add>a</add></subst> sig undermålig. Prisa <del>honom</del> <add place="inline">honom</add> hellre, <del>der</del> <del><add><del>när han</del></add> fallit för stormen, hans sträfv</del> bruten af stormen, för att han sträckt sin <del>famn</del> krona mot höjden. <del>Lofordet kränker</del> Allt loford, som gäller, <del>måttet</del> <add>individen</add>, kränker <restore>och föråt</restore> <!-- Istället för föråt mjukar kan det kanske uttolkas som förödmjukar? KL --><del>målet.</del> <restore>mjukar</restore> <add>emedan hans brist uppreser sig deremot.</add> Allt i sanning stort flyr undan menniskors pris.</p>
      <p>Der ett folk <del>sträcker</del> utbreder sin famn mot bärarne af dess bästa kraft, må det prisa sina döda, men älska <del>sina</del> <add>de</add> lefvande. Kärleken <del>kan icke förödmjuka,</del> <add place="rightMargin"><del>lyftar och värmer, den kan</del> <add>känner intet mått, den älskar</add> för att den icke kan annorlunda.</add> <del>ka</del> På jorden finns intet så högt, att det icke skulle nås af kärlekens armar och känna sig lyckligt deraf. Icke folkgunst, som i dag ropar hosianna, i morgon korsfäst! Icke<pb type="author" n="2"/><pb type="other unwritten" n="122"/> morgonens rykte och qvällens glömska. Endast den kärlek, som omfattar ett helt lif och en hel personlighet, kan bära ett namn <del>från slägte till slägte</del> till efterverlden.</p>
      <p>Individen framträder i vårt land sent. Från <placeName corresp="pl62">Finlands</placeName> hedni<subst><del>n</del><add>s</add></subst>ka forntid återstå mythens dimbilder, men intet enda med säkerhet konstateradt historiskt namn.</p>
      <p>Fyra folk strida på <placeName corresp="pl62">Finlands</placeName> jord. Midtunder deras sjelfviska tummel öfverraska<add place="inline">s</add> de af historiens makter. Staten omgärdar dem, kyrkan uppfostrar dem, samhället ordnar dem. Tre af de fyra skifta landet, de<subst><del>n</del><add>t</add></subst> fjerde flyr. Den historiska traditionen, <add place="leftMargin">mäktigare än här, konst och språk, begynner</add> <del>börjar</del> sitt arbete<subst><del>,</del><add>.</add></subst> <subst><del>d</del><add>D</add></subst>e tre börja <del>att</del> sammanvexa, i kamp för lifvet, kamp för friheten, kamp för kultur och folkmedvetande. Härmed har <placeName corresp="pl62">Finlands</placeName> historia fått sitt innehåll, <add place="leftMargin">och dess resultat är <hi rend="underline">ett</hi> folk.</add> <del>Men</del> <subst><del>s</del><add>S</add></subst>ammanvexandet sker <del>så</del> långsamt<subst><del>,</del><add>.</add> </subst><del>att</del> <add><del>detta resultat ännu</del></add> <add place="leftMargin">Landet är styckadt i provinser, folken kifvas och härja hvarandras områden. <del>Från och med</del> <subst><del>i</del><add>I</add></subst> sextonde seklet <del>vela</del> <add>börja</add> landskapen sammangro, efter stora ofreden känner man blott ett <placeName corresp="pl62">Finland</placeName>. Vid samma tid <del>har</del></add> efter fem och ett halft århundrade <del>två <add place="leftMargin"><del>af dessa folk</del></add> äro <add><del>synas</del></add> betänkte på att utmönstra de<subst><del>n</del><add>t</add></subst> tredje</del> <del>dessa</del> icke är obestridt.</p>
      <p><del>Vid h</del><del>I historien röra sig massorna framåt</del><del>Historien behandlar massor, men massorna röra sig framåt</del>Vid historiens gryning börjar individen i <placeName corresp="pl62">Finland</placeName> framträda ur <del>massorna</del> <add>massorn<subst><del>as</del><add>a</add></subst>.</add> <add><del>skugga</del></add> Främst kyrkofurstarn<subst><del>a</del><add>e</add></subst>, dernäst hjeltarne; <del>sedan statsmannen,</del> <add>statsmän och krigare</add> <del>derpå derefter män af allt aristokratiska</del> <add>torn</add>spetsar, framskjutande från en byggnad i skuggan. I <del>de djupa lederna</del> <add>folkets <subst><del>le</del><add>d</add></subst>jupare leder</add> <del>börjar man urskilja folkchefer</del> framskymtas <del>har och der</del> <add>ännu sällan</add> en <del>folkledar</del> <add><del>chef</del></add> taleman<subst><del>,</del><add>.</add></subst> <add><del>Tiden går,</del></add> <add>Seklerna röra sig framåt,</add> vetenskapsmannen framträda, <add>folk</add>skalderne <add place="leftMargin">få namn, konstpoesin <del>börjar</del></add> <del>börja</del> ansl<subst><del>a</del><add>år</add></subst> en ovan lyra<subst><del>,</del><add>.</add></subst> <subst><del>k</del><add>K</add></subst>onstnärerne följa sist i ordningen. Deras framträdande, samtidigt med <del>två</del> en skald<del>er</del> af första rangen, betecknar en middagsljusning, hvilken belyser äfven de dittills i skugga liggande lagren af folket och <add place="inline">fram</add>manar <del>i dagen dess</del> namn. <del>Individens</del> <del>Utan att någonsin</del> <del>Individen kan</del> <add place="leftMargin">Höjd öfver massan, <del>kan</del> är</add> <subst><del>D</del><add>d</add></subst>en historisk<subst><del>a</del><add>e</add></subst> individen <del>kan</del> <add>alltid</add> <del>aldrig fullt förneka den aristokratiska</del> <add>en</add> tornspir<subst><del>an</del><add>a</add></subst>, men han demokratiseras, hans <del>höjd</del> <add>nivå</add> förminskas i den mån spetsarne stiga talrikare fram.</p>
      <p>I denna tidernas smältugn har likväl från början sjudit en malm, ur hvilken individerne framgått. Låt oss kalla den <hi rend="underline">folkande</hi>; vi hafva intet bättre ord för att beteckna <del>det</del> de gemensamma, i olika nyanser skiftande grunddragen hos ett folk. Folkanden har uppstått ur gemensam härkomst, gemensamt språk, gemensamma naturförhållanden, men framför allt ur gemensamma historiska öden och <del>tidernas</del><pb type="author" n="3"/><pb type="other" n="123"></pb> seklernas uppfostran. Men der, <del>–</del> som i <placeName corresp="pl62">Finland</placeName>, <del>och för öfrigt <add><del>bland</del></add> alla <placeName corresp="pl145">Europas</placeName> nationer,</del> olikartade folk<del>elementer</del> sammandrabbat och långsamt hopsmälta, der utbildar sig efterhand ett slags kompromiss. Folkanden upptager i sig ursprungligen främmande folkelementer, assimilerar dem <del>i sig</del> efter sitt lynne och gör dem till sina. Det finns ingen härkomst och intet språk, som i längden kan motstå den historiska traditionens allt öfverväldigande makt. Det finns intet europeiskt folk, som <del>ens i sina grunddrag,</del> mer skulle vara <add>fullkomligt</add> hvad det från början var, – <del>som</del> <add>som <del>hvilket</del></add> skulle tänka, känna, lefva, åskåda, handla alldeles så, som det tänkt, kännt, lefvat, åskådat och handlat i början af sin tillvaro. Allt är kompromiss, och att förneka detta, vore att förneka utvecklingens lagar. <del>Men</del> <add place="inline">Men under det att folkanden</add> <subst><del>I</del><add>i</add></subst> och med detta inlefvande i förut okända handlings- och åskådningssätt utbildar sig <del>folkanden</del> för hvarje sekel ny, <del>och likväl i hvarje sekel bibehållande</del> <add place="inline">behåller han likväl</add> <add>ständigt</add> någonting ärfdt och ärftligt, som utgör <del>sin</del> <del>dess</del> <add>hans</add> <del>kärna</del> <add place="inline">lifsgrund.</add></p>
      <p>Hvari består då denna gemensamma lifsgrund, denna folkandens kärna, hos de tre folk, <add place="rightMargin">Tavaster, Karelare, <add>och <del>här</del></add> koloniserade Svenskar,</add> hvilka historiens makter så att säga inklämt i hvarandras famn och <add>fortfara att <del>allt sedan år 1323</del></add> <del>tvunget att vexa tillsamman till</del> <add><del>behandlat som</del></add> <add>hopfoga till</add> ett? Svaret är icke lätt, af det enkla skäl, att <del>sammanvexandet ännu ej är fullbordadt</del> de <add>tre</add> ännu ej vuxit fullständigt tillsamman. Fråga vi ethnografin, stöta vi på betydande olikheter. Fråga vi språket, finna vi två sådana. Fråga vi <title corresp="ve195">Kalevala</title>, bär detta spår af <title corresp="ve79">Eddan</title>, och fråga vi <title corresp="ve79">Eddan</title>, bär denna spår af <title corresp="ve195">Kalevala</title>. Svaret kan icke ligga annorstädes, än i <del><placeName corresp="pl62">Finlands</placeName></del> <add>landets</add> historia. <add place="inline">Historien är folkanden, omsatt i <add>handling.</add></add></p>
      <p><del>Alltsedan 1323 känner icke historien mer än ett folk i <placeName corresp="pl62">Finland</placeName></del><del>Den börjar med tre folk <add place="inline"><del>söndrade folk</del></add> och styckade landet i provinser.</del> Den börjar med <del>brist</del> politiskt underkufvande. <del>till följd af brist på initiativ och på sammanhållning. <persName corresp="pe843">Ruriks</persName> finska stamfolk <supplied reason="damage" resp="JS">för</supplied>mådde ej grunda ett finskt rike och fortfar med <gap reason="damage" extent="1" unit="words"/> fö</del> All</p>
        </div>
      </div>
    </body><!-- – ” ’ æ † / ⁄ ½ ⅓ ¼ □ ° % − -->
  </text>
</TEI>
