﻿<?xml version="1.0" encoding="UTF-8"?>
<TEI xmlns:xsi="http://www.w3.org/2001/XMLSchema-instance"
 xsi:schemaLocation="http://www.tei-c.org/ns/1.0 file:/T:/Instruktioner,%20manualer,%20scheman/TEI-scheman%20(AM)/tei_manuskriptschema.xsd"
 xmlns="http://www.tei-c.org/ns/1.0">
  <teiHeader>
    <fileDesc>
      <titleStmt>
        <title>NB 244.108</title>
        <respStmt>
          <resp>Transkribering, ms-beskrivande kodning:</resp>
          <name>JS</name>
        </respStmt>
        <respStmt>
          <resp>Övrig kodning:</resp>
          <name>NN (XX-XX-20XX)</name>
        </respStmt>
      </titleStmt>
      <publicationStmt>
        <publisher>Zacharias Topelius Skrifter</publisher>
      </publicationStmt>
      <sourceDesc>
        <p>Arkivsignum: se ovan</p>
      </sourceDesc>
    </fileDesc>
    <profileDesc>
      <handNotes>
        <handNote medium="black-ink"/>
      </handNotes>
    </profileDesc>
  </teiHeader>
  <text>
    <body xml:space="preserve">
      <div type="lecture">
      <div type="chapter" id="ch1">
      <pb type="author" n="1"/>
      <head type="title"><hi rend="underline">Om Finska Folkets <del>Bestämmelse.</del> <add>och Stammens</add> Betydelse i Historien. Föredrag hållet i Akademiska Läseföreningen den <del>3 Mars</del> <date when="1848-04-07"><add>7 April</add> 1848</date>.</hi></head>
      <p n="1"><choice><abbr>MM. HH.</abbr><expan resp="JS">Mina Herrar</expan></choice></p>
      <p n="1">Det är utan tvifvel en den största fördel af studentlifvet, att otvunget få byta sina tankar i alla de ämnen, som ligga både hjertat och forskningen närmast; det är en lycka, som man icke njuter i andra kretsar af lifvet och hvilken man, inkommen på andra banor, med saknad skall erinra sig. Må vara att studentens uppfattning ofta är öfverilad, hans omdömen omogna, <add place="inline">hela</add> hans <del>blick</del> synkrets kringycklad af de<subst><del>nn</del><add>ss</add></subst>a sköna, men <add place="inline"><del>för</del></add> villande luftbilder, som oupphörligt födas och dö <del>i yn</del> för ynglingablicken. Det är hans rättighet att, ännu en nybörjare på forskningens väg, supplera tankens förnuftsslut med hjertats ingifvelser<subst><del>, o</del><add>. O</add></subst>ch äfven hjertats werld har sin sanning, hög och skön; allt det yppersta, <del>och</del> <add>det</add> bästa, <subst><del>som</del><add>för</add></subst> hvilket menniskor lefvat och dött, har rotats i känslan, innan det blommat i tanken och burit frukter i handlingen; hwarföre skulle ynglingen blygas <del>för</del> att stå med den bästa delen af sitt wäsende under hjertats inflytande? <del>Tvärtom är det just detta som gör att det unga i werlden drifwer werlden fram;</del> <del>ty</del> <subst><del>d</del><add>D</add></subst>en mognade <del>efter</del>tanken gör icke händelserna; han väger dem, han <subst><del><unclear reason="overwritten" resp="JS"></unclear></del><add>lä</add></subst>nkar dem, han antecknar dem; han är alltid mer eller mindre en <hi rend="underline">eftertanke</hi>. Men det unga i werlden, det drifwer werlden fram, emedan det handlar efter ingifvelse, emedan det väger intet, beräknar intet, utan, <del>lik</del>som en af <placeName corresp="pl332">Sveriges</placeName> störste skalder sagt om skalderne: <del>följer</del> <add>diktar</add> blindt <del>hvart</del> <add>som</add> anden will.</p>
      <p>Det <add>fria tankebytet</add> är icke den enda fördel Läseföreningen medför, i sin egenskap af studentlifvets nuvarande föreningspunkt; den äger en högre: den, att inom sig samla en krets, <del>på eng</del> öppen för hjertats hopp och tro på samma gång som för tankens medvetna forskningar. Och det är<pb type="author" n="2"></pb> ej utan afsigt jag erinrat mig detta, när jag nu går att säga några ord om ett ämne, som för er, <choice><abbr>MM. HH.</abbr><expan resp="JS">Mina Herrar</expan></choice>, för mig, för alla, hvilka önska trygga sin tro på ett fädernesland wid något mer än stundens försvinnande skuggor, måste hafwa ett högt intresse. Det har synts mig, som skulle jag just i er krets, och kanske endast i den, både rätt förstår och mildt bedömas, ty hvad jag har att säga, det tillhör ändock <del>slutligen</del> <add>måhända</add> hjertat mera än den kalla eftertanken<del> eller den wetenskapliga forskningen</del>, ehuru jag fritt må bekänna, att jag från de<subst><del>n</del><add>m</add></subst> sökt hämta mig stöd, så widt jag förmått.</p>
      <p>Det <del>är</del> <add>var</add> min afsigt att, till trots för tidens fritänkeri och månge<subst><del>n</del><add>t</add></subst> afskräckande exempel på misstag af mer eller mindre löjlig natur, gifwa mig ut på ett det sliprigaste, det vanskligaste fält: på spådomens. Och <del>skulle</del> <add>när</add> jag <add>besinnade, huru lätt jag</add> dervid <add>kunde</add> dela så mången annan spåmans öde, att desavoueras af framtiden, så trösta<subst><del>r</del><add>de</add></subst> jag mig med wissheten, att när detta inträffar, längesedan hafwa trädt ur skotthåll för det åtlöje, som faller på den bedragne siarens lott.</p>
      <p>Ja, <choice><abbr>MM. HH.</abbr><expan resp="JS">Mina Herrar</expan></choice>, <del>meningen är</del> <add>jag hade för afsigt</add> att säga några ord om <hi rend="underline">Finska folkets bestämmelse</hi><subst><del>,</del><add>.</add></subst> <add place="leftMargin">Likväl fann jag snart, att om jag ville vindicera åt de<subst><del>t</del><add>n</add></subst>na framställning något reelare värde, än det af en mer eller mindre <del>lyckad</del> <add>godtycklig</add> fantasi, jag nödvändigt borde söka för den ett stöd både i det framfarna och det närvarande. Jag öfvergaf således den vanskliga tanken på en siares kall och beslöt att, på en fastare ehuru mindre skimrande botten våga några ord om: <lb/><hi rend="underline">Finska folkets och stammens betydelse för historien</hi>. Det är för detta vågstycke jag utber mig er benägna uppmärksamhet.</add> <del>och jag utber mig för detta ämne en stunds uppmärksamhet.</del></p>
      <p>Historien har att tacka naturwetenskaperna för oändeligt mycket och hon står till dem <gap reason="overstrike" extent="1" unit="letters"/> i den största skuld jemväl för begreppet af <hi rend="underline">organism</hi>, hvilket, öfverfördt från den rent mat<subst><del><unclear reason="overwritten" resp="JS"></unclear></del><add>er</add></subst>iela utvecklingen i vissa kretsar af företeelserna, derifrån utsträckts till <del>hela verldsbyggnaden</del> kropparnas hela verld och slutligen funnit <subst><del>som</del><add>sin</add></subst> <add place="inline">högsta</add> tillämpning i kedjan af förnuftiga väsendens fria handlingar, i andens alla uppenbarelsen, korteligen i werldshistorien, fattad som ett lefvande helt. Det är <del>historiens</del> <add>det</add> största steg framåt, som historien någonsin tagit, att hon sålunda begripit sig sjelf såsom en<pb type="author" n="3"></pb> i sina minsta delar lefvande, sammanhängande, sig utvecklande och nödwändig organism, i<add place="inline">nom</add> hvilken, i stor mening, ingen slump äger rum, utan <del>der</del> allt har sin plats, <del>och</del> sin <del>förnuftiga</del> <add>individuela</add> betydelse och derigenom sitt berättigande. Och detta historiens framsteg är <add>så</add> oändligen stort icke blott för helhetens, det lefvande sammanhangets idé, hvilken så att säga utgör historiens själ och höjer henne från ett aggregat af händelser till ett uppebaradt förnuft; <add place="rightMargin">från krönika till wetenskap;</add> det är, om möjligt, än större derigenom, att historien först sålunda sättes i tillfälle att skipa rättvisa i stort, att anvisa alla sina länkar, både i tid, rymd och folkegendomligheter, deras <del>rik</del> rätta plats <del>och</del> <add>samt</add> med den deras relativa värde inbördes <add place="rightMargin">och för det hela.</add> .. Jag kallar detta en rättwisa i stort, emedan föga någon wetenskap så <del>forsy</del> som historien försyndat sig mot sig sjelf<subst><del>:</del><add>.</add></subst> <subst><del>Den</del><add>Hon</add></subst> har i dagen hållit endast blommorna <add>och frukterna</add> af sin utveckling, <add place="rightMargin">de glänsande vågorna, som <del>skimra</del> <add>höjas</add> och sänkas på ytan af hennes <del>bottenlösa</del> <add>mäktiga</add> ström;</add> <del>frukterna af sitt mångtusenåriga vegetativa lif;</del> – detta må vara skönt, nöjsamt; men det är dilettantiskt, det är orättwis<subst><del>a</del><add>t</add></subst>. Hvad! Skulle <del>icke</del> den gömda roten, den saftrika stammen eller bladen, genom hvilka hon andas, denna mångtusenåriga vext, skulle <del>icke</del> de <add>alls icke</add> <add><del>mindre</del></add> förtjena hennes uppmärksamhet, för det de icke mer äro det högsta, hvartill hon kommit? Strömmens djup, <del>skulle</del> med allt hvad deri brusar, skulle det förbises för ytans skimmer?</p>
      <p>Låtom oss tala tydligare.</p>
      <p>Skulle väl några få nationer, för det de i sig uppenbara <del>det mest</del> <add>sin tids högsta</add> utveckling och sålunda gå i spetsen för de öfriga; derföre wara de enda <add>wärdiga</add> föremål för historiens minnestaflor?<pb type="author" n="4"></pb> <del>Och äfven om så vore, skulle <add><del>endast</del></add> dessa blommor af utvecklingen, hvilka wi äro vana att föreställa oss under namnen stat, kyrka, wetenskap, konst, förtjena en plats i sag<subst><del>o</del><add>a</add></subst>n om mensklighetens långa bildningsarbete?</del></p>
      <p>Nej, ehuru jag är färdig att inrymma all den betydelse de förtjena åt de <add>af</add> histori<del>ska</del><add>en förherrligade</add> folken, <del>och de historiska formerna,</del> kan jag likväl ej förmå mig att förneka allt det utom dem liggande en betydelse och ett värde. Menskligheten, fattad som en enda stor organism, kan ej i wissa af sina delar wara ett lik. Man kan väl säga, att bröstet är en ädel del, emedan hjertat klappar deri; hufvudet en annan, emedan tanken der uppslagit sin boning. Men rätt förstådt, klappar hjertat i hvarje åder och i hvarje den minsta del rör sig <del>den snabba</del> tanken. <del>De</del> Utan periferi finnes ingen medelpunkt. De periferiska folken – <del>om</del> <add>i fall</add> jag får begagna detta uttryck om dem, hwilka härtills stå aflägsnade från <add>kulturens och statslifvets</add> medelpunkter<del>na för</del> – de skönjas mindre, emedan <del>alla blickar</del> <add>hvarje öga gerna</add> vänd<subst><del>a</del><add>e</add></subst>s åt centrum, men det ljus de derifrån emottaga, kasta <add><del>färger</del></add> de tillbaka, färgadt af deras individualilet, och ju mera intensivt detta färgspel är, desto mera låter det hoppas, att <del>medelpunkter</del> ljuscent<subst><del>er</del><add>rum</add></subst> engång skall flytta sig närmare dem<del>, de nu</del> och de i sin tur blifva medelpunkter för kulturen.</p>
      <p>Jag begagnar detta tillfälle att nämna några ord till förklaring och försvar för en tillförene yttrad åsigt, så mycket hellre, som det nyss sagda kan synas stå i motsägelse mot denna. Uti en<pb type="author" n="5"></pb> i Joukahainens andra häfte intagen uppsats, har jag uttalat den åsigt, att finska folkets <del>egentliga</del> historia i egentlig mening börjar med 1809 och att tiden mellan 1157 och <del>180</del> nyssnämnde år wore att betrakta som en skolans tid, ett förarbete till den andliga och politiska mognad, som betinga historien. Denna åsigt har, för ämnets skull, väckt någon uppmärksamhet och på <del>månget</del> <add>flera</add> håll en ogillande. Har jag förstått mina motståndare rätt, så stöda de sina argumenter dels på ett tvifvel om vigten af <placeName corresp="pl62">Finlands</placeName> ändrade statsförhållanden 1809, dels och hufvudsakligen på den skenbara absurditeteten af att vilja bortresonnera ett folk <del><hi rend="dashUnderline">och ett</hi></del> tidehvarf ur historien, hvilken dock, i deras mening, bör omfatta allt och alla.</p>
      <p>Ingen af er <choice><abbr>MM. HH.</abbr><expan resp="JS">Mina Herrar</expan></choice> torde fordra, att jag på detta s<subst><del>k</del><add>t</add></subst>älle skall närmare vidröra ett ämne, för grannlaga <add>måhända</add> det i detalj utvecklas. Med vidhållande af min åsigt om <placeName corresp="pl62">Finlands</placeName> förändrade och numera individuela statslif, nödgas jag hänvisa till de motiver jag i uppsatsen vågat anföra, <add place="rightMargin">erinrande för öfrigt derom, att jag icke framställt detta nya statslif såsom af en slump tillkommet, utan såsom genom <del>fol</del> nationens mognad berättigadt.</add> Hvad åter vidkommer den <del>andra delen</del> påstådda absurditeten af e<subst><del>n</del><add>tt</add></subst> ohistorisk<add place="inline">t</add> <del>tid</del> folk så nära samtiden, måste jag upprepa <del>ett af</del> en sats, som på wetenskapens nuvarande ståndpunkt torde gälla som axiom: den, att <hi rend="underline">historiskt är endast det folk, hvilket som folk är medwetet af sig sjelft och som sådant sjelf gör sin historie.</hi> Mi<subst><del>n</del><add>tt</add></subst> påstående reducerar sig, i följd häraf, dertill, att jag förnekat finska folket en historie före 1809, emedan jag ej <add place="rightMargin">före denna tid</add> kunnat hos detsamma upptäcka ett medwe<pb type="author" n="6"></pb>tande af sig sjelft såsom folk, men deremot efter <add>nämnde</add> <del>denna</del> tidpunkt <del>och</del> <del type="move">förmedelst söndringen från Sverige</del> gett detta medvetande <add place="other" type="move">förmedelst söndringen från <placeName corresp="pl332">Sverige</placeName></add> vakna och uttala sig i den nya nitälskan för finskt språk och finsk literatur. För att alltså bevisa denna åsigt vara falsk, synes mig nödvändigt, att man väljer ett af <add>de</add> tre: 1) antingen måste man kullslå hela den sats, på hvilken resonnemanget hvilar, och i sådant fall har man att <del>skaffa med</del> <add>strida mot</add> auktoriteter, för hvilka jag drar mig så långt som möjligt i skuggan; <del>eller ock 2)</del> gitter man icke det, så må man 2) utreda<del>,</del> hvaruti <del>ett</del> folkets sjelfmedvetande som nation under <del>de</del> tidrymden före 1809 uttalat sig, enär det är klart, att det som ej uttalat sig i sjelfva werket ej finnes till; eller ock m<subst><del>an</del><add>å</add></subst> man slutligen 3) bevisa, att ett sådant sjelfmedvetande efter 18<subst><del><unclear reason="overwritten" resp="JS"></unclear></del><add>0</add></subst>9 icke exsisterar nu mera än förr.</p>
      <p>Hvarje annat motskäl, än de på dessa grunder bygda, tör det tillswidare tillåtas mig att anse som underhaltigt. I det jag sålunda utber mig att ännu få widhålla min öfvertygelse i denna punkt, har jag tillika i det föregående bestridt den åsigt, som <add>icke blott</add> kastar <del>de periferiska</del> <add>vissa</add> folk<del>en</del> <del>icke blott</del> utom den egentliga historiens område, utan vill tränga dem i skuggan <add place="inline">äfven</add> sedan de upphört att vara hvad jag kallat periferiska, <add><choice><abbr>d. ä.</abbr><expan resp="JS">det är</expan></choice></add> sedan de <del>urkommit</del> med sjelfmedvetandets rätt inträdt i ljuscirkeln af samtidens kultur. Att ett sådant undanträngande försökts, derom kan man öfvertyga <add>sig</add> i flera tyska och fransyska författares werk; specielt bland de förra vill jag nämna <persName corresp="pe4020">Rotteck</persName>. Det är i synnerhet tysken, som med sin öfversvinneliga <foreign xml:lang="ger">deutsche Deutschthumlichkeit</foreign> i den historiska betraktelsen drifvit sjelfafguderiet<pb type="author" n="7"></pb> och det dermed <del>förenade</del> <add>sammanhängande</add> förnäma öfverseendet af de mindre folken ända till äckel. Och i sanning, man må huru ampelt som helst erkänna det germaniska elementets ofanteliga betydelse för den moderna werldsperioden, – svårligen skall man dock utan en hög grad af sjelf<subst><del>f</del><add>ö</add></subst>rblindelse kunna förneka äfven <del>de</del> andra folkelementer<del>na</del>, som i samtiden brottas om sin tillvaro, en, om äfven nu relativt ringa, dock för framtiden högst vigtig betydelse. Jag behöfver endast erinra om den mäktiga ande, som i wåra dagar <del>fattat</del> kommit till lif hos de slaviska folken och hvilken till en början sökt sig ett samband i den politiska drömmen om en <hi rend="underline">panslavism</hi>, men hvilken, fattad som en kulturhistorisk enhet, ofelbart förr eller sednare skall framträda som en fruktansvärd medtäflare <del>för</del> <add place="inline">till</add> germanismen och med denna kämpa om <placeName corresp="pl145">Europas</placeName> framtid.</p>
      <p>En naturlig tankegång leder från dessa betraktelser till den <del>för</del> oss Finnar så <del>vigtiga</del> <add>nära liggande</add> <!-- Ändrade från del tag till add tag KL -->frågan: <hi rend="underline">har i dessa redan började strider den finska nationaliteten en historisk betydelse, eller skall den någonsin tillkämpa sig en sådan</hi>?</p>
      <p>Behöfves väl en erinran om denna frågas omäteliga vigt för oss? Af dess besvarande beror ju ingenting mindre, än vår tillwaro som folk. Det är icke med folken, som med individerna, att de kunna slumra och vakna och derpå åter slumra in med wissheten att åter vakna upp. Ett folk kan, såsom det finska gjort, i årtusenden slumra bort sin barndom, men <add>har det, –</add> engång vakna<del>d</del><add>d</add>t till medvetande af sig sjelft, – <del>kan det icke åter somna in, utan att dö bort</del> ånyo somnat in, så <del>vaknar det icke</del> <add place="inline">är denna sömn icke mer den förra barndomens slummer,</add><pb type="author" n="8"></pb> <add place="topMargin">de<subst><del>t</del><add>n</add></subst> är en dödens dvala, och detta folk</add> <del>mer, det</del> är förloradt för sig sjelft, fast det vegeterar för werlden. Och hvad är ett folks historiska tillwaro annat än dess medvetna lif som länk i tillwarelsens stora organism? Det är således lika omöjligt för finska folket, <del>att</del> som för något annat, att stå betydelselöst och vegeterande i samtid och framtid, såwida det <hi rend="underline">will lefva</hi>. <del>Ty</del> <subst><del>d</del><add>D</add></subst>en torra qvisten rycker stormen bort; blott sjelfverksamheten finner en plats i förnuftets werld. <del>Intet</del> På werldens stora marknad köper ingen utan att tillika sälja, och det folk, som sätter sig före att endast taga och gifva intet igen, det går till ruin.</p>
      <p>Jag har ansett <del>ett svar på</del> den nämnda frågan kunna betraktas ur tre synpunkter, <del>och</del> nemligen: 1) den finska nationalitetens <del>st</del> <del>yttre</del> ställning <del>till andra folkegendomligheter</del> <add>i rummet och tiden</add>; 2) dess intensiva kraft och produktionsförmåga, samt 3) <subst><del><unclear reason="overwritten" resp="JS"></unclear></del><add>v</add></subst>ilkoren för dess utveckling. Endast genom ett efter förmåga sorgfälligt pröfvande af dessa tre momenter anser jag frågan kunna besvaras på ett sätt, som gör den oberoende af individuela hugskott och <del>möjligen</del> förut fattade fördomar.</p>
      <p>Det första faktum, som vid denna betraktelse faller i ögonen är e<subst><del>n</del><add>tt</add></subst> geografisk<add place="inline">t</add>. Ägde man en <gap reason="overstrike" extent="1" unit="letters"/> karta, <del>sön</del> på hvilken de skilda folkindividualiteterna vore med färger utmärkta, skulle man förvåndas öfver det ofantliga område, som den finska stammen <del>både</del> i äldre <del>och nyare</del> tider upptagit och ännu till en stor del bebor. Detta område sträckte sig <del>vid 11:te och 12:te</del> <add>redan i 9:de</add> seklet af wår tideräkning bevisligen öfver <del>större</del> <add>en stor</add> del<del>en</del> af det nuvarande europeiska <placeName corresp="pl43">Ryssland<del>s</del></placeName> långt upp i norden och östern af <placeName corresp="pl167">Asien</placeName> <add place="leftMargin">der länk vid länk sammanband den stora folkkedjan från <placeName corresp="pl2490">Ural</placeName> till <placeName corresp="pl32">Altai</placeName>, dess vagga;</add> vidare <del>öfver</del> in i centern af <placeName corresp="pl145">Europa</placeName> i <placeName corresp="pl3140">Ungern</placeName> och slutligen öfver <add place="leftMargin">norden af denna verldsdel, kring <add>hela <placeName corresp="pl235">Finska</placeName> och</add> största delen af <placeName corresp="pl1044">Bothniska</placeName></add> <del>nästan alla Bothniska och Finska</del> vikarnas kuster, <choice><abbr>d. ä.</abbr><expan resp="JS">det är</expan></choice> öfver <add>norra <placeName corresp="pl1238">Liffland,</placeName></add> <placeName corresp="pl212">Esthland</placeName>, <placeName corresp="pl547">Ingermanland</placeName>, <placeName corresp="pl62">Finland</placeName>, <del>och</del> <placeName corresp="pl1130">Lappland</placeName> och norra delen af <placeName corresp="pl629">Skandinavien</placeName>.<pb type="author" n="9"></pb> Detta område minskades väl sedermera genom de germaniska och i synnerhet de slaviska nationernas påträngande, och det torde på vissa punkter fortfara att minskas ännu i dag. Men ä<subst><del><unclear reason="overwritten" resp="JS"></unclear></del><add>fven</add></subst> i dag bebo de finska stammarna en areal, <subst><del>d</del><add>s</add></subst>om <del>icke för högt</del> <add>minst</add> torde uppskattas till 60,000 qvadratmil. De innehafva ännu största delen af <placeName corresp="pl145">Europas</placeName> och <placeName corresp="pl167">Asiens</placeName> nord, med spridda kolonier nedemot centern af dessa verldsdelar. I utbredningens vidd öfverträffas de blott af Mongolerna. Än mer: <add place="rightMargin"><persName corresp="pe237">Castréns</persName> undersökningar tyckas utvisa, att de finska folken, Ungrarne undantagne,</add> <del>de</del> hänga med vissa frändskaper tillsam<add>m</add>an<del>s</del> länk vid länk från <placeName corresp="pl2800">Östersjöns</placeName> vikar till <placeName corresp="pl3845">Baikal</placeName> och <placeName corresp="pl32">Altai</placeName>, och ehuru kedjan <del>är</del> på flera ställen synes bruten, ja tillintetgjord af mellanliggande slaviska elementer, lyckas det åtminstone språkforskningen att foga den åter hel. Jag lemnar oafgjordt om det låter sig göra på annat sätt.</p>
      <p>Rumförhållanden af så kolossalt omfång måste gifva den finska <del>folk</del>stammen en stor betydelse. Det är <add place="rightMargin">äfven för den flyktigaste öfverblick</add> omöjligt att förbise en <gap reason="overstrike" extent="1" unit="letters"/> folkindividualitet af så mäktig utbredning: det vore att stöta ifrån sig e<subst><del>n</del><add>tt</add></subst> ansenligt stycke af den bebodda jorden. Och likväl ligger just i samma rumförhållanden <del>ett</del> en förklaring hvarföre ett sådant förbiseende kunnat äga rum, ett faktum, hvars vigt jag är långt ifrån att misskänna.</p>
      <p>Det faktum jag menar tillhör menniskans naturhistorie. Det är det bevisligt stora inflytande luftstreck och omgifvande natur utöfva <add place="rightMargin">icke blott på racerna, utan äfven på</add> på menniskans <del>öfverallt</del> <add>intelligenta förmåga</add>. Det <del>synes</del> <add>antages</add> <del>nemligen</del> <add>merändels som</add> afgjordt, att endast de i tempererade luftstreck lefvande folk kunna lyfta sig till en högre utvecklingsgrad. Negern under <placeName corresp="pl231">Afrikas</placeName><pb type="author" n="10"></pb> glödande sol och Lappen inbäddad i fjällens drifvor framstå lika vanmäktiga att höja sig öfver naturbehofvens kraf till intelligens och bildning. I öknar af sand och öknar af snö försina historiens källor. Den finska stammens område är stort, men <del>öfver</del> <add><gap reason="overstrike" extent="2" unit="letters"/></add> största delen deraf ligger under det hårdaste luftstreck. Det tyckes, som hade den moderliga naturen, efter att i en okänd forntid hafva slösat all sin rikedom på norden af <placeName corresp="pl167">Asien</placeName> och det europeiska <placeName corresp="pl43">Ryssland</placeName>, plötsligen <del>ha</del> förwandlat sin kärlek i hat och förbannat dessa trakter till sorgens, dvalans och dödens dystra hem för evigt. Från <placeName corresp="pl2667">Hvita hafvet</placeName> <add>i vester</add> intill Tschukt<subst><del><unclear reason="overwritten" resp="JS"></unclear></del><add>sch</add></subst>ernes halfö i den yttersta östern, från <placeName corresp="pl1480">Ishafvets</placeName> kuster inemot <placeName corresp="pl2521">Wolchonski skogen</placeName> och <del>Stora</del> <add>Lilla</add> <placeName corresp="pl32">Altai</placeName> sträcker sig jordens största slätt, afbruten endast af <placeName corresp="pl2490">Urals</placeName> nordliga utvikningar, och denna slätt sluttar mot <placeName corresp="pl1480">Ishafvet</placeName>, utan att mot dess vindar äga några skyddande fjäll. Enformiga hedar af ljung, tundror genomströmade af floder med låga stränder, <del>på hvilk</del> sparsamt klädda med vide och al, sumpmarker och skogar otillgängliga för odlingens ansträngningar, sådan är den natur, i hvilken ödet bjudit den vida vägnar största delen af de finska folken att lefva. Hvad det blifvit af de olycklige nomaderne i dessa sorgens nejder, det erfare vi med djupt medlidande <del>af</del> <add>genom</add> <persName corresp="pe237">Castrén</persName>. Icke det politiska underkufvandet, icke samhällsordningens brister, icke frånvaron af alla bildningsmedel hafva <del>gjort</del> <add>störstat</add> Ostjaker, Samojeder m.fl. <del>till</del> i detta djup af mensklig<del>t</del> förnedring och elände, åtminstone icke <add>dessa orsaker</add> ensamt: naturens styfmoderliga <del>köld</del> <add>hårdhet</add> har gjort dem till hvad de äro,<pb type="author" n="11"></pb> och denna hård<add>h</add>et fortvarar oförminskad från slägte till slägte. <add>Kan väl</add> <subst><del>B</del><add>b</add></subst>land menskliga öden <del>kan väl intet</del> <add>något</add> mera nedslående tänkas, än en uselhet beröfvad ända till hoppet om <del>något</del> <add>ett</add> bättre<subst><del>?</del><add>!</add></subst></p>
      <p>Det synas då klart, att den beydelse, finska folkstammen vore berättigad att äga i kraft af sin wida utbredning, till det mesta, om icke helt och hållet, <add>går</add> förlorad genom dessa rumförhållandens egna karakter att fasthålla menniskan vid den lägsta grad af utveckling. Och likväl upp<supplied reason="inksmudge" resp="JS">r</supplied>eser sig tron på en evig rättvisa mot denna grymma predestination, hvarigenom en stor och ursprungligen med rika anlag utrustad folkfamilj skulle för alltid <gap reason="overstrike" extent="1" unit="letters"/> utskjutas som en Pariaskast från de öfriga nationernas krets. Man söker ett <del>söker ett</del> räddningsankare för hoppet på en framtid, och ovillkorligen vänder sig blicken till de sydligare och vestligare, i jemförelsevis bättre lottade nejder bos<subst><del><unclear reason="overwritten" resp="JS"></unclear></del><add>att</add></subst>a grupperna af den stora finska folkfamiljen.</p>
      <p>Man har då <add>icke blott</add> den tröstande anblicken att se <del>icke blott</del> Ungrare och Esther redan genom sina länders mildare luftstreck <del>lösgjorda från</del> stå utom all fara att <del>af</del> nedtryckas af rumförhållanden; <del>man se</del> äfven <placeName corresp="pl62">Finland</placeName> från stranden af <placeName corresp="pl235">Finska viken</placeName> till stranden af <del>Enare</del> <add><placeName corresp="pl785">Kemiträsk</placeName></add> är genom mer än sju århundradens ansträngningar – <choice><abbr>d. ä.</abbr><expan resp="JS">det är</expan></choice> sedan åkerbrukets införande – varaktigt eröfradt åt odlingen, och hvilka tillfälliga härjningar än frosten må anställa, kan man likväl med trygghet anse naturen här hafva abdikerat sitt despotiska envälde och medgifvit den ro och den hvila, som äro de första vilkoren för intelligensens framskridande vore man då nödsakad att gifva hela <del>den</del> östra <add place="rightMargin">och nordligaste</add> delen af den finska stammen till spillo, så återstår dock vissheten att den vestra och sydvestra delen icke<pb type="author" n="12"></pb> af obetvingliga makter hejdas i sina framsteg på civilisationens bana. Men vore icke denna visshet, om man dermed nöjde sig, egoistens tillfredsställelse, när han af slumpen <del>kastats helbragda på den kust, i hvars brä</del> förts till ett värmande skjul, medan flertalet af hans bröder förgåtts i ödemarkernas omätliga snö?</p>
      <p>Fortsättom betraktelsen af rumförhållandena.</p>
      <p>Jag har med kartan och historien i hand <del>förgäfves</del> letat i gamla <add><del>och nya</del></add> verldens yttersta nord äfvensom i den nyas både nord och söder efter ett folk, som, under lika naturförhållanden med <add>Lappar,</add> Ostjaker och Samojeder, skulle kommit till en högre bildningsgrad, än dessa. <add>Koppar Indianer,</add> Eskimoer, <del>och</del> Grönländare <add><del>och Kamstschadaler</del></add> <add place="leftMargin">Jakuter <add>Tschukscher</add> och Aleuter</add> i norr, Petscherä i söder stå, om möjligt, på en ännu lägre kulturgrad. <del>Ry</del> <del>Wäl anträffas</del> <add><subst><del>Man</del><add>Jag</add></subst> kan ej som motbevis anföra att man</add> <del>i</del> <add>på</add> nordvestkusten af <placeName corresp="pl1189">nordamerika</placeName> <add>anträffar</add> Ryssar <add>och Engelsmän</add> under en betydlig <del>betydlig</del> polhöjd; <del>likaså</del> engelska etablissementer i <placeName corresp="pl3308">Hudsons-Bay-länderna</placeName>; danska på <placeName corresp="pl3378">Grönland</placeName>; <del>jag</del> norrska vid <placeName corresp="pl1480">ishafvets</placeName> kuster. <del>Jag</del> <add>Man</add> kan ej ens taga i beräkning de till en del blomstrande kolonier Ryssarne grundat i <placeName corresp="pl3269">Archangel</placeName> och på <del>andra</del> flera punkter af det nordliga <placeName corresp="pl2057">Siberien</placeName>. Alla dessa nedsättningar stöds sig på ett moderland i söder, mäktigt nog att understöda dem med sina rika ressurser och uppehålla dem genom handelsfördelar. Af alla dessa analogier är för de finska anförvandterne i öster och norr ingen hugnad att vänta.</p>
      <p>Likväl har jag icke letat förgäfves. Jag har funnit tvenne folk, som under en hög nordlig breddgrad, under <add>ganska</add> hämmande naturförhållanden uppnått en för sin ställning hög grad af <del>kultur</del> <add>bildning</add> och af hvilka det ena utöfvat ett afgörande kulturhistoriskt inflytande på den skandinaviska, det andra, enligt all sannolikhet på den finska norden.</p>
      <p>Dessa folk äro Isländarne och Bjarmerne.</p><pb type="author" n="13"></pb>
      <p>Wille man äfven antaga, att Isländarne, genom fortfarande täta förbindelser med moderlandet, stödt sig på detta och <del>derifrån medhämtat</del> på sin ensliga ö endast bibehållit den kultur de redan färdig i dess grunddrag medfört från <placeName corresp="pl629">Skandinavien</placeName>, så gäller detta åtminstone icke om Bjarmerna. Sednare forskningar hafva, som mig synes, ledt i bevis, att Bjarmernes för sin tid stora välstånd samt derpå grundade intellektuela och till någon del politiska öfverlägsenhet utvecklat sig just efter deras bosättning <del>i den tro</del> mellan 62:dra och 68:de breddgraderna och just under samma naturförhållanden, hvilka nu trycka till jorden de<del>n</del> finska folkgruppern<subst><del>e</del><add>a</add></subst> i <subst><del>vä</del><add>ös</add></subst>ter och norr. Att <add>handeln var</add> källan till Bjarmernes välstånd och kultur, <del>var handeln,</del> bevisar endast att ett driftigt folk förstått aflocka hafvet och floderna <add>den välmåga</add> <del>hvad</del> luftstrecket och ödemarkerna annars förnekat det. Och hafvet brusar ännu vid sin fordna kust, de mäktiga floderna <del>lefva</del> <add>ersätta</add> ännu ödemarkernas karghet <add place="rightMargin"><placeName corresp="pl174">Dvina</placeName> har gjort <placeName corresp="pl3269">Archangel</placeName> rikt;</add> »<placeName corresp="pl1543">Ob</placeName> är vår moder», säger Sajomeden. Wore det då otänkbart, att med handelns och flodernas tillhjelp ännu i en framtid ett finskt folk i dessa nejder kunde uppnå den utvecklingsgrad, som Bjarmerne ägde på deras tid?</p>
      <p>Det vore i flera afseenden intressant, att, utförligare än här kan ske, undersöka de yttre omständigheter, hvilka underlättat Bjarmernes välstånd och deremot försvåra <del>de nu</del> de<del>ras</del> nu i samma nejder boendes. Utan tvifvel äga nu i hög grad förändrade förhållanden rum; men otänkbart är det för ingen del, att <del>en leka</del> <add>ju Bjarmernes</add> beslutsam<add place="sublinear">a</add> handlingskraft, <del>hos</del> <add>om den funnes hos</add> t.ex. Ostjakerne, kunde bereda dessa <del>ett</del> liknande framsteg. Hvarom mera längre fram.</p><pb type="author" n="14"></pb>
      <p><add>Jag anser mig icke</add> <subst><del>G</del><add>g</add></subst>enom det sagda <del>anser</del> hafva kommit till något afgörande resultat i den för finska stammens framtid så vigtiga frågan, huruvida lokala förhållanden tillåta de östra folkgrupperna att <del>i en framtid</del> <add>någonsin</add> <add>omedelbarligen</add> vinna <del>någon</del> <add>en</add> kulturhistorisk betydenhet. Men det gifves i dessa gruppers geografiska ställning e<subst><del>n</del><add>tt</add></subst> anna<subst><del>n</del><add>t</add></subst> faktum, som redan nu begynner att gifva dem en viss betydenhet för språk- och historieforskaren. Detta faktum är den förut omnämnda <hi rend="underline">folkkedjan</hi>.</p>
      <p>Bland de <add>många</add> vigtiga<del>sta</del> tjenster, <del>språkforskningen</del> <add>för hvilka historien</add> på sednare tider <del>gjort histor</del> är språkforskningen tack skyldig, är <del>det</del> säkerligen de<subst><del>n</del><add>t</add></subst> <del>ledning lemnat</del> ljus, denna <del>sednare</del> spridt öfver de <del>på alla urkundliga minnesmärken blottade</del> högasiatiska folken, en af de betydelsefullaste. <del>Öknens vilda nomader</del> <add>I stepperna<del>s</del></add> står historien stilla; <del>hvad de voro för tusen år sedan, det äro <add><del>de vilda</del></add> nomaderne, <add><del>det äro de</del></add> än <del>idag och</del> De bygga intet, de<del>t</del> skrifva intet ingen urkund sprider ett <add><del>den</del></add> sin dager öfver <add><del>spårlöst förrinna den</del></add></del> <!-- Skall det inte vara bara add tag och inget del? KL --> årtusenden<del>s enformighet</del>. Och likväl är<add place="sublinear">o</add> <placeName corresp="pl5762">Hög-Asiens</placeName> nomader, enkannerligen Mongolerne, <add>dels</add> <del type="move">dels</del> medelbarligen genom sina härjningar <add type="move"><del>dels</del></add> <add place="leftMargin">dels omedelbarligen såsom stamfäder för otaliga folk, hvilka från dessa nejder utgått,</add> af största vigt för <placeName corresp="pl5763">syd-</placeName> och <placeName corresp="pl2884">vest Asiens</placeName> historia. Ehuru Mongolern<subst><del>a</del><add>e</add></subst> alltsedan <persName corresp="pe4897">Dschingis Khans</persName> tid, ja till en del långt förut, kände skrifkonsten, hafva de icke efterlemnat några skriftliga urkunder. Hvad <persName corresp="pe10152"><subst><del>d</del><add>D</add></subst>e Guignes</persName> m.fl. mödosamt <add>om dem</add> framletat ur kinesiska krönikor hafva <persName corresp="pe4863">Klaproth</persName> och <persName corresp="pe10153">Abel Remusat</persName> sedermera <del>sam</del> riktat och sammanställt. Men det är först i nyaste tider man begynt leda sig från länk till länk i den stora <del>nordliga</del> <add>Ugriska</add> folkkedjan från vester till öster intills dess man slutligen, genom de mest omfattande komparativa språkforskningar,<pb type="author" n="15"></pb> lyckats leta sig väg genom det villande hvimlet af tjugu till trettio folkgrupper alltintill de nordliga folkens vagga, <placeName corresp="pl32">Altai</placeName> samt derifrån åtminstone på aningens väg till hjertat af <placeName corresp="pl5762">hög-Asien</placeName>. En så storartad bana för forskningen har endast kunnat uttänkas och genomföras af <del>en</del> män, <del>som</del> <add>hvilka</add>, jemte <add place="rightMargin">det mest uppoffrande intresse för sin sak, jemte</add> omfattande insigter i <placeName corresp="pl2884">orientens</placeName> hufvud-idiomer, varit i <add>full</add> besittning af sjelfva nyckeln till denna härtills slutna werld, sjelfva ändtråden till denna långa fortlöpande serie af språkstudier: det finska språket. Derföre har ock härtills, <add place="rightMargin">om jag undantager den lika lärde som snillrike <persName corresp="pe4264">Rask</persName>,</add> blott en enda man varit vuxen detta wärf, och den<add place="sublinear">ne</add> man<del>nen</del> är <del>Cast</del> <persName corresp="pe237">Mathias Castrén</persName>. Jag påminner mig hafva hört <persName corresp="pe237">Castrén</persName> yttra, att han hoppades <add>kunna</add> bevisa det finska folkets nära förvandtskap med en <del>nion</del><add>fjer</add>dedel af menniskoslägtet. Det yttrades måhända på skämt, men de<subst><del>t</del><add>ri</add></subst> ligger hvarken en orimlighet eller en öfverdrift. Tvärtom ger det<add place="sublinear">ta</add> <add>uttryck</add> en populär måttstock för widden af <del>forskningar</del> <add>resultater</add>, hvilka med skäl kunna anses för en af <del>spra</del> de största triumfer språkforskningen någonsin vunnit.</p>
      <p>Att, som redan nämndes, finskan och derefter ledvis de öfriga finska folkgruppernas tungomål från <placeName corresp="pl1103">Ladoga</placeName> till <placeName corresp="pl3845">Baikal</placeName> utgöra hvilo- och bindningspunkterna på den väg, hvaruppå den europeiska forskningen ställer sig i beröring med det innersta <placeName corresp="pl167">Asien</placeName> samt att otaliga dunkla och gåtliga fenomener <del>på</del> <add>inom</add> historiens gebit på denna väg emotse <del>sin</del> en oväntad dager, detta <choice><abbr>MM. HH.</abbr><expan resp="JS">Mina Herrar</expan></choice> är ett rumförhållande, som redan ensamt för sig måste försäkra Finnarne och deras anförvandter om en stor betydelse för mensklighetens <add place="inline">historia.</add></p><pb type="author" n="16"></pb>
      <p>Huruvida åter, i följd af samma fortgående <del>folk</del> kedja, det finska folket <add place="leftMargin">såsom en förmedlare af den europeiska civilisationen åt detta håll,</add> i en framtid <add>kan</add> komm<subst><del>er</del><add>a</add></subst> att utöfva något kulturhistoriskt inflytande <add>på hela stammen</add>, är en fråga af högsta intresse, men som mindre beror af rumförhållanden, än af bildningens intensitet hos det förstnämnda, <del>stam</del> folkens frändskap och andra vilkor, hvarom jag längre fram vill våga några ord.</p>
      <p>Sedan jag sålunda berört de rumförhåll<subst><del>n</del><add>a</add></subst>nden, hvilka bestämma finska folkets och stammens ställning till kulturen i allmänhet, <del>vill jag</del> <add>blir det nödigt att</add> kasta en blick på desammas geografiska ståndpunkt i förhållande till omgifvande nationaliteter. Det visar sig då det märkvärdiga förhållande, att af alla till den vida spridda finska familjen hörande folk endast det <del>ve</del> nordvestliga, <choice><abbr>d. ä.</abbr><expan resp="JS">det är</expan></choice> vi sjelfva, Finnarne i egentlig mening, bebo<add place="sublinear">r</add> ett land med naturliga gränser på åtminstone tre sidor. Som bekant, är nemligen den af ålder uppdragna, genom <del>traditionela</del> <add>politiska</add> och religiösa tra<del><unclear reason="overwritten" resp="JS"></unclear></del><add>d</add>itioner berättigade gränsen mellan <placeName corresp="pl2610">Gamla Finland</placeName>, <placeName corresp="pl957">Karelen</placeName> och nordöstra <placeName corresp="pl855">Österbotten</placeName> å ena samt <placeName corresp="pl547">Ingermanland</placeName> jemte <placeName corresp="pl1558">Olonetska</placeName> och <placeName corresp="pl48">Archangelska guvernementen</placeName> å andra sidan ingen <hi rend="underline">naturlig</hi> gräns hvarken med afseende å <del>natur</del> lokala afstängningsmedel eller nationela frändskaper. Tvertom, och med <del>det enda undantaget</del> <add>afbrott endast <del>af</del></add> af <placeName corresp="pl1103">Ladoga</placeName>, sträck<subst><del>er</del><add>a</add></subst> sig d<subst><del>et</del><add>e</add></subst> ostfinska naturegenheterna med si<subst><del>tt</del><add>na</add></subst> mångdelade vattensystemer ett godt stycke <del>öfver</del> <add>öster om</add> ryska gränsen, medan på samma gång den finska nationaliteten likaledes <del>upp</del> fortfar att upptaga ett betydligt område bortom samma råmärken. I dessa gränsbestämningar<pb type="author" n="17"></pb> ligger en hel historia, ty man får ej förgäta, att en befolkning, <del>sådan</del> <add>i århundraden</add> ställd, såsom den inom ryska gränsen boende finska, mellan tvenne inflytanden: vesterifrån det nationela, österifrån det religiösa, politiska och sociala, nödvändigt måste verka förmedlande åt båda hållen och isynnerhet åt stamförvandternes sida. <del>Så</del> Hvaraf följer att, jemte det <del>å ena sid</del> gränskrigen visserligen just härigenom fått den förbittrade karakter, som alltid utmärker <del>beslägtade</del> en brödrakamp, Finnarne på ryska sidan stått <del>som ett medium</del> mellan de båda nationaliteterna som ett medium, hvilket man vid första påseende kunde anse befordrande för den ryska nationalitetens insteg i <placeName corresp="pl62">Finland</placeName>, men som, vid närmare betraktande, befinnes snarare hafva afledt <del>de östra folkelementerna</del> <add>densamma</add>, genom att mottaga de<subst><del>ras</del><add>ss</add></subst> första anstöt. Söker man för detta antagande ett bevis, behöfver man blott <del>anmärka</del> gifva akt uppå <del>den</del> resultaterna af den långvariga strid, som <add place="rightMargin">på 12 och 1300 talen</add> fördes mellan <placeName corresp="pl43">Ryssland</placeName> och <placeName corresp="pl332">Sverige</placeName> om <placeName corresp="pl62">Finlands</placeName> besittning och hvari det sednare visserligen hade <del>för sig</del> till sin fördel den germaniska <add>krigskonstens och</add> bildningens öfverlägsenhet, men det förra deremot grannskapet och skenet att värja Finnarne mot inkräktares våld.</p>
      <p>Man skulle mycket misstaga sig, om man underskattade vigten af <placeName corresp="pl62">Finlands</placeName> naturliga gränser mot svenska sidan, blott af skäl att dessa gränser ej förmått <gap reason="overstrike" extent="2" unit="letters"/> <add place="inline">väja åt sidan</add> <del>hålla</del> <add><del>sida</del></add> <del>ur</del>strömen af de svenska folkelementerna<subst><del>,</del><add>.</add></subst> Haf<del>vet</del> <add place="inline">och sjöar</add> <del>äro ingenstädes bestämda att</del> afstänga icke, tvärtom, de förbinda folken med hvarandra. Men derest ett land är stort nog att inrymma inom sig en kontinent i smått – <choice><abbr>d. ä.</abbr><expan resp="JS">det är</expan></choice> derest landet icke består allenast af id<subst><del>l</del><add>e</add></subst>l kust, såsom<pb type="author" n="18"></pb> t.ex. en <del>sm</del> långsträckt ö eller ett smalt kustland – så befinn<subst><del>er</del><add>as</add></subst> haf<del>vets</del> och sjö, oaktadt deras egenskap af bindningsmedel, vara för renheten och utvecklingen af en nationalitet i hög grad betryggande. Wore det icke så, skulle man förgäfves söka utgrunda, huru <add>i</add> <placeName corresp="pl190">England</placeName> <del>kunnat</del> en så mäktig nationalitet kunnat upplefva, oaktadt intet land stått i så tät beröring med omgifvande folk; huru <placeName corresp="pl286">Grekeland</placeName> kunnat under alla stormar och inbrott bevara språk och seder, så som det dock gjort. Förklaringen af detta fenomen ligger i den enkla observation, att <del>den</del> beröringen sjöledes mellan ett land och ett annat, den må vara huru tät som helst, dock alltid äger rum punktvis och för ögonblicket; den har icke den permanenta, den jemna karakter, som en <add>lika lätt</add> beröring till lands, och den blir derföre af vida mindre inflytande. Hafvet <add>med dess skärgårdar</add> har <del>de</del> utan tvifvel lättat inflyttandet af de kolonier, hvarigenom Svenskarne tidigt <add>åt sig</add> eröfrade <placeName corresp="pl62">Finlands</placeName> kuster. Men föreställom oss ett ögonblick att <add>mellan</add> dessa kuster och <placeName corresp="pl332">Sverige</placeName> låge icke ett haf, utan en smal ström. Skulle kolonierna i sådant fall stadnat vid kusterna, såsom de nu gjort? Nej, de skulle, genom det ständiga, alla stunder fortfarande tillflödet från <placeName corresp="pl332">Sverige</placeName>, hafwa med vida större intensitet <del>ha</del> vunnit en vida större utbredning inåt. Och icke kolonierna blott, utan hela svenskheten med alla dess konseqvenser. Det har derföre varit för <placeName corresp="pl62">Finland</placeName> af oberäknelig vigt, att <del>mellan</del> äga mot <add place="inline">s</add>v<subst><del>enst</del><add>ns</add></subst>ka sidan hafvets naturliga gräns – och sålunda hafva i <del>vester</del> <add>öster</add> p<subst><del>h</del><add>o</add></subst>litiska, i vester physiska gränslinier mäktigt bidragit att skydda dess nationalitet för en öfversvämning af främmande folkelementer.</p>
      <p>Det bör <del>kanske</del> anmärkas, att <del>syd</del><placeName corresp="pl235">finska <del>kusten</del> <add>viken</add></placeName>, <del>i äldre tider lika</del> <add><subst><del>tj</del><add>i</add></subst> äldre tider gjorde samma tjenst</add> som den <del>vestfinska,</del> <placeName corresp="pl1044">Bothniska</placeName> i egenskap af naturlig gräns mot det i <placeName corresp="pl2800">Östersjön</placeName> herrskande <placeName corresp="pl629">S<subst><del>veri</del><add>kan</add></subst>dinavien</placeName>. Bland <del>öfriga</del> <add>de sydliga</add> folk<add place="inline">en</add> var det endast Hanseaterne, som i någon mån <del>kunnat</del> <add>sökte</add> sträcka sitt inflytande<pb type="author" n="19"></pb> till <placeName corresp="pl62">Finland</placeName>, men, som bekant, lågo större landvinningar icke i deras politik; de nöjde sig med handelsmonopoler <del>och trodde de<subst><del>m</del><add>s</add></subst>sa</del> <add>och ansågo dem</add> betryggad<subst><del>t</del><add>e</add></subst> genom en talrik sjömakt och genom deras borgares <subst><del><unclear reason="overwritten" resp="JS"></unclear></del><add>n</add></subst>edsättning på de förnämsta handelsplatserna. De bedrogo sig.</p>
      <p>Tillägger man slutligen ödemarkerna och Lapparne i norr, tör man få medgifva, att <del>Finlands</del> <add>finska folkets geografiska</add> läge och gränser varit för<del>ma</del> bevarandet af dess nationalitet i flera afseenden <del>högst</del> förmånligare, än någon dess stamförvandts. Att åter ligga, som <placeName corresp="pl62">Finland</placeName> ligger, tillräckligt <del>lan</del> afskildt från det öfriga <placeName corresp="pl145">Europa</placeName>, för att obehindradt kunna utveckla en egendomlig kultur, och likväl tillräckligt nära, för att, – om det annars dertill känner sig <del>kalladt</del> <add>hugadt</add> – deltaga i <del>samtidens å</del> den civiliserade verldens ädlaste sträfvanden, är en ställning, som erbjuder så stora fördelar, att den omöjligen kan lemnas obemärkt vid en tanke på den ståndpunkt det finska folket kan vara kalladt att intaga på kulturhistoriens område.</p>
      <p>En kort öfversigt <del>af</del> skall visa, att in<subst><del>s</del><add>g</add></subst>e<subst><del>r</del><add>n</add></subst> af de med oss beslägtade folk<del>en</del><add>grupper</add>, ehuru till en del boende under mildare luftstreck, <del>har att glädja</del> åtnjuter sådana fördelar som <placeName corresp="pl62">Finland</placeName> i afseende på deras geografiska ställning till <del>andra</del> <add>omgifvande</add> nationer.</p>
      <p>Både <placeName corresp="pl547">Ingermanland</placeName> och <placeName corresp="pl212">Estland</placeName> äga en sjökust, men denna är belägen mot vester och norr, <choice><abbr>d. ä.</abbr><expan resp="JS">det är</expan></choice> mot de håll, derifrån främmande inflytelser minst äro att befara. Än Svenskar, än Danskar, än någon enda gång Finnar ha väl <del>sökt</del> landat på denna kust med hvarjehanda planer i sinnet, men, med undantag af det svenska väldet från 1558 till 1721, har intet varaktigare försök gjorts att stadga i dessa nejder en öfvermakt från den sidan. Man märke tillika att 1558, när <placeName corresp="pl212">Estland</placeName> gaf sig<pb type="author" n="20"></pb> under <placeName corresp="pl332">Sverige</placeName>, detta närmast föranleddes genom ett anfall från öster. Det är ochså från söder och öster, från tyska och ryska sidan, som <placeName corresp="pl547"><subst><del>E</del><add>I</add></subst>ngermanland</placeName> och <placeName corresp="pl212">Estland</placeName> sett den ström af främmande elementer inbryta, hwilka satt dess nationalitet i fråga och till en del kommit den att vackla, utan att dock <del>få</del> fullständigt nedtrycka den. Och just mot dessa håll sakna de båda provinserna all naturlig gräns; <placeName corresp="pl547">Ingermanlands</placeName> sumpmarker <subst><del><unclear reason="overwritten" resp="JS"></unclear></del><add>öfver</add></subst>gå nästan omärkligt i de bördiga slätterna kring <placeName corresp="pl1488">Nowgorod</placeName>; <del>; och</del> <placeName corresp="pl212">Estland</placeName> förlorar sig åter lika omärkligt i <placeName corresp="pl1238">Liffland</placeName> och <placeName corresp="pl1629">Peipus</placeName> sträcker <del>sig mellan</del> <add>sin längd</add> från norr till söder, <choice><abbr>d. ä.</abbr><expan resp="JS">det är</expan></choice> den åtskiljer de<del>t</del> beslägtade, utan bilda en rå mot de främmande folkelementerna. Följden af dessa geografiska förhållanden har ej kunnat blifva annan än den blifvit: <placeName corresp="pl212">Estlands</placeName> och <placeName corresp="pl547">Ingermanlands</placeName> öfversvämmande af Tyskar och Ryssar.</p>
      <p><placeName corresp="pl1241">Karpatherne</placeName> i norr och <add>nordost samt</add> en del af <placeName corresp="pl233">Donau</placeName> i söder hafva utan tvifvel i sin mån bidragit att bevara den isolerade magyariska nationaliteten i <placeName corresp="pl3140">Ungern</placeName> från <del>undergång</del> att af d<subst><del>en</del><add>e</add></subst> rundt omgifvande slaviska <del>folk</del>elementerna förqväfvas. Deremot erbjuda <placeName corresp="pl3140">Ungerns</placeName> gränser <del>många</del> <add>stora</add> obevakade sträckor i vester mot <placeName corresp="pl2903">Österrike</placeName>, <placeName corresp="pl5761">Steiermark</placeName> och <placeName corresp="pl5764">Kärnthen</placeName>, i <subst><del><unclear reason="overwritten" resp="JS"></unclear></del><add>söd</add></subst>er mot <placeName corresp="pl5765">Slavonien</placeName> och <placeName corresp="pl5766">Bosnien</placeName>, i sydost mot <placeName corresp="pl4484">Walachiet</placeName>, och följden deraf har blifvit den starka, <del>p</del> i flera nejder öfvermäktiga slaviska kolonisation, som länge kämpat för sitt berättigande inom <placeName corresp="pl3140">Ungerns</placeName> gränser, medan å an<del>s</del>dra sidan, från den mot <placeName corresp="pl2903">Österrike</placeName> öppna sträckan i nordvest, <del>tyska</del> Tyskarne innästlat sig och<add place="leftMargin">, till revange för de infall Ungrarne i 10:de seklet genom samma öppna gräns gjorde i <placeName corresp="pl2432">Tysk<subst><del>a</del><add>l</add></subst>and</placeName>,</add> sökt draga all möjlig fördel af sin politiska ställning, såsom de<add place="inline">t</add> i <del>Österrike p</del> <add>monarki<subst><del>er</del><add>n</add></subst></add> egentligen herrskande folket. Att den magyariska nationaliteten det oaktadt behållit öfverhanden, derför har den väl att tacka dels sin massa, dels sin intensitet, dels sin raska handlingskraft. Man behöfver emellertid blott kasta en blick på <placeName corresp="pl3140">Ungerns</placeName> <add>politiska</add> historia, för att finna, hvilka enorma<pb type="author" n="21"></pb> vexlingar deras <del>välde</del> <add>område</add> undergått – man påminne sig att riket <add>i medlet af 14:de seklet</add> under <persName corresp="pe10154">Ludvig den store</persName> omfattade, utom <placeName corresp="pl3140">Ungern</placeName>, <placeName corresp="pl5767">Dalmatien</placeName>, <placeName corresp="pl3141">Kroatien</placeName>, <placeName corresp="pl5766">Bosnien</placeName>, <placeName corresp="pl4530">Servien</placeName>, <placeName corresp="pl5768">Bulgarien</placeName>, <placeName corresp="pl3449">Galizien</placeName>, <placeName corresp="pl5522">Lodomirien</placeName>, <placeName corresp="pl3751">Moldau</placeName> och <placeName corresp="pl4484">Walachiet</placeName> – samt hvilka sönderslitande <del>parti</del>strider under flera århundraden rasat mellan nationaliteterna i detta land och sträckt sina efterdyningar ända till wåra dagar. De<subst><del>ss</del><add>t</add></subst> var under dessa strider e<subst><del>n</del><add>tt</add></subst> tredje främmande folkelement, det turkiska, ihärdigt, dock till all lycka förgäfves, sökte fatta fotfäste i <placeName corresp="pl3140">Ungern</placeName>, och att detta icke lyckades, <del>det</del> är något som man icke blott får tillskrifva <persName corresp="pe10156">Hunyads</persName> <del>segra</del> och <persName corresp="pe10155">Corvini</persName> segrar, utan kanske lika mycket <placeName corresp="pl3988">Siebenburgens</placeName> berg och <placeName corresp="pl233">Donau</placeName>.</p>
      <p><del>Det torde blifva</del><add>Måhända är det</add> öfverflödigt att närmare antyda de nordliga och ostliga finska folkgruppernas gränsförhållanden. Jag vill blott erinra, att äfven <placeName corresp="pl1130">Lapplands</placeName> s<subst><del>t</del><add>j</add></subst>ökust – <del>ty</del> jag <del>tar detta</del> in<subst><del>a</del><add>b</add></subst>egriper nemligen deri <del>både</del> äfven norrska och ryska Lappmarkerna – <gap reason="overstrike" extent="1" unit="letters"/> begränsar landet åt ett håll, derifrån ingen annan invasion är att befara, än möjligen isbjörnarnas. Det skydd, som norrska fjällryggen, <placeName corresp="pl2828">Maanselkä</placeName> och <placeName corresp="pl2667">Hvita hafvet</placeName> <del>möjligen</del> kunnat erbjuda, har blifvit onyttigt genom det beroende, hvari behofven af mjöl och bränvin försatt Lapparne både till Norrmän, Finnar och Ryssar, och då <add place="inline">ännu dertill</add> gränsen mot <placeName corresp="pl62">Finland</placeName> i nästan hela sin sträcka är <del>dra</del> godtyckligt dragen genom ödemarkerna, finner man, att <del>icke</del> mindre <add><del>d</del></add>en naturlig<add place="sublinear"><del>a</del></add> afsöndring<add place="sublinear"><del>en</del></add>, än sjelfva landets föga lockande klimat härtills gjort det möjligt för Lappen att i några tynande qvarlefvor bibehålla sin ur<del>sprungl</del><add>gamla</add> nationalitet. Detsama är fallet med de nordligaste folken i öster, Samojeder och Ostjaker. Hvad angår de öfriga östra folkgrupperna, äro deras områden så obestämda, deras ställning <subst><del>s</del><add>p</add></subst>å den stora ryska slätten så prekär, att de nödvändigtvis måste efterhand undanträngas och förlora sig, såsom de göra, i slaviska och tatariska folkelementer,<pb type="author" n="22"></pb> förutom de fragmenter, hvilka finna en tryggare fvista <del>på</del> i fjälltrakterna på ömse sidor om <placeName corresp="2490">Ural</placeName>.</p>
      <p>Det kan icke fela, att man ju genom denna betraktelse kommer till det resultat jag redan anticiperade, nemligen, att bland alla deras stamförvandter Finnarne ensamt hafva den lyckan att bebo ett land med tillräckliga naturliga gränser, för att, såwidt sådant kan ske genom naturbestämningar, betrygga integriteten af deras nationalitet och derigenom rädda åt dem en framtid af europeisk betydelse. Jag undant<subst><del>a</del><add>o</add></subst>g härifrån icke ens Ungrarne, som dock spelat en vida större politisk roll; jag antydde allenast, att orsaken dertill är att söka i deras massa och deras karakter. Det är ej heller min mening att anse ett folks framtid betryggad allenast genom bålverket af naturliga gränser; tvärtom, de starkaste fästningar tjena till intet, derest de icke <gap reason="overstrike" extent="1" unit="letters"/> <del>försvaras</del> <add>värnas</add> af män redobogna att för deras försvar lefva och dö. Detta hindrar likväl ej, att ju <subst><del><unclear reason="overwritten" resp="JS"></unclear></del><add>en</add></subst> geografiskt <del>be</del>tryggad ställning till omgifvande nationer är för hvarje <del>land</del> <add>folk</add> af största vigt och inflytande.</p>
      <addSpan spanTo="#add1" place="leftMargin"/><p>Resultaterna af det <add>jag</add> härtills anfört om den finska nationalitetens ställning i rummet synas mig blifva följande: 1) att de<subst><del>nn</del><add>ss</add></subst>a <del>nationalitet</del> folkelementer ur geografisk synpunkt <del>hafva</del> qvantitativt hafva en stor betydelse, på grund af sin stora utbredning, men att denna betydelse är qvalitativt ringa, på grund af <del>ofo</del> missgynnande naturförhållanden, hvilka dels <del>hämma</del> <add>fördröja</add> de finska folkens utveckling, dels <del>göra</del> sätta deras hela framtid i fråga; 2) att <del>äfven</del> likväl en framtida kultur äfven för de mest missgynnade folkgrupperna icke är otänkbar, på grund af analogier med Bjarmerna<del>s ställning</del>; 3) att <add>bland alla stamförvandter</add> Fin<subst><del>l</del><add>n</add></subst>arne ensamt äg<subst><del>er</del><add>a</add></subst> naturliga gränser och derigenom <add>större</add> trygghet, ehuru för ingen del säkerhet, för sin integritet, och att dessa gränser varit för <placeName corresp="pl62">Finland</placeName> af stor<del>t inflytande</del> <add>betydelse</add>.</p>
      <anchor id="add1"/>
      <delSpan spanTo="#del1"/><p>[Jag öfvergår nu till den finska nationalitetens ställning i <hi rend="underline">tiden</hi> och hoppas dervid kunna vara betydligt kortare, redan af det skäl, att en del af hvad härom vore att säga <del>redan</del> <add>blifvit nämndt</add> i det föregående.</p><anchor id="del1"/>
      <delSpan spanTo="#del2"/><p>Inom den europeiska menskligheten befinnas följande fem hufvudstammar en efter annan hafva framträd<subst><del>d</del><add>t</add></subst> inom historiens synkrets: 1) Celter; 2) Pelasger; 3) <subst><del>F</del><add>G</add></subst>ermaner; 4) Finnar; 5) Slaver. Folken af tatarisk <add>och arabisk</add> härkomst hafva så att säga icke vunnit europeisk medborgarerätt, ehuru de tidtals besutit eller ännu besitta länder inom denna verldsdel.]</p><anchor id="del2"/>
      <p>Innan jag lemnar geografins område, kan jag likväl ej undgå att antyda några <add>lokal</add>förhållanden, som på Finnarne sjelfv<subst><del>e</del><add>a</add></subst> <add>och deras ställning i norden</add> <del>ägt</del> <add place="sublinear">öfva</add> ett märkeligt inflytande.</p>
      <p><del>Finland är ett land med gynnande hafsläge</del></p><pb type="author" n="23"></pb>
      <p rend="noIndent">1) Finland erbjuder af alla nordiska länder den vidaste kust åt <placeName corresp="pl2800">Östersjön</placeName>, som är nordens medelhaf, dess allmänna hamn, den bassin, kring hvilken hela dess historie, bildning och alla intressen gruppera sig. Denna position, rätt begagnad, är af stor vigt, men denna vigt är ännu långt ifrån insedd.</p>
      <p>2) <placeName corresp="pl62">Finland</placeName> ligger förmedlande mellan östern och vestern af norden. <add>Å ena sidan</add> Nordasiatiska slätten med dess europeiska fortsättningar, å den andra <placeName corresp="pl629">Skandinavien</placeName> och <del>Skottland</del> <add><placeName corresp="pl2172">Britannien</placeName></add> bilda både i natur- och allmänhistoriskt hänseende tvenne motsatta verldar, mellan hvilka <placeName corresp="pl62">Finland</placeName> ligger i midten. Äfven denna position är en kolossal betydelse, men äfven denna är långt ifrån ännu insedd, och jag vågar icke försäkra, ehuru jag vågar ana, att den någonsin skall blifva mer än blott geografisk. Ty</p>
      <p>3) <placeName corresp="pl62">Finland</placeName> är en nordisk kontinent. Det <del>har</del> genomandas af frisk sjöluft, som på kusterna ger dess folk ett raskare lif, och det genomskäres af otaliga wattudrag, som <del>forb</del> likt kanaler förbinda dess inre delar, utplåna den provinciela afsöndringen och göra nationen hel. <del>Men</del> En hårdnackad strid mot <del>natu</del> en styfmoderlig natur har gifvit Finnen <del>ekens</del> furans fasthet att <add>kunna</add> brista, <del>men</del> <add>dock</add> aldrig böjas. Men polens granskap och vinterdvalan hafva tillika gifvit honom en tröghet, som endast nödvärnet kan rubba ur sin hvila. <del>Och</del> <subst><del>s</del><add>S</add></subst>ådana folk kunna väl stå mellan tvenne verldar som en orubbelig mur, men utåt verka de föga. Dock – <del>hvem</del> jag hade ju satt mig före att icke spå – och jag erkänner att <del>s</del> historien hundrade gånger framkallat oberäkneliga krafter, der man minst skulle anat dem.</p>
      </div>
      </div>
    </body><!-- – ” ’ æ † / ⁄ ½ ⅓ ¼ □ ° % − -->
  </text>
</TEI>
