﻿<?xml version="1.0" encoding="UTF-8"?>
<TEI xmlns:xsi="http://www.w3.org/2001/XMLSchema-instance"
 xsi:schemaLocation="http://www.tei-c.org/ns/1.0 file:/T:/Instruktioner,%20manualer,%20scheman/TEI-scheman%20(AM)/tei_manuskriptschema.xsd"
 xmlns="http://www.tei-c.org/ns/1.0">
  <teiHeader>
    <fileDesc>
      <titleStmt>
        <title>NB 244.108</title>
        <respStmt>
          <resp>Transkribering, ms-beskrivande kodning:</resp>
          <name>JS</name>
        </respStmt>
        <respStmt>
          <resp>Övrig kodning:</resp>
          <name>NN (XX-XX-20XX)</name>
        </respStmt>
      </titleStmt>
      <publicationStmt>
        <publisher>Zacharias Topelius Skrifter</publisher>
      </publicationStmt>
      <sourceDesc>
        <p>Arkivsignum: se ovan</p>
      </sourceDesc>
    </fileDesc>
    <profileDesc>
      <handNotes>
        <handNote medium="black-ink"/>
      </handNotes>
    </profileDesc>
  </teiHeader>
  <text>
    <body xml:space="preserve">
      <div type="lecture">
        <div type="chapter" id="ch1">
      <pb type="other" n="237"/>
          <head type="title">Tal till Universitetets rektor professor <persName corresp="pe124">Adolf Moberg</persName>.</head>
      <p n="1"><del>Univ</del>Vice Kansler har <del>nyligen</del> <add>redan vid ett <choice><orig>annnat</orig><reg resp="JS">annat</reg></choice> tillfälle värdigt</add> tackat Univ:s aktning och erkänsla för nyss afgångne rektor <persName corresp="pe124">prof Moberg</persName>. <del>på ett</del> <del>Men <persName corresp="pe124">prof. Mobergs</persName></del> Vi <del>alla</del> närvarande medlemar af Univ. ha önskat <del>begagna detta enskilda tillfälle</del> uttrycka samma känslor, icke för att vi ha något egentl. nytt att tillägga till det redan sagda, utan emedan det varit ett behof för oss att <del>trycka den</del> hjertligen trycka den afgående vännens och förmannens hand.</p>
      <p><persName corresp="pe124">Prof. <add>Mbg</add></persName> är den tionde af de <add place="inline">aktade</add> <choice><abbr>vskapsmän</abbr><expan resp="JS">vetenskapsmän</expan></choice>, <choice><abbr>hvka</abbr><expan resp="JS">hvilka</expan></choice> <add>under 47 år</add> sedan Univ:s flyttning till <placeName corresp="pl399">Hfors</placeName> haft den äran <add>och</add>, de<subst><del>n</del><add>t</add></subst> ansvaret att närmast stå i spetsen för dess angelägenheter. En egendomlig skickels<subst><del>er</del><add>e</add></subst> har fogat, att bland desse decemvir<subst><del>er</del><add>i</add></subst> alla fakulteter varit representerade: – en theolog, en läkare, två jurister och 6 medlemar af filos. fakulteten, 2 från dess histor. filol. och 4 från dess fys. mathem. sektion. Naturvetenskaperne ha således haft broderlotten vid utdelandet af rektorsvärdigheten och bland dem åter främst fysiken, som gifvit oss två rektorer – <del>en tredje</del> vi skulle otvifvelaktigt ha räknat en tredje, om icke hans bana blifvit i förtid afbruten. Medeltalet af den tid, under <choice><abbr>hken</abbr><expan resp="JS">hvilken</expan></choice> desse 10 män förvaltat rektorsembetet, är 4⁷⁄₁₀ år. <persName corresp="pe124">Prof. Mbg</persName> <del>har</del> är en af dem, som behållit det blott under <del>det af</del> minimitiden af 3 år. Det tillkommer icke oss att ifrågasätta giltigheten af de skäl, som förmått hr professorn att afsäga sig ett återval och söka ett lugn, som är f<subst><del>år</del><add>å</add></subst> väl berättigadt efter 38 tjensteårs mödor. Vi kunna endast uttrycka vår saknad och vår erkänsla, icke blott för de 38 åren, utan ock för de tre. Det har funnits tider – icke så alldeles nära likväl – när de oskyldiga symbol<subst><del>er</del><add>a</add></subst> dem hr prof. nyligen öfverlemnat åt efterträdaren icke saknat deras faktiska betydelse – när spirorna, purpurmanteln och nycklarna verkligen angifvit en dominerande ställning utöfver den väsentligen förvaltande och verkställande myndighet, som tillkommer rektorsembetet; och jag vill icke påstå, att en sådan ställning alltid har varit till skada för Univ.,<pb type="other unwritten" n="238"/> – det har berott på den mer eller mindre klara uppfattningen af denna institution, som är på engång så ofanteligt mycket <add>för vårt land</add> och så <del>oändeligt</del> <add place="inline">försvinnande</add> lite<subst><del>t</del><add>n</add></subst> <add place="leftMargin">för <choice><abbr>msklighetens</abbr><expan resp="JS">mensklighetens</expan></choice> utveckling</add> – så gränslöst fri i idéns verldar och så ömtåligt bunden vid bestående yttre förhållanden.</p>
      <p rend="noIndent">Det vi alla kunna konstatera är att traditionens <add>ståtliga</add> purpurmantel redan länge <add place="sublinear">sedan</add> har blifvit kring<del>skuren</del><add>klippt</add> af tidens obarmhertiga sax, och att om någonting är omöjligt sedan 20 år, så är det en byråkrat <del>p</del> i spetsen för ett akademiskt konsistorium. <add place="leftMargin"><del>Pr</del> Det är ingen ringa för<subst><del>s</del><add>t</add></subst>jenst att förstå sin tid, och</add> <subst><del>J</del><add>j</add></subst>ag tror att ingen skall missförstå mig, om jag tackar hr professorn för att ha varit en <subst><del>intet</del><add>bl</add></subst>and detta <subst><del>t</del><add>a</add></subst>kademiska samfunds konstitutionele ordförande. Vi tacka för att under <add>inflytandet af</add> hr professorns lugn och oväld, inga förvecklingar af någon betyd<subst><del>a</del><add>e</add></subst>n<subst><del>d</del><add>h</add></subst>et, <add place="leftMargin">ja icke ens <seg type="alt">andra<add reason="choice">partiernas</add></seg> färgskiftningar <subst><del>–</del><add>ä</add></subst>n d<subst><del>em</del><add>e</add></subst> som fysiken lär oss vara oskiljaktiga från ljuset – hafva –</add> stört endrägten i vår akadem. rådkammare, vi tacka <del>för</del> hjertligen för det minne af välvilja och humanitet, som hr prof. efterlemnat hos alla univ:s medlemmar.</p>
      <addSpan spanTo="#add1" place="leftMargin"/><p>Det är i sanning afundsvärdt att hafva stått i spetsen för denna stora fosterländska institution och kunna lemna den bakom sig <del>fri,</del> l<subst><del>yck</del><add>ugn</add></subst> och blomstrande; <add>utan ett enda störande minne</add> en särskild försynens nåd, som icke blifvit <del>månge rektorer v</del> beskärd åt månge styresmän på detta böljande haf af ungdom och icke heller framdeles, torde blifva mången beskärd. Vi lyckönska hr prof. dertill.</p><anchor id="add1"/>
      <p rend="noIndent">Ännu är icke ögonblicket kommit att säga hr prof. farväl – vi såge med fägnad om det blifve fördröjdt, men när det kommit, v<subst><del>ä</del><add>a</add></subst>r då öfvertygad om att vi städse skola följa hr prof. med våra varmaste Välönskningar.</p>
        </div>
      </div>
    </body><!-- – ” ’ æ † / ⁄ ½ ⅓ ¼ □ ° % − -->
  </text>
</TEI>
