﻿<?xml version="1.0" encoding="UTF-8"?>
<TEI xmlns:xsi="http://www.w3.org/2001/XMLSchema-instance"
 xsi:schemaLocation="http://www.tei-c.org/ns/1.0 file:/T:/Instruktioner,%20manualer,%20scheman/TEI-scheman%20(AM)/tei_manuskriptschema.xsd"
 xmlns="http://www.tei-c.org/ns/1.0">
  <teiHeader>
    <fileDesc>
      <titleStmt>
        <title>NB 244.108</title>
        <respStmt>
          <resp>Transkribering, ms-beskrivande kodning:</resp>
          <name>JS</name>
        </respStmt>
        <respStmt>
          <resp>Övrig kodning:</resp>
          <name>NN (XX-XX-20XX)</name>
        </respStmt>
      </titleStmt>
      <publicationStmt>
        <publisher>Zacharias Topelius Skrifter</publisher>
      </publicationStmt>
      <sourceDesc>
        <p>Arkivsignum: se ovan</p>
      </sourceDesc>
    </fileDesc>
    <profileDesc>
      <handNotes>
        <handNote medium="pencil"/>
      </handNotes>
    </profileDesc>
  </teiHeader>
  <text>
    <body xml:space="preserve">
      <div type="lecture">
        <div type="chapter" id="ch1">
      <pb type="author" n="1"/>
      <pb type="other" n="85"/>
          <head type="title">Tal på <persName corresp="pe130">Fredrik Pacius'</persName> 70-årsdag den <date when="1879-03-19">19 mars 1879</date>.</head>
          <p rend="right"><hi rend="underline">19 Mars 79.</hi></p>
      <p n="1"><hi rend="underline">Denna dag</hi> för 20 år sedan – denna dag för 10 år sedan – och flera sådana dagar, när den första vårsolen begynner att smälta snön och den första lärkan<del>s</del> <del>drill</del> sjunger under en blå himmel – då ha Sången, ungdomen och våren stämt möte i denna ljusa sal, för att helsa <subst><del>en</del><add>sin</add></subst> mästersångare. – Åren förgå, den ena generationen af ungdom efter den andra uppstiger på estraden och fyller körens stämmor – men allt är denna dag ännu Sångens vårfest, och så skall den blifva slägte efter slägte. Om 20 år, när <subst><del>en</del><add>den</add></subst> generation, som nu ligger i vaggan träder fram i vårt ställe,<pb type="author" n="2"/><pb type="other unwritten" n="86"/> skola samma friska toner klinga här eller annorstädes på denna dag, <del>och</del> <persName corresp="pe130">Pacii</persName> dag, och prisa den evige Gifvaren som med sångens ädla gåfva vederqvicker menniskors hjertan och lyftar deras ande till harmoniernas urkälla.</p>
      <p>Åren förgå, och den mästersångaren som för snart 45 år sedan kom till oss från <placeName corresp="pl2538">Elbens</placeName> stränder, – från det land, som i sekler gifvit så många väckelser <subst><del>och</del><add>åt</add></subst> vår högre kultur – han som då kom till oss i ungdomens kraft, han är nu gammal vorden, men si hans sång bär inom sig en evig ungdom<choice><orig></orig><reg resp="JS">.</reg></choice></p><pb type="author" n="3"></pb><pb type="other" n="87"/>
      <p>Han kom till ett okändt, främmande land – hvad visste han om oss? hvad visste vi om honom? Men han blef vår egen, och vi blefvo hans, och nu ville vi icke gifva honom tillbaka, hvarken honom sjelf, så länge vi få behålla honom, eller hans namn, som skall lefva <add place="inline">när han sjelf icke finns,</add> <del>i alla</del> <add><del>till kommande</del></add> <del><restore>tider</restore></del><del>,</del> eller hans sång, som skall glädja efterkommande slägten.</p>
      <addSpan spanTo="#add1" place="rightMargin"></addSpan><p>Hvem har icke stått engång i sommarens grönska och föreställt sig att fältet alltid har varit lika grönt och ängarnas blommor alltid lika doftande?</p>
      <anchor id="add1"/>
      <p><del>Veten</del>I <hi rend="underline">unge</hi>, som nu träden första gången i ledet, veten I hvad det är för en lifsgerning, som <persName corresp="pe130">Fredrik Pacius</persName> uträttat? – I tycken nu att det är alldeles som det skall vara när den ene sångerskan eller sångaren efter den andra går ut i vårt land<pb type="author" n="4"/><pb type="other unwritten" n="88"></pb> eller andra länder, för att förtjusa många tusende. I finnen det alldeles naturligt, att vi nästan hvar dag få höra utlandets största musikaliska mästerverk från scenen eller i konsertsalen. I finnen det lika naturligt att vi gå ut till de aflägsnaste skogsbygder, för att uppsöka de sköna folkvisorna <add>och få glädje af dem.</add> – I <del>tyck</del> förundren eder icke det minsta, när <subst><del>en</del><add>nå</add></subst>gon, som för ett år sedan var en okunnig bondpojk<subst><del>ar</del><add>e</add></subst>, nu sitter der bland gardesmusiken och spelar för oss de <del>s</del> vackraste melodier, <add place="leftMargin">eller att den ena skolade musikern efter den andra nu uppträder bland oss med taktpinnen som fältherrestaf.</add> – Men vi äldre, som <del>veta</del> minnas huru det var för 40 eller 50 år sedan, vi förundra oss, att <del>en</del> så omätliga framsteg blifvit gjorda, och det förnämligast genom en man.</p><pb type="author" n="5"/><pb type="other" n="89"/>
      <p>Ja, vi minnas väl, med hvilken förtjusning vi förr emottogo en kringresande virtuos, som händelsevis förirrat sig hit på vägen till <placeName corresp="pl1957">Petersburg</placeName> – vi minnas med hvilken <del>häpnad</del> <add>förvåning</add> vi <del>hörde</del> <add place="inline">sågo</add> den första finska näktergalen <persName corresp="pe144">Johanna von Schoultz</persName> flyga ut till <placeName corresp="pl563">Italien</placeName> – <subst><del>v</del><add>W</add></subst>i minnas med hvilken häpnad vi hörde det första oratoriet i <placeName corresp="pl399">Helsingfors</placeName> 1835, dessa <persName corresp="pe282">Spohrs</persName> »Letzten Dinge», som under <persName corresp="pe130">Paci<subst><del>i</del><add>us</add></subst></persName> ledning blefvo »<foreign xml:lang="ger">Die ersten Dinge</foreign>» för musiken i <placeName corresp="pl62">Finland</placeName>. Då var man nöjd med <add>så</add> litet – nu sitter man och kriticerar europeiska mästerverk som en alldeles vanlig sak.</p>
      <p><del>Jag</del><add>Vi få icke</add> ringaktar <del>icke</del> den förra tiden, – den hade ock <del>sin</del> i musik, som i annat, sina ärans män och qvinnor. <del>Jag</del> <add>Och vi</add> glädja <del>mig</del> <add>oss</add>, åt den tid, som nu är<pb type="author" n="6"/><pb type="other unwritten" n="90"/> <del>och som kommer</del> <!-- Är det verkligen raderat eller är det bara add strecket som går lite över texten? KL --> <add>skall i allt högre fulländning</add> – <del>och</del> <add><subst><del>d</del><add>D</add></subst> <subst><del>är</del><add>att</add></subst></add> <!-- Mycket otydligt ställe, kan det vara Det är istället för D att? Oklart vad ordet före Pacius skall vara ändrat till... KL --> <persName corresp="pe130">Pacii</persName> <del>största</del> ära och glädje att han funnit värdige efterträdare – Men jag vill <del>endast säga</del> <add>erinra derom</add>, att en sådan lifsgerning, som hans göres icke om två gånger. Det är <del>omöjligt</del> endast naturens Herre, som hvarje vår omskapar ödemarken till en lustgård. Ingen <del>menniska</del> <add>dödlig</add> kan mer än engång göra allt nytt – och <persName corresp="pe130">F. Pacius</persName> har varit nog lycklig att uppträda som banbrytare för sin konst i ett dittills öde land – ja, jag vet hvad det kostat honom att stå så ensam här i ödemarkerna, men så har han ock eröfrat åt musiken ett <del>stort nytt fält</del> <add>storfurstendöme</add> – det är det, som ingen gör om efter honom.</p>
      <p>Nog kunde vi sjunga före <persName corresp="pe130">Pacius</persName>. Det fanns ingen qvist i våra skogar, som icke genljöd af fågelqvitter i våren, – det fanns icke en så bortgömd koja<del>,</del> i detta land, der icke ungmön sjöng<pb type="author" n="7"/><pb type="other" n="91"/> sin brinnande längtan i sommarqvällen – men det var allt som furornas sus, det var <add><del>en</del></add> skör<subst><del>dt</del><add>a</add></subst>, <del>men</del> omedvet<subst><del>et</del><add>na</add></subst> natur<del>poesi</del><add>känslor</add> – <persName corresp="pe130">Pacius</persName> lade tanken och regeln i dessa dunkla känslor – genom honom och efter honom blef musiken en konst <add>i <placeName corresp="pl62">Finland</placeName></add> – <del>och</del> <subst><del>s</del><add>S</add></subst>e hvad den frambragt! <add place="inline">Det är hans verk.</add></p>
      <p>Jag talar icke om hvad han sjelf har diktat – ämnet är så rikt, att jag måste fatta det kort som en afbruten <del>s</del> sats, ty <del>på</del> före och efter mig står här en annan talare, mäktigare än jag att helsa vår gäst och tala till allas hjertan – före och efter mig går den vältaligaste af alla känslans tolkar – han som talar verldsspråket – Sången öfverröstar min svaga stämma, och den skall utsäga allt hvad nu blifvit osagdt. –</p>
      <p>Herr Professor <persName corresp="pe130">Pacius</persName>!</p>
      <p rend="noIndent">Wi ha samlats här för att på Eder 70:de födelsedag än engång – och Gud gifve ännu många gånger – helsa i Eder den finska sångens mästare och med en sällsynt odelad tillgifvenhet betyga Eder vår<pb type="author" n="8"/><pb type="other unwritten" n="92"/> aktning och vår oförgätliga tacksamhet för allt Edert lifs verk i <placeName corresp="pl62">Finland</placeName> och för Eder ädla konst. Wi ha samlats här, för att gemensamt frambära till Eder våra <add>innersta</add> välönskningar. Se denna ungdom – det är – <del>ett varmt stycke</del> <restore>af</restore> <!-- Är det verkligen återtaget? Tycker inte det blir logiska meningar i så fall. KL --> <placeName corresp="pl62">Finlands</placeName> ungdom – <del>är det</del> <restore>icke</restore> <!-- Är det verkligen återtaget? Tycker inte det blir logiska meningar i så fall. KL --> vore det möjligt, skulle den samlas nu kring Eder från de mest avlägsna bygder, för att säga huru högt den älskar Eder. Se här oss alla – några spillror af förra tider, blandade med de unga för att vi gemensamt må vittna om 45 års minnen – Se vi äro dock <del>ett</del> här i denna stund och i denna sal ett stycke af Wårt Land, som omgifver Eder i kärlek – detta Land, som <persName corresp="pe2">Runeberg</persName> <del>så</del> gifvit så sköna ord och <persName corresp="pe130">Pacius</persName> gifvit så sköna vingar! Lef ännu länge lycklig, aktad och älskad <add place="leftMargin">för detta land och för edra käraste –</add> lef för att <del>h</del> med hvarje år <add place="inline">mera</add> bevittna den dag, när »högre klinga skall vår fosterländska sång.» – ja lefve <del>sången</del> <add place="leftMargin">den evigt unga Sången och den gamle men i sången evigt unge mästersångaren</add>, lefve <persName corresp="pe130">Fredrik Pacius</persName>!</p>
        </div>
      </div>
    </body><!-- – ” ’ æ † / ⁄ ½ ⅓ ¼ □ ° % − -->
  </text>
</TEI>
