<?xml version='1.0' encoding='UTF-8'?><TEI xmlns:xsi="http://www.w3.org/2001/XMLSchema-instance" xmlns="http://www.tei-c.org/ns/1.0" xsi:schemaLocation="http://www.tei-c.org/ns/1.0 file:/T:/Instruktioner,%20manualer,%20scheman/TEI-scheman%20(AM)/tei_brevschema.xsd">
  <teiHeader>
    <fileDesc>
      <titleStmt>
        <title>Br571</title>
        <respStmt>
          <resp>Ansvarig redaktör:</resp>
          <name>Laura Mattsson</name>
        </respStmt>
      </titleStmt>
      <publicationStmt>
        <publisher>Zacharias Topelius Skrifter</publisher>
      </publicationStmt>
      <sourceDesc>
        <p>Arkivsignum: se databas</p>
      </sourceDesc>
    </fileDesc>
    <profileDesc>
      <handNotes>
        <handNote medium="black-ink"/>
      </handNotes>
    </profileDesc>
  </teiHeader>
  <text>
    <body xml:space="preserve">
      <!-- – ” ’ æ ½ -->
      <div type="letter">
        <opener>
          <dateline>
            <placeName corresp="pl2464">Uleåborg</placeName> Den 14 April 1832</dateline>
          <salute>Min älskade <rs corresp="pe14">Mamma</rs>!</salute>
        </opener>
        <p rend="noIndent">Wi väntade af mamma bref redan en post förut än mamma skref; det är så ledsamt att länge sakna underrättelser hemifrån. Angående Ryskan: jag vet ännu ej någon annan som skulle ha lust att läsa i sälskap med mig, och att han <add>(<persName corresp="pe3473">Ingman</persName>)</add> har tid och tillfälle att börja med mig ensam, det tror jag knapt. Men var öfvertygad derom bästa mamma att jag sjelf ganska väl finner huru nyttigt det vore, och att jag äfven skall begagna första tillfälle. Låt se nu hvad <anchor xml:id="start7615"/>Theatertruppen<anchor xml:id="end7615"/> <anchor xml:id="start19357"/>rustar med<anchor xml:id="end19357"/>. Jag såg <hi rend="underline">brudgummen från Mexiko</hi>, som jag sist skref om, och det var en rätt munter pjes. <del>Tisdagen derpå speltes <hi rend="underline">Archambaud</hi> och <hi rend="underline">Vellingtons uniform</hi> hvilka bägge redan äro kända i <placeName corresp="pl1512">NyCarleby</placeName>; då var jag upp.</del> <anchor xml:id="start19358"/>Aj<anchor xml:id="end19358"/> det var rätt, jag skref ju om dem ren i förra brefvet. Således spelte de om S<gap reason="damage" extent="3" unit="letters"/>gen <hi rend="underline"><anchor xml:id="start38336"/>Korsfararne<anchor xml:id="end38336"/></hi> hvilken jag såg. <hi rend="underline">Fredagen speltes <anchor xml:id="start38337"/>Sömngångaren eller Slottet Glenthorns kapell<anchor xml:id="end38337"/> i</hi> 3 akter, och <hi rend="underline"><anchor xml:id="start38348"/>Theaterskrifvaren<anchor xml:id="end38348"/></hi> då var jag uppe.<pb/> Söndagen den 8 dennes speltes <hi rend="underline"><anchor xml:id="start38338"/>Don Ranudo de Colibrados<anchor xml:id="end38338"/></hi> i 4 akter och <hi rend="underline"><anchor xml:id="start38344"/>hans nåd och Sotarn<anchor xml:id="end38344"/></hi>; de voro löjliga bägge två. Tisdagen den 10 speltes <hi rend="underline"><anchor xml:id="start38339"/>Galeerslafvarne<anchor xml:id="end38339"/></hi> och <hi rend="underline"><foreign xml:lang="fre"/><anchor xml:id="start38340"/>Comedien impromtu<anchor xml:id="end38340"/></hi>. Då <anchor xml:id="start20579"/>var jag inte upp<anchor xml:id="end20579"/>, jag tyckte <anchor xml:id="start20578"/>det var roligare hem<anchor xml:id="end20578"/> än att se en pjes som jag förut sett. <del>Fre</del><add>Tors</add>dagen den 12 speltes <hi rend="underline"><anchor xml:id="start38343"/>Cora eller Solens prestinna<anchor xml:id="end38343"/></hi> utan efterpjes och Fredagen den 13 <hi rend="underline"><anchor xml:id="start38342"/>Rosas bröllopsgåfva<anchor xml:id="end38342"/></hi> i 3 akter, och <hi rend="underline"><anchor xml:id="start38341"/>Ondsinta hustrun<anchor xml:id="end38341"/></hi>, det var <persName corresp="pe2926">fru Silfvans</persName> (i påskhelgen blir hon fru Westerlund) bröllops <anchor xml:id="start20580"/>recett<anchor xml:id="end20580"/>. Moster bestod mig upp. Det påstås att alla actörerne voro <anchor xml:id="start7631"/>plägade<anchor xml:id="end7631"/> sissta gången. Gudnåde mej har icke Theatertruppen vridit hjernen på mig, jag kommer nu ej mera ihåg något att skrifva åt min goda mamma annat än önska en god påskhelg åt Mamma och samtelige i <placeName corresp="pl1512">NyCarleby</placeName>. Hälsningar tusende faldt åt allt vårt folk et cetera.</p>
        <closer>
          <salute>Mammas</salute>
          <signed>Zachris</signed>
        </closer>
        <postscript>
          <p>P. S. Jag fälde bort min urnyckel men den hittades gudvarelåf, så att nu törs jag ej nytja den mera.</p>
        </postscript>
        <postscript>
          <p>Några ord åt <persName corresp="pe262">Sophie</persName>: <add>hälsa och</add> fråga <persName corresp="pe37">Herr Albert Dyhr</persName> om han i glädjen öfver er hemkomst glömt bort vår correspondans, eller (hvilket värre vore) om han är ond på mig derföre att jag tog litet mer än han bestälde, i hvilket fall jag mycket gärna köper af honom dessa <anchor xml:id="start38335"/>lod<anchor xml:id="end38335"/> som voro öfverlops; hälsa honom emellertid och <supplied reason="damage" resp="MaD">bed</supplied> honom skrifva. Åt <persName corresp="pe36">Collander</persName> har jag bestäldt så mycket att äfven han kanske finner det förmycket, han kan ju genom <persName corresp="pe37">Albert</persName> säg huru mycket han vill ha. – Hälsa <persName corresp="pe300">Mathilda</persName></p>
        </postscript>
        <closer>
          <signed>Zachris Topelius.</signed>
        </closer>
      </div>
    </body>
  </text>
</TEI>