<?xml version='1.0' encoding='UTF-8'?><TEI xmlns:xsi="http://www.w3.org/2001/XMLSchema-instance"
 xsi:schemaLocation="http://www.tei-c.org/ns/1.0 file:/T:/Instruktioner,%20manualer,%20scheman/TEI-scheman%20(AM)/tei_brevschema.xsd"
 xmlns="http://www.tei-c.org/ns/1.0">
  <teiHeader>
    <fileDesc>
      <titleStmt>
        <title>Br570</title>
        <respStmt>
          <resp>Ansvarig redaktör:</resp>
          <name>Laura Mattsson</name>
        </respStmt>
      </titleStmt>
      <publicationStmt>
        <publisher>Zacharias Topelius Skrifter</publisher>
      </publicationStmt>
      <sourceDesc>
        <p>Arkivsignum: se databas</p>
      </sourceDesc>
    </fileDesc>
    <profileDesc>
      <handNotes>
        <handNote medium="black-ink"/>
      </handNotes>
    </profileDesc>
  </teiHeader>
  <text>
    <body xml:space="preserve">
      <!-- – ” ’ æ ½ -->
      <div type="letter">
        <!--brevet är ett utkast till något brev-->
        <opener>
          <dateline><anchor xml:id="start11969"/>d. 16 Nov. 1837.<anchor xml:id="end11969"/></dateline>
        </opener>
        <p rend="noIndent">Gulle <rs corresp="pe14">mamma</rs>: I går inträffade <persName corresp="pe207">Lrk</persName>, medförande <del><rs corresp="pe14">M<hi rend="raised">s</hi></rs> och <rs corresp="pe262">syster</rs></del><add>de</add> efterlängtade bref som försäkrade oss om <rs corresp="pe14">Mammas</rs>, <rs corresp="pe262">systers</rs> och öfriga vänners helsa och tillfredsställelse. <del>Gifve Gud det jag</del><add>Jag har hoppats</add> kunna <del>glädja</del><add>återsända</add><del>mamma</del><del>med</del> lika glädjande underrättelser! Men den gode Guden har <del>welat icke</del> annorlunda bestämt, och mitt hjerta är tungt att jag måste skrifwa mamma detta</p>
        <p>Gulle Mamma! när detta <del>se</del> bedröfvelsens bud hamnar i Mammas händer, då hwilar den gröna torfvan öfver ett litet hjerta som <add>så länge det klappade</add> war sina närmastes högsta och bästa glädje och nu icke</p>
        <p>När mamma läser detta så fäll med oss en liten tår, ty den lilla, den outsägligt älskwärda <persName corresp="pe3217">Olga</persName> bor nu bland himmelens englar. – Den sorg hon lemnat quar wet mamma bättre än jag kan säga. – War någonsin en sådan sorg mildrad genom öfvertygelsen om en högre skickelse – ren <del>och från</del> all förebråelse af mensklig oförsigtighet, fel, – misstag, – så war det wist denna. Stark som hon war för sina år, <add>omgifven och</add> wårdad af med den största sorgfällighet äfven i det minsta, kunde hon <add>endast</add> duka under för ett af all mensklig konst och försigtighet oberoende ondt – för en med sällsynt häftighet rasande tandsjuka. – 8 Tänder hade hon fått med lindrig<pb/> opasslighet, då på engång 4 oxeltänder frambröto och förmodeligen flere <add>ännu</add> återstodo. Här war all konst förgäfves, den sköna men <del>till åren altför</del><add>ännu så <del>späda</del></add> späda <del>varelsen</del><del>knoppen</del><add>plantan</add><del>blef</del> dukade under för sin egen hastiga utweckling, och efter 8 dagars häftig sjukdom hwarunder hennes mamma för henne upoffrade dagars och nätters ro, inslumrade wår lilla <persName corresp="pe3217">Olga</persName> i dag Thorsdag kl. 5 e.&#x00A0;m. <del>och</del> till obeskrifvelig sorg för alla dem hwars ögonsten hon var.</p>
        <p>Huru <del>obeskrifligt</del><add>rörande</add> söt och snäll hon alltid war och ändå mest under sin sjukdom, kan jag ej utan tårar omtala. Derföre gjorde Gud den lilla engelns sista slummer så fridsam och mild att hon derunder förekom oss vackrare och sötare än någonsin.</p>
        <p>Hennes Mammas</p>
      </div>
    </body>
  </text>
</TEI>