<?xml version='1.0' encoding='UTF-8'?><TEI xmlns:xsi="http://www.w3.org/2001/XMLSchema-instance" xmlns="http://www.tei-c.org/ns/1.0" xsi:schemaLocation="http://www.tei-c.org/ns/1.0 file:/T:/Instruktioner,%20manualer,%20scheman/TEI-scheman%20(AM)/tei_brevschema.xsd">
  <teiHeader>
    <fileDesc>
      <titleStmt>
        <title>Br1836</title>
        <respStmt>
          <resp>Ansvarig redaktör:</resp>
          <name>Laura Mattsson</name>
        </respStmt>
      </titleStmt>
      <publicationStmt>
        <publisher>Zacharias Topelius Skrifter</publisher>
      </publicationStmt>
      <sourceDesc>
        <p>Arkivsignum: se databas</p>
      </sourceDesc>
    </fileDesc>
    <profileDesc>
      <handNotes>
        <handNote/>
        <handNote/>
      </handNotes>
    </profileDesc>
  </teiHeader>
  <text>
    <body xml:space="preserve">
      <!-- – ” ’ -->
      <div type="letter">
        <opener>
        <dateline><placeName corresp="pl399">Helsingfors</placeName> 4 Dec. 1863, fredag morgon.</dateline>
        <salute>Min Älskade <rs corresp="pe14">Mamma</rs>!</salute>
        </opener>
        <p rend="noIndent">Just nu på morgonen fingo vi Mammas kära bref. <persName corresp="pe10">Mille</persName> får nu först besvara hvad hon vet af frågorna. Vi skicka nu théet, förlåt att det dröjt. Vi tänkte först skicka det med <persName corresp="pe10039" correspUncert="Y">Heikellerna</persName>. <placeName corresp="pl1439">Neder Torneå</placeName> <rs corresp="pe5383">prosten</rs> far ända dit på permission från landtdagen; det är allt en bit väg fram och tillbaka. – Medan jag kommer ihåg, apropos af thé, så om Mamma får höra af någon <anchor xml:id="start27651"/>forlägenhet<anchor xml:id="end27651"/> hit och tillbaka, så var god och visa dem till oss, vi ville gerna skicka åt Mamma litet smått af det förut omtalade.</p>
        <p>Jag har nu lof, jag som andra studenter. <anchor xml:id="start27652"/>I går var sista föreläsningen<anchor xml:id="end27652"/> för denna termin, fullt som vanligt. Nu ett par veckor ha vi skrifningar och examina, men dock betydligt mindre arbete. Hälften af mitt jullof har jag tänkt använda för tidningen, som blifvit mycket eftersatt, andra hälften för <title corresp="ve252">Läseboken</title>. Jag har nu skaffat mig ett band som tvingar mig att laga den ut så fort som möjligt, nemligen 7 utmärkt vackra, men dyra trädsnitt från <placeName corresp="pl1170">Leipzig</placeName> efter <persName corresp="pe80">Ekmans</persName> teckningar – de kosta mig 140 rubel, och<pb/> dessutom har jag beställt några här. Måtte nu denna del gå något så när åt som den första –11,000 exx. på svenska och 5000 på finska äro nästan utsålda. Icke har jag ändå förtjent mer än omkr. 500 rubel för den, med helsan förtärda. På den nya boken ville jag gerna förtjena detsamma. Jag är ännu osäker, om jag kan taga den på eget förlag – det skulle visst löna sig bäst, men dermed är mycket bråk, och så får man ligga i långa förskotter. – De tråkiga förskotterna för gården ha gjort mig pank, mer än 400 rubel; – det kommer visst till godo på våren, när jag ej behöfver betala hyra i stället, men tilldess sitter det hårdt. Nu skall Mamma vara riktigt uppriktig och säga, om Mamma är i större behof nu, eller om jag får skicka Mamma 50 rubel i förra hälften af Mars – ty endera har jag föresatt mig skall ske, och nog får jag utvägar äfven nu. – Nå, <title corresp="tw98"><anchor xml:id="start27655"/>Hfors Tidningar</title> gå nu i andra händer,<anchor xml:id="end27655"/> och jag gör som katten, jag följer med huset. De tre unga männen gå krig till möte – <title corresp="tw172">Dagbladet</title> har redan gjort ett försök att vränga deras ord och afsigter – det partiet skulle gerna ha velat vara ensamt på täppan likasom nu. <persName corresp="pe520">Donner</persName><pb/> känner ju Mamma? <persName corresp="pe5392">Rein</persName> är son till <rs corresp="pe136">professorn</rs> och är en skicklig ung man, som snart blir docent. <persName corresp="pe5393">Böök</persName> känner jag föga, han är lärare vid Lyceum och säges vara ett flinkt hufvud. Tidningen blir nu en organ för de moderat-liberal<add place="sublinear">a</add> och för finska partiet, som nästa år äfven utsänder den <hi rend="underline">dagliga</hi> <hi rend="underline">Nya</hi> finska <title corresp="tw1477">Suometar</title>. I mycket kommer <title corresp="tw98">Hfors Tidn.</title> att ansluta sig till <persName corresp="pe203">J. W. Snellmans</persName> åsigter. <persName corresp="pe551">Agathon Meurman</persName>, landtbrukare och kommunalråd, är en utmärkt duglig penna, som jag påstår, den bästa af alla våra tidningsskrifvare. <persName corresp="pe141">Aug. Schauman</persName> intager sin rätta plats i <title corresp="tw172">Dagbladet</title>, dit han alltid hört, men icke ger hans namn <title corresp="tw172">Dagbl.</title> många prenumeranter numera. – Krig blir det nästa år i tidningarna; måtte <title corresp="tw98">Hfors</title> stå på sig – jag rår en smula för det bladets tendenser, ty det behöfdes en tygel på <title corresp="tw172">Dagbl.</title> och på <anchor xml:id="start38938"/>smädeskrifvarne i <title corresp="tw184">Allehanda<anchor xml:id="end38938"/></title>. Härtills har ingen annan åsigt fått ordet, utom i <title corresp="tw508">Allm. Tidningen</title>, och hvem vill just uppträda der? Jag tänker sjelf icke blanda mig i polemiken, bara börja en ny <title corresp="ve65">Fältskär</title>, om Gud ger helsan. – Krigiskt ser det ut i verlden – <persName corresp="pe2115">Napoleon</persName> är en stor lurifax nu som alltid, man vet ej hvad han för i skölden, men lyckligtvis lär han ha svårt att denna gång få engelsmännen med sig. Tyskarne äro galna med sitt <placeName corresp="pl3902">Slesvig-Holstein</placeName> och <rs corresp="pe5396">Augustenburgarn</rs><pb/> är en fähund, jag kan ej bättre säga, ty två gånger ha hans far och farfar afsagt sig alla anspråk för hela sin ätt. Men saken är den att Tyskarna vilja ha <placeName corresp="pl3902">Slesvig-Holstein</placeName> för att der bygga sig en flotta.</p>
        <p>Landtdagen håller på med <anchor xml:id="start27657"/>Qvinnans myndighet<anchor xml:id="end27657"/>: bland presterne höjde sig två deremot på grund af Skriften, neml. <persName corresp="pe5399">Beyrath</persName> och <persName corresp="pe5400">I. Bergh</persName>. Mera derom härnäst. – I lördags på morgonen hände sig – eftersom både onda och goda ting äro tre – att 1) slog <persName corresp="pe516">Fina</persName> sönder en flaska med <persName corresp="pe2708">Hjärnes</persName> testamente; 2) blåste ett farstufönster sönder och 3) slapp <persName corresp="pe1354">Kavaleffs</persName> gamla huskatt, som hållit sig i gården, till kanariefåglarna och anammade den ena af honorna. Jag vaknade af flaxandet kl. 7 på morg. – men då for katten af med fågeln i munnen. Den fick af henne, men död. <choice><abbr>S. d.</abbr><expan resp="MaD">Samma dag</expan></choice> <anchor xml:id="start27656"/>expedierades<anchor xml:id="end27656"/> Misse till tippornas säkerhet. Farmor kan tro att <persName corresp="pe13">Eva</persName> hade sorg för sin lilla Nelly.</p>
        <p>Nu brådskar <persName corresp="pe10">Mille</persName> på. Helsa <persName corresp="pe37">Dyhr</persName> att jag fått hans bref och pengar och far i dag med dem sjelf till <placeName corresp="pl419">Lappviken</placeName>. Troligen skrifver jag till honom i måndag.</p>
        <p>Må väl – Är det flera frågor att besvara, så får Mamma kanske en lapp i måndag.</p>
        <p>Helsa <persName corresp="pe323">Fanny</persName> och barnen.</p>
        <closer>
        <salute>Mammas</salute> <signed>Z.</signed>
        </closer>
      </div>
    </body>
  </text>
</TEI>