<?xml version='1.0' encoding='UTF-8'?><TEI xmlns:xsi="http://www.w3.org/2001/XMLSchema-instance" xmlns="http://www.tei-c.org/ns/1.0" xsi:schemaLocation="http://www.tei-c.org/ns/1.0 file:/T:/Instruktioner,%20manualer,%20scheman/TEI-scheman%20(AM)/tei_brevschema.xsd">
  <teiHeader>
    <fileDesc>
      <titleStmt>
        <title>Br1792</title>
        <respStmt>
          <resp>Ansvarig redaktör:</resp>
          <name>Laura Mattsson</name>
        </respStmt>
      </titleStmt>
      <publicationStmt>
        <publisher>Zacharias Topelius Skrifter</publisher>
      </publicationStmt>
      <sourceDesc>
        <p>Arkivsignum: se databas</p>
      </sourceDesc>
    </fileDesc>
    <profileDesc>
      <handNotes>
        <handNote/>
        <handNote/>
      </handNotes>
    </profileDesc>
  </teiHeader>
  <text>
    <body xml:space="preserve">
      <!-- – ” ’ -->
      <div type="letter">
        <opener>
        <dateline><placeName corresp="pl399">Helsingfors</placeName> måndag 28 April 62.</dateline>
        <salute>Min Älskade <rs corresp="pe14">Mamma</rs>!</salute>
        </opener>
        <p rend="noIndent">Tack för det sednaste kära brefvet, som åtföljdes af vänliga rader från syskonen i <placeName corresp="pl1142">Larsmo</placeName>. Det är visst en stor tröst att få hjertliga helsningar från våra käraste, och Gud gifve att de pröfningar Han behagat pålägga oss, måtte lända till varaktig nytta! Man tänker så mycket hit och dit om hvad som kunnat göras, men nog är det som Mamma säger, att i sista rummet har man dock intet annat än Guds makt att stöda sig på. Det enda är att sådana <anchor xml:id="start27194"/>skjutsar<anchor xml:id="end27194"/> rubba förtroendet till läkarekonsten; jag tackar ofta Gud att jag <anchor xml:id="start27195"/>ej blef läkare, som jag hade för afsigt<anchor xml:id="end27195"/> i sju år; det är ett svårt och otacksamt yrke. Få se huru länge <persName corresp="pe178">Willebrand</persName> orkar dermed; han ser nog skral ut. – Och mamma, som fått nya bekymmer från <placeName corresp="pl2464">Uleåborg</placeName>. Klent lär det vara, skrifver <persName corresp="pe323">Fanny</persName>, men intet kan Mamma fara<pb/> förrän det blir ordentligt före, och då skall Mamma ta gamla vagnen och <persName corresp="pe323">Fanny</persName> med; ingalunda kan Mamma fara ensam eller i schäs. Jag tycker <persName corresp="pe37">Dyhr</persName> kunde <anchor xml:id="start27196"/>skutta<anchor xml:id="end27196"/> med, han kunde väl ännu ha ett och hvarje att bestyra i <placeName corresp="pl2464">Uleåborg</placeName>. Det är mycket obestämdt med <persName corresp="pe798">Rosenkampffs</persName> resa, och i ingen händelse blir det väl förrän till midsommar, men nu ha de varit och äro ännu så sjuka, att det kan visst hända de också få göra en badresa. Först hade <rs corresp="pe140">tant</rs> en snäf af lunginflammation, som gick öfver. Då fogade ett olyckligt öde att två af <persName corresp="pe7573">flickorna Wetterhoff</persName> kommo hit och bodde hos tant. De skulle nu <anchor xml:id="start27193"/>fjäsas<anchor xml:id="end27193"/> och roas, och så har tant hela vintern haft en fuktig kyla i rummen mot torget, så att när sällskapet tillbragte en stor del af dagen der, gissar jag att det var mer än de tålte. <persName corresp="pe460">Aline</persName> blef först sjuk och låg några dagar, och sedan fick tant sin bröstsjukdom tillbaka och har varit temligen klen dessa dagar. Wi hade<pb/> nyss bud, och hon har sofvit bättre i natt, så att vi hoppas med Guds hjelp att det har sin öfvergång. <persName corresp="pe10">Emili</persName> har ej kunnat helsa på tant mer än någon stund; hon har sjelf legat för ankar, stackars barn. I tisdags hade hon en så häftig hjertklappning, att det var mera bekymmersamt, men nog har hon sedan varit i rörelse, fast hon är trött. Äfven <persName corresp="pe464">William</persName> var sjuk en natt och skrämde oss, men det gick öfver. Så att, kära Mamma, jag som så gerna ville ha något gladare att muntra Mamma med i dessa bråksama tider, har intet annat än <anchor xml:id="start27192"/>prack<anchor xml:id="end27192"/> och bekymmer att tala om. Gud gifve vi åter en vacker sommardag kunde prisa Guds godhet tillsammans på <placeName corresp="pl963">Kuddnäs</placeName> trappa. Wi längta alla till Mamma, så många vi äro, men det hjelper väl icke, vi måste väl <anchor xml:id="start27197"/>dela oss mellan <placeName corresp="pl1433">Nordsjön</placeName> och <placeName corresp="pl1513">Lappojoki<anchor xml:id="end27197"/></placeName> nu tillsvidare. – Roligt är det att se barnen raska. <persName corresp="pe272">Toinis</persName> öga är allt på bättring, ehuru ej ännu riktigt bra; hon går ännu med lapp före. I går var en glädje: <persName corresp="pe568">Becker</persName> lofvade henne att gå ut, och som det i dag är 10 grader i skuggan, underlät<pb/> hon icke att stå på sin rätt. De komma just nu båda två, <persName corresp="pe272">Toini</persName> och <persName corresp="pe13">Eva</persName>, rödbrusiga och svettiga, från bagarn, der de fått 3 tortor för 5 kopek. ”Och vet pappa, vi träffade <persName corresp="pe3712">Arthur</persName> på gatan och gick ett långt stycke med honom”. – Det roade oss en smula, ty <persName corresp="pe70">Leonard Borgström</persName> är så rädd för smittan, att hans <persName corresp="pe3712">Arthur</persName> knappt får se upp, när han går här förbi. ”Ni få ej röra vid <persName corresp="pe3712">Arthur</persName>”, sade då <persName corresp="pe10">Emili</persName>. – ”Vet du <persName corresp="pe272">Toini</persName>, sade <persName corresp="pe13">Eva</persName>, mamma säger att vi få inte helsa på <persName corresp="pe3712">Arthur</persName>, för han kan få smitta.” – <persName corresp="pe69">Hinrik Borgström</persName> är äfven så rädd för sin lilla <persName corresp="pe2101">Selma</persName>, att ingen från <persName corresp="pe656">Borgströms</persName> varit här med sin fot, sedan <persName corresp="pe274">Rosa</persName> blef sjuk. Det är så ovant för <persName corresp="pe656">Borgströms</persName> att ha småbarn i huset, att den lilla flickan vänder upp och ned på hela dagordningen.</p>
        <p>P. S. Just nu var <persName corresp="pe75">Cygnæus</persName> här och föreslog att fira <rs corresp="pe661">Kejsarns</rs> födelsedag i morgon med deklamation och sång. En så stor nyhet: <placeName corresp="pl1708">Polen</placeName> har återfått sin konstitution, som <persName corresp="pe964">Nikolai</persName> fråntog det 1831, och dertill egen armé. <persName corresp="pe661">Alexanders</persName> namn flyger åter välsignadt kring hela <placeName corresp="pl145">Europa</placeName>.</p>
        <p>Måväl, älskade Mamma! Helsa <persName corresp="pe323">Fanny</persName> och alla de våra från Mammas egnaste</p>
        <closer>
        <signed>Z., E. och barnen.</signed>
        </closer>
        <!-- skrivet i vänstra marginalen på sid 4 -->
        <postscript><p rend="place_leftMargin"><persName corresp="pe202">Assessorskan Grönlund</persName> slöt i går sitt bräckliga lif, sedan hon ett helt år legat till sängs. Professorskorna <persName corresp="pe369">Kellgren</persName> och <persName corresp="pe3700">Castrén</persName> och <persName corresp="pe360">Mina Julin</persName> sitta som bäst i sängkammarn hos <persName corresp="pe10">Emili</persName>. Barnen vilja ut igen.</p></postscript>
        <!-- skrivet i vänstra marginalen på sid 3 -->
        <postscript><p rend="place_previousPage_leftMargin">Det kan hända jag skrifver med nästa post, att ej Mamma må vara orolig för tant. Hennes flickor äro bra snälla barn; <persName corresp="pe7577">Josefina Röslin</persName> har hjelpt dem ibland.</p></postscript>
        <!-- skrivet i vänstra marginalen på sid 2 -->
        <postscript><p rend="place_previousPage_leftMargin"><persName corresp="pe768">Leopolds</persName> och <persName corresp="pe737">Carls</persName> må väl. <persName corresp="pe422">Emili Lindfors</persName> är nu frisk. – <persName corresp="pe3702">Löfgren</persName> har fortsatt <persName corresp="pe11">Ainas</persName> porträtt, som snart blir färdigt. Det liknar bra, och <placeName corresp="pl402">Majniemi</placeName> är der så hjertans trefligt. Man ser stugan till venster, der flaggas, kaffebordet står dukadt, <persName corresp="pe6136" correspUncert="Y">Brita</persName> kommer med kaffepannan från köket, och <anchor xml:id="start38776"/>Naj<anchor xml:id="end38776"/> sitter i gräset. Till höger ser man näten, viken, ladan, åkerbären, en båt på afstånd och <persName corresp="pe272">Toini</persName> och <persName corresp="pe13">Eva</persName> nära ladan. Det mesta häraf har målats på deras beställning. <seg rend="place_botMargin"><persName corresp="pe11">Aina</persName> står en midsommarmorgon på bryggan, hvitklädd, och väntar <rs corresp="pe14">farmor</rs> och <persName corresp="pe323">Fanny</persName> till <placeName corresp="pl402">Majniemi</placeName>.</seg></p></postscript>
      </div>
    </body>
  </text>
</TEI>