<?xml version='1.0' encoding='UTF-8'?><TEI xmlns:xsi="http://www.w3.org/2001/XMLSchema-instance" xmlns="http://www.tei-c.org/ns/1.0" xsi:schemaLocation="http://www.tei-c.org/ns/1.0 file:/T:/Instruktioner,%20manualer,%20scheman/TEI-scheman%20(AM)/tei_brevschema.xsd">
  <teiHeader>
    <fileDesc>
      <titleStmt>
        <title>Br2106</title>
        <respStmt>
          <resp>Ansvarig redaktör:</resp>
          <name>Laura Mattsson</name>
        </respStmt>
      </titleStmt>
      <publicationStmt>
        <publisher>Zacharias Topelius Skrifter</publisher>
      </publicationStmt>
      <sourceDesc>
        <p>Arkivsignum: se databas</p>
      </sourceDesc>
    </fileDesc>
    <profileDesc>
      <handNotes>
        <handNote medium="black-ink"/>
        <handNote/>
      </handNotes>
    </profileDesc>
  </teiHeader>
  <text>
    <body xml:space="preserve">
      <!-- – ” ’ -->
      <div type="letter">
        <opener>
          <dateline><placeName corresp="pl399">Helsingfors</placeName> annandag jul 1864.</dateline>
          <salute>Min Älskade <rs corresp="pe14">Mamma</rs>!</salute>
        </opener>
        <p rend="noIndent">En fridfull jul och godt nytt år önskas vår Älskade Mamma och vår goda syster <persName corresp="pe323">Fanny</persName> af varmaste hjerta!</p>
        <p>Icke veta vi nu, om Mamma är <anchor xml:id="start28438"/>i <placeName corresp="pl1142">Larsmo</placeName> eller på <placeName corresp="pl963">Kuddnäs<anchor xml:id="end28438"/></placeName>. Jag önskar det förra för allas eder trefnad och äfven för att ryggvärken må tillåta det. Gud gifve denna krämpan en öfvergång; jag hoppas och beder att Mamma må få vara rask och bra. Emellertid skickar jag nu dessa rader om de också få vänta i <placeName corresp="pl1512">NyCarleby</placeName>. <persName corresp="pe10">Emili</persName> och <persName corresp="pe11">Aina</persName> äro i kyrkan att höra på <persName corresp="pe550">Sælan</persName>; jag går litet senare och vill nu i korthet berätta om vår jul härintills. – Vi tänkte visst vara hemma som förr om julafton, det har sina behag, helst när Herren är så nådig och nu för första gången åter sedan fyra år låtit oss hafva en frisk jul. Men vi fingo en vink af <persName corresp="pe162">Sofi Leopold</persName> att <rs corresp="pe140">tant</rs> ville se oss der, fastän hon ej ville direkt bjuda, och så uppgjordes på det sättet att <persName corresp="pe10">Emili</persName> for dit och bjöd antingen <persName corresp="pe798">Rosenkampffs</persName> till oss eller oss till dem. – Vi foro då dit om julafton, sedan vi förut kl. 5–7 varit i kyrkan, der <persName corresp="pe550">Sælan</persName> predikade om <placeName corresp="pl282">Bethlehem</placeName> och huru alla borde, som herdarne, gå dit för att se det nyfödda verldens ljus. Det var en högtidlig gudstjenst: en kör af herrar och fruntimmer (hvaribland <persName corresp="pe11">Aina</persName>) sjöng från orgläktaren två vackra psalmer på köpet.</p>
        <pb/>
        <p><persName corresp="pe10">Emili</persName> och de otåliga barnen foro kl. ½ 8, men jag blef ej färdig förrän närmare kl. 9. <persName corresp="pe768">Leopolds</persName> voro der med alla sina barn. Tant sjelf var ej rätt glad, ty <persName corresp="pe318">Ninni</persName> hade veckan förut haft en svår halsröta och var ännu mera matt, likväl i rörelse. <persName corresp="pe19">Oskar</persName> var med, och så stojade barnen och jag till klockan ½ 1 vidpass. Tack, älskade Mamma och <persName corresp="pe323">Fanny</persName>, för edra kära och vackra sändningar; nog kommo de fram, äfvensom <persName corresp="pe262">syster Sofies</persName> <anchor xml:id="start28430"/>skickning<anchor xml:id="end28430"/> och bref och <persName corresp="pe658">Dyhrns</persName> skickning, hvarom allt min maka får skrifva mera. Jag vill blott särskildt tacka så hjertligt för Mammas sköna ullstrumpor, som jag fick redan med <persName corresp="pe658">Dyhrns</persName> och som visst göra sitt till att vara amuleter mot frossan, efter jag (skam få min penna!) icke kännt af den på nära två månader. Och särskildt kysser jag <persName corresp="pe323">Fanny</persName> och tackar för den sköna <anchor xml:id="start28431"/>Neptunus<anchor xml:id="end28431"/>, som är i stånd att trygga en persons bestånd under 40 graders köld på en nordpolsexpedition. Nog står jag mig med den; och sedan den fina théduken och mammas ullgarn etcetera – nå, jag säger ej mer. Vi gåfvo allsinga dyra julklappar i år bara smått, men till antalet en hel hop. Jag fick, utom <persName corresp="pe323">Fannys</persName>, af min gumma en ny präktig schlafrock, en lässkärm, en ljusskärm, en cigarrknif, af <persName corresp="pe11">Aina</persName> Pontus’<!-- ingen PersName, Pontus är hundvalpen som flickorna fick i julklapp julen innan. IK --> porträtt på en tobaksask, af <persName corresp="pe160">Leopold</persName> ett cigarrmundstycke, af barnen<pb/> två dito, af <persName corresp="pe552">fröken Ehrnroth</persName> en grannt broderad papperspress, o. s. v. <persName corresp="pe645">Hæggströms</persName>, <persName corresp="pe656">Borgströms</persName> och <persName corresp="pe2816">Deckers</persName> skickade klappar, <persName corresp="pe3441">Hjalmar Nordgren</persName> skickade åt <persName corresp="pe272">Toini</persName> och <persName corresp="pe13">Eva</persName>. <persName corresp="pe416">Max</persName> gaf en kalender åt <persName corresp="pe11">Aina</persName>. <persName corresp="pe162">Sofi Leopold</persName> fick af sin gubbe en dyrbar lampa. Vi hade en enkom julgubbe med mask, peruk och lösskägg samt sedan med ett löshufvud, som han kunde efter behag höja och sänka med en eldgaffel under kappan, men likväl voro barnen mycket klentrogna, endast hundarna voro riktigt öfvertygade och höllo stort halloh, när titulus visade sig.</p>
        <p>– Juldagen läste vi vår predikan hemma och gingo sedan med barnen ut att gå. På afton voro vi hos <persName corresp="pe768">Leopolds</persName> med <persName corresp="pe416">Max</persName> och <persName corresp="pe19">Oskar</persName>, men Tant och <persName corresp="pe607">Augusta</persName> ville ej gå från <persName corresp="pe318">Ninni</persName>, som åter var skralare efter nattvaket. Vi sutto <foreign xml:lang="fre"><anchor xml:id="start28379"/>en famille<anchor xml:id="end28379"/></foreign> och försökte <persName corresp="pe768">Leopolds</persName> nya präktiga flygel. – I afton skola vi till <persName corresp="pe656">Borgströms</persName>. Vi ha nu kommit från kyrkan och åter hört <persName corresp="pe550">Sælan</persName> – i eftermiddag är barngudstjenst. Det är väl en af de största fördelar <placeName corresp="pl399">Helsingfors</placeName> erbjuder, att man så ofta får höra rent Guds ord, om man vill. – Jag tänker nu, att lägga detta in i ett bref till <persName corresp="pe3671">Erik Benzelstjerna</persName> angående hans <anchor xml:id="start28380"/>kondition<anchor xml:id="end28380"/> och slutar derföre, i hopp att mamma snart skall få ordentligare bref från Mammas</p>
        <closer>
        <signed>Z., E. och barnen</signed>
        </closer>
        <postscript><p rend="place_leftMargin">Gratulerar till 45 rubels julklapp om året i pensi<unclear reason="writing" resp="EK">one</unclear> eller hur? <anchor xml:id="start28435"/>Här talas mycket om finanserna och <persName corresp="pe203">Snellmans</persName> vara eller icke vara.<anchor xml:id="end28435"/></p></postscript>
        <postscript><p rend="place_leftMargin">Jag skall härnäst skrifva om tidningen. Hvad tycker Mamma om den <anchor xml:id="start38969"/>nya upplagan<anchor xml:id="end38969"/>?</p></postscript>
      </div>
    </body>
  </text>
</TEI>