<?xml version='1.0' encoding='UTF-8'?><TEI xmlns:xsi="http://www.w3.org/2001/XMLSchema-instance" xmlns="http://www.tei-c.org/ns/1.0" xsi:schemaLocation="http://www.tei-c.org/ns/1.0 file:/T:/Instruktioner,%20manualer,%20scheman/TEI-scheman%20(AM)/tei_brevschema.xsd">
  <teiHeader>
    <fileDesc>
      <titleStmt>
        <title>Br2086</title>
        <respStmt>
          <resp>Ansvarig redaktör:</resp>
          <name>Laura Mattsson</name>
        </respStmt>
      </titleStmt>
      <publicationStmt>
        <publisher>Zacharias Topelius Skrifter</publisher>
      </publicationStmt>
      <sourceDesc>
        <p>Arkivsignum: se databas</p>
      </sourceDesc>
    </fileDesc>
    <profileDesc>
      <handNotes>
        <handNote medium="black-ink"/>
      </handNotes>
    </profileDesc>
  </teiHeader>
  <text>
    <body xml:space="preserve">
      <!-- – ” ’ æ ½ -->
      <div type="letter">
        <opener>
          <dateline><placeName corresp="pl399">Helsingfors</placeName> fredag 24 April 1868.</dateline>
          <salute>Min Älskade <rs corresp="pe14">Mamma</rs>!</salute>
        </opener>
        <p rend="noIndent">Jag sänder medföljande välmenta skärf, för att den må hinna före <anchor xml:id="start32347"/>1 Maj, då Mamma får så många hungriga gäster<anchor xml:id="end32347"/>. Må Han, som spisade 3000 män, ånyo välsigna Mammas och alla hjelpsamma grytors ringa förråder! Detta lilla bidrag disponerar Mamma alldeles efter godtfinnande; jag vet nog att större luckor finnas att fylla.</p>
        <p>Wi må Gudilof väl, utom <persName corresp="pe875">Anna</persName>, som blir allt svagare i denna svåra islossningstid. Gud låte modren hinna hit; det ser knappt ut som om det kära barnet skulle hinna till <placeName corresp="pl119">Brahestad</placeName>, innan hon gör en längre resa. Hon måste nu ligga emellanåt, magen har<pb/> varit klen; i går blödde hon näsblod. Lugn och tyst är hon, som alltid.</p>
        <p>Verlden surrar oss om öronen. I måndags var det stora lotteriet: ingenting vann du, kära <persName corresp="pe323">Fanny</persName>, i ett så föga vinstbringande sällskap, som vårt, och ingenting vann <persName corresp="pe560">Mimmi</persName>, åt hvilken jag tog en lott, efter hon brukat ha tur. Wi hade inalles med <persName corresp="pe561">B.</persName> och <persName corresp="pe11">Aina</persName> 10, en hvar; ingen vann. <persName corresp="pe768">Leopolds</persName> hade ej bättre lycka på 20, och <persName corresp="pe799">grefvinnan Adlerberg</persName> vann en småsak på 200 lotter. Deremot vann <persName corresp="pe425">Adele Borgström</persName> 10 vinster på 20 lotter, <placeName corresp="pl2464">Uleå</placeName> <persName corresp="pe24">Fanny</persName> vann en liten fotografi – största kejserliga vinsten om 1000 rubels värde vanns af <persName corresp="pe6831">Tschernichins</persName> bokhållare – en jungfru hos <persName corresp="pe6832">Appel<pb/>bergs</persName> vann på en lott en 100 rubels obligation – en betjent vann en dyrbar matta – en annan jungfru vann <persName corresp="pe611">Adlerbergs</persName> tafla, som inlöses för 200 mk. <persName corresp="pe516">Fina</persName> var utom sig, när hon hörde det; hon gick för att köpa en lott, men kom för sent. – Jag var en stund <subst>på</subst> lotteribalen, men kunde ej härda ut – det var otäckt att se så mycken grannlåt och fåfänga. – Efteråt höll <persName corresp="pe5279">Laura Frenckell</persName> ett franskt tal till <persName corresp="pe799">grefvinnan A.</persName> – <persName corresp="pe1299">F. Frenckell</persName> har ju blifvit adelsman.</p>
        <p>Må väl, Älskade Mamma, kl. blir 11, jag måste på posten. Fröna äro beställda, men fingos ej i dag ännu.</p>
        <closer>
          <salute>Mammas egen</salute>
          <signed>Z.</signed>
        </closer>
          <postscript>
            <p rend="place_leftMargin"><!-- skrivet i vänster marginal på sid 3 -->Strida regn ha alldeles borttagit snön. Om en vecka ha vi öppet vatten och full vår.</p>
          </postscript>
      </div>
    </body>
  </text>
</TEI>