﻿<?xml version="1.0" encoding="UTF-8"?>
<TEI xmlns:xsi="http://www.w3.org/2001/XMLSchema-instance" xmlns="http://www.tei-c.org/ns/1.0" xsi:schemaLocation="http://www.tei-c.org/ns/1.0 file:/T:/Instruktioner,%20manualer,%20scheman/TEI-scheman%20(AM)/tei_brevschema.xsd">
  <teiHeader>
    <fileDesc>
      <titleStmt>
        <title>Br2072</title>
        <respStmt>
          <resp>Ansvarig redaktör:</resp>
          <name>Laura Mattsson</name>
        </respStmt>
      </titleStmt>
      <publicationStmt>
        <publisher>Zacharias Topelius Skrifter</publisher>
      </publicationStmt>
      <sourceDesc>
        <p>Arkivsignum: se databas</p>
      </sourceDesc>
    </fileDesc>
    <profileDesc>
      <handNotes>
        <handNote medium="black-ink" />
        <handNote />
      </handNotes>
    </profileDesc>
  </teiHeader>
  <text>
    <body xml:space="preserve">
      <!-- – ” ’ æ ½ -->
      <div type="letter">
        <opener>
        <dateline><placeName corresp="pl399">Helsingfors</placeName> fredag 15 Sept. 65.</dateline>
        <salute>Goda <rs corresp="pe14">Mamma</rs>!</salute>
        </opener>
        <p rend="noIndent">Jag har egentligen ingen annan anledning till dessa rader, än att med dagens post afgår ett bokpaket till <persName corresp="pe247">Berger</persName>, af hvilken Mamma har att uppbära 13 Mark samt af <persName corresp="pe562">Wennerholm</persName> för medföljande <persName corresp="pe3894">Arndt</persName> 6 Mark och vidare porto, som jag erlagt, 39 <hi rend="underline">kopek</hi>, hvilket herrarne kunna repartisera, om de så tycka. Båda <persName corresp="pe247">B.</persName> och <persName corresp="pe562">W.</persName> äro förut anmodade att godtgöra beloppet åt Mamma.</p>
        <p>Sedan vårt framkomstbref har vår nya dotter <persName corresp="pe560">Mimmi</persName> tagit sin examen med heder och icke allenast kommit in i <choice><abbr>frunt.skolan</abbr><expan resp="EK">fruntimmersskolan</expan></choice>, utan klifvit ända upp i 3:dje klassens högre afdelning, sig sjelf och oss alla till mycken fägnad. <persName corresp="pe320">Mamma Augusta</persName> får nu bref derom.</p>
        <pb />
        <p>För resten har ingenting annat passerat, än att min goda maka för närvarande sitter tandlös, medan hennes munrede är hos smeden, och mig skall han reparera i nästa vecka. Så har hela den återvändande <persName corresp="pe5610">Heikelska familjen</persName> varit hos oss i går på f. m. och torde äta middag här i söndag. Gubben är temligen rask, och <persName corresp="pe726">Victor</persName> medföljer. Vidare har <persName corresp="pe502">Walter Runeberg</persName> varit och slagit sönder mig i trädgården, d. v. s. <anchor xml:id="start29238" />min gipsbyst<anchor xml:id="end29238" />, som icke dugde mera, sedan <persName corresp="pe502">Walter</persName> varit fyra år uti <placeName corresp="pl2978">Rom</placeName>; men om jag får någon annan i stället, är ovisst. Och så ha hönorna värpt i köksfarstun, och så har <anchor xml:id="start29641" />nordstjernan<anchor xml:id="end29641" /> arriverat med bref af <persName corresp="pe307">Rokassovski</persName> och formlig fullmakt af svenska kungen. Och apropos af <persName corresp="pe307">Rokassovski</persName>, så<pb /> så säges det nu riktigt bestämdt att gubben skall bort, och när han under resan till <placeName corresp="pl1957">Pburg</placeName> kom till <placeName corresp="pl2614">Wiborg</placeName>, fick han telegram emot sig att ej resa längre, men orsaken är icke bekant för de oinvigde. Hans efterträdare skall vara en rysk generalmajor vid namn <persName corresp="pe5555">Potatoff</persName> eller någon annan slags rotfrukt. Widare skall det vara säkert att <persName corresp="pe7758">gen. Åkerblom</persName> är guvernör i <placeName corresp="pl2315">Tavastehus</placeName> efter <persName corresp="pe587">Troil</persName>. Det är nu allt hvad jag för tillfället vet, om ej det ännu, att vi hade inskription i onsdags, dervid <persName corresp="pe466">Arppe</persName> lexade upp dem som narra studenterne till politiska demonstrationer, – nemligen <anchor xml:id="start29239" />i våras, när de ej ville välja deputerade<anchor xml:id="end29239" />. <persName corresp="pe768">Leopolds</persName> ha varit hos oss; <persName corresp="pe162">Sofi</persName> är fet och blomstrande, unga <persName corresp="pe630">Loll</persName> går i normalskolan och började i sin oskuld med att skratta magistern upp i ansigtet. <persName corresp="pe10">Emili</persName> tackar för <persName corresp="pe323">Fannys</persName> vänliga<pb /> bref med <persName corresp="pe5521">Oskar Heikel</persName>, och vi önska nu alla att <persName corresp="pe607">Gusti</persName> må få andra fingeröfningar, än att skala potates. Med Österbotten skicka vi ej nu någonting, emedan wassbuken är opålitlig ännu och för tidigt att sätta buskarna, men med nästa Suomi skall Mamma få ljus och litet smått. Will Mamma i stället skicka vid tillfälle litet <anchor xml:id="start29242" />nätingar<anchor xml:id="end29242" /> och sikromm, är jag mycket tacksam, och kanske kunde några dussin nätingar skickas lätt påsaltade bara, så att de kunde stekas varma. Här kosta lingonen 35 kopek <anchor xml:id="start29235" />kappen<anchor xml:id="end29235" />, och när <persName corresp="pe566">Amalia</persName> i morgse fick för 28 kopek, ville de slita dem af henne. <rs corresp="pe28">Mosters</rs> ögon äro som förr; nog ser hon också småsaker i rummet, men hon är ytterligt envis med att vilja ha varmt om hufvudet och täppt luft i rummet, så att deraf får hon hosta och inflammerade ögon. Må väl! Vi helsa eder alla kärligen och hjertligen.</p>
        <closer>
        <salute>Mammas egen</salute> <signed>Z.</signed>
        </closer>
        <postscript><p rend="place_leftMargin">Min goda <persName corresp="pe416">Max</persName> har jag ej kunnat träffa, af det skäl att han varit ute på <placeName corresp="pl4701">Tallholmen</placeName>. – <persName corresp="pe75">Fredrik Cygnæus</persName> är återkommen, men jag har ej sett honom än. <persName corresp="pe466">Arppe</persName> blir ordförande i den <anchor xml:id="start29240" />nya press-styrelsen<anchor xml:id="end29240" />.</p></postscript>
        <postscript><p rend="place_leftMargin">Alla menniskor äro nyfikna att se <persName corresp="pe743"><anchor xml:id="start29241" />Dagmars</persName> bref<anchor xml:id="end29241" />. – Med <persName corresp="pe506">Bonnier</persName> har jag uppgjort kontrakt på en hel serie af <title rend="underline" corresp="ve218">Läsning för Barn</title>, ett häfte om året med plancher. 50 riksdaler får jag per ark.</p></postscript>
        <postscript><p rend="place_leftMargin">Af <persName corresp="pe231">Uno Enegren</persName> har jag haft bref jemte hans öfversättning af <persName corresp="pe5556">Beranger</persName>, dedicerad till mig och åtföljd utaf en mängd musikbilagor. Han skrifver ingenting om familjen, bara helsningar.</p></postscript>
        <postscript><p rend="place_leftMargin">Till <anchor xml:id="start29244" />bevillningen<anchor xml:id="end29244" /> har jag uppgifvit 9,200 mark, hvarifrån 800 gå af. Rika <persName corresp="pe9322">Ehrnrot</persName>, min granne, uppgaf precis lika mycket. Jag skall berätta härnäst om flera och huru <rs corresp="pe140">tant</rs> blir taxerad.</p></postscript>
      </div>
    </body>
  </text>
</TEI>