<?xml version='1.0' encoding='UTF-8'?><TEI xmlns:xsi="http://www.w3.org/2001/XMLSchema-instance" xmlns="http://www.tei-c.org/ns/1.0" xsi:schemaLocation="http://www.tei-c.org/ns/1.0 file:/T:/Instruktioner,%20manualer,%20scheman/TEI-scheman%20(AM)/tei_brevschema.xsd">
  <teiHeader>
    <fileDesc>
      <titleStmt>
        <title>Br1838</title>
        <respStmt>
          <resp>Ansvarig redaktör:</resp>
          <name>Laura Mattsson</name>
        </respStmt>
      </titleStmt>
      <publicationStmt>
        <publisher>Zacharias Topelius Skrifter</publisher>
      </publicationStmt>
      <sourceDesc>
        <p>Arkivsignum: se databas</p>
      </sourceDesc>
    </fileDesc>
    <profileDesc>
      <handNotes>
        <handNote/>
        <handNote/>
      </handNotes>
    </profileDesc>
  </teiHeader>
  <text>
    <body xml:space="preserve">
      <!-- – ” ’ -->
      <div type="letter">
        <opener>
        <dateline><placeName corresp="pl399">Helsingfors</placeName> måndag 21 Dec. 1863.</dateline>
        <salute>Min Älskade <rs corresp="pe14">Mamma</rs>!</salute>
        </opener>
        <p rend="noIndent">Det blef ej skrifvet med förra posten, emedan vi hade några små skickningar att bestyra. Gerna hade vi velat skicka Mamma något solidare, än de bagateller, som julgubben torde ha hämtat, när detta framkommer, men med posten lät det icke sig göra. Om Gud ger helsan, så skola vi på våren kanhända fylla flera sidor i det ganska anspråkslösa album, som <persName corresp="pe10">Emili</persName> köpte åt Mamma i <placeName corresp="pl2157">Stockholm</placeName>, jemte ett dylikt åt <persName corresp="pe262">Sofi</persName>.</p>
        <p>Gumman min är allt ännu skral, så att icke lär det bli någon riktig jul hos oss. Förra onsdags kände hon sig så rask, att hon ville följa <persName corresp="pe11">Aina</persName> och mig till <persName corresp="pe3653">Paciuses</persName>, dit vi voro bjudna på sång jemte <persName corresp="pe656">Borgtröms</persName>. Lyckligtvis var det yrväder, så att <persName corresp="pe10">Emili</persName> blef hemma, men andå fick hon på qvällen densamma blodhostan som Mamma mins att hon haft förut, och ända sen har hon legat. Ända till i går på morgonen fortfor hon då och då att hostat litet blod på näsduken, men det blef ändå mindre, och sen i går tycks det ha upphört. Mot thorsdag, fredag och lördag fick hon nästan ingen sömn på nätterna, men de sednaste två nätterna har hon sofvit rätt bra, så att med Guds hjelp är nu det värsta öfver, och vi få blott vara försigtiga.<pb/> Matt är hon, det förstås, och får ej tala, bara hviska. <anchor xml:id="start27703"/>Mjöldryga<anchor xml:id="end27703"/> är det hon tagit in, liksom förra gången. Jag tycker ej om det, men för tillfället är det visst ett verksamt medel. Kuraget är ombytligt, men bättre än jag kunnat hoppas, så att hon emellanåt roat sig åt barnen, som sqvattrat i rummet och deras kammare bredvid på deras vanliga sätt. Väderleken inverkar också; i lördags hade vi ett hiskeligt yrväder med drifvor, i går på morgonen 14 graders köld och på aftonen yrväder med snöslask; i dag klar himmel, blåst och 0 grader. Sängkammarn är lyckligtvis vårt varmaste rum, de öfriga si och så, hvarföre hela sällskapet hostat, utom jag. <persName corresp="pe272">Toini</persName> är nu betydligt tapprare, men får ej ännu gå ut. Fortgår förbättringen, som vi hoppas, litet om sender, så får kanske gumman fattig ligga i morgon på täcket och åtminstone sitta uppe på julafton, men icke lär hon få lemna rummet. Wi skola tacka Gud att det ej är värre än så, och kanske är Han så nådig och ger oss till julgåfva hoppet om gladare dagar. Det finns nog andra, som bära en hårdare pröfning. I lördags middagstiden hände nemligen att <persName corresp="pe2">Runeberg</persName> for med sin yngsta gosse (14 år gammal) och en forman till skogen, för att se efter sina räfsaxar i den nyfallna snön.<pb/> När han lutade sig ned för att se efter gillret, kunde han ej stiga upp igen, utan måste bäras till släden och åkas hem. Vid hemkomsten var han sanslös; han hade fått slag! Ingen läkare fanns, deras doktor var bortrest; en rysk läkare ficks slutligen att öppna ådern. <persName corresp="pe5402">Robert</persName>, näst den yngsta, spände då två hästar för släden, for hit och fick <persName corresp="pe178">Willebrand</persName> med sig på aftonen. I går afton kom <persName corresp="pe178">W.</persName> åter och säger att det är föga hopp. Der är en blodutgjutning i hjernan, hela venstra sidan lam och medvetandet borta. Så <subst><del>gå</del><add>ä</add></subst>r då denna stora och mäktiga ande bruten; denna klara intelligens går ifrån oss och lemnar visst en lång ljusstrimma efter sig, men också ett tomrum, som ingen kan fylla! Jag har varit ute i dag på morgonen: hela <placeName corresp="pl399">Helsingfors</placeName> är i bestörtning; man tycker det är underligt att se folket handla och vandla i trängseln på <placeName corresp="pl429">salutorget</placeName>. Jag ämnade ej berätta detta för <persName corresp="pe10">Emili</persName>, men <persName corresp="pe25">bror Ludvig</persName> kunde ej hålla tätt, och i dag är hon nedstämd, mest derföre, tror jag. Vi beklaga så mycket <persName corresp="pe4131">Tengströmska familjen</persName>; år efter år ha de haft sorg och bekymmer just till jularna: nu engång såg det så gladt ut också i deras hårdt pröfvade hus, och så kom detta. Äldsta sonen <persName corresp="pe5403">Ludvig</persName> skulle just i går komma med sin fru från <placeName corresp="pl1009">Kuopio</placeName> att jula i <placeName corresp="pl109">Borgå</placeName>. – Guds vägar äro underbara. I nästa Februari skulle <persName corresp="pe2">Runeberg</persName> fylla sitt 60:de år.<pb/> ”<title corresp="ve3323">Kungarne på Salamis</title>” voro hans svanesång. Det är en storartad dikt i den gamla grekiska tragedins anda. Åtminstone den som läst om trojanska kriget och hjelten <persName corresp="my215">Ajas</persName>, bör fatta dess mening, således också Mamma och <persName corresp="pe323">Fanny</persName>.</p>
        <p>Och jag, som så gerna ville skrifva åt Mamma något gladt till julen, jag har nu sådana sorgsna historier att komma med! Jag kan ej hjelpa det, hjertat är fullt. Men det är visst en Guds nåd i allt detta också. Jag tänker, om det är oss nyttigt, är Han allsmäktig nog att vända sjelfva det största bekymmer till nytt hopp, likasom Han denna tid på året låter det nya ljuset uppgå i den mörkaste natt.</p>
        <p><persName corresp="pe92">Grundfeldt</persName> for hem i går, och <persName corresp="pe25">Ludvig</persName> tänker fjerde dag jul begifva sig på väg till <placeName corresp="pl2464">Uleåborg</placeName>. Troligen far han ensam, emedan han ej vill föra de små barnen med sig nu, så att de och hans <persName corresp="pe3497">Olga</persName> stadna till våren. Sjelf är han åter raskare, än han varit på länge. Äfven <persName corresp="pe6843">Alex. Boehm</persName> far hem till nyåret, så att kanske Mamma då får muntliga helsningar från oss. Jag skall nu tillägga, efter alla dessa sjukdomshistorier, att Guds godhet har låtit mig vara friskare än på länge, och det fägnar visst Mamma att jag för en bättre diet, så att jag nu bra nog regelbundet lägger mig alla aftnar kl. 11. Icke blir<pb/> det så mycket gjordt, som det borde bli, men när morgnarna bli ljusare, hoppas jag då kunna taga min skada igen. Jag tänker nu på nyåret börja i tidningen <title corresp="ve65">Fältskärns 12:te berättelse</title> ”<title>Hattar och Mössor</title>.” Deremellan <title corresp="ve252">Läseboken</title>. – Fröken <persName corresp="pe552"><add>Adelaide</add> Ehrnrots</persName> ”<title corresp="tw2614">Sagor och Minnen</title>” ha utkommit med ett kort förord af mig. Jag glömde skicka den åt <persName corresp="pe323">Fanny</persName>. Emedan de heta ”<title corresp="tw2614">Sagor och Minnen af A-ï-a</title>”, har en hop folk varit så enfaldigt och trott dem vara af <persName corresp="pe11">Aina</persName>, så att flickan stackare har varit helt brydd<gap reason="overstrike" extent="1" unit="letters"/> för alla frågor om det är hon som skrifvit dem.</p>
        <p><persName corresp="pe272">Toini</persName> och <persName corresp="pe13">Eva</persName> äro högst bestyrsama till julen. <persName corresp="pe272">Toini</persName> har sytt åt <persName corresp="pe13">Eva</persName> en penntorkare och <persName corresp="pe13">Eva</persName> har sytt åt <persName corresp="pe272">Toini</persName> precis en dylik. Nu skulle det kantänka vara på båda sidor en stor hemlighet. En dag fick emellertid <persName corresp="pe272">Toini</persName> se sin blifvande julklapp, som syster slarfvan lemnat framme, och kunde ej hålla sig, utan berättade för <persName corresp="pe13">Eva</persName>: ”nog vet jag hvad du ger åt mig, det är en penntorkare, och så ser den ut!” – <persName corresp="pe13">Eva</persName> blef högst bedröfvad och <anchor xml:id="start27704"/>skifvade sig<anchor xml:id="end27704"/> öfver att hemligheten var röjd, men så hände sig ej bättre, än att <persName corresp="pe13">Eva</persName> andra dagen fick se <persName corresp="pe272">Toinis</persName> penntorkare, som också låg framme. Strax tog hon revange. ”Nu vet jag också hvad du<pb/> tänker ge till julklapp åt mig, det är en penntorkare, och så ser den ut!” – Vi kunde ej annat, än hjertligen skratta åt det sällskapet; <persName corresp="pe10">Emili</persName> skrattade så att vi måste be henne sluta för att ej hostan skulle komma.</p>
        <p>– Båda piorna ha fått öfver förväntan goda betyg från skolan och blifvit uppflyttade, <persName corresp="pe13">Eva</persName> öfver 12 och <persName corresp="pe272">Toini</persName> öfver 20. De sutto nemligen första termin i alfabetisk ordning och derföre bland de sista. I lördags skulle skolan ha Lussi (Lucia), <persName corresp="pe13">Eva</persName> fick 20 kopek till allmänna kassan, och <persName corresp="pe272">Toini</persName> var en smula <anchor xml:id="start27705"/>pitug<anchor xml:id="end27705"/> öfver att ej slippa med, men så kom middagstiden telegram att <persName corresp="pe7529">Mamsell Ertman</persName> dött i <placeName corresp="pl2735">Åbo</placeName>, så att hela Lussi blef uppskjuten till början af nästa termin. – <persName corresp="pe11">Aina</persName> förestår hushållet, medan mamma är <anchor xml:id="start38939"/>pippi<anchor xml:id="end38939"/>, och gjorde i går sitt första storverk i köket, nemligen en Äppelkaka af surt rifvet bröd. Litet sur var den, men gick för fullt och prisades som uppmuntran till vidare försök. Hon skall få den nyaste tjocka <title corresp="tw2631">kokboken</title> – <persName corresp="pe2244">fru Zetterstrands</persName> – till julklapp. – I antiqvariska bokhandeln säljas små arbeten af henne, – pappersdockor med fyra omgångar klädningar – och så har hon gjort pappersflaggor till julträden och mamma <persName corresp="pe10">Emili</persName><pb/> har gjort pappersblommor, så att de tänka få sig ett par, tre rubel till egenhändig förtjenst.</p>
        <p>Landtdagsherrarna ha nästan alla rest hem till julen. Det må vara dem enskildt unnadt, men något studentaktigt är det, när man samlats som landets ständer, och aldrig brukas sådant i andra länder, helst när de härtills hunnit med så litet i sak. Följden blir att nu få de i hast slarfva undan de aldra vigtigaste frågor i Februari och Mars. Många hoppas på vidare förlängning, men det är föga troligt.</p>
        <p>För resten är här stor penningbrist. <persName corresp="pe160">Leopold T.</persName>, som bygger en ny ångbåt i <placeName corresp="pl2735">Åbo</placeName>, är ej i stånd att få in sina fordringar för stock som han släpat åt de solidaste bolag, och <persName corresp="pe1292">Törngren</persName> och <persName corresp="pe524">Wasastjerna</persName> betala 7 procents ränta för 6 månader, bara de få låna pengar. Den som nu är kapitalist, kan förtjena. Skada att ej Mamma och jag ha i behåll alla de pengar jag kastat på landsvägen eller ätit upp under mina första 10 studentår! Jag tänker så ofta på Mammas affärer och hoppas allt att jordegendomen skall stiga efter landtdagens slut.</p>
        <pb/>
        <p>Men nu är kl. öfver 2 och jag måste sluta. Våra tankar äro hos Mamma både på julafton och när detta framkommer på juldagen. Gud gifve Mamma och alla våra vänner en god helg med helsan. För vår del skola vi vara nöjda med det hopp om helsa Gud kan förunna oss. – Icke lär Mamma resa till <placeName corresp="pl1142">Larsmo</placeName> nu? Kanske ej isen bär, och <anchor xml:id="start27708"/><anchor xml:id="start27707"/>flödvattnet<anchor xml:id="end27707"/> har Mamma proberat tillräckligt<anchor xml:id="end27708"/>. – Jag skickade ett litet pakett åt <persName corresp="pe5634">Schalins</persName> barn på <placeName corresp="pl1142">Larsmo</placeName>; kanske var det tokigt, ifall de jula hos Mamma?</p>
        <p>Ännu innan jag förseglar detta, tittade jag in till gumman min – hon ber så hjertligt helsa Mamma och <persName corresp="pe323">Fanny</persName>. Hon ligger och läser <persName corresp="pe5409">Gossners</persName> bibelförklaring, men får ej läsa lång stund i sender. <persName corresp="pe11">Ainutta</persName> och barnen helsa farmor och <persName corresp="pe323">Fanny</persName> med oss – det gäller också <persName corresp="pe5634">Schalins</persName>, om de äro på <placeName corresp="pl963">Kuddnäs</placeName> – och <persName corresp="pe653">Lybecks</persName>. Icke skall Mamma vara bekymrad för oss; vi skola väl snart låta höra af oss.</p>
        <closer>
        <salute>Mammas egnaste</salute> <signed>Z., E. och barnen.</signed>
        </closer>
        <!-- skrivet i vänstra marginalen på sid 8 -->
        <postscript><p rend="place_leftMargin"><persName corresp="pe2109">Gumman Etholén</persName> är skral här i <placeName corresp="pl399">Hfors</placeName> – hon har kräfta – åter en sjukdomshistoria! – Men <persName corresp="pe162">Sofi Leopold</persName> är betydligt raskare.</p></postscript>
        <!-- skrivet i vänstra marginalen på sid 7 -->
        <postscript><p rend="place_previousPage_leftMargin">Till julafton be vi bara <persName corresp="pe309">Julius</persName> och <persName corresp="pe461">Johannes</persName> hit. – Barnen ha fått lof att be gårdsvaktens barn.</p></postscript>
        <!-- skrivet i vänstra marginalen på sid 6 -->
        <postscript><p rend="place_previousPage_leftMargin">Hamnarna fröso natten mot i går – men gingo sedan åter upp. – I dag svärma der segel nästan som om sommaren. Stor marknad på torget för förets skull.</p></postscript>
        <!-- skrivet i vänstra marginalen på sid 5 -->
        <postscript><p rend="place_previousPage_leftMargin">Jag skall en annan gång skicka mamma bättre kuvert. Jag skulle ha skickat lack med, men det skulle ha gått i små smulor.</p></postscript>
        <!-- skrivet i vänstra marginalen på sid 4 -->
        <postscript><p rend="place_previousPage_leftMargin">P. S. Kl. ¾ 3. Just nu var <persName corresp="pe500">Hjelt</persName> hos <persName corresp="pe10">Emili</persName>. Han var nöjd i dag och säger: nog går det nu framåt. Hon får börja äta kött och dricka öl.</p></postscript>
        <!-- skrivet i vänstra marginalen på sid 3 -->
        <postscript><p rend="place_previousPage_leftMargin">Mammas kuverter kunna hopfästas med att väta på dem.</p></postscript>
      </div>
    </body>
  </text>
</TEI>