<?xml version='1.0' encoding='UTF-8'?><TEI xmlns:xsi="http://www.w3.org/2001/XMLSchema-instance" xmlns="http://www.tei-c.org/ns/1.0" xsi:schemaLocation="http://www.tei-c.org/ns/1.0 file:/T:/Instruktioner,%20manualer,%20scheman/TEI-scheman%20(AM)/tei_brevschema.xsd">
  <teiHeader>
    <fileDesc>
      <titleStmt>
        <title>Br1808</title>
        <respStmt>
          <resp>Ansvarig redaktör:</resp>
          <name>Laura Mattsson</name>
        </respStmt>
      </titleStmt>
      <publicationStmt>
        <publisher>Zacharias Topelius Skrifter</publisher>
      </publicationStmt>
      <sourceDesc>
        <p>Arkivsignum: se databas</p>
      </sourceDesc>
    </fileDesc>
    <profileDesc>
      <handNotes>
        <handNote id="ET" medium="black-ink">Emilie Topelius</handNote>
        <handNote id="ZT" medium="black-ink">Zacharias Topelius</handNote>
      </handNotes>
    </profileDesc>
  </teiHeader>
  <text>
    <body xml:space="preserve">
      <!-- – ” ’ -->
      <div type="letter">
        <opener>
        <dateline><placeName corresp="pl399">Hfors</placeName> 21 Sept. 1862, <add>söndag,</add> måndag.</dateline>
        <salute>Min älskade <rs corresp="pe14">Mamma</rs>!</salute>
        </opener>
        <p rend="noIndent"><handShift new="#ET"/>Nu skall jag taga rigtigt god tid på mig för att hinna prata fullt ett rigtigt långt bref. Klockan är just slagen 4 på söndagseftermiddagen. Jag kan så väl föreställa mig huru ni just nyss, Mamma och <persName corresp="pe323">Fanny</persName>, druckit er första kaffekopp och Mamma sitter <del>v</del>i<del>d</del> gungstolen, <persName corresp="pe323">Fanny</persName> vid fönstret, och <persName corresp="pe659">Stina</persName> står kanske med händerna på ryggen i dörren. Nog ha ni nu tyst och stilla igen, för allt det buller och bång vi åstadkommo. Tack, tack för den kära, fast korta tiden i sommar ochså! Gud spare Mammas dagar för oss ännu i många år!</p>
        <p>Hos oss ser det för närvarande så ut: <persName corresp="pe614">Zache</persName> ligger på sitt öra och hvilar efter litet nattvak. Han kom kl. 1 i dag hem ifrån <persName corresp="pe2">Runebergs</persName> på <placeName corresp="pl953">Kroksnäs</placeName>, dit han reste i förrgår i sällskap med <persName corresp="pe153">Bergmästar Tengström</persName> och <persName corresp="pe180">Wrigth</persName>. Det var <persName corresp="pe2290">Fru Runebergs</persName> namnsdag i förrgår, de reste blott för att roa sig litet, och det ha de gjort.</p>
        <pb/>
        <p><persName corresp="pe11">Aina</persName> och <persName corresp="pe460">Aline</persName> sitta i sin kammare med näsorna öfver sina böcker, <persName corresp="pe11">Aina</persName> öfver lexorna, men <persName corresp="pe460">Aline</persName> har <persName corresp="pe2437">Walter Scott</persName>. <persName corresp="pe11">Aina</persName> fattig har nog nästan för mycket, hon försöker att vaka på qvällarna, men det går icke, hon somnar med hufvudet på bordet, och bitti opp om morgnarna. Spelningen ha vi lofvat henne att lemna hela den tid hon är i fjerde klassen, hon får bara underhålla litet det hon kan. Ingen sång blir för henne af i vinter, men det är så godt att rösten får stadga sig. <persName corresp="pe464">William</persName> och de små, som bo i bredd med mig här i sängkammarn, hålla på med någon sorts lotteri som de roa sig med. De gräla allt emellanåt då han förtretar dem, och strax är det väl igen.</p>
        <p>Så for det nu för ögonblicket ut hos oss. Jag återgår till <persName corresp="pe464">William</persName>. <persName corresp="pe614">Zachris</persName> var till <persName corresp="pe7746">Leinberg</persName> och talade om honom, men det blef ingen ändring alls. Han går i samma klass läser inte ett ord på sina gamla lexor, så nog tycker jag det är bra bortkastade pengar. <persName corresp="pe7746">Leinberg</persName> säger att han nu kan komma på ett år genom fjerde klassen, då han väl underbyggd går genom den tredje, men hvad skulle det der gå fortare. Nog tycker jag det är att förstöra den lilla lust han har för att läsa.</p>
        <pb/>
        <p><rs corresp="pe5411">Köksan</rs> har väfvit <anchor xml:id="start27305"/>45 alnar<anchor xml:id="end27305"/> rätt vackra mattor, kokt litet saft och litet syllt, det är allt hvad hon uträttat, men inte kan man klaga att de kostat så mycket, nog ha de hushållat temmeligen bra. Den andra har varit sjuk mest hela sommaren i frossa som hon fick i våras, men hon har stickat upp alla täcken, det var hennes beting. Utan köksa äro vi för nästa år, fåse hvar hon skall komma. Nu har vi tagit på oss en ung herre till. <persName corresp="pe3698">Montgommery</persName> bor i tamburs rummena betalar 9 <choice><abbr>rub.</abbr><expan resp="EK">rubel</expan></choice> i mån: för dem och skildt för kaffe, qvällsvard och uppassning.</p>
        <p>Månd. morgon. Det blef inte lång stund skrifvit i går, först kom <persName corresp="pe3441">Nordgren</persName>, <persName corresp="pe521">Gustaf Turdin</persName> och <persName corresp="pe309">Julius</persName>. <persName corresp="pe3441">Nordgren</persName> skulle resa som i dag kl. 7 på morg: med bantåget. Sedan kom <persName corresp="pe162">Sofie Leopold</persName> och <persName corresp="pe3698">Montgommery</persName> så att hela qvällen gick.</p>
        <p><persName corresp="pe521">Gustaf</persName> och <persName corresp="pe309">Julius</persName> skola bo tillsammans hos <persName corresp="pe7637">Mamsell Tammelin</persName> för 8 <choice><abbr>rub.</abbr><expan resp="EK">rubel</expan></choice> i mån: hvardera, hvar sitt lilla rum med eldning uppassning, möbler och säng kläder. Jag är rigtigt glad på deras vägnar, ty gumman håller litet reda på sina herrar, och det kan nog behöfvas åtminstone med <anchor xml:id="start27306"/>den ena<anchor xml:id="end27306"/>. <persName corresp="pe521">Gustaf</persName> har blifvit mycket meddelsammare<pb/> och rigtigt treflig nu mot förr. Mager är han, men ser icke sjuk ut. Han talade så mycket om sin <rs corresp="pe29">Mamma</rs>, hon tycks vara sjuk precist lika som i <placeName corresp="pl1512">NyCarleby</placeName>, ena stunden tror hon att hon skall dö, och den andra är hon rask igen. <persName corresp="pe521">Gustaf</persName> beklagade sig grufligt öfver att en <anchor xml:id="start27307"/>läserska<anchor xml:id="end27307"/>, som bor i samma gård, har nästlat sig in hos hans Mamma, och gör henne galn, så att <persName corresp="pe2045">Emil</persName> och <persName corresp="pe521">Gustaf</persName> har strängt förbjudit henne att gå hos modren. Jag sade då att de i sin välmening kanske beröfvade sin Mamma det enda medel att komma till frid, men det ville han inte höra på. Från Juni månad nästa år, får hon flytta in till samma fru der hon bodde före branden och var så nöjd. Inte brann den gården, men allt var bortflyttadt och en del nedrifven så att hon derför flyttade bort redan brandnatten, då hon i bara linnet sprang ut.</p>
        <p><persName corresp="pe162">Sofie Leopold</persName> har blifvit gammal, tyckte jag, hon är så grå i hufvudet att det rigtigt skiftar bra mycket i grått. <persName corresp="pe160">Leopold</persName> är nu chef (efter <persName corresp="pe7748">Scheele</persName> fått afsked) fast de inte rigtigt fått ut sin stat, och det blir bestämdt nu det första <persName corresp="pe661">Kejsaren</persName> kommer hem. <persName corresp="pe162">Sofie</persName> väntar hem <persName corresp="pe160">Leopold</persName> i denna månad, han har ”<persName corresp="pe630">Loll</persName>” med sig i <placeName corresp="pl40">Anianpelto</placeName>.</p>
        <pb/>
        <p><persName corresp="pe461">Johannes</persName> ha vi inte sett till, men nog skall han må bra, <persName corresp="pe309">Julius</persName> sade att han blifvit fullkomligt frisk. <persName corresp="pe19">Oscar</persName> var här i lördags på qvällen fast <persName corresp="pe614">Z.</persName> var borta, och ännu till kom <persName corresp="pe68">Henrik Borgström</persName> och <persName corresp="pe2039">Synnerberg</persName>, de drucko the med mig. <persName corresp="pe19">Oscar</persName> var ju rest till <persName corresp="pe512">Armfelts</persName> egendom nära <placeName corresp="pl109">Borgå</placeName> (<placeName corresp="pl1835">Rattula</placeName>) för att utverka sig medel att resa, och han underkastade sig att åka på <hi rend="underline">skjutskärra</hi> för det stora ändamålets skull. Men jag säger upprigtigt, jag ides inte alls i lördags fråga honom huru det lyckades för honom hos <persName corresp="pe512">Armfelt</persName>.</p>
        <p><anchor xml:id="start27302"/>Vi voro utresta till <placeName corresp="pl2419">Turholm<anchor xml:id="end27302"/></placeName> en dag med <persName corresp="pe2816">Deckers</persName>, <persName corresp="pe11">Aina</persName> och <persName corresp="pe460">Aline</persName> kunde ej vara med, men de små, vi foro till middag. Kl. 6 på eftm. foro de andra hem, men då <persName corresp="pe316">Carolina</persName> såg att jag var rädd, ty det blåste något, höll hon mig och barnen qvar öfver natten. Vi kommo sen i vackert väder hem kl. 11 andra dagen, hon skickade 3 karlar och ro, och <persName corresp="pe425">Adele</persName> styrde. Vi fick med oss krusbär hallon och svarta vinbär så mycket att jag inte nändes låta äta upp dem utan kokade dem i sirap till kräm. <persName corresp="pe5153">Julia Alfström</persName> är hos <persName corresp="pe656">Borgströms</persName> ännu kanske hon blir ända till slädföre så kan hon ta hem Mammas släda.</p>
        <pb/>
        <p><persName corresp="pe284">Lina</persName> kommer hem nu i veckan.</p>
        <p><persName corresp="pe3227">Alice</persName> är hemma. Vi sågo de små barnen på <placeName corresp="pl2419">Turholm</placeName>, <persName corresp="pe519">Lindforsens</persName> och <persName corresp="pe69">Henriks</persName>, de äro präktiga båda två, <persName corresp="pe69">Henriks</persName> ”<rs corresp="pe2101">Lillan</rs>” som hon kallas är öfver 3 år, hon talar helst finska, hon blef så intagen af <persName corresp="pe272">Toini</persName> och <persName corresp="pe13">Eva</persName> så hon bjöd dem till sig med det första. <persName corresp="pe422">Emilies</persName> flicka är så tjock och fet.</p>
        <p>Hos <persName corresp="pe5613">Thunbergs</persName> voro vi bjudna en afton <persName corresp="pe3673">Mamma</persName> sjelf är så trakterad och vigtig öfver förlofningen, men hvad jag tycker det skall bli bedröfligt efter hvad det ser ut för menniskoögon då hon är så ofärdig. <persName corresp="pe143">Prof. Schauman</persName> har berömt <persName corresp="pe3082" correspUncert="Y">Ottelin</persName> mycket för <persName corresp="pe158">Thunberg</persName>.</p>
        <p>Nyligen fick jag ett visitkort med två namn uppå. <persName corresp="pe123">Carl Mannerheim</persName> och <persName corresp="pe3729">Helene v. Julin</persName>. Det är således afgjordt. Fåse hvad <persName corresp="pe360">Mina</persName> säger om den saken hon är ännu icke kommen.</p>
        <p><persName corresp="pe798">Rosenkampffs</persName> har jag ej sett till bara den afton vi voro der strax vi kommo. Det börjar gå till sitt vanliga igen att vi träffas en gång i månaden i bästa fall.</p>
        <p><persName corresp="pe3500">Rudolfine</persName> kom hit strax första dagen vi voro hemma. Hon är så affallen och börjar se skral ut, men flickan som hon ammar är tjock och fet. Hela sommarn har hon suttit<pb/> hemma, inte en gång har hon varit på landet. Nog sköter hon man och barn. Sen kom hon med häst efter mig en <choice><abbr>förm:</abbr><expan resp="EK">förmiddag</expan></choice> till sig. Hon säger att inte är det hon som vill ha <persName corresp="pe545">Betty</persName> hit (fast <persName corresp="pe545">Betty</persName> sade så åt <persName corresp="pe318">Ninni</persName>) utan modern vill <hi rend="underline">nödvändigt</hi> ha henne bort hemifrån då hon är så sjuklig att hon ej sjelf orkar följa <persName corresp="pe545">Betty</persName> någonstans, ”utan hon får gå ensam och promenera <anchor xml:id="start27308"/>der på landet<anchor xml:id="end27308"/>.” – Troligen äro de rädda för något möte med någon person.</p>
        <p><persName corresp="pe2">Runeberg</persName> läste upp för <persName corresp="pe614">Z.</persName> ur <anchor xml:id="start27309"/>en stor tragedi och 2 akts kommedi<anchor xml:id="end27309"/> som han skrifvit, den sednare skall uppföras. Att det var utmärkt behöfver jag väl ej säga. De bodde på <placeName corresp="pl953">Kroksnäs</placeName> ännu, och der lär ha varit mera kallt så de kommo frusna hem. <persName corresp="pe2">Runeberg</persName> skickade en rosenkäpp åt <persName corresp="pe11">Aina</persName> och sade att han har skurit bort törnena, rosorna får hon sjelf sörja för. Och den är en skatt, skall Mamma tro.</p>
        <p><persName corresp="pe5306"><anchor xml:id="start27310"/>Olga Nummelin</persName> har gjort oss flata allihop för allt hvad vi bekymrade oss öfver henne. Hon är så omtyckt hos <persName corresp="pe7753">Schulmans</persName> der hon nu är, och har gjort underverk med deras ostyriga barn, så att nu vill de inte släppa bort henne på något vis till <persName corresp="pe4139">Rotkirchs</persName> der hon tagit sig fast som<pb/> guvernant från Okt. månad. Här skulle hon vara blott öfver sommarn hos <persName corresp="pe7753">Schulmans</persName>. Men säg så lyckligt, att hon duger till att lära barn, hvart skulle man gjort af henne nu om hon ej kunnat det, för allt hvad hon kostat.<anchor xml:id="end27310"/></p>
        <p><persName corresp="pe3715">Gubben Lindroos</persName> hade vid sin död 800,000 <choice><abbr>rub. sr.</abbr><expan resp="EK">rubel silver</expan></choice> tänk en sådan förmögenhet! Borgmästarena fingo 1200 <choice><abbr>rub</abbr><expan resp="EK">rubel</expan></choice> hvar och rådmännen 600 vid bouppteckningen; och enkan sitter nu med 40,000 ränta om året. De två döttrarna lära nog snart bli bortknipna. Två söner finns. De skola bo hela sorgeåret på <placeName corresp="pl115">Botby</placeName>.</p>
        <p>Jo – det är olika delat här i verlden. Andra fundera här på huru man skall spara in så man kan hjelpa <anchor xml:id="start27303"/>de hungrande i landet<anchor xml:id="end27303"/>. Vi ha nu börjat äta middag kl. 1, således sparas frukosten in, och kaffe dricka vi ej på eftermiddagarna. <anchor xml:id="start27315"/>Listor äro nu utsatta<anchor xml:id="end27315"/> för att samla pengar för nöden. Men då just när andra svälta är det så skärande att höra huru menniskor här göra af med pengar. Bland andra exempel, så lägga <persName corresp="pe7749">Herskapet Oldenburg</persName> tapeter i sin sallong som kosta 25 <choice><abbr>rub.</abbr><expan resp="EK">rubel</expan></choice> våden, hvar ruta i deras golf kostar 1 <choice><abbr>Rub. silf</abbr><expan resp="EK">Rubel silfver</expan></choice> och barnen kan inte nyttja andra kängor än de som kosta 7 <choice><abbr>rub.</abbr><expan resp="EK">rubel</expan></choice> paret.</p>
        <p>Det var ett dåligt slut på brefvet. –</p>
        <p>Vi längta nu så mycket efter bref från Mamma skrif nu snart till barnen</p>
        <closer>
        <signed>Z. och Emilie.</signed>
        </closer>
        <!-- skrivet i vänstra marginalen på sid 8 -->
        <postscript><p rend="place_leftMargin"><persName corresp="pe7747"><anchor xml:id="start27311"/>Gotthard Gummerus</persName> var i går här och lekte<anchor xml:id="end27311"/> med barnen de hade kalas. Han är mycket snäll gosse nu. <persName corresp="pe7570">Janne Boman</persName> och <persName corresp="pe650">Gretas</persName> bror voro ochså här i går. De såg ordentliga ut, och ha 85 <choice><abbr>kop.</abbr><expan resp="EK">kopek</expan></choice> om dagen i arbetslön. De bad helsa hem.</p></postscript>
        <!-- skrivet i vänstra maginalen på sid 7 -->
        <postscript><p rend="place_previousPage_leftMargin"><persName corresp="pe614">Z.</persName> har nu hittat <persName corresp="pe7754">Granroths</persName> bref som han fick i <placeName corresp="pl14">London</placeName> Mamma är god och lagar det till Modren, det är väl inte värdt att säga att det glömdt det kan ju vara ett annat.</p></postscript>
        <!-- skrivet i vänstra marginalen på sid 6 -->
        <postscript><p rend="place_previousPage_leftMargin">Det var någon som berättade att <persName corresp="pe11">Aina</persName> kommer att väljas till Krans binderska i sommar, men det kan ej blifva något utaf – nog finns det andra. <persName corresp="pe7751"><anchor xml:id="start27301"/>Östman</persName>, <persName corresp="pe3730">Kjellman</persName> och <persName corresp="pe7750">Sandström<anchor xml:id="end27301"/></persName> ha tagit studentexamen.</p></postscript>
        <!-- skrivet i vänstra marginalen på sid 5 -->
        <postscript><p rend="place_previousPage_leftMargin"><handShift new="#ZT"/>God morgon, min egen Mamma! Måtte ni ha varmare hos er, än vi Hforsare. Här var en grads köld i natt, och liten doft snö sågs i går. På <placeName corresp="pl2419">Turholm</placeName> stå äppelträden fulla med frukt, men små som potates och körsbär.</p></postscript>
        <!-- skrivet i vänstra marginalen på sid 4 -->
        <postscript><p rend="place_previousPage_leftMargin"><persName corresp="pe2">Runeberg</persName> berättade bland annat, att 1819 hade han varit på någon dans i <placeName corresp="pl1512">NyCarleby</placeName> och varit hos <persName corresp="pe2231">Turdins</persName>, och då mins han ännu huru sköterskan kom in med <rs corresp="pe14">en liten fet pojke</rs> på armen, och pojken hade ögon som korinther. Då tänkte <persName corresp="pe2">Rbg</persName>: åh, här finns ju barn i <placeName corresp="pl1512">NyCarleby</placeName> – här finns ändå något.</p></postscript>
        <!-- skrivet i vänstra marginalen på sid 3 -->
        <postscript><p rend="place_previousPage_leftMargin">Jag är skyldig en allmosa åt <persName corresp="pe7752">Friborgs Marie</persName>, hon begärde engång på stranden, just när jag skulle ro till <placeName corresp="pl35">Alörn</placeName>. Goda Mamma, gif henne något på min räkning.</p></postscript>
        <!-- skrivet i vänstra marginalen på sid 2 -->
        <postscript><p rend="place_previousPage_leftMargin">I en byrålåda fann man kanske en liten smula från mig. Förlåt att det var inte efter viljan, utan efter förmågan. Helsa <persName corresp="pe323">Fanny</persName> och <persName corresp="pe659">Stina</persName>.</p></postscript>
            </div>
    </body>
  </text>
</TEI>