﻿<?xml version="1.0" encoding="UTF-8"?>
<TEI xmlns:xsi="http://www.w3.org/2001/XMLSchema-instance"
 xsi:schemaLocation="http://www.tei-c.org/ns/1.0 file:/T:/Instruktioner,%20manualer,%20scheman/TEI-scheman%20(AM)/tei_brevschema.xsd"
 xmlns="http://www.tei-c.org/ns/1.0">
  <teiHeader>
    <fileDesc>
      <titleStmt>
        <title>Br1841</title>
        <respStmt>
          <resp>Ansvarig redaktör:</resp>
          <name>Laura Mattsson</name>
        </respStmt>
      </titleStmt>
      <publicationStmt>
        <publisher>Zacharias Topelius Skrifter</publisher>
      </publicationStmt>
      <sourceDesc>
        <p>Arkivsignum: se databas</p>
      </sourceDesc>
    </fileDesc>
    <profileDesc>
      <handNotes>
        <handNote />
        <handNote />
      </handNotes>
    </profileDesc>
  </teiHeader>
  <text>
    <body xml:space="preserve">
      <!-- – ” ’ -->
      <div type="letter">
        <opener>
        <dateline><placeName corresp="pl399">Helsingfors</placeName> fredag 29 Jan. 1864.</dateline>
        <salute>Min Älskade <rs corresp="pe14">Mamma</rs>!</salute>
        </opener>
        <p rend="noIndent">Jag borde skrifva på rosendepapper, men jag skrifver dessa få ord med min stämpel uppå af innersta hjerta, för att omfamna och gratulera Mamma på den 73:dje födelsedagen, som Gud i sin nåd förunnat Mamma och oss. Ja, Guds bästa välsignelse följe Mamma i dag och alla dagar, som Han ännu förunnar oss, och låte oss få den glädjen, om det är Hans nådiga vilja, att ännu omfamna Mamma frisk och rask. Detta är allas vår bön, vi barn och barnbarn härborta, och den inneslutes i de<subst><del>tt</del><add>nn</add>a</subst> lilla<pb /> födelsedagsgåfva, hvars enda värde består deri att äldsta sondottern virkat den. Ofta önskar jag att vara litet rikare, blott för att kunna bereda Mamma en större begvämlighet och mera lugn på gamla dagar, än det bråk, som nu vill nästan blifva för mycket. Jag förebrår mig sjelf att jag så litet förstått att spara för <hi rend="underline">detta</hi> kära ändamål, och om Gud ger helsan, vill jag försöka att göra det hädan efter. Dock Gud godhet har godtgjort min försumlighet, när Han skänkt Mamma krafter och helsa; jag tackar Honom hvar dag derför och beder honom än vidare förlänga denna stora nåd, som är en hugnad för oss alla.</p><!--brevet saknar sidor-->
      </div>
    </body>
  </text>
</TEI>