<?xml version='1.0' encoding='UTF-8'?><TEI xmlns:xsi="http://www.w3.org/2001/XMLSchema-instance" xmlns="http://www.tei-c.org/ns/1.0" xsi:schemaLocation="http://www.tei-c.org/ns/1.0 file:/T:/Instruktioner,%20manualer,%20scheman/TEI-scheman%20(AM)/tei_brevschema.xsd">
  <teiHeader>
    <fileDesc>
      <titleStmt>
        <title>Br1823</title>
        <respStmt>
          <resp>Ansvarig redaktör:</resp>
          <name>Laura Mattsson</name>
        </respStmt>
      </titleStmt>
      <publicationStmt>
        <publisher>Zacharias Topelius Skrifter</publisher>
      </publicationStmt>
      <sourceDesc>
        <p>Arkivsignum: se databas</p>
      </sourceDesc>
    </fileDesc>
    <profileDesc>
      <handNotes>
        <handNote id="ZT" medium="black-ink">Zacharias Topelius</handNote>
        <handNote id="ET" medium="black-ink">Emilie Topelius</handNote>
      </handNotes>
    </profileDesc>
  </teiHeader>
  <text>
    <body xml:space="preserve">
      <!-- – ” ’ -->
      <div type="letter">
        <opener>
        <dateline><handShift new="#ZT"/><placeName corresp="pl399">Helsingfors</placeName> fredag 15 Maj 1863.</dateline>
        <salute>Min älskade <rs corresp="pe14">Mamma</rs>!</salute>
        </opener>
        <p rend="noIndent">Jag ämnade ej skrifva i dag, men hur är det möjligt att ej gratulera på sjelfva Sofiadagen! Tusen gånger omfamna vi alla vår älskade farmor och mamma, önskande att vi snart må kunna göra det uti verkligheten. Äfven <persName corresp="pe262">faster Sofi</persName> inneslutes i detta famntag. Hela dagen är farmor ihågkommen!</p>
        <p>Just nu – kl. 12 – kom <persName corresp="pe11">Aina</persName> från skolan, åtföljd af sina klasskamrater, som hon bjudit på förmiddagskaffe. Namnsdagsbordet är icke mycket prunkande – men det förslår nog för pian vår: en knoppande ros i kruka af <persName corresp="pe460">Aline</persName> – en ny parasoll och en stor kringelkrans etc. af mamma – en liten karta och revers på diverse <add>smått</add> som pappa ej kunnat välja sjelf dessa dagar. De trogna kunderna <persName corresp="pe360">Mina</persName> och <persName corresp="pe284">Lina</persName> ha visat sig. <persName corresp="pe360">Mina</persName> har f.m:s bjudning hemma hos sig, ty det är i dag <persName corresp="pe5247">Rosina Appelgrens</persName> bröllopp.</p>
        <pb/>
        <p><persName corresp="pe10">Mille</persName> har litet känning af sin hufvudvärk i dag – Jag spatserar nu och hushållar nästan som vanligt, men har ännu ej fått sticka näsan utom dörren, fastän i går var den herrligaste sommardag, hela dagen nära 17 graders värme i skuggan. Det är nu 3½ vecka sedan jag rökt – och fastän pipan nog frestar, har jag beslutat att det skall vara åtminstone 4 veckors paus med den saken. Mycket troligt är att jag kommer att röka betydligt mindre härefter. I går fick jag tillstånd att dricka öl, som gick utan svårighet. För resten lefver jag nu i missvextåret med ägg, biffstek och buljong.</p>
        <p>Ifall det kanske af Mamma anses som en namnsdagsgåfva, så får jag berätta, att mammas Z. troligen nu är <anchor xml:id="start38913"/>ordinarie professor i finsk, rysk och nordisk historie<anchor xml:id="end38913"/>. Jag säger <hi rend="underline">troligen</hi>, emedan hvarken jag eller någon annan ännu fått någon officiel underrättelse derom, utan allt<pb/> hvad man vet härrör af ett bref från <persName corresp="pe479">Brunér</persName> i <placeName corresp="pl1957">Pburg</placeName> till <rs corresp="pe874">hans bror professorn</rs>, hvari berättas att jag blifvit utnämnd d. 6 Maj. – Den dagen visste jag förut att min befordran skulle framläggas för <rs corresp="pe661">Hans Majestät</rs>, och der kunde då ej ha mött annat hinder, än att <persName corresp="pe661"><choice><abbr>H. M.</abbr><expan resp="EK">Hans Majästet</expan></choice></persName> möjligen ihågkommit <persName corresp="pe475">grefve <anchor xml:id="start38914"/>Bergs</persName> lögner i tiden<anchor xml:id="end38914"/>. Det skola vi nu hoppas att en högsint man som <persName corresp="pe661">Alexander</persName> längesedan förgätit, så mycket mer som ju <add>sista</add> lögnen blef uppdagad – och således tror jag nästan att Mamma kan antaga utnämningen för verklig, fast de officiela omgångarne fordra sin tid. Eget var, att den första som berättade nyheten för mig var <persName corresp="pe11">Aina</persName> – hon var på ett Charlottas<!-- Tog bort persName, tyder på namnsdag. IK --> kaffe hos <persName corresp="pe5249">Anna Forsten</persName> och mötte då <persName corresp="pe5248">pastor Forsten</persName>, som kom med <persName corresp="pe874">Brunér</persName> på gatan, och de bådo helsa och gratulera mig. – Nog är det <anchor xml:id="start27466"/>fennomanska och <persName corresp="pe480">Forsmanska</persName> partiet häröfver både snopet och harmset<anchor xml:id="end27466"/>, men det går väl öfver igen, <del>icke</del> sådant är en bagatell<pb/> emot allt det trassel, som skulle följt med en vanlig ansökning, der alla myndiga herrar i konsistorium skulle suttit till doms öfver en stackars sökande. Alltid har jag den utvägen, om det behöfs, att sedan byta tjenst med <persName corresp="pe480">Forsman</persName>; men en ambitionsfråga var det nu för mig att icke, såsom meningen var, bli utan vidare skjuten åt sidan. Underligt vänder Vår Herre menniskors rådslag: ingen menniska tänkte på mig, när denna tjenst blef ordinarie. – Sednaste posten var åter litet <anchor xml:id="start38915"/>osig af brändt horn<anchor xml:id="end38915"/>; <anchor xml:id="start27467"/>polackarne stå på sig, och nu igen morra de i <placeName corresp="pl14">London</placeName>.<anchor xml:id="end27467"/> Likväl är det <hi rend="underline">sannolikt</hi> – mer kan man ej säga – att ingenting afgörande blir af, förrän långtinpå sommaren eller mot hösten, <hi rend="underline">om</hi> det dåmera blir krig. Det berättas nu här, att vår indelta armé skall ökas till 10,000 man. Försigtighetsmått, ingenting annat, men kostar tyvärr pengar. – <persName corresp="pe203">Snellman</persName> är nu finanschef. <persName corresp="pe2729">Langenskiöld</persName>, som redan höll på att bli bra af vattenkuren, fick i förrgår åter en farlig blödning. – Nå, ändtligen fick också <persName corresp="pe42" correspUncert="Y">Häggström</persName> en stjerna. – Tack för Mammas korta, men kärliga bref och för hostreceptet; det har lyckligtvis ej behöfts. Må väl, helsa <persName corresp="pe5634">Schalins</persName> och <persName corresp="pe323">Fanny</persName> och <persName corresp="pe659">Stina</persName> och alla från</p>
        <closer>
        <signed>Z. och E. och barnen.</signed>
        </closer>
        <!-- skrivet i vänstra marginalen på sid 4 -->
        <postscript><p rend="place_leftMargin"><persName corresp="pe272">Toini</persName> och <persName corresp="pe13">Eva</persName> arbeta nu alla eft. middagar i vår nya trädgård. I går bjödo de fyra skolkamrater dit på smörgås, och <persName corresp="pe11">Aina</persName> satt der på gräset och läste öfver sin lexa. På morgonen var <persName corresp="pe10">Mille</persName> och alla barnen till <placeName corresp="pl666">Kajsaniemi</placeName>.</p></postscript>
        <!-- skrivet i vänstra marginalen på sid 3 -->
        <postscript><p rend="place_previousPage_leftMargin">Allt fundera vi på resebestyren. <persName corresp="pe10">Mille</persName> har en stark frestelse att önska krig, för att få bli hemma. <persName corresp="pe158">Thunbergs</persName> vilja skicka <persName corresp="pe3676">Emma</persName> under hennes beskydd, men det bär sig inte, det duger ej att <persName corresp="pe10">Mille</persName> skall valla andra, om hon skall valla sig sjelf.</p></postscript>
        <!-- skrivet i vänstra marginalen på sid 2 -->
        <postscript><p rend="place_previousPage_leftMargin"><persName corresp="pe729">Bäckas Anders</persName> har hos <choice><abbr>Colleg.</abbr><expan resp="EK">Collegium</expan></choice> Medicum ansökt tillstånd att få praktisera och det får han troligen som kirurg. – <persName corresp="pe3198">Anna Lundgren</persName> ligger här på <placeName corresp="pe418">klinikum</placeName>, stackare, och lär ha kräfta i magen, berättade <persName corresp="pe461">Johannes</persName>. – Han mår bra och är fet. <persName corresp="pe521">Gustaf Turdin</persName> är vid god helsa och dålig kassa. Han har nu skrifvit till sin mamma.</p></postscript>
        <!-- skrivet i vänstra marginalen på sid 1 -->
        <postscript><p rend="place_previousPage_leftMargin"><persName corresp="pe7553">Crohns</persName> fattig har ännu icke fått hyresgäst. <handShift new="#ET"/>Älskade Mamma! En hjertlig gratulation och omfamning äfven från mig stackare, som icke får göra det i sommar i verkligheten!</p></postscript>       
      </div>
    </body>
  </text>
</TEI>