<?xml version='1.0' encoding='UTF-8'?><TEI xmlns:xsi="http://www.w3.org/2001/XMLSchema-instance" xmlns="http://www.tei-c.org/ns/1.0" xsi:schemaLocation="http://www.tei-c.org/ns/1.0 file:/T:/Instruktioner,%20manualer,%20scheman/TEI-scheman%20(AM)/tei_brevschema.xsd">
  <teiHeader>
    <fileDesc>
      <titleStmt>
        <title>Br1767</title>
        <respStmt>
          <resp>Ansvarig redaktör:</resp>
          <name>Laura Mattsson</name>
        </respStmt>
      </titleStmt>
      <publicationStmt>
        <publisher>Zacharias Topelius Skrifter</publisher>
      </publicationStmt>
      <sourceDesc>
        <p>Arkivsignum: se databas</p>
      </sourceDesc>
    </fileDesc>
    <profileDesc>
      <handNotes>
        <handNote/>
        <handNote/>
      </handNotes>
    </profileDesc>
  </teiHeader>
  <text>
    <body xml:space="preserve">
      <!-- – ” ’ -->
      <div type="letter">
        <opener>
        <dateline><placeName corresp="pl399">Helsingfors</placeName> fredag 19 Okt. 1860.</dateline>
        <salute>Min Älskade <rs corresp="pe14">Mamma</rs>!</salute>
        </opener>
        <p rend="noIndent">Ingenting särdeles är att skrifva och brådt som vanligt, men jag tänker det är trefligare för Mamma att få några rader än inga. <persName corresp="pe10">Mille</persName> skrifver i dag till <persName corresp="pe320">Augusta</persName> och besvärar <persName corresp="pe659">Stina</persName> med framförandet. Hon skulle skrifvit till Mamma, men fick bjudning på f. m. kaffe till <persName corresp="pe2141">fru Decker</persName>, som, enligt bref af <persName corresp="pe39">Falck</persName>, väntar <persName corresp="pe2156">Alexandra</persName> i dag.</p>
        <p><persName corresp="pe11">Aina</persName> är i skolan och har <anchor xml:id="start26860"/>duskigt<anchor xml:id="end26860"/> väder att gå i. <persName corresp="pe272">Toini</persName> och <persName corresp="pe13">Eva</persName> <anchor xml:id="start26884"/>grassera<anchor xml:id="end26884"/> i matsaln och krypa under det stora hvita matbordet. <persName corresp="pe6981">Sofi</persName> leder <persName corresp="pe274">Rosa</persName> i salen, och <persName corresp="pe274">Rosa</persName> vet intet större nöje än att låtsa gå sjelf, när någon håller henne i stjerten. Får hon vara frisk, så nog går hon snart; krypandet går nu mycket flinkt. Vi tycka att hon tagit<pb/> sig litet, stackarn, <gap reason="damage" extent="7" unit="words"/> intet fattas henne <gap reason="damage" extent="7" unit="words"/> annat än färg. Hon <gap reason="damage" extent="7" unit="words"/> nu <anchor xml:id="start26888"/>salmiakskuren<anchor xml:id="end26888"/>, <gap reason="damage" extent="7" unit="words"/> af <persName corresp="pe13">Eva</persName> blef så <unclear reason="damage" resp="MD">rask</unclear> <gap reason="damage" extent="7" unit="words"/> F<del>jerde</del><add>emte</add> tanden har <unclear reason="damage" resp="MD">kommit</unclear> <gap reason="damage" extent="7" unit="words"/> mit upp i <unclear reason="damage" resp="MD">munnen</unclear> <gap reason="damage" extent="7" unit="words"/> <persName corresp="pe6981">Sofi</persName> behålla vi qvar till Maj, efter vi ej <unclear reason="damage" resp="MD">veta</unclear> af någon bättre, och nu när <persName corresp="pe7510">Gustava</persName> snart går – mig till mycken saknad, ty hon är så utmärkt ordentlig – så ha vi bara tre vid köksbordet. <persName corresp="pe1363">Cargers</persName> våning taga vi <hi rend="underline">icke</hi>, den skulle dock bli för dyr; men icke ha vi heller andra rum på förslag. Kanske bo vi qvar, i fall jag kan begagna <persName corresp="pe309">Juliuses</persName> rum till arbetsrum; han kommer efter sin examen att bo på <placeName corresp="pl418">klinikum</placeName>. <persName corresp="pe25">Ludvig</persName> reste i går med <persName corresp="pe3695">forstmästar Reuter</persName>, fri resa fram och åter. Troligen ta de vägen genom <placeName corresp="pl1512">NyCarleby</placeName>. Han önskar nog gerna flytta hit.</p>
        <p>Mamma får här se vårt nya theaterhus; jag vet ej huru välkommet det kan vara, <anchor xml:id="start26925"/>men några stenar har jag också byggt uti det.<anchor xml:id="end26925"/> <anchor xml:id="start26893"/>Pjesen är färdig och heter ”<title corresp="ve594">prinsessan af Cypern</title>”, 4 akter.<pb/> Invigningen blir festlig<anchor xml:id="end26893"/> – prolog af <persName corresp="pe75">Cygnæus</persName>. Alla senatens ledamöter, bland andra, inbjudas. Ett dyrt hus är det: 115,000 rubel silfver. <rs corresp="pe475">Gen. guvernören</rs> lär ej denna gången få nöjet se mitt stycke, såsom i <placeName corresp="pl2157">Stockholm</placeName>; han reser på jagt till <placeName corresp="pl212">Estland</placeName>.</p>
        <p><title corresp="tw1398">Sagorna</title> utkomma till jul i ny upplaga med vackra trädsnitt från <placeName corresp="pl1170">Leipzig</placeName>.</p>
        <p>Annars intet nytt, om ej att <persName corresp="pe7535"><anchor xml:id="start26892"/>borgar Tötterman</persName>, som har rum för resande, slagit sin piga med ett <anchor xml:id="start26891"/>jernbessman<anchor xml:id="end26891"/> i hufvudet, så att hon dog några dagar derefter, och nu är han häktad.<anchor xml:id="end26892"/></p>
        <p><persName corresp="pe10">Mille</persName>, som är ordentligheten sjelf med penningar, råkade ut för en malör i den vägen. Hon tappade i eller vid <placeName corresp="pl5184">industridepoten</placeName> sin vackra ljusblå portmonnaie med 4 rubel silfver i; den är efterlyst, men icke återkommen.</p>
        <p>Här stjäls <anchor xml:id="start38609"/>någorlunda<anchor xml:id="end38609"/> nuförtiden. Må väl, min Älskade Mamma. Gud gifve oss alla helsan, och sen går nog resten.</p>
        <closer>
        <salute>Mammas egnaste</salute> <signed>Z. och E. och Komp.</signed>
        </closer>
      </div>
    </body>
  </text>
</TEI>