<?xml version='1.0' encoding='UTF-8'?><TEI xmlns:xsi="http://www.w3.org/2001/XMLSchema-instance" xmlns="http://www.tei-c.org/ns/1.0" xsi:schemaLocation="http://www.tei-c.org/ns/1.0 file:/T:/Instruktioner,%20manualer,%20scheman/TEI-scheman%20(AM)/tei_brevschema.xsd">
  <teiHeader>
    <fileDesc>
      <titleStmt>
        <title>Br1819</title>
        <respStmt>
          <resp>Ansvarig redaktör:</resp>
          <name>Laura Mattsson</name>
        </respStmt>
      </titleStmt>
      <publicationStmt>
        <publisher>Zacharias Topelius Skrifter</publisher>
      </publicationStmt>
      <sourceDesc>
        <p>Arkivsignum: se databas</p>
      </sourceDesc>
    </fileDesc>
    <profileDesc>
      <handNotes>
        <handNote/>
        <handNote/>
      </handNotes>
    </profileDesc>
  </teiHeader>
  <text>
    <body xml:space="preserve">
      <!-- – ” ’ -->
      <div type="letter">
        <opener>
        <dateline><placeName corresp="pl399">Helsingfors</placeName> måndag 20 April 63.</dateline>
        <salute>Min Älskade <rs corresp="pe14">Mamma</rs>!</salute>
        </opener>
        <p rend="noIndent">Nyheten om vår goda <rs corresp="pe888">Mosters</rs> bortgång kom icke oväntad, men var ändå alltid sorglig att höra. Mitt hjerta är uppfylltdt af tacksamhet för all den ömhet hon visat <add>också</add> mig, – hon, hvars väsen var idel godhet. Sofve hon sött, och må Mammas systerliga saknad mildras af tanken att denna bortgång från mycken bräcklighet var så efterlängtad af henne sjelf. – Jag skrifver i dag några rader till <rs corresp="pe21">farbror</rs>. Vid 77 år, och efter 43 års förening, måste det kännas tomt i lifvet att sakna en god maka.</p>
        <p>Vi anade visst Mosters frånfälle genom ett obrutet bref till <persName corresp="pe160">Leopolds</persName>, som voro bortresta, men förvissades först derom af <title corresp="tw550"><anchor xml:id="start27441"/>Oulun Wiikko Sanomia<anchor xml:id="end27441"/></title>. <persName corresp="pe10">Mille</persName> beskrifver väl detta.</p>
        <p>Nu till annat. Jag ser att Mammas inkomst och utgift, eller budget, för 1863 är ungefär<pb/> som finska kronans. Jordbruket är i sanning orimligt betungadt. Några af dessa <anchor xml:id="start27442"/>bördor komma att lättas vid första landtdag<anchor xml:id="end27442"/>, och derföre är troligt, att jordens värde sedan kommer i starkare stigande. Hypotheksför. håller nu på att i utlandet låna 7 millioner mark, och detta kommer ytterligare att stegra jordvärdet. Såsom ograveradt och ännu utan hypothekslån, hvilket en blifvande köpare alltid kan använda på egendomens iståndsättande, är all anledning förmoda, att <placeName corresp="pl963">Kuddnäs</placeName> och <placeName corresp="pl3170">Frill</placeName> om ett eller par år äro betydligt mera värda, än uti detta ögonblick. Det gäller således att tillsvidare konservera hvad man har, isynnerhet skog, och det ledsamma är blott, att detta bekymmer skall falla på Mamma. Någon verksamhet behöfver Mamma för sin trefnad, men nu har Mamma för mycket bråk. Skulle mamma ha en pålitlig dräng, vore dock något vunnet och alltid bättre än dessa slarfviga, för ägornas skötsel likgiltige landbönder.<pb/> Ack, kära Mamma, att jag skall så litet kunna lätta Mammas bekymmer! Jag skickar nu en ringa skärf af min lön. <anchor xml:id="start27443"/>Svenska arfvodet<anchor xml:id="end27443"/> har ej kommit ännu. Professionen hörs ännu icke af, hvarken för eller emot sedan sist. Jag tänker derom precis som Mamma. Afunden står alltid på lur. Den kommer nog att nagga <persName corresp="pe203">Snellman</persName>, liksom den redan naggat <persName corresp="pe196">Aug. Essen</persName>. Det hviskas att <anchor xml:id="start27445"/>kanslirådstiteln<anchor xml:id="end27445"/> också på det hållet är blott ett trappsteg till senaten, och rätt nu är ingenting mera otroligt, <anchor xml:id="start27444"/>helst när<anchor xml:id="end27444"/> <persName corresp="pe4160">familjen Armfelt</persName> är intresserad deri. Jag skref till min gamle vän ett skämtsamt gratulationsbref på vers, och han svarade trefligt, att han är nöjd bara han slapp bli kommunalråd. Det är, skrifver han, som när gamla smeden <persName corresp="pe7763" correspUncert="Y">Ulfson</persName> på <placeName corresp="pl827">Kimo</placeName> en morgon stadnade i smedjedörren och betraktade sina lärpojkar, ”<persName corresp="pe7764">Mommas-Oll</persName>” och ”<persName corresp="pe7765">Paljack-Matt</persName>”, som kristnat om sig till <persName corresp="pe7764">Lundgren</persName> och <persName corresp="pe7765">Sandberg</persName>. Då lade gubben armarna i kors och mumlade för sig sjelf: ”Jaså, <persName corresp="pe7764">Olof Lundgren</persName> och <persName corresp="pe7765">Matts Sandberg</persName>, <persName corresp="pe7764">Olof Lundgren</persName> och <persName corresp="pe7765">Matts Sandberg</persName>, – men likafullt bara <persName corresp="pe7764">Mommas-Oll</persName> och <persName corresp="pe7765">Paljack-Matt</persName>!”</p>
        <pb/>
        <p>Sedan fulla två veckor är här oafbrutet solsken, lugn och värme, 11 till 14 grader middagstiden i skuggan. Regn behöfves, åkrarna i <placeName corresp="pl904">Nyland</placeName> se dåliga ut och få mångenstädes plöjas om. Sedan i går d. 19 April ha vi öppna hamnar och snart full sjöfart. Ångfartygen äro redan i rörelse. – Förra måndags voro <persName corresp="pe272">Toini</persName> och <persName corresp="pe13">Eva</persName> på egen hand ut till planteringen på <placeName corresp="pl407">Elisabeths torg</placeName>. <persName corresp="pe13">Eva</persName> hade då varit svettig, tagit hatt och halsduk af sig och knäppt upp öfverplagget. Om qvällen sjuknade hon så häftigt, att jag kl. 11 på afton måste fara efter <persName corresp="pe178">Willebrand</persName>. Tisdagen var han tre gånger här. Hon hade skåftals så stark feber med yrsel, att vi fruktade hjertsprång eller kastning på hjernan, och <persName corresp="pe178">Wbd</persName>, som trodde det var halsröta, gaf hvar timme <anchor xml:id="start27446"/>chlorkali<anchor xml:id="end27446"/>, utom att hon penslades med <anchor xml:id="start27447"/>lapis<anchor xml:id="end27447"/>. Hans och vår oro var stor i tisdags på e. m. Kl. 7 vidpass fick hon efter recinolja en duktig afföring, som hon ej haft på flera dagar. När det var gjordt, ställde hon sig kapprak i sängen och sade ”vet mamma, nu är jag alldeles frisk!” – Och frisk var hon. Om natten sof hon godt, onsdagen lekte hon i sängen, thorsdagen sprang hon i rummen och lördagen var hon i skolan. Det tycks ha varit förkylning och förstoppning på engång. – I dag hade stora barnen tillställt en fest för <persName corresp="pe7529">mamsell Ertman</persName> på Amaliasdagen, men hon var sjuk och kunde ej ta emot flera än fem, hvaribland <persName corresp="pe11">Aina</persName> och <persName corresp="pe460">Aline</persName>. Helan skolan hade samlat till ett par silfverstakar och ett par vaser, och fjerde klassen <seg rend="place_leftMargin"><!-- skrivet i vänstra marginalen på sid 4 -->gaf alla sina porträtter på ett fotografiblad. Jag hade skrifvit verser, som skulle sjungas, men det kunde ej bli af. – I går var jag med <persName corresp="pe11">Aina</persName> och tackade <persName corresp="pe143">Schauman</persName>. Då bad och fick <persName corresp="pe11">Aina</persName> ett bibelspråk till minne af skriftskolan: det var <title corresp="vd19">Joh. Ev. 17:26</title>. –Måväl!</seg></p>
        <closer rend="place_leftMargin"><salute>Mammas egnaste</salute> <signed>Z.</signed></closer>
        <!-- skrivet i vänstra marginalen på sid 3 -->
        <postscript><p rend="place_previousPage_leftMargin">Här gå allt ännu <anchor xml:id="start27457"/>krigsrykten<anchor xml:id="end27457"/>, emedan <placeName corresp="pl43">Ryssland</placeName> rustar, men <add>det</add> är blott en naturlig försigtighet. <hi rend="underline">Man hoppas</hi> att freden blir orubbad. <placeName rend="underline" corresp="pl190">England</placeName> håller sig i alla händelser stilla i år. Det är <placeName corresp="pl249">Frankrike</placeName> som sprakar, men vill ej gå allena i elden.</p></postscript>
        <!-- skrivet i vänstra marginalen på sid 2 -->
        <postscript><p rend="place_previousPage_leftMargin">Helsa <persName corresp="pe37">Albert</persName>, att jag ej ännu fått hans porträtter af <persName corresp="pe2757">Hårdh</persName> och skrifver derföre ej i dag. – Goda Mamma, påminn <persName corresp="pe594">Lippjärv H.</persName> om pollarena. Ifall nät eller andra fiskbragder gå någonstädes för godt pris eller fås af nödlidande, så ville jag gerna köpa.</p></postscript>
        <!-- skrivet i vänstra marginalen på sid 1 -->
        <postscript><p rend="place_previousPage_leftMargin"><persName corresp="pe10">Mille</persName> har börjat ett bref till Mamma, men skjuter upp det till nästa post, emedan hon måst följa flickorna till fotografen. Jag har åter suttit 14 gånger för solens pensel; dock på beställning. Helsa <persName corresp="pe323">Fanny</persName>, <persName corresp="pe653">Lybecks</persName> och <persName corresp="pe659">Stina</persName>.</p></postscript>
        <postscript>
          <p rend="place_previousPage_topMargin"><!--skrivet på andra ledet i övre kanten på sid. 2--><anchor xml:id="start27448"/>Af tidningarna ser Mamma att jag afsade mig theaterdirektion, men slapp ej<anchor xml:id="end27448"/>. Jag kunde ej neka, när jag valdes om med 188 röster.</p>
        </postscript>
      </div>
    </body>
  </text>
</TEI>