<?xml version='1.0' encoding='UTF-8'?><TEI xmlns:xsi="http://www.w3.org/2001/XMLSchema-instance" xmlns="http://www.tei-c.org/ns/1.0" xsi:schemaLocation="http://www.tei-c.org/ns/1.0 file:/T:/Instruktioner,%20manualer,%20scheman/TEI-scheman%20(AM)/tei_brevschema.xsd">
  <teiHeader>
    <fileDesc>
      <titleStmt>
        <title>Br1852</title>
        <respStmt>
          <resp>Ansvarig redaktör:</resp>
          <name>Laura Mattsson</name>
        </respStmt>
      </titleStmt>
      <publicationStmt>
        <publisher>Zacharias Topelius Skrifter</publisher>
      </publicationStmt>
      <sourceDesc>
        <p>Arkivsignum: se databas</p>
      </sourceDesc>
    </fileDesc>
    <profileDesc>
      <handNotes>
        <handNote/>
        <handNote/>
      </handNotes>
    </profileDesc>
  </teiHeader>
  <text>
    <body xml:space="preserve">
      <!-- – ” ’ -->
      <div type="letter">
        <opener>
        <dateline><placeName corresp="pl399">Helsingfors</placeName> fredag 3 Juni 1864.</dateline>
        <salute>Min älskade <rs corresp="pe14">Mamma</rs>!</salute>
        </opener>
        <p rend="noIndent">Nå, i dag är ej brist på koncepter. Hvarmed skall jag börja? Jo, att vi ändtligen tyckas få sommar. I förrgår 15 à 16 grader, i går dusk och blåst för <persName corresp="pe37">bror Albert</persName> på sjön, i dag en herrlig junimorgon kl. ½ 8 med stigande thermometer efter ett godt regn i natt. Gräsmattan är frodig, träden ännu blott halft utslagna, allas våra blickar vändas åt norden.</p>
        <p>Men nog om väderlek. I går morse kl. 4 reste <persName corresp="pe37">bror Dyhr</persName> med Grefve Berg öfver <placeName corresp="pl2157">Stockholm</placeName> och tänker ätervända öfver <placeName corresp="pl399">Helsingfors</placeName>. I onsdags eft. middag flyttade <persName corresp="pe28">Moster Nena</persName> hit, och i går kl. ½ 6 e. m. opererades hon första gången af <persName corresp="pe568">Becker</persName>, biträdd af <persName corresp="pe5500">W. Ursin</persName>. Det gick mycket flinkt och varade knappast 3 minuter. Moster var tapper och visade ingen rädsla, fastän der kanske var liten häpenhet just förut, men hon har förtroende för <persName corresp="pe568">Becker</persName>. Ej ett ljud af smärta undföll henne, och icke var det heller så svårt, sade hon. <persName corresp="pe10">Emili</persName>, jag och <persName corresp="pe9435">Mattsonskan</persName> voro alla närvarande. Sedan klistrades ögat igen och blir så en vecka vidpass. <persName corresp="pe568">Becker</persName> sade också nu att det ej var fullt moget, men hoppas ändå framgång. Med den nya methoden, sade han, lyckas vanligen 3 af 4 eller 4 af 5. Efter en vecka, sade han, får man se, om den andra och afgörande operationen kan företagas. Han tycks vara böjd derför. Emellertid stadnar nu moster hos <add>oss</add>, i mitt förmörkade rum mot gatan. Jag har ju två och bor i det andra.<pb/> Mitt värsta bekymmer, huru <persName corresp="pe10">Emili</persName> skulle stå ut med <anchor xml:id="start27994"/>promotionsvefvan<anchor xml:id="end27994"/>, tyckes Gudskelof vara öfverståndet: Visst har hon varit mycket trött, och en starkare hade knappt varit det mindre, men persen har dock gått öfver. Jag skall nu berätta helt kort och sedan muntligen mera. Måndagen var en bråksam dag. Kl. 12 förra natten – men det är sannt, jag måste berätta ända från fredag. Då bundos här guirlander. 8 flickor, och <persName corresp="pe272">Toini</persName> 9:de midti ringen, sutto på golfvet i barnkammaren, bundo och sjöngo. Lördagen e. m. likaså. Söndag f. m. var tyst och intet bråk, men på e. m. kommo fyra af de vanaste och skickligaste förra binderskorna, jemte <persName corresp="pe2816">Deckers</persName> och <persName corresp="pe798">Rosenkampffs</persName>, och då bands lager till kl. 12 på natten. Måndag morgon kl. 7 voro de åter här och bundo mest hela dagen. Kl. 12 gingo vi till universitetet, der <anchor xml:id="start27995"/>parnassen<anchor xml:id="end27995"/> kläddes af <persName corresp="pe10">Emili</persName> och <persName corresp="pe11">Aina</persName> med tillhjelp af <persName corresp="pe5501">tapetserarn Galetzki</persName>, och det blef mycket vackert. Kl. ¼ på 3 var det färdigt, så fingo vi en bit mat, och strax efter 3 begynte den stora trafiken. Herrarne kommo och gingo hela eftermiddagen, fruntimmerna sutto kring bord i fyra rum, och <persName corresp="pe11">Aina</persName> hade fullt arbete med att undervisa i konsten och förse alla med tillbehör. Sjelfva barnkammaren, der alla sängar stodo uppradade, var full med folk. Klockan 6 räknade jag fulla 50 unga flickor kring borden, de mesta främmande och resande, många söta pior,<pb/> och det såg riktigt vackert ut. Dessutom några äldre, så att här voro omkring 70 fruntimmer, kanske 80. Lägger man härtill de 99 kandidaterne och några studenter, så hade vi kl. omkring 8 väl 200 personer. För så många räckte ej våra rum långt, <anchor xml:id="start27988"/>helst<anchor xml:id="end27988"/> med de många borden och stora skifbordet midti salen. Jag hade derföre låtit uppsätta två tält på gården med stora flaggor på höga stänger framföre, men så kom der ett streck i räkningen, och det var regn. Det hade småregnat alltemellanåt, så sken solen, men så kom kl. 6-7 ett duktigt <anchor xml:id="start38948"/>busbas<anchor xml:id="end38948"/> med orkan, så det hven om öronen. Tälten kunde ej begagnas, och det var en tid trångt derinne, så de trampade på hvarandra. Senare på qvällen höll det upp – då satte sig en trogen skara af 20 à 30 man i tälten – några gingo bort, och så blef det bättre rum. Kl. 8 kom hela akademiska sångarkören, 100 man stark, och sjöng, först på gatan, sedan på gården. Jag bjöd så många som rymdes på ett glas punsch i tälten (8 kannor punsch och 6 dito <anchor xml:id="start27987"/>Carolina<anchor xml:id="end27987"/> gingo åt). – Kl. 9 à 10 bortlyftades borden från salen, och då blef der vexelvis dans och sångkörer till kl. 11-12 – då kom supern, som var lagad för 150 personer, men som ej mer än cirka<pb/> 90 voro qvar, blef mycken mat öfver, det var en fin, kall sexa med buljong och öl – Sedan sjöngs ännu – några stadnade qvar för att binda om slarfviga kransar och laga allt i ordning. Kl. 2 dracks kaffe, och kl. 3 på morgonen gingo de sista. – Promotionsmorgonen kom hårfrisören redan kl. 7 till <persName corresp="pe11">Aina</persName>, och hon var rätt söt, hvit med hvit ros och lager på axeln samt magistrarnes present, som primus hämtade kl. 9 – ett litet fint guldur med kjed och broche (skall ha kostat 96 rubel). <anchor xml:id="start27989"/>Akten får mamma läsa om<anchor xml:id="end27989"/> – <persName corresp="pe10">Emili</persName> och <persName corresp="pe11">Aina</persName> hade hedersplatser – Middagarna går jag förbi – Till balen gingo vi kl. ¼ öfver 9, sedan <persName corresp="pe11">Aina</persName> ännu engång varit i hårfrisörns händer. Skam att säga förde hon sig som en liten prinsessa bara för det hon ej förstod att vara rädd. <persName corresp="pe10">Emili</persName> var ej på balen – jag ledde min dotter genom den långa raden af bekransade värdar – så mötte vi <persName corresp="pe539">baron Munck</persName>, som frågade efter <persName corresp="pe10">Emili</persName>. Det var skada, att hon ej kom, sade han, jag skulle ha öppnat balen med henne. Han började då polonäsen med <persName corresp="pe5502">fru Arppe</persName>, och näst efter dem tågade primus och <persName corresp="pe11">Aina</persName>. Nästa hvarf åter<!--brevet saknar sidor--></p>
      </div>
    </body>
  </text>
</TEI>