﻿<?xml version="1.0" encoding="UTF-8"?>
<TEI xmlns:xsi="http://www.w3.org/2001/XMLSchema-instance" xmlns="http://www.tei-c.org/ns/1.0" xsi:schemaLocation="http://www.tei-c.org/ns/1.0 file:/T:/Instruktioner,%20manualer,%20scheman/TEI-scheman%20(AM)/tei_brevschema.xsd">
  <teiHeader>
    <fileDesc>
      <titleStmt>
        <title>Br1804</title>
        <respStmt>
          <resp>Ansvarig redaktör:</resp>
          <name>Laura Mattsson</name>
        </respStmt>
      </titleStmt>
      <publicationStmt>
        <publisher>Zacharias Topelius Skrifter</publisher>
      </publicationStmt>
      <sourceDesc>
        <p>Arkivsignum: se databas</p>
      </sourceDesc>
    </fileDesc>
    <profileDesc>
      <handNotes>
        <handNote />
        <handNote />
      </handNotes>
    </profileDesc>
  </teiHeader>
  <text>
    <body xml:space="preserve">
      <!-- – ” ’ -->
      <div type="letter">
        <opener>
        <dateline><placeName corresp="pl399">Hfors</placeName> 1 Dec. 1862.</dateline>
        <salute>Min älskade <rs corresp="pe14">Mamma</rs>!</salute>
        </opener>
        <p rend="noIndent">Bara två ord i hast, för att tacka för det kära brefvet och nedkalla <anchor xml:id="start27369" />Guds välsignelse öfver <del>öfver</del> Mammas kära gråa lockar den 3 December<anchor xml:id="end27369" />! Hade jag nu <anchor xml:id="start27368" />helst<anchor xml:id="end27368" /> litet mera ledighet, så skulle jag åtminstone skicka åt Mamma för den dagen en liten hjertelig visa. Anse den som tänkt, om aldrig skrifven! Wi skola den dagen minnas Mamma i våra varmaste böner!</p>
        <p>Något särdeles har jag ej annars att skrifva – <choice><abbr>Frunt.föreningen</abbr><expan resp="EK">Fruntimmersföreningen</expan></choice> har årsdag i morgon, alltså bestyr med den – Goda Mamma, gör mig till viljes och tag de två<pb /> mjölmattorna – det förslår ej långt, knappt till en kaka bröd åt <del>de</del> <add>några</add> som begära i köket – och vill Mamma, så kunde också <persName corresp="pe594">Lippjärv Hinrik</persName> eller näten betalas med mjöl – då skall mera fås. Är <persName corresp="pe7570">Bomans Janne</persName> utan arbete, så kan han binda åt mig för vanlig betalning. – Här i södra <placeName corresp="pl62">Finland</placeName> ser rågbrodden skral ut, de ha sått med detta års odugliga råg. – Måväl och helsningar!</p>
        <closer>
        <salute>Mammas egnaste</salute> <signed>Z.</signed>
        </closer>
        <postscript>
          <p><title corresp="tw98">Hfors Tidn.</title> skall Mamma få för nästa år – Den utkommer då alla dagar på <anchor xml:id="start27370" />helnummer<anchor xml:id="end27370" />. <persName corresp="pe141">Schauman</persName> fortfar, och jag som förut.</p>
        </postscript>
      </div>
    </body>
  </text>
</TEI>