﻿<?xml version="1.0" encoding="UTF-8"?>
<TEI xmlns:xsi="http://www.w3.org/2001/XMLSchema-instance" xmlns="http://www.tei-c.org/ns/1.0" xsi:schemaLocation="http://www.tei-c.org/ns/1.0 file:/T:/Instruktioner,%20manualer,%20scheman/TEI-scheman%20(AM)/tei_brevschema.xsd">
  <teiHeader>
    <fileDesc>
      <titleStmt>
        <title>Br2034</title>
        <respStmt>
          <resp>Ansvarig redaktör:</resp>
          <name>Laura Mattsson</name>
        </respStmt>
      </titleStmt>
      <publicationStmt>
        <publisher>Zacharias Topelius Skrifter</publisher>
      </publicationStmt>
      <sourceDesc>
        <p>Arkivsignum: se databas</p>
      </sourceDesc>
    </fileDesc>
    <profileDesc>
      <handNotes>
        <handNote medium="black-ink" />
      </handNotes>
    </profileDesc>
  </teiHeader>
  <text>
    <body xml:space="preserve">
      <!-- – ” ’ æ ½ -->
      <div type="letter">
        <opener>
          <dateline><placeName corresp="pl399">Helsingfors</placeName>, måndag 11 Febr. 1867.</dateline>
          <salute>Min Älskade <rs corresp="pe14">Mamma</rs>!</salute>
        </opener>
        <p rend="noIndent">Litet sent kommer nu en sons lyckönskan, som borde vara den första, men Gud välsigne Mammas nyss ingångna lefnadsår med helsa och frid! Gifve Gud att Mamma nu engång i verlden, – nog sent, det är sannt, men ändå bättre sent än aldrig – måtte få utan trassel, bråk och bekymmer lefva i landtligt lugn, och att vi må få den glädjen att omfamna Mamma rask och nöjd, så länge det är Guds vilja. Nog blir sjelfva första öfvergången litet trasslig, det kan jag förstå, och så skulle det passa så illa, att <persName corresp="pe323">Fanny</persName> är borta just i Mars. Men om tre månader tänker jag <persName corresp="pe451">Ezer J.</persName> skall vara in i affären och känna det hufvudsakligaste, och sedan behöfves blott stundom ett råd eller en upplysning. Jag undrar hur han slår sig ut med rörelsekapital att börja med; han får bara ge ut och intet ta in, ända långt i Augusti. Vet mamma, att om <persName corresp="pe562">gubben Wennerholm</persName> vill afstå vestra salen eller två rum<pb /> åt <persName corresp="pe451">Johansson</persName> – och det tycker jag vore allrabäst – så förbehåller jag mig att fylla i den del af hyran, som då blir mindre på <persName corresp="pe562">Wholms</persName> del; och det skall ske <anchor xml:id="start30795" />qvartaliter<anchor xml:id="end30795" />, punktligare än Mamma kan ha anledning att tro. Mamma får inte flytta från gårdsrummen, der Mamma nu engång är van och behöfver den lilla trefnaden att se folk; nej, jag skulle bli riktigt ledsen, om Mamma gör med det som om somrarna, när Mamma flyttar ur rum och i, för att ge plats åt andra. Det är ju den allra anspråkslösaste beqvämlighet, att åtminstone ha sina gamla hvardagsrum. Hur det nu må ställas med köket. Mycket beror Mammas trefnad först på den nye arrendatorns egen person, och sen på hans mamsell, men låt oss hoppas, att så klokt folk som <persName corresp="pe9283">Johanssons</persName> utsett åt sonen en bra och foglig hushållsmenniska. <persName corresp="pe54">Bror Wilhelm</persName> får till en början vara en medlande länk. Nog är jag nöjd, vet Mamma, att det blef af; först för<pb /> Mammas skull och sedan för hemmanens skull. Det bör åtminstone kunna bli bra, helst om Gud ger årsvext. Mycket nyfiken är jag höra hvad <anchor xml:id="start30800" />landbönderna<anchor xml:id="end30800" /> sagt och huru särdeles han på <placeName corresp="pl3170">Frillas</placeName> ställes till freds. Icke undrar jag på att Mamma är generad för uppsägningen, när vi så nyss gjort kontrakt. Om man skulle få något annat åt gubben på <placeName corresp="pl3170">Frillas</placeName>; jag undrar om ej <persName corresp="pe50">Lybeck</persName> ville antaga honom på något af sina hemman? – I hastighet kom jag att försäga mig för <persName corresp="pe37">bror Albert</persName>, just när han reste; men det gjorde ju ingenting, jag gissar att saken var bekant vid hans hemkomst.</p>
        <p>Nu till annat. Vi voro nöjda att få hålla <persName corresp="pe323">Fanny</persName> och <persName corresp="pe460">Aline</persName> litet efter de andra, så känns saknaden efter <persName corresp="pe11">Aina</persName> mindre. <persName corresp="pe323">Fanny</persName> funderar nu på ressällskap; nog såge vi gerna att hon dröjde här till Mars, men man får rätta sig efter lägenhet. Hon har nu sträng diet att lefva med öl och köttmatt; jag tycker det gör henne godt.</p>
        <pb />
        <p>Nå, Mamma, och <anchor xml:id="start30799" />så ha vi hyrt rum för nästa år<anchor xml:id="end30799" />. <persName corresp="pe10">Mille</persName> får närmare beskrifva dem. Tänk, ända vid <placeName corresp="pl666">Kajsaniemi park</placeName>, just midtemot lyceum, om Mamma mins. Det är första gången sedan 25 år, som jag är oberoende af tryckeriernas läge, och så få vi då engång i verlden se litet grönt. Ger Gud helsan, så hoppas jag det skall blifva trefligt och nätt, och så bo vi nu <anchor xml:id="start30793" />gradatim<anchor xml:id="end30793" /> billigare ända sedan vår öfverdådiga hyra hos <persName corresp="pe7553">Crohns</persName>. Der betalte vi 700 rubel – här först 500 och nu i år 450, men hos <persName corresp="pe6398">Rosenströms</persName> betala vi blott 375 = 1500 mark, och spara in vatten, som kostat oss minst 100 mk om året, och få kanske hyra ut litet på sommarn. Så att Mamma ser huru allt detta gör att vi väl kunna betala hyran för <persName corresp="pe451">Johanssons</persName> rum. <persName corresp="pe6398">Rosenströms</persName> gård vid parken är känd för att vara en af de vackraste, bäst inredda och omsorgsfullast uppförda mindre gårdar i hela <placeName corresp="pl399">Helsingfors</placeName>, och <!--fortsätter i vänstra marginalen på sid. 4--><seg rend="place_leftMargin">värdsfolket har redan mycket vänligt gått oss till möte. Ja, få nu se, när <placeName corresp="pl963">Kuddnäs</placeName> sköter sig sjelf, om Gud kanske ännu ger oss den glädjen att få se Mamma en vinter hos oss. Må väl! Mammas egen</seg></p>
        <closer rend="place_leftMargin">
          <signed>Z.</signed>
        </closer>
        <postscript>
          <p rend="place_previousPage_leftMargin"><!--skrivet i vänstra marginalen på sid. 3-->Mamma blef väl häpen, när Mamma såg <anchor xml:id="start30794" />mitt namn i <title corresp="tw172">Dagbladet<anchor xml:id="end30794" /></title>? – Ja, icke var jag just road deraf – de kunde låta en vara i fred! Men har Mamma alls någon tidning i år?</p>
        </postscript>
        <postscript>
          <p rend="place_previousPage_leftMargin"><!--skrivet i vänstra marginalen på sid. 2--><persName corresp="pe11">Aina</persName> och <persName corresp="pe561">Berndt</persName> tyckas ha det trefligt och vara nöjda med sin lott och hvarandra. Ja, Gud signe de goda barnen. – <persName corresp="pe272">Toini</persName> och <persName corresp="pe13">Eva</persName> få nästa år långt till skolan, men fröjda sig mycket åt parkens nöjen.</p>
        </postscript>
        <postscript>
          <p rend="place_previousPage_leftMargin"><!--skrivet i vänstra marginalen på sid. 1-->Helsa <persName corresp="pe37">bror Albert</persName> och alla vännerna. Och berätta oss, goda Mamma, hvad <persName corresp="pe659">Stina</persName> funderar om den nya affären.</p>
        </postscript>
      </div>
    </body>
  </text>
</TEI>