﻿<?xml version="1.0" encoding="UTF-8"?>
<TEI xmlns:xsi="http://www.w3.org/2001/XMLSchema-instance" xmlns="http://www.tei-c.org/ns/1.0" xsi:schemaLocation="http://www.tei-c.org/ns/1.0 file:/T:/Instruktioner,%20manualer,%20scheman/TEI-scheman%20(AM)/tei_brevschema.xsd">
  <teiHeader>
    <fileDesc>
      <titleStmt>
        <title>Br2088</title>
        <respStmt>
          <resp>Ansvarig redaktör:</resp>
          <name>Laura Mattsson</name>
        </respStmt>
      </titleStmt>
      <publicationStmt>
        <publisher>Zacharias Topelius Skrifter</publisher>
      </publicationStmt>
      <sourceDesc>
        <p>Arkivsignum: se databas</p>
      </sourceDesc>
    </fileDesc>
    <profileDesc>
      <handNotes>
        <handNote medium="brown-ink" />
      </handNotes>
    </profileDesc>
  </teiHeader>
  <text>
    <body xml:space="preserve">
      <!-- – ” ’ æ ½ -->
      <div type="letter">
        <opener>
          <dateline><placeName corresp="pl399">Helsingfors</placeName> måndag 18 Maj 68.</dateline>
          <salute>Min Älskade <rs corresp="pe14">Mamma</rs>!</salute>
        </opener>
        <p rend="noIndent">Förlåt att mitt utlofvade fredagsbref ej blef af. Jag hade brådt, och <persName corresp="pe5521">Oskar Heikel</persName>, som reste i thorsdags, lofvade framföra muntliga helsningar. Han har nu berättat om <persName corresp="pe875">Annas</persName> begrafning, som var i onsdags. Det var en pröfningens dag, visst också för oss, som fem dagar hade väntat <persName corresp="pe319">Thilda</persName> på jernvägen, och det var ej roligt med sådan<subst><del>a</del><add>t</add></subst> emottagande; men ändå voro våra känslor ett intet mot en stackars mors, som måste på en och samma dag föst lida alla ovisshetens qval, sedan <del>få</del> se si<subst><del>n</del><add>tt</add></subst> förr så blomstrande barn i likkistan och slutligen gömma den förlorade i jorden, allt inom några timmars förlopp. <persName corresp="pe319">Thildas</persName> första fråga var: lefver hon? – och när intet svar följde, sade hon: du svarar mig intet! – Då kyste <persName corresp="pe10">Emili</persName> henne utan att kunna svara, och så<pb /> åkte de båda förut, <persName corresp="pe11">Aina</persName> och <persName corresp="pe460">Inna</persName> efteråt och jag med sakerna, men <persName corresp="pe319">Thilda</persName> hade ändå styrka att betala <anchor xml:id="start32702" />isvoschiken<anchor xml:id="end32702" /> och ordna om sakerna. Sedan tog modershjertat ut sin rätt. Det var så varma dagar, att vi måst påskynda begrafningen. Vi föreslogo dock att uppskjuta den en dag, men <persName corresp="pe319">Thilda</persName> ville ej. <persName corresp="pe875">Anna</persName> var dock temligen oförändrad och vacker och fridfull att skåda. Bjudna voro bara <persName corresp="pe875">Annas</persName> slägtingar: <persName corresp="pe656">Borgströms</persName> (som dock ej kommo, emedan lilla <persName corresp="pe2101">Selma</persName> har tyfus), <persName corresp="pe146">Frans Snellman</persName>, som jordfäste, jemte hans <persName corresp="pe409">Adele</persName> och äldsta flicka, <persName corresp="pe6842">Boehmens</persName> och <persName corresp="pe9508" correspUncert="Y">Heikelerne</persName> som bärare. Kl. ½ 8 foro vi ut, qvällen var vacker, och <persName corresp="pe875">Anna</persName> fick sin plats bredvid våra barn, men <persName corresp="pe42">Hæggström</persName> är betänkt på att i vinter låta föra henne till <placeName corresp="pl119">Brahestad</placeName>. Kl. 9 var allt åter slut, endast <persName corresp="pe9508" correspUncert="Y">Heikelerne</persName> qvarbjödos på en smörgås. <persName corresp="pe319">Thilda</persName> var nog stark, men efteråt kändes det. Jag glömde säga, att der var en vacker sång<pb /> vid grafven, samma ord, som sjöngos för <persName corresp="pe535">Oskar Granberg</persName>, och nu sjöngo våra bekanta flickor och sångare. – Sedan ha nu vågorna i verldens haf åter begynt slå tillsammans öfver den vackra och snälla <persName corresp="pe875">Annas</persName> hufvud, der hon sjunkit i djupet, för att stiga till höjden. Ett godt barn var hon, tåligt, ödmjukt och undergifvet, som få unga vid hennes år. Hennes efterlemnade dagbok med dess ungdomsdrömmar, som så snart skulle blekna, är bland det älskeligaste jag läst. Hon berättar der, bland annat, huru <persName corresp="pe11">Aina</persName> beredt henne på hennes bortgång och säger en af de sista dagarna: ”nu vet jag visst, att mina synder äro förlåtna”.</p>
        <p>Sedan ha nu <anchor xml:id="start32708" />psalmer<anchor xml:id="end32708" /> och <anchor xml:id="start32709" />resbestyr<anchor xml:id="end32709" /> upptagit oss, men i går sökte vi, <persName corresp="pe10">Mille</persName> och jag, styrka i Herrens nattvard. I går på afton afslöto <persName corresp="pe564">Lille</persName> och jag revisionen af vårt <placeName corresp="pl2735">Åbo</placeName> arbete, som nu börjar tryckas,<pb /> hela <title corresp="tw425">psalmboken</title> med noter öfver hvar psalm. <persName corresp="pe564">Lille</persName> har åtagit sig det stora besväret med tryckning och korrektur, annars hade jag fått stadna här i sommar. – I går på e. m. insattes äfven mina nya tänder, som i början hade den effekt, att jag liknade mig vid ”plåtter Gusta”, men nu börjar det redan gå bättre. I thorsdag kl. 2 eller 4 på morgonen, om Gud så vill, afresa <persName corresp="pe10">Mille</persName> och jag med Aura<!-- ångbåten Aura --> till <placeName corresp="pl2157">Stockholm</placeName>, dröja der öfver lördag och söndag samt hoppas vara måndag <del>af</del> afton på jernväg i <placeName corresp="pl1277">Lund</placeName>. Jag hade bref från professorn i historien <persName corresp="pe876">Tengberg</persName>, som säger att han förbehållit sig få mig till gäst; men jag svarade att jag för gumman med mig och ej vill belasta honom med dubbel inqvartering, utan bad honom skaffa oss rum i staden. Nog är det troligt, att de bedja <persName corresp="pe10">Emili</persName> med. Från <placeName corresp="pl2735">Åbo</placeName> ha vi fått bjudning<pb /> 
till både <persName corresp="pe812">Indrenius</persName> och <persName corresp="pe80">Ekman</persName> för thorsdag qväll. Antingen vi nu skrifva från <placeName corresp="pl2157">Stockholm</placeName> eller <placeName corresp="pl1277">Lund</placeName>, skall Mamma ej alltför länge behöfva vänta på bref. <persName corresp="pe319">Thilda Hms</persName>, äfvensom <persName corresp="pe324">Jeanas</persName> och barnens resa beror närmast på det svar vi vänta från <placeName corresp="pl2299">Tammerfors</placeName> om ångbåten på <placeName corresp="pl1539">Näsijärvi</placeName>, men några dagar dröja de här efter oss, och <persName corresp="pe561">Berndt</persName> och <persName corresp="pe11">Aina</persName> flytta då hit, hvarefter de troligen resa i början på nästa vecka. Vi ha ännu ej deciderat oss om vi medföra jungfru; kanhända kommer <persName corresp="pe516">Fina</persName> senare på Österbotten<!-- ångbåten Österbotten -->, ty här är hvarjehanda ogjordt, vi ha fått mal i möblerna m. m. – Nå, Mamma, midti våra sorger kom också ett gladare budskap, som Mamma visst redan fått första hand, nemligen <persName corresp="pe318">Ninnis</persName> förlofning. Det var nu just ingen <anchor xml:id="start32710" />surpris<anchor xml:id="end32710" />, men ändå något som kom på klar fot. <persName corresp="pe619">Råberg</persName> har sagt<pb /> åt <persName corresp="pe561">Berndt</persName>, att det är honom alldeles obegripligt huru <persName corresp="pe318">Ninni</persName> kan tycka om honom. <persName corresp="pe607">Augusta</persName> åter påstår att <persName corresp="pe619">Råbergh</persName> är så otroligt bra och snäll. <persName corresp="pe318">Ninni</persName> sjelf såg högst förlägen, men mycket glad ut. – Sedan i går ha vi grönt. Det stod länge stilla, fast dagarna voro vackra, men i går föllo herrliga regn; Gud gifve till hela landets blomstring! Här i <placeName corresp="pl904">Nyland</placeName> såddes allmännt de sednaste två veckorna, och nu skjuter brodden upp efter regnet. Allt ännu skörda farsoterna sina offer, bland hvilka <persName corresp="pe3705">E. Linder</persName> och <persName corresp="pe6850">prosten Sirén</persName>; dock tycker man sig se Guds nådes sol ånyo börja lysa öfver detta olyckliga land. Mamma har väl läst om de <anchor xml:id="start32711" />engelska dikningspengarna<anchor xml:id="end32711" />? Det kan blifva något förståndigt och bra. – Måtte nu alla, som ej ha annat utsäde, så rofvor <anchor xml:id="start32712" />helst<anchor xml:id="end32712" />! – Här ha varit en stor mängd stölder och inbrott. Hos en af våra bekanta, studenten <persName corresp="pe3229">O. Stenbäck</persName>, gjordes rent hus, medan han sof, utan att han märkte någonting.<pb /> <persName corresp="pe6852">Studenten Becker</persName> fann en afton vid hemkomsten dörren uppdyrkad och kammaren till hälften plundrad. Andra qvällen satt han hemma med nyckeln ur – då knackades först sakta, sedan hårdare på dörren, och när <persName corresp="pe6852">Becker</persName> ej lät sig märka, uppdyrkades dörren ånyo, och in trädde en tiggare, som nu ville taga återstoden, men den gången blef han fast.</p>
        <p>– Våra jungfrur vilja vara två här, icke en. Reser <persName corresp="pe516">Fina</persName>, så får <persName corresp="pe566">Amalia</persName> ta <persName corresp="pe878">Jakobsons Lovisa</persName>, som nu sytt hos oss – hon från <placeName corresp="pl1512">NyCarleby</placeName>, som lefver skild från sin andra, supiga man. – Just nu kom <persName corresp="pe3441">Hjalmar Nordgrén</persName>. Han hämtade åt <persName corresp="pe10">Mille</persName> en superb rökt lax, alldeles graf. En del fick <persName corresp="pe11">Aina</persName>, en annan bit skickade <persName corresp="pe10">Mille</persName> åt <persName corresp="pe316">Carolina Borgström</persName></p>
        <p>– Wi hade bref från <persName corresp="pe262">Sofi</persName>, som frågar om <persName corresp="pe556">Zache</persName>, och <persName corresp="pe10">Mille</persName> har svarat, att nog är han välkommen att bo hos oss. Kanske Gud låter oss lemna honom bättre tillbaka, än två andra barn. Han behöfver komma under <subst><del>f</del><add>m</add></subst>orbrors ögon; lärarne tycka att<pb /> han ej lärt sig konsten att lyda. Svårt blir det med att <persName corresp="pe10">Emilis</persName> alkov, som blir hans rum, är för mörk att kunna läsa i med dagsljus: – Jag tittar på Mammas bref af den 6 Maj. Ack om Mamma ändå finge passliga glasögon! Tack, goda farmor, som vill ha besvär med barnen. De äro nu sådana långa <anchor xml:id="start32713" />lunsor<anchor xml:id="end32713" />, att de ej mera lära gå för en half person på ångbåtar och jernväg. Men de borde nu också börja kunna hjelpa sig sjelfva mer än förr. – <persName corresp="pe54">Wilhelm</persName> lofvade skicka respengar åt <persName corresp="pe556">Zache</persName>; jag vet nu ej, om vi töras lemna gossen på det löftet, men i nödfall har han <persName corresp="pe561">Berndt</persName> att trygga sig vid. Nog får han begagna min kärra från <placeName corresp="pl2656">Wirdois</placeName>, om så passar i stycket. – <persName corresp="pe10">Mille</persName> helsar; hon är nu så upptagen af resbestyr. Alla kyssa vi farmors händer och helsa till <persName corresp="pe323">Fanny</persName> och alla vänner. Gud gifve af sin stora nåd, att vi alla med helsan må återförenas ännu i verlden, innan vi mötas i Hans eviga fridsboningar. Må väl! Tusen kärliga omfamningar från</p>
        <closer>
          <salute>Mammas egen</salute>
          <signed>Z.</signed>
        </closer>
          <postscript>
            <p rend="place_leftMargin"><persName corresp="pe319">Thilda H.</persName> fick aftonen före hitkomsten ett bref af <persName corresp="pe10">Emili</persName> till <placeName corresp="pl2315">T:hus</placeName>, hvari hon förbereddes på <persName corresp="pe875">Annas</persName> död.</p>
          </postscript>
        <postscript>
          <p rend="place_nextPage_leftMargin"><!--skrivet i vänstra marginalen på sid. 7-->Nog skall <persName corresp="pe10">Mille</persName> knäppa min vest. Jag har måst göra mig nya svarta kläder; de förra ha tjent 6 år och 9 månader. Vi skola ju presenteras för <rs corresp="pe3375">kungen</rs>, som är med om roligheten.</p>
        </postscript>
        <postscript>
          <p rend="place_nextPage_leftMargin"><!--skrivet i vänstra marginalen på sid. 6--><persName corresp="pe319">Thilda</persName> och <persName corresp="pe10">Emili</persName> sända en helsning till <persName corresp="pe320">Augusta Lybeck</persName>. <persName corresp="pe319">Thilda</persName> är nu temligen lugn, men vid hvarje minne af <persName corresp="pe875">Anna</persName> fuktas tårarnas källor.</p>
        </postscript>
        <postscript>
          <p rend="place_nextPage_leftMargin"><!--skrivet i vänstra marginalen på sid. 4--><persName corresp="pe690">Polismästarn Spåre</persName> låg här eländig i tyfus, men <persName corresp="pe611">Adlerberg</persName> skickade honom champagne, hvarmed han tvättades öfver hela kroppen, samt tokayer att stärka sig med, och han tycks bli karl igen.</p>
        </postscript>
        <postscript>
          <p rend="place_nextPage_leftMargin"><!--skrivet i vänstra marginalen på sid. 3-->Om möjligt, skicka vi kofferten med första Österbotten. Det måtte väl nu vara fri passage. – Ack hvad det nu är herrligt väder efter regnet! 15 grader i skuggan kl. 11.</p>
        </postscript>
        <postscript>
          <p rend="place_nextPage_leftMargin"><!--skrivet i vänstra marginalen på sid. 2--><persName corresp="pe460">Aline Hm</persName> bor hos <persName corresp="pe11">Aina</persName> – de kommo just hit. <persName corresp="pe561">Berndt</persName> och <persName corresp="pe11">Aina</persName> flytta i sommar till <placeName corresp="pl2056">Sibbo</placeName> och helsa sin älskade farmor. <persName corresp="pe561">Berndt</persName> är nöjd med sin uppoffring – han har nu sökt till <placeName corresp="pl255">Fredrikshamn</placeName>.</p>
        </postscript>
      </div>
    </body>
  </text>
</TEI>