<?xml version='1.0' encoding='UTF-8'?><TEI xmlns:xsi="http://www.w3.org/2001/XMLSchema-instance" xmlns="http://www.tei-c.org/ns/1.0" xsi:schemaLocation="http://www.tei-c.org/ns/1.0 file:/T:/Instruktioner,%20manualer,%20scheman/TEI-scheman%20(AM)/tei_brevschema.xsd">
  <teiHeader>
    <fileDesc>
      <titleStmt>
        <title>Br1834</title>
        <respStmt>
          <resp>Ansvarig redaktör:</resp>
          <name>Laura Mattsson</name>
        </respStmt>
      </titleStmt>
      <publicationStmt>
        <publisher>Zacharias Topelius Skrifter</publisher>
      </publicationStmt>
      <sourceDesc>
        <p>Arkivsignum: se databas</p>
      </sourceDesc>
    </fileDesc>
    <profileDesc>
      <handNotes>
        <handNote id="ZT" medium="black-ink">Zacharias Topelius</handNote>
        <handNote id="ET" medium="black-ink">Emilie Topelius</handNote>
      </handNotes>
    </profileDesc>
  </teiHeader>
  <text>
    <body xml:space="preserve">
      <!-- – ” ’ -->
      <div type="letter">
        <div type="letterpart" part="i">
          <opener>
        <dateline><handShift new="#ZT"/><placeName corresp="pl399">Helsingfors</placeName>, söndagsafton 25 Okt. 63.</dateline>
        <salute>Min älskade <rs corresp="pe14">Mamma</rs>!</salute>
        </opener>
          <p rend="noIndent">Jag har nu så länge varit tystlåten, att jag riktigt skäms, men orsaken är att mina föreläsningar upptaga största delen af min tid, så att jag ej ens hunnit med något till tidningen. Och så vill det vara en svit af min gamla vän eller fiende frossan, att jag ej mera kan arbeta på qvällarna efter 9, om jag vill få sömn, och när man ändå ej kommer sig upp förrän 7, oftast 8 på morgnarna, så blir tyvärr alltför litet uträttadt. – Jag nytjar just ingenting för frossan, annat än magbindeln, som är utmärkt välgörande (neml. den våta om natten – jag hade glömt i somras, att man bör ha en yllelapp närmast öfver den våta duken). Emellanåt tvättar jag kroppen om morgnarna och blir åter varm uti sängen. <persName corresp="pe10">Emili</persName> ville nog vara min gnidarinna dervid, och har varit det också ibland, men jag vill det ej, ty det anstränger henne. Jag är glad och nöjd att kunna arbeta om dagarna och för resten vara i rörelse som vanligt, utom att jag i god tid begynt med pelsrocken. – <persName corresp="pe10">Mille</persName> sjelf har nu några dagar varit skral och tillochmed legat i går och i dag,<pb/> dock tyckes det vara en tillfällighet – någonting antingen <hi rend="underline">för tidigt</hi>, eller <hi rend="underline">för mycket</hi> – och så har hon blifvit dömd att i några dagar hålla sig alldeles stilla. Utom något hufvudvärk och trötthet, har hon ej kännt mehn deraf och skulle nog kunna vara klädd, om hon kunde hålla sig stilla, men se det vill ej bära sig. Krassligt ha vi börjat i denna boningen liksom uti de nästföregående; men pröfvar oss Gud ej värre än härtills, så får man ej bry sig om små krämpor. <persName corresp="pe25"><anchor xml:id="start27593"/>Ludvig</persName> är nu temligen rask, utom att han vid minsta pust får katarrh.<anchor xml:id="end27593"/> Nog var det klokast för dem att ej resa den här årstiden. Uti ingående vecka skola de flytta in i deras rum i <placeName corresp="pl960">Kronohagen</placeName> – 4 rum och kök för 20 rubel i mån, hyrda på 3 månader – ifall <persName corresp="pe25">Ludvig</persName> kan resa efter ny året. <persName corresp="pe3497">Olga Lindqvist</persName> krasslar också emellanåt. – Barnen äro Gudskelof raska, och skolgången går för sig äfven för <persName corresp="pe272">Toini</persName> genom lärarnes och lärarinnornas vänlighet. Nu på qvällen kommo <persName corresp="pe272">Toni</persName> och <persName corresp="pe13">Eva</persName> nyss hem, förtjusta öfver en rolig eftermiddag. De hade varit med <persName corresp="pe516">Fina</persName> på visite hos <persName corresp="pe1830">Marie Forsberg</persName> – numera <persName corresp="pe1830">fru Hagelin</persName> – som med sin man har ett litet trefligt rum invid jernvägen och är så hjertans glad och lycklig, berätta de. Mannen har 37 rubel i mån, berättade<pb/> de och tyckte att det är mycket, som det ock är. <del>Huru mycket</del> Har pappa så mycket? frågade <persName corresp="pe272">Toini</persName>. – <persName corresp="pe11">Aina</persName> är nu med andra flickor och repeterar ibland till <persName corresp="pe5388">Meissners</persName> första symfonikonsert, och så har hon blifvit bedd att deltaga i en sångförening, som hela vintern skall träffas engång i veckan. Det unna vi henne gerna, icke för det att rösten är på något vis konsertmessig, men alltid kan den utbildas genom öfning. – I går afton hade vi ett dussin herrrar här på lördagsqvällen, och emedan Mamma <persName corresp="pe10">Emili</persName> låg för ankar, fick <persName corresp="pe11">Aina</persName> vara värdinna, – först entretenera <persName corresp="pe5611" correspUncert="Y">Heikellerna</persName><!-- Karl Felix och Frans Viktor? Skulle för ålderns del passa in med de andra ungherrarna? IK enl. Självbiograf. Felix och Oskar Aug. Heikel EK-->, <persName corresp="pe1839">Axel Östman</persName> och andra ungherrar och sedan servera thé vid bordet – ett lärspån, som ej gick så illa. – <persName corresp="pe461">Johannes</persName> har ej varit här på mer än en fransk visit – <persName corresp="pe19">Oskar</persName> mera sällan – <persName corresp="pe521">Gustaf Turdin</persName> då och då – <persName corresp="pe309">Julius</persName> oftare; <persName corresp="pe92">Grundfelt</persName> bjöd honom fri resa.</p>
          <p>Det är nu längesedan vi hört af eder, våra kära! Vi hoppas att <persName corresp="pe323">Fanny</persName> är välbehållen åter i sina <placeName corresp="pl963">Kuddnäs</placeName>bestyr, och ger Gud helsan, så går väl ock den duskiga årstiden. Tack, goda Mamma, för <anchor xml:id="start27594"/>nätingarna<anchor xml:id="end27594"/> och sikrommen! De smaka oss förträffligt och anses som rariteter, hvilka ej hvar dag bestås. Jag mins aldrig att jag sett en så fin sikromm; året har kanske varit mindre gynnsamt för yngel, efter det<pb/> skall öfverallt i landet vara stor brist på fågel. Vi äro så ledsna att ej ha kunnat skicka mamma något med ångfartyg. Wassbuk hade vi ännu icke fått; vi skola med första landlägenhet skicka mamma en <anchor xml:id="start27595"/>kagge<anchor xml:id="end27595"/>, äfvensom litet ost; den var svår att skicka på ångfartyg. Äpplena här ha i år varit mera dåliga; vi surprenerades i går med en rar present af <persName corresp="pe3441">Hjalmar Nordgren</persName>: en tunna tyska äpplen – <persName corresp="pe13">Eva</persName> påstår att han lofvat henne en tunna i somras. Så mycket äpplen mins jag ej att vi haft på engång. Af <persName corresp="pe5389">fru Antman</persName> fingo <add>vi</add> i September en rar rökt renstek. – Potäter ha häromkring kommit i stor ymnighet, men en del ruttnar bort och annonseras till salu för 80 kopek tunnan. Hö är mycket dyrt, för missvext och militär, så att vi funderat tillsvidare ej lägga oss till ko, fastän vi först tänkte ta två. I kassan är också stark ebb nuförtiden, så att jag ej rätt vet hur vi slå oss ut till <anchor xml:id="start27596"/>Decemberqvartalet<anchor xml:id="end27596"/>, men alltid blir det väl någon råd. – I tidningsverlden är också ebb – <title corresp="tw172">Dagbladet</title> vet ej huru det skall betala sitt tryckeri, och redaktörerne få ej ut sin lön. De ha sprungit hos <persName corresp="pe158">Thunberg</persName> och velat köpa <title corresp="tw98">Hfors Tidningar</title>, för att nästa år vara ensame herrar på täppan. Jag sade åt <persName corresp="pe158">Thunberg</persName>: hugg till bara! – och det gjorde han och begärde 5000 rubel kontant och 5000 i aktier, så att herrarne baxnade. De<pb/> tyckte väl att tiden nu vore inne, sedan vår gode <persName corresp="pe141">A. <anchor xml:id="start27597"/>Schauman</persName> arbetat dem så väl i händerna, att tidningen på ett par år gått ned med nära 1000 exemplar<anchor xml:id="end27597"/> mindre än förr. Emellertid försöka vi allt att få en bättre redaktion med andra tendenser för nästa år, och detta är icke lätt; men kanske går det ändå. Jag tar på min lott ej annat än noveller, såsom förut. Bara jag skulle ha tid dertill. Julferierna ämnar jag, om Gud unnar helsan, använda på <title corresp="ve252">läseboken</title>. – En <anchor xml:id="start27598"/>ny finsk tidning<anchor xml:id="end27598"/> skall nästa år utkomma dagligen, hvilket är lyx.</p>
          <p>– Nå landtdagen! Halfva tiden är snart förgången, och ännu ha herrarne, för <add>idel</add> petitioner och formaliteter, ej kommit till saken. De vänta på utskotten, och de som ej höra dit – hvaribland <persName corresp="pe92">Grundfelt</persName> – ha goda dagar. Hvad som uträttas, blir svårt att säga. Det ser ut som skulle just de vigtigaste frågorna, bevillningen och brännvinsfrågan, stranda mot allehanda privatintressen och oginhet att någonting medgifva. Bönderne äro med om att mottaga alla lättnader man önskar bereda jordbruket, men hålla för brinnkära lifvet fast vid bränvinsbränningen och anse både folkskolor, mossodlingar och jernvägar för lyx, som man gerna kan umbära. <anchor xml:id="start27599"/>Petitionen om landtdagar<anchor xml:id="end27599"/> har nu gått igenom i alla stånden.<pb/> <title corresp="tw184"><anchor xml:id="start38935"/>Allehandas</title> nidskrifvare<anchor xml:id="end38935"/> fortfara att sudda äfven det hvitaste svart, såsnart det gäller <persName corresp="pe661">Alexander II</persName>. Huru menniskor så kunna göra lögnen till yrke! – <anchor xml:id="start27602"/>Om kriget tror man nu, att hvarken <placeName corresp="pl190">England</placeName> eller <placeName corresp="pl2903">Österrike</placeName> låta narra sig dertill – men <persName corresp="pe2115">Napoleon</persName> är högeligen förgrymmad öfver sitt diplomatiska nederlag,<anchor xml:id="end27602"/> sedan det icke lyckats honom att <subst>d</subst>enna gång spela förmyndare, och bryter sannolikt löst i vår, om han blott <anchor xml:id="start27601"/>kan och törs för <placeName corresp="pl3662">Mexiko<anchor xml:id="end27601"/></placeName>. I detta fall får han <placeName corresp="pl332">Sverige</placeName> med sig. Olyckligtvis huseras på båda sidor i <placeName corresp="pl1708">Polen</placeName> så, att det är en skam för menskligheten. <persName corresp="pe661">Alexander</persName> är på <placeName corresp="pl949">Krim</placeName>. Hans älskvärda <persName corresp="pe662">kejsarinna</persName> skall vara ganska klen, man säger att hon har kräfta i magen. Vi ha ej hört om <persName corresp="pe7642">gossarne Rosenkampff</persName> nu och mera sällan träffat <rs corresp="pe140">tant</rs>. <persName corresp="pe318">Alines</persName> porträtt har med de andra dansande unga damernas skickats åt storfurstarne i <placeName corresp="pl1957">Petersburg</placeName>. <persName corresp="pe416">Max</persName> är landtdagsman, men har visligen icke öppnat sin mun ännu. Det är bättre, än att, som andra, prata för mycket.</p>
          <p><hi rend="underline">Måndag d. 26 Okt.</hi> <persName corresp="pe10">Mille</persName> är, som Mamma ser, på fötter i dag. Jag hinner nu ej mer än hjertligen helsa till alla våra vänner och skicka en kärlig omfamning från Mammas egnaste</p>
          <closer>
        <signed>Z.</signed>
        </closer>
        </div>
        <div type="letterpart" part="f">
          <opener>
            <handShift new="#ET"/>
            <salute>Min kära, goda Mamma!</salute>
          </opener>
          <p rend="noIndent"><persName corresp="pe614">Zachris</persName> har nu skrifvit mest allt hvad som är att skrifva om, men litet vill jag tillägga fast jag, som Mamma hörde, sitter i sängen. Inte tror jag det är annat än <hi rend="underline">förmycket</hi> af den vanliga saken fast det tycks ha tagit så på mig.</p>
          <p>Af <persName corresp="pe2253">Helena Berger</persName> hörde vi att <persName corresp="pe323">Fanny</persName> var hemma lyckligt och väl. Det är roligt att veta att Mamma ej är allena. Jag har ett sådant sällskap af <persName corresp="pe11">Aina</persName> vår, det är så ovant och trefligt. Och hon vill nog hjelpa till hvad hon kan och jag sparar ej på att skicka henne.</p>
          <p>Nu för närvarande har jag mycket folk omkring mig, <persName corresp="pe25">Ludvig</persName> och <persName corresp="pe3497">Olga</persName>, <persName corresp="pe11">Aina</persName> vid sitt arbete och <persName corresp="pe9510">Mamsell Lindholm</persName> som varit här för att sy barnens skolöfverplagg. <persName corresp="pe272">Toini</persName> fick <persName corresp="pe11">Ainas</persName> bruna klädes paltå, och <persName corresp="pe13">Eva</persName> fick nytt brunt flanell så nu äro de rigtigt väl försedda. Jag önskar <persName corresp="pe11">Aina</persName> vore likaså, men hon har ännu ingenting. Stackars pappa vår, som ligger så i förskott på hyran för de här reparationerna, har nog svårt att kosta på oss alla våra behofver. Alla tycka att <persName corresp="pe614">Z.</persName> bör räkna något för sitt besvär för den här gården, men hvad är det att säga åt honom det! Nu är nästan hela årets hyra betald i förhand, de säger att han bör ta ränta för det. Och 6 <choice><abbr>rub.</abbr><expan resp="EK">rubel</expan></choice> gick i straffränta för brandförsäkningen, och 3 <choice><abbr>Rub.</abbr><expan resp="EK">Rubel</expan></choice> 50 <choice><abbr>k.</abbr><expan resp="EK">kopek</expan></choice> för bara söndriga fönsterrutor, men<pb/> inte vill han debitera henne för det heller. Inte ett enda lås är i ordning, det få vi ochså betala. Vår <rs corresp="pe5276">värdinna</rs> har skrifvit hit till <persName corresp="pe6832" correspUncert="Y">Öfverste Appelbergs</persName> och frågat om vi tagit in gas i rummena. Hon lofvade först men sedan bad hon oss icke det här året göra det, nu tror hon att vi ändå gjort det. Hon vet ej hvem hon har att göra med.</p>
          <p><persName corresp="pe530">Lotta</persName> har mig veterligen inte plats ännu, <persName corresp="pe6981">Sofie</persName> bor här i staden och rår sig sjelf samt låts ta emot söm, men jag fruktar mycket för den saken. Nog måste jag taga ihop med henne. <persName corresp="pe516">Fina</persName> skall nu bli ensam med <rs corresp="878">köksan</rs>. Fåse huru det skall börja gå. Nog är hon villig och bra, det har gjort henne mycket godt att vara hos <persName corresp="pe9590">Federleys</persName> i sommar.</p>
          <p>Nej sluta måste vi kl. är så mycket. <persName corresp="pe656">Borgströms</persName> voro här i fredags på the. <rs corresp="pe798">Tants</rs> har jag ej sett till på länge. <persName corresp="pe476">Carl</persName> reser snart upp till <placeName corresp="pl2464">Uleå</placeName> igen men vi ha ej träffat honom alls.</p>
          <closer>
            <salute>Helsningar från Mammas</salute>
            <signed>Emilie.</signed>
          </closer>
      <!-- skrivet i vänstra marginalen på sid 6 -->
      <postscript><p rend="place_previousPage_leftMargin"><handShift new="#ZT"/>Åt <persName corresp="pe37">Dyhr</persName> skickade jag för en vecka sedan 3¼ kannor fin pomerans med Suomi. Jag fick ej större kärl. <anchor xml:id="start38933"/>Qvittenset<anchor xml:id="end38933"/> från <placeName corresp="pl419">Lappviken</placeName> skall jag vid tillfälle skicka honom.</p></postscript>
      <!-- skrivet i vänstra marginalen på sid 5 -->
      <postscript><p rend="place_previousPage_leftMargin"><persName corresp="pe7740" correspUncert="Y">Strengells</persName> porträtt tillhör <persName corresp="pe2166" correspUncert="Y">Inga Wennerholm</persName>, som lånat det åt <persName corresp="pe11">Aina</persName>. – Jag skickar Mamma här 5 rubel att betala <persName corresp="pe5412" correspUncert="Y">Calle</persName> vid Allhelgona. Det borde vara 6, men det passar nu ej. Förlåt!</p></postscript>
      <!-- skrivet i vänstra marginalen på sid 4 -->
      <postscript><p rend="place_previousPage_leftMargin"><persName corresp="pe7553">Gubben Crohns</persName> fattig har råkat illa ut. Han förhyrde sina handelsrättigheter åt två unga tyskar – Nu har hela boden konfiskerats, och man tror att <persName corresp="pe7553">Chrons</persName> får betala varorna, som äro tagna på kredit i hans namn.</p></postscript>
      <!-- skrivet i vänstra marginalen på sid 3 -->
      <postscript><p rend="place_previousPage_leftMargin"><persName corresp="pe8662">Cargers</persName> vinkällare är stängd – Kreditorerne ha gjort utmätning.</p></postscript>
        </div>
      </div>
    </body>
  </text>
</TEI>