<?xml version='1.0' encoding='UTF-8'?><TEI xmlns:xsi="http://www.w3.org/2001/XMLSchema-instance" xmlns="http://www.tei-c.org/ns/1.0" xsi:schemaLocation="http://www.tei-c.org/ns/1.0 file:/T:/Instruktioner,%20manualer,%20scheman/TEI-scheman%20(AM)/tei_brevschema.xsd">
  <teiHeader>
    <fileDesc>
      <titleStmt>
        <title>Br1788</title>
        <respStmt>
          <resp>Ansvarig redaktör:</resp>
          <name>Laura Mattsson</name>
        </respStmt>
      </titleStmt>
      <publicationStmt>
        <publisher>Zacharias Topelius Skrifter</publisher>
      </publicationStmt>
      <sourceDesc>
        <p>Arkivsignum: se databas</p>
      </sourceDesc>
    </fileDesc>
    <profileDesc>
      <handNotes>
        <handNote/>
        <handNote/>
      </handNotes>
    </profileDesc>
  </teiHeader>
  <text>
    <body xml:space="preserve">
      <!-- – ” ’ -->
      <div type="letter">
        <opener>
        <dateline><placeName corresp="pl399">Helsingfors</placeName> fredag 4 April 1862.</dateline>
        <salute>Min Älskade <rs corresp="pe14">Mamma</rs>!</salute>
        </opener>
        <p rend="noIndent">Wi ha nu Aprilsommarn med dess klara, lifvande solsken och skrala slädföre, just samma tid, som mamma sista våras var tvungen att uppskjuta sin resa. Wi ha så ofta kommit ihåg den för oss både sorgsna och glada tiden, som vi så litet kunde använda till Mammas och <persName corresp="pe323">Fannys</persName> trefnad. Särskildt påminnas vi derom af vår lilla <persName corresp="pe274">Rosa</persName> fattig, som nu åter står och väger på lifvets gränser, ehuru ej så klen och usel som förra våras . Turen har nu kommit till henne. I lördags om aftonen, när vi voro ensame hemma, blott med <persName corresp="pe19">Oskar</persName> hos oss, sprang hon helt rolig omkring, hade en hatt på hufvudet och kallade sig Hjalmar Josendal. Natten mot söndag var hon <anchor xml:id="start27115"/>kurrig<anchor xml:id="end27115"/>, söndagsmorgon i feber, och vid middagstiden var sharlakansfebern utslagen. Hvarifrån den smittan kommit, det är ej lätt att förstå, ty nog ha vi vädrat och dammat både möbler och kläder, men kanske har dock något blifvit qvar.<pb/> Mamma mins <persName corresp="pe7736">Dunckers</persName> barn, som brukade leka med våra. De voro för några veckor sedan här – <persName corresp="pe272">Toini</persName> hade längesedan badat, och hvem kunde efter månaders förlopp ana någon smitta? Icke vet jag heller om det var derföre, men någon vecka efter sjuknade först <persName corresp="pe7736">Dunckers</persName> <rs corresp="pe10036">gosse</rs> och så flickan. Gossen kom sig, men den lilla <persName corresp="pe7737">Adele</persName> strök med efter blott tre dagars sjukdom. – De första dagarna hade <persName corresp="pe274">Rosa</persName> på nattsidan af dygnet stark feber, på dagsidan mindre. Tisdagen var hon röd som en kräfta öfver hela kroppen. <persName corresp="pe10">Emili</persName> penslade halsen de första dagarna, men när den ej tycktes sjuk, bad <persName corresp="pe178">Willebrand</persName> oss upphöra dermed. <anchor xml:id="start38715"/>Chlorkali<anchor xml:id="end38715"/> har hon fått. Emellertid äro nu halskörtlarna svullna på insidan och tungan tjock, så att hon talar grötigt, men ingen röta, säger <persName corresp="pe178">Wbd</persName>. Sedan natten mot i går har febern varit mindre, utslaget börjar ljusna. I dag åter mera feber och mycket slem. Hon påminner så mycket om <persName corresp="pe12">Micha</persName> – samma ålder, samma sjukdom – samma tycke; hon ligger tillochmed i hans blårutiga kolt. Nog kan<pb/> Mamma tänka sig våra minnen. <add>Sköterskan är utom sig.</add> <persName corresp="pe178">Willebrand</persName> var här tre gånger i går, sista gången kl. 11 på aftonen. Nog tyckes han hoppas en lycklig utgång; vi voro så rädda för kastning på hjernan, men deraf, säger <persName corresp="pe178">Wbd</persName> märks intet spår, och vi tycka äfven att hon är redigare i dag än i går, då hon var dusig och sof hela dagen. Annars matt och otålig. Hvad det nu sedan må bli, vet Gud i sin godhet. Om Han vill tukta eller endast pröfva oss, ske Hans vilje! – <persName corresp="pe272">Toinis</persName> öga är på bättringen, fläcken har blifvit tunnare, men ännu går hon med lapp före. <persName corresp="pe568">Becker</persName> gaf henne jod, och deraf har hon fått utslag med <anchor xml:id="start27113"/>vattenbläddror<anchor xml:id="end27113"/>, så att hon måst stadna med joden. De öfriga äro raska, bara nu <persName corresp="pe10">Mille</persName> håller ut, hon kan ej sköta alls om sig sjelf. <persName corresp="pe11">Aina</persName> och <persName corresp="pe11">Aline</persName> äro hemma från skolan; <persName corresp="pe464">William</persName> har fått bo hos <persName corresp="pe2816">Deckers</persName> tillsammans med en annan gosse. Också vår jungfru är sängliggande midtunder byket – så att här blir nu Mamma åter trakterad med bara sjukdomshistorier. I går kl. 7 på aftonen dog mycket hastigt vår gamla vän <persName corresp="pe2725">Albin Stjerncreutz</persName>, öfverstlöjtnanten. Han gick ut kl. 6, kände sig må illa och tog <anchor xml:id="start27137"/>isvoschik<anchor xml:id="end27137"/> hem. Då<pb/> mötte han <persName corresp="pe178">Willebrand</persName>, som föreskref honom att lägga sig och taga in att laxera. <persName corresp="pe182">Häradsh. Zilliacus</persName>, hos hvilken han varit, följde honom hem – han klädde af sig, lade sig, suckade några gånger, och så var det slut. Det var ett hjertfel, som han haft uti många år. <persName corresp="pe2298">Therese Decker</persName> är nu och hjelper <persName corresp="pe3710">fru Stjerncreutz</persName>, som icke orkar med någonting. Gubben fattig med sina små svagheter var alltid <add>mycket</add> hjertlig mot mig – och på vår lilla bjudning för <persName corresp="pe39">Falcks</persName> var han en af de få herrarne här. Han ansåg sig slägt med oss och ville beständigt att vi skulle umgås. – Jag vet ej hvad jag skall berätta Mamma till ersättning för alla dessa ledsama nyheter. Jo, att vi begagnat flickornas ledighet till att låta <persName corresp="pe3702">Löfgren</persName> måla <persName corresp="pe11">Ainas</persName> porträtt. Det är nu halffärdigt, i naturlig storlek och ett s. k. knästycke, en bra nog stor tafla i oval. Det har all utsigt att bli mycket trefligt och likna vår lilla jänta. Hon står på <placeName corresp="pl402">Majniemi brygga</placeName>, till venster ser man stugan och stranden, till höger näten och skogen. <persName corresp="pe13">Eva</persName> ville nödvändigt ha lilla Naj nuj med, och <persName corresp="pe272">Toini</persName> hade mycket bestyr med saken, hon tyckte <persName corresp="pe11">Aina</persName> blef alldeles för brun – nog vet man när taflan är halffärdig. – Måväl, älskade Mamma och farmor! Gud gifve att jag i måndag kunde skrifva något gladare.</p>
        <closer>
        <salute>Mammas egnaste</salute> <signed>Z. och E.</signed>
        </closer>
        <!-- skrivet i vänstra marginalen på sid 4 -->
        <postscript><p rend="place_leftMargin">När vi frågade <persName corresp="pe274">Rosa</persName> hvar hon var sjuk, svarade hon: ”pippi alltsammans”. – Hon har så mycket tagit sig, den sednare tiden, både till kropp och själ, så att farmor knappt skulle kännt igen henne – men nu skulle farmor visst åter göra det!</p></postscript>
        <!-- skrivet i vänstra marginalen på sid 3 -->
        <postscript><p rend="place_previousPage_leftMargin"><persName corresp="pe68"><anchor xml:id="start27114"/>Borgström</persName> är återkommen och Myntfrågan<anchor xml:id="end27114"/> hänskjuten till senaten. <persName corresp="pe2109">Generalskan Etholén</persName> har varit här – hon hitförde åt <persName corresp="pe69">Hinrik B.</persName> hans <rs corresp="pe2101">lilla flicka</rs>, <persName corresp="pe84">Selmas</persName> barn, och nu äro de så ytterligt rädda för smitta från oss, att knappt <persName corresp="pe360">Mina Julin</persName> törs komma hit.</p></postscript>
        <!-- skrivet i vänstra marginalen på sid 2 -->
        <postscript><p rend="place_previousPage_leftMargin"><rs corresp="pe140">Tant</rs> hade någon sorts lungåkomma, men är nu bra igen. Wi sitta i karantän och träffa ingen af hela slägten. Blott <persName corresp="pe11">Aina</persName> och <persName corresp="pe460">Inna</persName> muntra oss med sitt prat, och om qvällarna har jag gjort vidlyftiga resor på kartan med <persName corresp="pe272">Toini</persName> och <persName corresp="pe13">Eva</persName>.</p></postscript>
        <!-- skrivet i vänstra marginalen på sid 1 -->
        <postscript><p rend="place_previousPage_leftMargin"><persName corresp="pe7570">Janne Boman</persName> och <persName corresp="pe6816" correspUncert="Y">Daniel</persName> voro här på middag i söndags. De åto i köket, men drucko kaffe inne hos mig, så att vänskapen var fullkomlig.</p></postscript>e
      </div>
    </body>
  </text>
</TEI>