<?xml version='1.0' encoding='UTF-8'?><TEI xmlns:xsi="http://www.w3.org/2001/XMLSchema-instance" xmlns="http://www.tei-c.org/ns/1.0" xsi:schemaLocation="http://www.tei-c.org/ns/1.0 file:/T:/Instruktioner,%20manualer,%20scheman/TEI-scheman%20(AM)/tei_brevschema.xsd">
  <teiHeader>
    <fileDesc>
      <titleStmt>
        <title>Br2018</title>
        <respStmt>
          <resp>Ansvarig redaktör:</resp>
          <name>Laura Mattsson</name>
        </respStmt>
      </titleStmt>
      <publicationStmt>
        <publisher>Zacharias Topelius Skrifter</publisher>
      </publicationStmt>
      <sourceDesc>
        <p>Arkivsignum: se databas</p>
      </sourceDesc>
    </fileDesc>
    <profileDesc>
      <handNotes>
        <handNote medium="brown-ink"/>
        <handNote/>
      </handNotes>
    </profileDesc>
  </teiHeader>
  <text>
    <body xml:space="preserve">
      <!-- – ” ’ æ ½ -->
      <div type="letter">
        <opener>
          <dateline><placeName corresp="pl399">Hfors</placeName> Måndag 5 Mars 66.</dateline>
          <salute>Goda <rs corresp="pe14">Mamma</rs>!</salute>
        </opener>
        <p rend="noIndent">I går, söndags e. m. fick jag en tentamens herre, som gjorde min tid så knapp, att jag nu åter måste skicka några slarfviga rader i stället för ett ordentligt bref. Wi ha varit något skraltiga dessa tider. <persName corresp="pe10">Mille</persName> stackare är ännu ej bra med sitt bröst, sin hjertklappning och sin nervsvaghet; det är så ombytligt, ibland bättre, ibland sämre. <persName corresp="pe500">Hjelten</persName> har undersökt hennes bröst och säger att det icke är skadadt fastän hon sjelf tror det. Jag tror också att det är mest nervsvaghet och den gamla blodfattigdomen, fastän äter blodplättar mest alla dagar. Hon skulle så väl behöfva komma en sommar igen till <placeName corresp="pl2921">Marstrand</placeName>, ty det blir aldrig annars någonting med hennes sommarkurer; men med Matts i kassan har det sina stora svårigheter.</p>
        <p>Jag var och ådrog mig en katarrh med heshet en natt kl. 2–3, när jag var ute till <anchor xml:id="start30131"/>en eldsvåda i <persName corresp="pe6158" correspUncert="Y">Wladimiroffs</persName> gård<anchor xml:id="end30131"/> midtemot <persName corresp="pe307">Rokassovskis</persName>.<pb/> Det såg ut från våra fönster som hade det varit nära <persName corresp="pe798">Rosenkampffs</persName>. Den duktiga brasan släcktes alldeles mästerligt om en timma, men emellertid har jag fått sitta inne några dagar för den roligheten. – I natt, när <persName corresp="pe10">Mille</persName> just höll på att somna, sedan hon ej fått sofva på två nätter förut, hade vi åter eldalarm i <placeName corresp="pl691">fjerde stadsdelen</placeName> (<placeName corresp="pl691">Kampen</placeName>), men den gången satt jag beskedligt hemma, och <persName corresp="pe10">Mille</persName> fick sofva från kl. ½ 12, när tutningen upphörde. I qväll <anchor xml:id="start30132"/>börjar jag åter mina afbrutna föreläsningar<anchor xml:id="end30132"/>. <persName corresp="pe11">Aina</persName>, <persName corresp="pe560">Mimmi</persName> och <persName corresp="pe13">Eva</persName> ha alltemellanåt haft snufvor och hosta med tillbehör, men gå åter ut; <persName corresp="pe272">Toini</persName> har härtills hållit sig tapprast.</p>
        <p>I söndags var <persName corresp="pe11">Aina</persName> hos <persName corresp="pe2166">Inga Wennerholm</persName>, hvarom Mamma ville vara god och helsa <rs corresp="pe562">gubben</rs> med tillägg att jag fått hans bref. <persName corresp="pe2166">Inga</persName> var alldeles som hade hon aldrig behöft någon kur på <placeName corresp="pl419">Lappviken</placeName> – klok och, hvad som var vigtigare, hon tycktes <add>vara</add> lugnare.<pb/> Hon berömde föreståndarinnan för sin afdelning och <persName corresp="pe85">prof. Falander</persName>. Hos <persName corresp="pe2166">Inga</persName> var då en <persName corresp="pe6154">pastorska Hyrén</persName>, en beskedlig, <anchor xml:id="start30133"/>småtassig<anchor xml:id="end30133"/> menniska, och <persName corresp="pe2166">Inga</persName> sade medlidsamt att hon tyckte det var synd om den stackarn, som var så bortblandad. För resten bor <persName corresp="pe2166">Inga</persName> ljust och snyggt i öfra våningen. Jag har ej varit der nu, men ämnar mig snart för att höra hvad <persName corresp="pe85">Falander</persName> säger, sedan <persName corresp="pe2166">Inga</persName> lugnat sig. – Från <persName corresp="pe461">Johannes</persName> hade jag bref: det är först i sommar han beger sig af uppåt <placeName corresp="pl117">Lappmarken</placeName>. <persName corresp="pe416">Max</persName> ha vi ej träffat nu på en tid; vi ha lefvat ett par veckor så tyst, att vi knappt träffat någon, utom i lördags, när <persName corresp="pe11"><anchor xml:id="start39030"/>Ainas</persName> vårförening<anchor xml:id="end39030"/> var här och sjöng. Litet längre fram skall jag skicka Konstnärsgillets kostymgrupper, 8 fotografier och 60 figurer, till påseende för att roa <rs corresp="pe140">Tant</rs> och <rs corresp="pe6547">flickorna</rs>. Här äro nu hvarjehanda planer för <anchor xml:id="start30134"/>de nödlidande<anchor xml:id="end30134"/>. Utom<pb/> <anchor xml:id="start30135"/>subskription<anchor xml:id="end30135"/> och (troligen) fattigherberge bli här kälkbanor på <placeName corresp="pl438">södra hamn</placeName> med restauration i kokhuset, och ett annat sällskap arrangerar amatörtheater, allt för detta ändamål. Den direkta subskriptionen blir ej så stor i år – många äro trötta och utledsna, och ondt är om penningar. I <del>tord</del> fredags fingo vi blankt silfver – jag fick 100 hvita markstycken bland mitt <anchor xml:id="start30127"/>qvartal<anchor xml:id="end30127"/>. – Goda Mamma, om jag nu rätt visste huru det står till med mammas egna affärer! Skrif för all del, om Mamma behöfver handräckning, – jag inlägger denna gång orekommenderadt blott 20 Mark, som jag fick till skänks i förrgår. När jag neml. af qvartalet skulle betala bland annat <persName corresp="pe500">Hjelts</persName> <anchor xml:id="start30144"/>husackord<anchor xml:id="end30144"/> för 1865, skickade han af 120 Mark 20 tillbaka och förklarade att 100 voro mer än tillräckliga. – Jag har sökt, men ej träffat <persName corresp="pe6156" correspUncert="Y">kamrer Uggla</persName>, för att höra huru det egentligen hänger ihop med <persName corresp="pe35"><anchor xml:id="start30145"/>Johanna Walströms</persName> affär<anchor xml:id="end30145"/>; icke släpper jag den, så länge der finns ringaste utsigt.</p>
        <p>Måväl, älskade Mamma! Tusen kära helsningar till Tant, flickorna och alla vänner från Mammas egnaste</p>
        <closer>
          <signed>Z., E. och barnen.</signed>
        </closer>
      </div>
    </body>
  </text>
</TEI>