<?xml version='1.0' encoding='UTF-8'?><TEI xmlns:xsi="http://www.w3.org/2001/XMLSchema-instance" xmlns="http://www.tei-c.org/ns/1.0" xsi:schemaLocation="http://www.tei-c.org/ns/1.0 file:/T:/Instruktioner,%20manualer,%20scheman/TEI-scheman%20(AM)/tei_brevschema.xsd">
  <teiHeader>
    <fileDesc>
      <titleStmt>
        <title>Br1807</title>
        <respStmt>
          <resp>Ansvarig redaktör:</resp>
          <name>Laura Mattsson</name>
        </respStmt>
      </titleStmt>
      <publicationStmt>
        <publisher>Zacharias Topelius Skrifter</publisher>
      </publicationStmt>
      <sourceDesc>
        <p>Arkivsignum: se databas</p>
      </sourceDesc>
    </fileDesc>
    <profileDesc>
      <handNotes>
        <handNote/>
        <handNote/>
      </handNotes>
    </profileDesc>
  </teiHeader>
  <text>
    <body xml:space="preserve">
      <!-- – ” ’ -->
      <div type="letter">
        <opener>
        <dateline><placeName corresp="pl399">Helsingfors</placeName> Trettondag jul 1862.</dateline>
        <salute>Min Älskade <rs corresp="pe14">Mamma</rs>!</salute>
        </opener>
        <p rend="noIndent">Fast ej något särdeles är att skrifva, vill jag likväl rapportera om våra sjuka. De äro Gudilof bra nog, utom <persName corresp="pe461">Johannes</persName>, som varit sämre de sednare dagarna. Jag väntar just bud från honom med <persName corresp="pe309">Julius</persName>.</p>
        <p><persName corresp="pe272">Toini</persName> fick, som jag skref i fredags, ett rosartadt utslag eller svullnad i ansigtet, och det gjorde oss bekymmer, men tycks vara mera lindrigt. Det har visst bredt sig ut öfver större delen af ansigtet, särdeles högra sidan, der ögat är nästan igensvullet, men icke kliar det, icke värker det, och i dag tycker vi det börjar liksom flisa bort och torka på kindbenen. Pian har sofvit bra, vi ha haft ljuset släckt om nätterna, och endast <persName corresp="pe530">Lotta</persName> har legat inne med dem. Matlusten är mera klen för <persName corresp="pe272">Toini</persName> ännu, men humöret bra nog; hon sitter ofta och leker i sängen; – i dag har hon följt syster Ragotas exempel och båkat sig fram till <anchor xml:id="start27058"/>fötterändan<anchor xml:id="end27058"/>. <persName corresp="pe13">Eva Maja</persName> fortfar att vara hurtig; det kostar på att hållas i sängen, men vi brådska ej med uppstigningen och vilja hellre vara litet mer, än litet mindre försigtiga. Man hör så många farliga sviter efter den sjukdomen. Gröna skärmen och eldskärmen<pb/> stå framför sängarna. De stodo först bredvid hvarandra, men då <persName corresp="pe272">Toini</persName> var dålig och <persName corresp="pe13">Eva</persName> för bullersam, flyttade vi <persName corresp="pe13">Evas</persName> säng till väggen mot mitt rum och ställde borden emellan dem, der de nu ha alla sina saker uppradade, och der leks nu som bäst handelsbod. Som ett bevis på den konfusion deras insjuknande åstadkom på julaftonen kan jag nämna, att vi nästan alla dagar nu efteråt bestått dem en julklapp hvar, och det har allt varit sådant som ämnats till julafton, men då i våra bekymmer blef glömdt och förlagdt och småningom kommit fram. Detsamma hände med en del af <persName corresp="pe274">Rosas</persName> och de större flickornas julklappar, såsom <persName corresp="pe274">Rosas</persName> lilla hund, hvilken skulle bäras in i en korg, men först andra dagen infann sig sjelf på fyra fötter – hans namn är Prisse, en knäracka, och <persName corresp="pe274">Rosa</persName> kallar honom Pisse – och så gick det äfven med <persName corresp="pe274">Rosas</persName> lilla gulbetsade gungstol, som ihågkoms först andra dag jul. Den stora pappbyggningen är ännu bara ögonfägnad på afstånd för <persName corresp="pe272">Toini</persName> och <persName corresp="pe13">Eva</persName>, och kanariefåglarna sjunga så vackert i salen. <persName corresp="pe274">Rosa</persName> fattig är ännu på fötter och munter och pratsam, huru länge det räcker. <persName corresp="pe10">Mille</persName> sjelf har<pb/> varit hostig och trött, en följd af de nya bekymren; dock utan värre tillstötar. Ut får hon icke gå, särdeles när vi nu ha skarp vinter, 21 grader i dag. På hela helgen ha vi icke en enda qväll varit ute, blott att jag i fredags var hos <persName corresp="pe73">Collan</persName> på hans födelsedag. Ingen har heller varit hos oss, utom <persName corresp="pe360">Mina Julin</persName> och <persName corresp="pe2298">Therese Decker</persName>. Små f.m:s besök har <persName corresp="pe10">Mille</persName> haft någongång; en stund satt <rs corresp="pe140">tant</rs> också här. De må bra der, utom <persName corresp="pe318">Alines</persName> frossa och <anchor xml:id="start27059"/>bleksot<anchor xml:id="end27059"/> allt emellanåt.</p>
        <p>Kl. 12. <persName corresp="pe309">Julius</persName> kommer nu med bud från <persName corresp="pe461">Johannes</persName>. Han har ej fått sofva och smått yrat och velat smyga sig ut. Emellanåt har han satt sig att skrifva bref, men ej orkat till mer än början. Katarrhen har gjort att de ej vågat fortsätta duschen. Febern och hettan är något mindre än förr. Man kan ej säga något annat, än att Gud styre allt till det bästa. Nog var han sämre i våras, så att om krafterna räcka till, är det visst en möjlighet att Gud ännu hjelper honom öfver detta. Jag skrifver i dag åter till <persName corresp="pe741">Lisette</persName>.</p>
        <p>Om jag nu hade helst något gladare nytt att berätta. Det sägs nu att baron<pb/> <persName corresp="pe540">Carl Gust. Wrede</persName> skall bli guvernör i <placeName corresp="pl2561">Wasa</placeName>. Det är en duglig och bra karl, men som han äger och på utmärkt sätt sköter sin stora egendom <placeName corresp="pl1817">Rabbelugn</placeName> i <placeName corresp="pl41">Anjala</placeName>, så tviflas på att han mottager anbudet. – <anchor xml:id="start27060"/>Tidningarna regna nu alla dagar ned i <placeName corresp="pl399">Hfors</placeName>. Härtills ha <title corresp="tw98">Hfors Tidn.</title> stått bra i konkurrensen,<anchor xml:id="end27060"/> ehuru första nummern var illa tryckt; prenumeranterne stå bara 50 à 100 lägre än i fjol vid denna tiden. Mamma har väl fått den i år? Jag har sagt till derom. Den utstrukna nummern af <title corresp="tw520">Barometern</title> har tillåtits af censur-öfverstyrelsen. <persName corresp="pe307">Rokassovsky</persName> har med mycket trug öfvertalat <persName corresp="pe466">Arppe</persName> att bli ledamot i <anchor xml:id="start27061"/>denna styrelse, hvilken nu skall bli så liberal som möjligt,<anchor xml:id="end27061"/> men tryckfrihet säges <rs corresp="pe661">Kejsarn</rs> ej kunna ge oss, så gerna han ville, för Ryssarnas skull. – <persName corresp="pe203">Snellman</persName> har mycket vänligt <anchor xml:id="start27062"/>recenserat i <title corresp="tw1615">Literaturbladet</title> <title corresp="tw180">min nya bok</title><anchor xml:id="end27062"/>.</p>
        <p>Jag skickar nu <persName corresp="pe11">Ainas</persName> nyårsönskan, som glömdes förra gången. Wi förmoda nu att Mamma, eller åtminstone <persName corresp="pe323">Fany</persName>, äro hemma till <persName corresp="pe7549">Emili Richardts</persName> bröllopp – (vi äro också bjudna) och adressera derföre detta direkt. Gud gifve eder helsan och all sin nåd!</p>
        <closer>
        <salute>Mammas egnaste</salute> <signed>Z. och E. &amp; Komp.</signed>
        </closer>
        <!-- skrivet i vänstra marginalen på sid 4 -->
        <postscript><p rend="place_leftMargin"><persName corresp="pe461">Johannes</persName> har fantiserat om samma ämnen som i våras: Majestätsbrott och sådant. – <persName corresp="pe2123">Fru Barck</persName> ämnar sig hemåt, när vi nu ha snö. <persName corresp="pe7450">William Wasastjerna</persName> har messling.</p></postscript>
          </div>
    </body>
  </text>
</TEI>