<?xml version='1.0' encoding='UTF-8'?><TEI xmlns:xsi="http://www.w3.org/2001/XMLSchema-instance" xmlns="http://www.tei-c.org/ns/1.0" xsi:schemaLocation="http://www.tei-c.org/ns/1.0 file:/T:/Instruktioner,%20manualer,%20scheman/TEI-scheman%20(AM)/tei_brevschema.xsd">
  <teiHeader>
    <fileDesc>
      <titleStmt>
        <title>Br1793</title>
        <respStmt>
          <resp>Ansvarig redaktör:</resp>
          <name>Laura Mattsson</name>
        </respStmt>
      </titleStmt>
      <publicationStmt>
        <publisher>Zacharias Topelius Skrifter</publisher>
      </publicationStmt>
      <sourceDesc>
        <p>Arkivsignum: se databas</p>
      </sourceDesc>
    </fileDesc>
    <profileDesc>
      <handNotes>
        <handNote/>
        <handNote/>
      </handNotes>
    </profileDesc>
  </teiHeader>
  <text>
    <body xml:space="preserve">
      <!-- – ” ’ -->
      <div type="letter">
        <opener>
        <dateline><placeName corresp="pl399">Helsingfors</placeName> fredag 2 Maj 1862.</dateline>
        <salute>Min Älskade <rs corresp="pe14">Mamma</rs>!</salute>
        </opener>
        <p rend="noIndent"><rs corresp="pe140">Tant</rs> är Gudskelof bättre, hon ligger i dag på täcket. Jag skyndar att meddela denna goda underrättelse, emedan Mamma visst varit orolig för detta nya sjukbud. Och bra oroliga voro vi äfven då jag sist skref, annars hade jag väl <del>ej</del> helst velat spara Mamma detta bekymmer. Det vägde i tre dagar, söndag, måndag och tisdag, mellan lif och död, ty recidivet var svårt, och ehuru <persName corresp="pe178">Willebrand</persName> ej egentligen misströstade, sade han öppet att utgången var oviss, särdeles derföre att tant ännu var medtagen efter förra bröståkomman. De stackars flickorna voro att beklaga, så ensama som de voro, och <persName corresp="pe10">Emili</persName>, som sjelf låg emellanåt, kunde ej vara der och hjelpa dem. <persName corresp="pe324">Jeana</persName> saknades mycket. <persName corresp="pe318">Ninni</persName> hade kort<pb/> förut sjelf varit sjuk. Men som sagdt, Guds godhet hjelpte dem, och från i onsdags begynte det småningom blifva bättre. Ännu dessa dagar har Tant varit bra nog matt, men hon har fått sömn emellanåt (hon yrade ännu i onsdagsnatt), och så äter hon buljong och hönsfrikasé. Nu är det egentligen tålamodet, som vill tryta och försigtighet som måste inpräglas. Flickorna ha åtminstone fått små anvisningar härifrån uti sjukskötseln, deruti vi haft så trägen praktik. Jag tycker jag är riktigt slängd i sjukdomsbeskrifningar och snart lika kunnig deri som <persName corresp="pe295">Laurén</persName> i <placeName corresp="pl574">Jakobstad</placeName>; mamma har fått mer än nog af mina öfningar i den konsten. – Hvad oss sjelfva angår, är lyckligtvis intet illa att berätta för denna gång. <persName corresp="pe10">Mille</persName> ficks tillochmed ut till <placeName corresp="pl666">Kajsaniemi</placeName> i går på 1:sta Maj, för att se på bantåget, som kom lastadt med sina<pb/> hundrade <anchor xml:id="start27199"/>tolfter<anchor xml:id="end27199"/> plankor, dito vedfamnar och dito rågsäckar. Vädret var klart och uppfriskande, tusentals menniskor i rörelse, studenterne sjöngo från bittida morgonen derute, och mamsells förråder tömdes så <anchor xml:id="start27204"/>kant och klart<anchor xml:id="end27204"/>, att der en tid ej fanns en skorpa. <persName corresp="pe272">Toini</persName> och <persName corresp="pe13">Eva</persName> och hela sällskapet var med, utom <persName corresp="pe464">William</persName> som skulle, kantänka, att rida i <placeName corresp="pl405">brunnsparken</placeName> med de andra lyceisterna. – I onsdags, på <rs corresp="pe661">kejsarns</rs> namnsdag, surprenerades vi på morgonen af en <anchor xml:id="start27207"/>universitetspedell<anchor xml:id="end27207"/>, som bockade litet djupare än vanligt och sade: ”<persName corresp="pe539">baron Munck</persName> helsar och skickar det här åt professorn”. Det var en liten pappersstrut med rysk påskrift, och deri låg <anchor xml:id="start27201"/>Anne ordens 3:dje klass<anchor xml:id="end27201"/>, så att nu har Mamma den äran att hafva en riddare till son. Jag skrattade och sade: ”det måste vara ett misstag. ” – ”Nej, sade pedellen, jag förde just nyss en större åt <persName corresp="pe466">kanslirådet Arppe</persName>”.<pb/> <persName corresp="pe10">Emili</persName> blef helt mulen, men jag lugnade henne med den påminnelsen att ingen kan undgå sitt öde. Så litet jag bryr mig om detta krimskrams, har jag alltid ihågkommit spådomen om <rs corresp="pe226">pappas</rs> stjerna, så att när jag nu har den, tycker jag det är helt naturligt. Den som var lyckligast, det var <persName corresp="pe13">Eva</persName>. ”Se här skall du få någonting”, sade jag, och strax for hon ut med ett fröjderop att visa presenten åt <persName corresp="pe272">Toini</persName>. Det dröjde ej länge, innan <persName corresp="pe272">Toini</persName> kom gråtfärdig och ville också ha en; jag tröstade henne med att hon skulle få den nästa. Derpå kom <persName corresp="pe13">Eva</persName> också gråtfärdig och sade: ”<rs corresp="pe10">Mamma</rs> säger att pappa bara narrar mig.” – ”Åh, sade jag, var du nöjd, vi ha den i lag.” – ”Ja, sade hon, och nu skall jag laga pappa grann”, – och så fäste hon stjernan med en nål på ryggen.</p>
        <p>Värst har det varit med de otäcka gratulationerna. Hos <persName corresp="pe466">Arppe</persName> var i går<pb/> aftons stor första Maj, och der berättades att jag för flera år sedan varit föreställd till orden, men <persName corresp="pe475">grefve Berg</persName> satte sig deremot. Nu var det <persName corresp="pe539">baron Munck</persName>, som haft mig i åtanke. Jag måste pligtskyldigt att tacka i går, och gubben var så hjertinnerligt nöjd och hade velat mig så hjertans väl, att jag visst icke ville störa hans belåtenhet. Emellertid säges den äran kosta 18 rubel, hvilket är mer än den är värd. Af tidningarna får Mamma se en hop andra stjernfall. <persName corresp="pe58">Gubben Stenbäck</persName> i <del>Kuopio</del> <add><placeName corresp="pl28 ">Alavo</placeName></add> bland andra fick samma orden. – Löjligast var med <persName corresp="pe75">Cygnæus</persName> och <persName corresp="pe178">Willebrand</persName>, som fingo krona på sin <anchor xml:id="start27209"/>Stanislai 2:dra<anchor xml:id="end27209"/>, som de hade förut, och det kostar dem 30 rubel.</p>
        <p>I dag skrifver jag till <placeName corresp="pl2921">Marstrand</placeName> och beställer oss två rum. Dit reser en hel hop från <placeName corresp="pl399">Helsingfors</placeName>. Passar det ej att få barnen med <persName corresp="pe798">Rosenkampffs</persName>, så<pb/> passar det kanske med <persName corresp="pe316">Carolina Borgström</persName>, som far upp till sin mamma i sommar. Annars vore jag ej emot förslaget med <persName corresp="pe3441">Hjalmar Nordgren</persName>, om vi blott finge förkläde åt <persName corresp="pe460">Aline</persName>, som då skulle följa med. Wi borde ju ha vår vagn till <placeName corresp="pl1512">NyCarleby</placeName>. Jag tror knappt att <persName corresp="pe6981">Sofi</persName> vill följa med barnen nu, då hon ej har sin <persName corresp="pe274">Rosa</persName> att pyssla om – hon gråter alltemellanåt, när hon ser <persName corresp="pe274">Lullus</persName> kängor och klädningar. Kanske skulle Mamma <del>gern</del> ha någon nytta af <persName corresp="pe6981">Sofi</persName>; om vi visste det, skulle vi föreslå henne det; nu har hon ämnat sig på en bagarbod. <persName corresp="pe7538">Fredrik</persName>, vår dränggosse, har i dag åter vandrat till sin skomakarlära på landet, och i morgon går <persName corresp="pe530">Lotta</persName> till <persName corresp="pe161">Jenny</persName> för sommaren, så att hushållet minskas. <persName corresp="pe7578">Carolina</persName> lär fara<pb/> på ett skutt till sin mor, så att <rs corresp="pe5411" correspUncert="Y">köksan</rs> blir då allena i sommar. Wi tänka på att taga <persName corresp="pe516">Fina</persName> tillbaka i November, hon är huset tillgifven, och den förtjensten uppväger flera fel. Kanske också att hon kommer med barnen i sommar.</p>
        <p>Tack, goda Mamma för det nyss anlända kära brefvet. Wi hade väl tänkt oss <placeName corresp="pl402">Majniemi</placeName> trappa hvit, <del>så</del> men kanske ljusgrått är varaktigare, så att Mamma är god och bestämmer endera. Mamma frågar om <persName corresp="pe272">Toini</persName>. Fläcken är nu både ljusare och tunnare så att nog tycks den gå bort. – Det var vår våning, som utbjöds. <persName corresp="pe531"><anchor xml:id="start27203"/>Fru Ramsay</persName> har sagt upp,<anchor xml:id="end27203"/> hon har ej bott här, ej heller betalt ännu; men stall och lider har hon begagnat. Ännu ha vi ej hyresgäst. – Om ärterna skall<pb/> <persName corresp="pe10">Mille</persName> skrifva härnäst. – <persName corresp="pe10">Mille</persName> ber att Mamma ej nämner om att <persName corresp="pe324">Jeana</persName> varit saknad – de önska ej henne tillbaka i höst.</p>
        <p><persName corresp="pe3713">Furuhjelm</persName> i <placeName corresp="pl1009">Kuopio</placeName> har blifvit senator och <persName corresp="pe3714">gubben Törnqvist</persName> fått afsked. <persName corresp="pe478">Antell</persName> till <placeName corresp="pl1009">Kuopio</placeName>.</p>
        <p>Kl. slår 1. Må väl, älskade Mamma, helsa <persName corresp="pe323">Fanny</persName>, och Gud vare med eder och oss.</p>
        <closer>
        <salute>Mammas egnaste</salute> <signed>Z., E. och barn.</signed>
        </closer>
      </div>
    </body>
  </text>
</TEI>