<?xml version='1.0' encoding='UTF-8'?><TEI xmlns:xsi="http://www.w3.org/2001/XMLSchema-instance" xmlns="http://www.tei-c.org/ns/1.0" xsi:schemaLocation="http://www.sls.fi/tei file:/T:/Instruktioner,%20manualer,%20scheman/TEI-scheman%20(AM)/tei_brevschema.xsd">
  <teiHeader>
    <fileDesc>
      <titleStmt>
        <title>Br2037</title>
        <respStmt>
          <resp>Ansvarig redaktör:</resp>
          <name>Laura Mattsson</name>
        </respStmt>
      </titleStmt>
      <publicationStmt>
        <publisher>Zacharias Topelius Skrifter</publisher>
      </publicationStmt>
      <sourceDesc>
        <p>Arkivsignum: se databas</p>
      </sourceDesc>
    </fileDesc>
    <profileDesc>
      <handNotes>
        <handNote medium="brown-ink"/>
      </handNotes>
    </profileDesc>
  </teiHeader>
  <text>
    <body xml:space="preserve">
      <!-- – ” ’ æ ½ -->
      <div type="letter">
        <opener>
          <dateline><placeName corresp="pl399">Helsingfors</placeName> måndag 8 April 67.</dateline>
          <salute>Min Älskade <rs corresp="pe14">Mamma</rs>!</salute>
        </opener>
        <p rend="noIndent">Ehuru tiden är knapp, vill jag åtminstone med några rader tacka för Mammas utmärkt intressanta och kärkomna bref i thorsdags. Det enda bekymmersama var med <persName corresp="pe54">broder Wilhelms</persName> knä, när nu <persName corresp="pe729">Bäcken</persName> är här. Måtte det kunna jemkas. Hur kom det sig, att han skulle åka från kryrkan? Var det till bröllopp kanhända eller till läsförhör?</p>
        <p>Det gläder mig att <persName corresp="pe451">Ezer</persName> gripit i sin sak med kurage. Måtte han få vara frisk. Det är klart, att alla som ej ha begrepp om ett rationelt jordbruk skola förutspå hans undergång. Detta får man höra hvarenda gång någon är nog djerf att bryta med slentrianen. Också måste han vara beredd på stora svårigheter första och andra året med en vanhäfdad jord. Det kan ej allt svängas så strax om, kan jag tro. Men kanske får han dock, om Gud vill, redan i år någon fröjd af bättre rödjade ängar.<pb/> För sönernas skull var det väl ändå en lycka, att Mamma blef af med <persName corresp="pe9326">Jakob</persName> – nog skulle annars spolierandet ha fortgått, liksom förut.</p>
        <p>Ja, måtte nu Mamma sjelf få vara frisk, så går nog denna årstid. Här ha varit nu snart en vecka skarpa nattfroster (13 graders köld <anchor xml:id="start30915"/>m<unclear reason="overwritten" resp="EK">ä</unclear>rknatten<anchor xml:id="end30915"/> mot den 6 April), så att icke smälter snön med en fart. Föret är ännu ypperligt, tillförseln betydlig; men man väntar tidig sjöfart. Wi må bra  nog, Gudilof, utom små krämpor. <persName corresp="pe10">Milles</persName> frossa har låtit förmärka sig, och jag dricker brunn, ett slags jernvatten på morgnarna, hvarefter jag spatserar en half timma. Jag ämnade skrifva till <persName corresp="pe37">Dyhr</persName>, men lärer ej hinna nu, hvarföre Mamma ville vara god och fråga honom eller <persName corresp="pe573">Forsius</persName>, om jag får den äran att dricka brunn i <placeName corresp="pl1512">NyCarleby</placeName> i sommar, ty det lärer kunna ställas så. Något vatten måste jag dricka, men får jag ej i <placeName corresp="pl1512">NyCarleby</placeName>, måste jag tänka<pb/> på annan ort. Kanske skulle vi bli flera brunnsgäster, så att ändtligen <placeName corresp="pl128">Brunnsholmen</placeName> finges befriad från dess smädeliga bannlysning.</p>
        <p>Mina krämpor bestå egentligen i en svaghet i hjernan – en stundom märkbar disposition för svindel och ansigtskramp – det är i sin början och icke svårt att kurera, säger <persName corresp="pe500">Hjelt</persName>, men bör ej vårdslösas.</p>
        <p>Här ha varit <anchor xml:id="start30846"/>oroliga tider<anchor xml:id="end30846"/>, som Mamma väl hört – studenterne skulle tacka för <placeName corresp="pl2487">Uppsala</placeName> studenternes telegram, och t. f. rektor <persName corresp="pe627">statsrådet Palmén</persName> gaf tillstånd dertill, med villkor att de ej skulle inblanda något politiskt. Detta förtröt gossarne; de telegraferade väl ej någon politik, men läto svara <persName corresp="pe627">Palmén</persName> att de ej fästade något afseende vid hans föreskrift, utan gjorde <add>det</add> af fri vilja. – Så kom annat trassel till om studentmötenas stadgar – och så dömdes tre till relegation, deribland <persName corresp="pe6325">Rönnbäck</persName>,<pb/> som öfversatt <persName corresp="pe3685">Vögelins</persName> predikningar; han blef relegerad till juni 1868. – Om allt detta är storgäsning. De ha sjungit för sina martyrer och varit rasande, men ej sjungit <anchor xml:id="start30844"/>kattmusik<anchor xml:id="end30844"/>. Hela saken ät utan vigt i sig sjelf, men få se hur den upptages. – Ena dagen sjöngo studenterne för <persName corresp="pe75">Cygnæus</persName> på hans 60:de födelsedag. Andra dagen måste han sitta <anchor xml:id="start30845"/>bland deras domare<anchor xml:id="end30845"/>. – Nog blef han firad, och icke med orätt. Der var halfva prestaståndet med <persName corresp="pe143">Schauman</persName> och andra och drack punsch på <placeName corresp="pl666">Kajsaniemi</placeName> på måndagsförmiddagen.</p>
        <p>– I Normalskolan var samtidigt en nästan dylik revolt. Magistrarne kommo uppretade från domen öfver studenterne, och så dömde de sina skolgossar för samma fel till samma straff.</p>
        <p>Må väl, jag hinner ej mer.</p>
        <closer>
          <salute>Mammas egen</salute>
          <signed>Z.</signed>
        </closer>
      </div>
    </body>
  </text>
</TEI>