<?xml version='1.0' encoding='UTF-8'?><TEI xmlns:xsi="http://www.w3.org/2001/XMLSchema-instance" xmlns="http://www.tei-c.org/ns/1.0" xsi:schemaLocation="http://www.tei-c.org/ns/1.0 file:/T:/Instruktioner,%20manualer,%20scheman/TEI-scheman%20(AM)/tei_brevschema.xsd">
  <teiHeader>
    <fileDesc>
      <titleStmt>
        <title>Br2045</title>
        <respStmt>
          <resp>Ansvarig redaktör:</resp>
          <name>Laura Mattsson</name>
        </respStmt>
      </titleStmt>
      <publicationStmt>
        <publisher>Zacharias Topelius Skrifter</publisher>
      </publicationStmt>
      <sourceDesc>
        <p>Arkivsignum: se databas</p>
      </sourceDesc>
    </fileDesc>
    <profileDesc>
      <handNotes>
        <handNote medium="black-ink"/>
      </handNotes>
    </profileDesc>
  </teiHeader>
  <text>
    <body xml:space="preserve">
      <!-- – ” ’ æ ½ -->
      <div type="letter">
        <opener>
          <dateline><placeName corresp="pl399">Helsingfors</placeName> måndag 16 Sept. 1867.</dateline>
          <salute>Min Älskade <rs corresp="pe14">Mamma</rs>!</salute>
        </opener>
        <p rend="noIndent">Ännu engång innerlig tack för all moderlig kärlek och godhet, som Mamma denna sommar åter bevisat mig och alla de mina! Wi tacka vår gode Gud, som låtit oss vara friska tillsammans i vårt gamla hem, som aldrig upphört att vara vårt käraste. Det vore kanske för mycken lycka att beständigt få vara så tillsamman. Vi skola bedja och hoppas, att Hans nåd ännu förunnar oss ett kärt återseende, och så lida väl äfven dessa månader uti Mammas ensamhet, tilldess att med våren och ljuset det nya hoppet återvänder och vi flyga med svalorna tillbaka till boet.</p>
        <p>Jag förmodar att Mamma fått mitt bref från <placeName corresp="pl28">Alavo</placeName>, derifrån vi afreste i vackraste väder onsdag morgon kl. 9. <persName corresp="pe10">Mille</persName> får nu närmare beskrifva vår resa. Den gick mycket lyckligt och nästan utan alla äfventyr, så att vi på bestämd tid, i lördags kl. 10 f. m. anlände välbehållna till <placeName corresp="pl399">Helsingfors</placeName>. Här voro <persName corresp="pe11">Aina</persName>, <persName corresp="pe6547">flickorna Rosenkampff</persName>, <persName corresp="pe2816">Deckers</persName>, <persName corresp="pe5613">Thunbergs</persName>, <persName corresp="pe516">Fina</persName> och många vänner oss till möte vid bangården, och hemma väntade oss <persName corresp="pe360">Moster Mina</persName> med en stor krans på kaffebordet.<pb/> Lördagsaftonen tillbragte vi, jemte <persName corresp="pe9508" correspUncert="Y">Heikellerne</persName>, hos <persName corresp="pe11">Aina</persName> och <persName corresp="pe561">Berndt</persName>, trefligt och med tankarna på eder, våra kära! Ack så gerna vi då velat ha farmor och <persName corresp="pe323">Fanny</persName> med oss der vid det nätta thébordet, i de små dockskåpsrummen. <persName corresp="pe11">A.</persName> och <persName corresp="pe561">B.</persName> äro båda raska och glada, de klaga bara, att mycket pengar gått åt, sedan de kommo till staden. <persName corresp="pe556"><anchor xml:id="start31011"/>Zache Schalin</persName> var med; han är munter och ser frisk ut, orädd och hemmastadd i <placeName corresp="pl399">Helsingfors</placeName>,<anchor xml:id="end31011"/> utom första dagarna när han gick vilse i mörkret bland bergen vid <placeName corresp="pl405">brunnsparken</placeName>. Inga svåra lexor har han, och det tycks gå bra. I går söndag var han på middag hos oss och på qvällen med oss hos <persName corresp="pe798">Rosenkampffs</persName>. Hem har han ej skrifvit mer än engång efter examen, som jag bannade honom för. Han skulle nu skrifva till <persName corresp="pe555">Emmi</persName>, om det blir af. Nog skall jag bjuda till att se om gossen, jag skall endera dagen gå och se hur han bor. I sin klass har han en kamrat, som är 26 år. Wi skulle gå och se på fyrverkeri i går afton, men kommo sent från <persName corresp="pe798">Rosenkampffs</persName> thébord och fingo se bara några raketer från bergen.<pb/> <rs corresp="pe140">Tant</rs> är nyss inflyttad med de sina och har ännu ett par veckor sin <persName corresp="pe317">Carl</persName>, som badar för <persName corresp="pe500">Hjelten</persName> i <placeName corresp="pl3245">Wilhelmsbad</placeName>. <persName corresp="pe416">Max</persName> har nu bataljon och under sig många, som äro yngre än han. Han har haft en svår åkomma i knäet, men är återställd. Tant har haft rheumatiska känningar, men är annars nöjd med sin sommar, och flickorna äro raska. Vi blefvo så hjertligt emottagna. <persName corresp="pe556">Zache</persName> hade berättat, att Mamma var skral, och det gladde dem så mycket att höra af oss att Mamma var rask. Tant skulle nu skrifva i denna vecka till Mamma. <persName corresp="pe768">Leopolds</persName> äro ännu ute på <placeName corresp="pl4753">Hummelvik</placeName>, men inflytta i dag. <persName corresp="pe19">Oskar</persName> har bott i sommar vid <placeName corresp="pl626">Juustila</placeName> nära <placeName corresp="pl2614">Wiborg</placeName>, men är nu här. <persName corresp="pe24">Fanny</persName> väntas från <placeName corresp="pl255">Fredrikshamn</placeName> och skulle komma i går, men <persName corresp="pe19">Oskar</persName> gick ej ens ned till ångbåten, för att ”nog låter <persName corresp="pe24">Fanny</persName> vänta på sig åtminstone två ångbåtsturer”, och icke kom hon heller i går. – <persName corresp="pe2387">Marie Ekholm</persName> sitter just hos <persName corresp="pe10">Emili</persName> och har ätit frukost med oss. Hon har haft tandvärk, men är annars som förr, barnen friska, <anchor xml:id="start31012"/>visthuset<anchor xml:id="end31012"/> klent. <persName corresp="pe509">Ekholm</persName> fick entreprenaden för fyrbåkarna, men<pb/> tycks ha varit utsatt för anmärkningar, efter <persName corresp="pe2387">Marie</persName> sade att hans olja kasserats och han måste anskaffa bättre. Ändock trodde hon att den blifvit förtjenst. Skral skall han vara, går ut på morgnarna, lemnar dem några penni och kommer sent hem om qvällarna, berättade <persName corresp="pe6311">Hanna Bzna</persName>. Helsa <persName corresp="pe562">farbror W.</persName>, att hans och de andra brefven riktigt framlemnats genom <persName corresp="pe2166">Inga</persName>, som var här i går. – <persName corresp="pe656">Borgströms</persName> äro på <placeName corresp="pl2419">Thurholm</placeName>, <persName corresp="pe426">Georg</persName> haltar med vrickad fot; <persName corresp="pe2816">Deckers</persName> äro inflyttade. Här är grönt och mildt, obetydlig frost har varit, men skörden mera liten, utom hö. I <placeName corresp="pl1384">Mosku</placeName><!-- Moskva, jmf dagstidningarna för sept 1867. IK --> snögade det den 2 Sept. till <anchor xml:id="start31009"/>qvarters höjd<anchor xml:id="end31009"/>, och priset på mjölmattan steg genast 75 kopek, men föll igen, när man förstod att rågen var inbergad. Intet politiskt nytt, <persName corresp="pe611">Adlerbergs</persName> afsked lär vara en saga. <persName corresp="pe203">Snellman</persName> har hotat, att afdraga hälften af <anchor xml:id="start31010"/>julqvartalerna<anchor xml:id="end31010"/>: få se, jag tror ej att så mycket kan afdragas. Må väl, goda Mamma, nästa måndag skrifver vi mera. Jag vet ej huru <persName corresp="pe10">Mille</persName> nu hinner. Helsa hjertligt <persName corresp="pe323">Fannina</persName> vår, <persName corresp="pe659">Stina</persName>, <persName corresp="pe555">Emmi</persName>, <persName corresp="pe6544">Johanssons</persName> och alla från Mammas egen</p>
        <closer>
          <signed>Z.</signed>
        </closer>
          <postscript>
            <p rend="place_leftMargin"><!--skrivet i vänstra marginalen på sid. 4-->Här är ännu <anchor xml:id="start31013"/>kaotiskt i rummen<anchor xml:id="end31013"/>. <persName corresp="pe6398">Rosenström</persName> har synat och reparerat allting noga, vi ha fått en hop hyllor, skafferier och skåp, så nog ha vi mera beqvämt. <persName corresp="pe6548">Agnes Candelin</persName> väntas i fredag.</p>
          </postscript>
        <postscript>
          <p rend="place_previousPage_leftMargin"><!--skrivet i vänstra marginalen på sid. 3-->Jag mottog just nu <anchor xml:id="start31014"/>139 riksdaler från <placeName corresp="pl2961">Halmstad</placeName>, en lax på andra metkroken.<anchor xml:id="end31014"/> De behöfvas nog. Jag får, utom mycket annat, betala 100 mark för <persName corresp="pe4314" correspUncert="Y">F. Hedberg</persName>. – Wi ha fått påminnelse att börja föreläsningarna tidigare i år.</p>
        </postscript>
        <postscript>
          <p rend="place_previousPage_leftMargin"><!--skrivet i vänstra marginalen på sid. 2--><persName corresp="pe6420">Sofi Bell</persName> är i <placeName corresp="pl1957">Petersburg</placeName> och väntas i slutet på mån. Barnen äro muntra och flögo genast på lördags f. m. till skolan. De helsa otroligt. <persName corresp="pe875">Anna</persName> är snäll och mera pratsam än förr. Nog har hon väl ledsamt i början.</p>
        </postscript>
        <postscript>
          <p rend="place_previousPage_leftMargin"><!--skrivet i vänstra marginalen på sid. 1-->P. S. <persName corresp="pe10">Mille</persName> kan ej skrifva nu för <persName corresp="pe2387">Marie</persName>, men helsar tusenfaldt och skrifver snart resebeskrifning. Må väl!</p>
        </postscript>
      </div>
    </body>
  </text>
</TEI>