<?xml version='1.0' encoding='UTF-8'?><TEI xmlns:xsi="http://www.w3.org/2001/XMLSchema-instance" xmlns="http://www.tei-c.org/ns/1.0" xsi:schemaLocation="http://www.tei-c.org/ns/1.0 file:/T:/Instruktioner,%20manualer,%20scheman/TEI-scheman%20(AM)/tei_brevschema.xsd">
  <teiHeader>
    <fileDesc>
      <titleStmt>
        <title>Br2089</title>
        <respStmt>
          <resp>Ansvarig redaktör:</resp>
          <name>Laura Mattsson</name>
        </respStmt>
      </titleStmt>
      <publicationStmt>
        <publisher>Zacharias Topelius Skrifter</publisher>
      </publicationStmt>
      <sourceDesc>
        <p>Arkivsignum: se databas</p>
      </sourceDesc>
    </fileDesc>
    <profileDesc>
      <handNotes>
        <handNote medium="black-ink"/>
      </handNotes>
    </profileDesc>
  </teiHeader>
  <text>
    <body xml:space="preserve">
      <!-- – ” ’ æ ½ -->
      <div type="letter">
        <opener>
          <dateline><placeName corresp="pl1277">Lund</placeName>, pingstmorgon 31 Maj 1868.</dateline>
          <salute>Min Älskade <rs corresp="pe14">Mamma</rs>!</salute>
        </opener>
        <p rend="noIndent">Guds frid på denna herrliga pingstmorgon och kärliga helsningar till Mamma och eder alla ifrån det fjerran <placeName corresp="pl1277">Lund</placeName>! Emedan vi dröja här öfver i dag, för att hvila oss efter bråket, begagnar jag en ledig stund att sända vår första reseberättelse. Först vid ankomsten till <placeName corresp="pl2921">Marstrand</placeName> hoppas vi hafva bref emot oss från Mamma och barnen och <persName corresp="pe319">Thilda Häggström</persName>. Gud gifve att ni alla vore vid helsan och välbehållne till lands och vatten! – Vi afreste från <placeName corresp="pl399">Helsingfors</placeName> Christi himmelsfärdsdag kl. 4 på morgonen, kommo kl. 6 e. m. till <placeName corresp="pl2735">Åbo</placeName> och gjorde några besök, <persName corresp="pe10">Emili</persName> hos <persName corresp="pe3360">Appelgrens</persName>, jag hos <rs corresp="pe549">bispen</rs> och <rs corresp="pe679">domprosten</rs> samt <persName corresp="pe80">Ekman</persName>. När vi kl. ½ 3 fredag morgon fortsatte resan på Aura, voro i <placeName corresp="pl2735">Åbo</placeName>, liksom i <placeName corresp="pl399">Hfors</placeName>, quaierna uppfyllde med folk, mest ungdom, som sjöng för <anchor xml:id="start32720"/>den finska deputationen<anchor xml:id="end32720"/>. Resan gick lyckligt och angenämt – det var som om Guds englar burit oss öfver hafvet i solsken, mild luft och små kruslockiga vågor af förlig vind. Fredag qväll kl. 6 voro vi i <placeName corresp="pl2157">Stockholm</placeName> och möttes der genast af <persName corresp="pe726">Victor Heikel</persName>,<pb/> som skaffade oss ett privatrum närmast hans eget (ty <persName corresp="pe6856">fru Wingenblixt</persName> var upptagen), och för resten var han hela tiden utmärkt vänlig och tjenstaktig mot oss. Vi bodde vid <placeName corresp="pl4822">Malmskillnadsgatan</placeName> på norr, nära <placeName corresp="pl4823">Brunkebergstorg</placeName>, 2 trappor upp, för 1 riksdaler om dagen. Redan första afton sökte <persName corresp="pe506">Bonnier</persName> upp oss och förde oss till <placeName corresp="pl3167">Hasselbacken</placeName>. Lördagen voro vi hos <persName corresp="pe6870">Louise Hagströmer</persName> (född <persName corresp="pe6870">Kyntzell</persName>) och sedan var jag hos <persName corresp="pe443">baron Beskov</persName>, som jemte sin <rs corresp="pe2558">friherrinna</rs> var utmärkt artig. Lördag afton voro vi hos <persName corresp="pe9396">grosshandlar Bergs</persName> (<persName corresp="pe2560">Lina Sandell</persName>), som äfven sökt upp oss och bjödo oss ut till deras vackra villa på <placeName corresp="pl2859">Djurgården</placeName>. Allt var det herrligt väder, fast kyligt om qvällarna. Söndag förmiddag voro vi med <persName corresp="pe726">V. Heikel</persName> först i baptistkyrkan, der gudstjensten mycket behagade oss för sin sköna enkelhet och värdighet – se, det är en kyrka, som ej har några prester, utan väljer och aflönar sina lärare bland <add>sina</add> medlemmar af hvilket stånd som helst. Derifrån gingo vi till <anchor xml:id="start32721"/>den ryktbara <persName corresp="pe9395">Beskovs</persName>-kyrkan<anchor xml:id="end32721"/>, som är en mycket skön byggnad, stor, ljus och luftig med tre rader läktare ofvanför<pb/> hvarandra och nu uppfylld med folk från golf till tak, minst 3,000 personer. <persName corresp="pe9395">Beskov</persName> predikade sjelf, mera bra, men icke fann jag honom så stor som hans rykte. Derifrån gingo vi till <placeName corresp="pl4824">Nationalmuseum</placeName>, der poeten <persName corresp="pe3687">Sander</persName> visade oss allt, och derifrån till <persName corresp="pe10073">Hagströmers</persName> på middag; de voro mycket artiga, och der var också gamla <persName corresp="pe6871">Patersen</persName>. På e. m. skulle vi söka upp <persName corresp="pe2016">fru Hammarin</persName> efter <persName corresp="pe6872">fru Häggbloms</persName> adress <placeName corresp="pl5430"><subst>32</subst> Göthgatan</placeName>, med der visste ingen menniska af någon <persName corresp="pe2016">Hammarin</persName> eller <persName corresp="pe231">Enegren</persName>. Så att om <persName corresp="pe323">Fanny</persName> kan skicka oss någon pålitligare adress för vår återresa genom <placeName corresp="pl2157">Stockholm</placeName>, vore det bra. <anchor xml:id="start32723"/>Det lär vara ynkeligt med gumman,<anchor xml:id="end32723"/> sade <persName corresp="pe6871">Patersen</persName>; hon har ännu lånat ihop pengar att betala <persName corresp="pe231">Enegrens</persName> lifsassuranser, och så har han spelt bort dem, som annat. <persName corresp="pe6871">Patersen</persName> ville gerna hjelpa henne till det nödvändigaste, men blott på det vilkor att hon ej har något att skaffa med <persName corresp="pe231">Enegren</persName>, ty honom kan <persName corresp="pe6871">P.</persName> icke tåla. – Han var så treflig och hjertlig, gubben <persName corresp="pe6871">Patersen</persName>, och kom så bra ihåg äfven min <rs corresp="pe226">pappa</rs>,<pb/> med <persName corresp="pe10">Mille</persName> blef han du för Mamma <persName corresp="pe527">Johannas</persName> skull. <subst><del>Lör</del><add>Sön</add></subst>dag afton bjödo vi <persName corresp="pe726">V. Heikel</persName> på sexa till <placeName corresp="pl3167">Hasselbacken</placeName>, och måndag morgon kl. ½ 7 afreste vi på jernväg. Vi hade kunnat komma med snälltåg på 19 timmar till <placeName corresp="pl1277">Lund</placeName>, men ville ej komma midti natten fram, utan stadnade på e. m. i det utmärkt vackra <placeName corresp="pl2925">Jönköping</placeName> och spatserade der omkring. På qvällen hade vi redan lagt oss och nästan somnat, när bud kom <subst>m</subst>ed förfrågan om vi tilläto en serenad, och med detsamma var torget utanför betäckt med en stor skara herrar och fruntimmer. Det halp ej, jag måste kasta på mig hvad jag fick tag i och så ned, och då sjöngs der Suomis sång m. m., och så bar det af till en <anchor xml:id="start32724"/>illuminerad<anchor xml:id="end32724"/> trädgård der nära, der var punsch, och der hölls ett både <anchor xml:id="start32725"/>grannt<anchor xml:id="end32725"/> och vänligt tal af en gammal <persName corresp="pe6879">öfverste Munck</persName>, född finne, och det måste jag svara på och slapp sedan till kojs igen från dessa välmenade vänner. Tisdags morgon fortsattes resan redan kl. 5, och kl. ½ 5 e. m. voro vi i <placeName corresp="pl1277">Lund</placeName>,<pb/> jemte ett långt tåg af flera hundra andra festresande, bland hvilka 4 biskopar, 4 ministrar och andra notabiliteter I <placeName corresp="pl1277">Lund</placeName> var professorn i historien <persName corresp="pe876">Tengberg</persName> emot oss. Han hade skrifvit till <placeName corresp="pl399">Hfors</placeName> och bedt mig bli hans gäst, och när jag svarade att jag kom med dubbel inqvartering, telegraferade han emot oss till <placeName corresp="pl2157">Stockholm</placeName>, att frun var välkommen med. Och så fingo vi här professorns och hans frus egna två vackra rum och ha blifvit utmärkt artigt och vänligt emottagna af dessa snälla nya vänner. <persName corresp="pe9392">Tengbergs</persName> äro <add>ett</add> ungt och vackert par med tre små flickor, en vänlig svärmor, <persName corresp="pe6874">professorskan Bring</persName>, och två systrar till honom. Wi blefvo snart du med dem och trifvas mycket väl, det är en artighet utan krus. I huset bodde under festen en millionär, <persName corresp="pe887">doktor Dickson</persName>, från <placeName corresp="pl304">Götheborg</placeName> och den unge fideikommissarien till <placeName corresp="pl4825">Ljungby</placeName> <persName corresp="pe6877">grefve Wachtmeister</persName>, en snäll och anspråkslöse gosse om 20 år. Så begynte nu festerna onsdag morgon och<pb/> fortforo oafbrutet, kan man säga, till lördag morgon, alla <del>dagar</del> <add>förmid</add>dagar i den gamla <placeName corresp="pl3642">domkyrkan</placeName>, tre stora middagar i <placeName corresp="pl5694">universitetet</placeName>, två stora baler, ett präktigt fyrverkeri, fester och musik i det gröna <placeName corresp="pl4826">Lundagård</placeName> samt en nästan oräknelig mängd af tal, skålar, programmer och verser. Alltsammans var lyckadt och gynnades af herrligaste sommarväder, ty vi äro här som i södern, minst en månad före den öfriga norden: när vi kommo hit, stod rågen i ax den 26 Maj, syrener, hagtorn, rosor m. m. stodo i full blomma, och luften är som i Juli. Mamma får framdeles läsa en tryckt beskrifning om festen; jag nämner nu blott att <persName corresp="pe586">Lindelöf</persName> och jag medförde en skriftelig helsning från vårt universitet, och den frambars högtidligt första festdagen i domkyrkan. Den förste, som steg fram var sändebudet från <placeName corresp="pl285">Greifsvald</placeName>, derefter var turen hos Köpenhamnarne och så hos finnarne. <persName corresp="pe586">Lindelöf</persName> höll talet som äldre i tjensten, och jag har härtills sluppit (till min glädje) utan att behöfva hålla tal.<pb/> <persName corresp="pe3375">Kungen</persName> och <persName corresp="pe602">prins Oskar</persName>, som anlände några timmar efter oss, hade hedersplatserna i domkyrkans chor, och när vi trädde fram, skulle vi, som alla andra, först göra en bugning för dem. <persName corresp="pe10">Mille</persName> satt på utkik midtemot uti choret och lugnade oss sedan med den försäkran att ceremonin gick ordentligt (och vesten var riktigt knäppt). Vid thorsdagspromotionen blef <persName corresp="pe885">erkebiskop Reuterdahl</persName> jubelmagister, och om fredagen blef <persName corresp="pe602">prins Oskar</persName> hedersdoktor, hvarefter han hela dagen gick, liksom de andra, med krans på hufvudet. Det såg bra ut, och prinsen höll vackra tal. – Vid jubelfestmiddagen satt jag vid ett spelmansbord tillsammans med <persName corresp="pe395">Nordström</persName>, <persName corresp="pe2300">Santeson</persName> och <persName corresp="pe887">Dickson</persName>. Då behagade först erkebiskopen och snart derpå de andra bisparne skicka visitkort, som betydde att de drucko en gäst till. Om en stund kom <persName corresp="pe3375">kungens</persName> hofjägare med samma bud från <persName corresp="pe3375">kungen</persName>; Skall jag gå dit? sad’ jag åt <persName corresp="pe395">Nordström</persName>. Nej, sad’ han, tacka der du står; – och så hade jag äran dricka med <persName corresp="pe3375">hans majestät</persName>. En lite stund derefter kom en biljett från <persName corresp="pe602">prins Oscar</persName>, egenhändigt och med blyerts<pb/> och så hade jag äran besvara hans skål. Efter middagen blef jag af excellensen <persName corresp="pe6885">Sparre</persName> presenterad för <persName corresp="pe3375">kungen</persName>, som sade på sitt rättframma sätt: ”god dag, <persName corresp="pe614">Topelius</persName>, det var roligt att få se <subst><del>s</del><add>d</add></subst>ig”; – och tre gånger hade jag äran tala med prinsen. Det der får jag allt berätta en annan gång, likasom de många artigheter, <del>jag</del> <add>hvarmed</add> jag blifvit öfverhopad, icke minst af den högfärdiga skånska adeln. Min trogna maka har nöjt sig med den ringare lotten att omhuldas af biskopinnor och professorskor. I lördags voro vi <add>båda</add> på stor frukost hos <persName corresp="pe6878">biskop Flensburg</persName>. För öfrigt var <persName corresp="pe10">Mille</persName> med på första balen och åskådarinna af promotioner och festmiddagar, hvarom hon sjelf får berätta. – <hi rend="underline">Måndag 1 Juni.</hi> I dag skola vi resa med bantåget till <persName corresp="pe264">prosten Mellin</persName> (författarn), som inbjudit oss till sitt hem i <placeName corresp="pl4827">Wram-Gunnarstorp</placeName> nära <placeName corresp="pl2932">Helsingborg</placeName>. Der ämna vi dröja öfver morgondagen och sedan om onsdag fortsätta resan med ångbåt från <placeName corresp="pl2932">Helsingborg</placeName> till <placeName corresp="pl304">Götheborg</placeName> och <placeName corresp="pl2921">Marstrand</placeName>, hvarifrån Mamma då får nästa bref. – Det skall bli kärt att åter få höra af Mamma och barnen och eder alla. Jag önskar jag sutte vid Mammas kaffebord och hörde rödstjerten qvittra i rönnarna der – det vore mitt bästa kalas och mitt bästa tal. Wi kyssa Mammas båda händer och förblifva Mammas</p>
        <closer>
          <signed>Z. och Mille.</signed>
        </closer>
          <postscript>
            <p rend="place_leftMargin"><!--skrivet i vänstra marginalen på sid. 8-->Wi kyssa våra pullor och <persName corresp="pe323">Fanny</persName> och helsa alla syskon och vänner kärligen. Jag hoppas <persName corresp="pe556">Z.</persName> kommit väl hem. Det blef nu afgjordt, att han bor hos oss.</p>
          </postscript>
        <postscript>
          <p rend="place_previousPage_leftMargin"><!--skrivet i vänstra marginalen på sid. 7--><persName corresp="pe609">Thekla Knös</persName> är i <placeName corresp="pl1277">Lund</placeName>. Utom andra celebriteter har jag träffat <rs corresp="pe634">Talis Qvalis</rs> (<persName corresp="pe634">Strandberg</persName>) och <persName corresp="pe636">Henning Hamilton</persName>.</p>
        </postscript>
        <postscript>
          <p rend="place_previousPage_leftMargin"><!--skrivet i vänstra marginalen på sid. 5--><persName corresp="pe3375">Kungen</persName> satt och nickade i kyrkan emellanåt – han var så utled på de långa talen, att han reste sin väg i thorsdags, för att hans lilla sessa skulle konfirmeras till pingsten.</p>
        </postscript>
        <postscript>
          <p rend="place_previousPage_leftMargin"><!--skrivet i vänstra marginalen på sid. 4-->Jag glömde nämna att vi gjorde hela resan tillsammans med vårt universitets öfriga deputerade och på jernvägen dessutom med <persName corresp="pe395">riksarkivarien Nordström</persName>, som varit ovanligt vänlig mot oss.</p>
        </postscript>
        <postscript>
          <p rend="place_previousPage_leftMargin"><!--skrivet i vänstra marginalen på sid. 3-->I går afton voro vi att promenera i månskenet på <placeName corresp="pl1277">Lunds</placeName> vallar – der är utmärkt vackert – och näktergalen sjöng för oss och den stora skånska slätten låg halfdunkel framför oss.</p>
        </postscript>
        <postscript>
          <p rend="place_previousPage_leftMargin"><!--skrivet i vänstra marginalen på sid. 2-->Jag hoppas Mamma har fått <persName corresp="pe6894">Winagradoffs</persName> hvetmjölsäck med första Österbotten? – Har jag månntro någon bra roddare, som väntar på mig? – <persName corresp="pe659">Stina</persName> är ej mera ute på värfning för sådant.</p>
        </postscript>
        <postscript>
          <p rend="place_previousPage_leftMargin"><!--skrivet i vänstra marginalen på sid. 1--><persName corresp="pe876">Tengbergs</persName> ha sjelfva bott i en vindskammare och skickat sina tre små flickor till deras mormor – allt för att vi skulle få rätt beqvämt.</p>
        </postscript>
      </div>
    </body>
  </text>
</TEI>