<?xml version='1.0' encoding='UTF-8'?><TEI xmlns:xsi="http://www.w3.org/2001/XMLSchema-instance" xmlns="http://www.tei-c.org/ns/1.0" xsi:schemaLocation="http://www.tei-c.org/ns/1.0 file:/T:/Instruktioner,%20manualer,%20scheman/TEI-scheman%20(AM)/tei_brevschema.xsd">
  <teiHeader>
    <fileDesc>
      <titleStmt>
        <title>Br1777</title>
        <respStmt>
          <resp>Ansvarig redaktör:</resp>
          <name>Laura Mattsson</name>
        </respStmt>
      </titleStmt>
      <publicationStmt>
        <publisher>Zacharias Topelius Skrifter</publisher>
      </publicationStmt>
      <sourceDesc>
        <p>Arkivsignum: se databas</p>
      </sourceDesc>
    </fileDesc>
    <profileDesc>
      <handNotes>
        <handNote/>
        <handNote/>
      </handNotes>
    </profileDesc>
  </teiHeader>
  <text>
    <body xml:space="preserve">
      <!-- – ” ’ -->
      <div type="letter">
        <opener>
        <dateline><placeName corresp="pl399">Helsingfors</placeName> fredag 29 Nov. 61.</dateline>
        <salute>Min Älskade <rs corresp="pe14">Mamma</rs>!</salute>
        </opener>
        <p rend="noIndent">Jag börjar detta, och <persName corresp="pe10">Mille</persName> får fortsätta. Tack för Mammas kära bref, som skänkt oss mycken tröst och <anchor xml:id="start27010"/>skrypelse<anchor xml:id="end27010"/> i dessa bedröfliga tider. Här ha vi nu krasslat den ena efter den andra. Knappt var begrafningen öfver, innan <persName corresp="pe10">Mille</persName> fick lägga sig för ankar, så medtagen som hon var. Dernäst skrämde <persName corresp="pe11">Aina</persName> oss en dag med ondt i halsen, feber och hufvudvärk, men lyckligtvis blef det en vanlig halsfluss, som kurerades med <anchor xml:id="start27011"/>bränning<anchor xml:id="end27011"/> – vi förbehöllo oss det af <persName corresp="pe178">Willebrand</persName> – och nu är hon åter i skolan. Så hade <persName corresp="pe13">Eva</persName> ondt i halsen, hvilket också lyckligen gick öfver med bränning. En dag var <persName corresp="pe464">William</persName> krasslig och hemma från skolan, och nu har <persName corresp="pe460">Aline</persName> ondt i halsen med svullna körtlar och får hålla sig hemma. Slutligen, för att jag också skulle vara med, fick jag i går min gamla vän frossan med pipor och trummor, så att jag måste återvända till riktig kinin; sista <anchor xml:id="start27012"/>vattenkinin<anchor xml:id="end27012"/> har varit en<pb/> annan sort, som ej hjelpt. – Nå Mamma, hvilka gräliga tider vi lefva i! Lycklig den, som ej behöfver stoppa sitt namn der i blöt! <persName corresp="pe141"><anchor xml:id="start27008"/>Aug. Schauman</persName> sade en vacker dag upp redaktörskapet,<anchor xml:id="end27008"/> och <persName corresp="pe526">Edlund</persName> och jag kunde då ej lemna tidningen i sticket, men jag skall strax lugna mamma med den försäkran, att jag <hi rend="underline">under intet vilkor</hi> återtager den, utan sköter den nu blott tillsvidare, tills saken regleras. Det ser ut som om <persName corresp="pe141"><anchor xml:id="start27031"/>Aug. Schauman</persName> efter de många adresserna till hans fördel nu kommer att taga redaktionen tillbaka<anchor xml:id="end27031"/>.</p>
        <p>Här är mycket bullersama tider. I tisdags, då <persName corresp="pe475"><anchor xml:id="start27013"/>Bergens</persName> afsked<anchor xml:id="end27013"/> blef officielt, <anchor xml:id="start27014"/>illuminerade<anchor xml:id="end27014"/> vi också, bland andra; men <title corresp="tw508">Allm. tidn.</title> kom så sent ut den dagen, att endast få hunno tänka derpå. I onsdags var af samma anledning demonstration på theatern. När ridån gick upp, ropades på Wårt land – och derpå steg hela publiken upp och sjöng med.</p>
        <p><anchor xml:id="start27009"/>I onsdag väntas <persName corresp="pe307">Rokassovsky</persName> och tryckfrihet.<anchor xml:id="end27009"/> D. v. s. en komité nedsättes för att reglera pressförhållandena. En petition med underskrifter från hela landet går in<pb/> till <choice><abbr><rs corresp="pe661">H. M.</rs></abbr><expan resp="MaD">Hans Majestät</expan></choice> med begäran om tryckfrihet. Äfven har här <anchor xml:id="start27015"/>bildats en förening<anchor xml:id="end27015"/>, som förbundit sig att genast lemna hvilket sällskap som helst, der en censor är närvarande. <persName corresp="pe679">Renvall</persName> i <placeName corresp="pl2735">Åbo</placeName> har sagt censuren farväl – derpå fingo de i hans ställe en halfjollig konrektor, som om tre dagar tog afsked, och nu äro de utan censor i <placeName corresp="pl2735">Åbo</placeName>. – <persName corresp="pe475"><anchor xml:id="start38641"/>Grefve Berg</persName> blef störtad<anchor xml:id="end38641"/> genom en struken artikel af <persName corresp="pe141">Schauman</persName> i <title corresp="tw98">Hfors Tidn.</title> När <rs corresp="pe661">Kejsarn</rs> talade om att gifva finnarne tryckfrihet, sade <persName corresp="pe475">Gr. Berg</persName>: ”hvad tänker <rs corresp="pe661">E. M.</rs> på? Så här skrifva de i <placeName corresp="pl62">Finland</placeName>” – och derpå lemnade han <rs corresp="pe661">Kejsarn</rs> <persName corresp="pe141">Schaumans</persName> artikel i öfversättn., men till den grad <hi rend="underline">förbättrad</hi> med smädelser mot <rs corresp="pe661">H. M.</rs> etc., att <persName corresp="pe3343">Stjernvall Walleen</persName> fann sig föranlåten förklara <rs corresp="pe661">H. M.</rs> att en sådan artikel aldrig blifvit skrifven i <placeName corresp="pl62">Finland</placeName>. Genast telegraferades hit och begärdes originalet, det skickades med kurir och <choice><abbr><persName corresp="pe475">Gr. B.</persName></abbr><expan resp="MaD">Grefve Berg</expan></choice> blef beslagen med att ha förfalskat artikeln. Då skall <rs corresp="pe661">Kejsarn</rs> ha blifvit mycket ond och sagt: Nu är det sista gången du ljugit för mig! – så kom afsked på grått papper, och inte ens knäfall hjelpte.</p>
        <pb/>
        <p>Just kom <rs corresp="pe140">tant</rs> hit, så att <persName corresp="pe10">Mille</persName> hinner ej skrifva. Det är länge sedan vi träffat tant – och ödemark var här länge omkring oss – men Gudskelof, de små äro nu raska. <persName corresp="pe274">Rosa</persName> har tagit sig, fått en smula hull, och ögat är bättre; språklådan ökas med hvar dag. Men <persName corresp="pe6981">Sofi</persName> ha vi ännu ej kunnat skicka bort – i den vägen är <persName corresp="pe274">Lullu</persName> positiv, så att nu äro de 5 vid köksbordet. Hon måste likväl snart söka sig tjenst.</p>
        <p>Tant mår väl, äfvenså <persName corresp="pe768">Leopolds</persName>. Om <anchor xml:id="start27016"/>hans tjenst<anchor xml:id="end27016"/> är ingenting afgjordt. <anchor xml:id="start27017"/>Och vår gamla <persName corresp="pe486">faster Greta</persName>, som vandrade hädan just när hon stod på tidningen!<anchor xml:id="end27017"/></p>
        <p><persName corresp="pe19"><anchor xml:id="start27032"/>Oskar</persName> är i mellanhand; han beskylles för att ha värfvat till adressen mot <persName corresp="pe141">Schauman<anchor xml:id="end27032"/></persName> – hvilket han ej gjort. Jag är glad att ej ha tecknat under någon.</p>
        <p>För <anchor xml:id="start27019"/>min <placeName corresp="pl2157">Stockholm</placeName>ska bok<anchor xml:id="end27019"/> fick jag 650 riksdaler, som gjorde i vårt mynt 251 <choice><abbr>rub.</abbr><expan resp="EK">rubel</expan></choice> 93 <choice><abbr>kop.</abbr><expan resp="EK">kopek</expan></choice> Af dem insatte jag genast 100 hos <persName corresp="pe68">Borgströms</persName>.</p>
        <p><persName corresp="pe10">Mille</persName> har i dag haft bref af <persName corresp="pe7688">fru Granberg</persName> – vänligt och hjertligt, som för oss är en stor tröst.</p>
        <p>Helsa <persName corresp="pe323">Fanny</persName>!</p>
        <closer>
        <salute>Mammas egnaste</salute> <signed>Z. och E.</signed>
        </closer>
        <!-- skrivet i vänstra marginalen på sid 4 -->
        <postscript><p rend="place_leftMargin">Tant ber så hjerteligen helsa. – Jag har ej kommit att fråga <persName corresp="pe340">Gideon</persName>, men tar för afgjordt att vi äro brandförsäkrade.</p></postscript>
        <!-- skrivet i vänstra marginalen på sid 3 -->
        <postscript><p rend="place_previousPage_leftMargin"><anchor xml:id="start27007"/>Utskottet blir af, ehuru det betviflats<anchor xml:id="end27007"/> – <persName corresp="pe272">Toini</persName> har påbörjat ett långt bref till <rs corresp="pe14">farmor</rs>, men det är ej färdigt. Wi skicka det – det är kort, ser jag.</p></postscript>
              </div>
    </body>
  </text>
</TEI>