﻿<?xml version="1.0" encoding="UTF-8"?>
<TEI xmlns:xsi="http://www.w3.org/2001/XMLSchema-instance" xmlns="http://www.tei-c.org/ns/1.0" xsi:schemaLocation="http://www.tei-c.org/ns/1.0 file:/T:/Instruktioner,%20manualer,%20scheman/TEI-scheman%20(AM)/tei_brevschema.xsd">
  <teiHeader>
    <fileDesc>
      <titleStmt>
        <title>Br2073</title>
        <respStmt>
          <resp>Ansvarig redaktör:</resp>
          <name>Laura Mattsson</name>
        </respStmt>
      </titleStmt>
      <publicationStmt>
        <publisher>Zacharias Topelius Skrifter</publisher>
      </publicationStmt>
      <sourceDesc>
        <p>Arkivsignum: se databas</p>
      </sourceDesc>
    </fileDesc>
    <profileDesc>
      <handNotes>
        <handNote medium="black-ink" />
        <handNote />
      </handNotes>
    </profileDesc>
  </teiHeader>
  <text>
    <body xml:space="preserve">
      <!-- – ” ’ æ ½ -->
      <div type="letter">
        <div type="letterpart" part="i">
        <opener>
          <dateline><placeName corresp="pl399">Helsingfors</placeName> <del>Mån</del><add>tis</add>dag 26 Sept. 65.</dateline>
          <salute>Min Älskade <rs corresp="pe14">Mamma</rs>!</salute>
        </opener>
          <p rend="noIndent">Dagarna gå, och vi ha nu höst, men en höst som härtills varit vackrare än mången sommardag. I går middag visade thermometern 17 ½ grader i skuggan. Såge man ej här och der ett gulnadt löf falla från träden, skulle man tycka sig vara uti Augusti. – Jag afsänder icke detta med posten, som först var meningen, utan med <persName corresp="pe107">Hildegard</persName> och <rs corresp="pe28">Moster</rs>, som ändtligen återvända ifrån sin landsflykt, – moster ändå så mycket klarare, att den långa resan icke varit förgäfves, hvarom de allt få sjelfva berätta. Att Mamma väntar ett par dagar längre på brefvet, dertill har mamma troligen gissat orsaken. – Af Mammas första kära bref, för hvilket jag tackar, får jag ingen upplysning om kostnaden för <anchor xml:id="start29263" />perttaken<anchor xml:id="end29263" />, hvartill jag gerna ville bidraga; endast att Mamma ämnar täcka hälften i sender. Jag skickar emellertid 100 mark och är, efter råd och lägenhet, gerna med om hvad som kan öfverskjuta, bara Mamma är god och underrättar derom. Med de saker vi skulle skicka med Suomi i går gick det så tokigt, att de togos ej emot.<pb /> Der var full last från <placeName corresp="pl1957">Pburg</placeName>, hette det, och således måste vi försöka vår lycka med Oulu. Fraktsedeln innehöll en brädlåda med <anchor xml:id="start36818" />hvassbuk<anchor xml:id="end36818" />, ost och <persName corresp="pe107">Hilles</persName> klädespersedlar <add>samt</add>, en låda palmljus, men dessutom skulle <persName corresp="pe5558">trädgårdsmästar Westerberg</persName> skicka buskar. Om han lyckats bättre, vet jag ej, men emellertid vill jag redogöra för innehållet af hans i bastmattor emballerade bylte, nemligen: 9 stycken krusbärsbuskar, röda hvita och gröna; 9 st. vinbärsbuskar, röda och hvita; 6 st. georginrötter, som vidare kunna klyfvas, blott det görs varsamt; 5 st. <foreign xml:lang="lat">Crocus vernalis</foreign> eller vårsaffran med täcka, gula blommor; 5 st. tulpanlökar; 2 stora lökar af <foreign xml:lang="lat">lilium candidum</foreign>, en utmärkt vacker sorts lilja, och slutligen 3 hyacinthlökar; – jag skulle tagit flera, men han var så dyr med dem. <persName corresp="pe323">Fanny</persName> får nu litet besvär, men, som jag hoppas, ej ogerna. Buskarna sättas genast vid framkomsten i så fet jord som möjligt, således, tänker jag, i lilla trädgården, och ej för tätt. Det skall vara utmärkta bärsorter. Georginer och crocus kunna antingen genast läggas i kall jord och öfvertäckas till vintern med granris, eller förvaras i lagom kallt rum.<pb /> Liljorna äro antingen för kruka eller kall jord på våren, hvilket man vill; de öfriga äro bekanta. Måtte nu allt lyckas; det vore roligt. – Vi må Gudilof väl, och <persName corresp="pe107">Hille</persName> får berätta vår lilla krönika. <persName corresp="pe10">Emili</persName> sofver och mår åter godt sam<!--JG är inte säker på att här står sam – -->  har tagit sig, sedan vi kommo; hon tillskrifver det portern och skulle gerna unna <persName corresp="pe323">Fanny</persName> samma goda kur, hvarföre hon stoppat några porterbuteljer i ångbåtslådan, men om de komma helbregda fram, det kan vara mycket osäkert. Våra <placeName corresp="pl963">Kuddnäs</placeName>saker kommo ordentligt med Suomi. När brädlådan bars upp befanns hon läka, <del>ut na</del> eller rättare blöda, ty det var rödt. Jag törs intet se när hon öppnas, för nu är visst allt i en gröt, sade <persName corresp="pe10">Mille</persName>. Men så illa var det ej, utan det var endast vår goda <rs corresp="pe262">systers</rs> <placeName corresp="pl1142">Larsmo</placeName> hallonsaft, som funnit stugan för trång. Kruset låg på sida, och saften hade helt beskedligt skjutit ut korken och begifvit sig uti frihet. Allt annat, hjortron och vinbutelj, var alldeles oskadadt; endast fåglarna voro helt varma af granskapet med ångpannan. Emellertid smakte de bra med sås på. – I onsdags hade vi <persName corresp="pe5610">Heikels</persName> på en enkel resmiddag, och de begåfvo sig härifrån direkt till jernvägen. – I går afton arriverade <persName corresp="pe19">Oskar</persName> och, som<pb /> jag förmodar, äfven <persName corresp="pe24">Fanny</persName>. Vi ha ej träffat dem än. <persName corresp="pe768">Leopolds</persName> hade en hel vecka gått till jernvägen och ångbåtarna, för att taga emot dem, tills de slutligen ledsnade vänta. Jag tänker fråga <persName corresp="pe19">Oskar</persName> om han <hi rend="underline">sagt något</hi>, så det intet går med honom som med visst folk: ”tå han int säger nå.” – I dag väntas <persName corresp="pe360">Mina Julin</persName>. – För litet mer än en vecka sedan, hände sig att en vagn kom i <anchor xml:id="start29264" />pinkarrier<anchor xml:id="end29264" /> körande in genom <placeName corresp="pl408">Esbo tull</placeName>, och de löddriga hästarne stadnade utanför en hjelpsam frus bostad. Ur vagnen hoppade då en fet herre, alldeles blek och andtruten, medan två fruntimmer inne i vagnen tycktes befinna sig i någon kritisk belägenhet. Den anlitade frun var lyckligtvis hemma, följde strax med och hämtade en half timma derefter en liten verldsborgarinna i dagsljuset. Den feta herrn hette <persName corresp="pe5560">Jägerschöld</persName> och det nödställda fruntimret var hans unga friherrinna <persName corresp="pe5559">Augusta Ramsay</persName>. Allt gick väl, men beklagligen lärer ändå den nyfödda haft inflammation i båda ögonen, så att osäkert är, om <del>ej</del> den stackars unga modren får vid anblicken af ett par vackra barnaögon trösta sig öfver en otäck man. De lära litet för länge ha uppskjutit sin inresa till staden. – Ingenting nytt. <anchor xml:id="start29265" />Vicekanslersvalet<anchor xml:id="end29265" /> fortfar attt väga mellan <persName corresp="pe111">Cas. Kothen</persName>, <persName corresp="pe489">geh.rådet Cronstedt</persName> samt generalerne <persName corresp="pe588">Walleen</persName> och <persName corresp="pe565">Indrenius</persName>. – Må väl, och tusen helsingar till alla våra kära <placeName corresp="pl963">Kuddnäs</placeName>bor från <rs corresp="pe14">Mammas</rs></p>
          <closer>
        <signed>Z.</signed>
        </closer>
        </div>
        <div type="letterpart" part="f">
          <opener>P. S. 26/9 65.</opener>
          <p rend="noIndent">Till en liten förströelse vid <placeName corresp="pl963">Kuddnäs</placeName> kaffebord skall jag nu berätta huru det tillgick med <persName corresp="pe743">Dagmars</persName> bref.</p>
          <p><persName corresp="pe75">Cygnæus</persName> fick d. 22 Juli på f. m. audiens hos danske <persName corresp="pe9015">kungen</persName> i slottet <placeName corresp="pl4702">Amalienborg</placeName>, mottogs mycket nådigt och anhöll dervid om företräde hos prinsessan. Hvarpå <persName corresp="pe9015">kungen</persName> svarade: ”<foreign xml:lang="dan">Der som de vilde spise middag i dag på <placeName corresp="pl4703">Bernsdorff</placeName>, vilde det være mig kjert, och der skal de finde min dotter.</foreign>” – Kl. 5 e. m. for <persName corresp="pe75">C.</persName> då ut till slottet <placeName corresp="pl4703">Bernsdorf</placeName> utanför <placeName corresp="pl1100">Köpenhamn</placeName> och fann der hela kungliga familjen, för hvilken han presenterades. Alla voro mycket vänliga. Prinsessan var sorgklädd och bar en rosenkrans eller radband som hon fått af <persName corresp="pe662">kejsarinnan</persName>. För öfrigt instämmer <persName corresp="pe75">Cygnæus</persName> deri hon är utmärkt söt, men nog späd för att bära en kejsarekrona, tyckte han. – Han framlemnade då <anchor xml:id="start29276" /><title corresp="tu2825">verserna</title><anchor xml:id="end29276" /> i en enkom här gjord portfölj af svart sammet med broderi af silfver: prinsessan läste dem och blef varm i hågen. Man satte sig till bords: på ena sidan <persName corresp="pe9015">kungen</persName>, <rs corresp="pe9188">drottningen</rs>, prinsessorna <persName corresp="pe743">Dagmar</persName> och <persName corresp="pe5564">Thyra</persName>, <persName corresp="pe9015">kungens</persName> bror <rs corresp="pe9187">hertigen af <placeName corresp="pl4704">Glycksburg</placeName></rs> samt <rs corresp="pe9098">kronprinsen</rs>; – på andra sidan <persName corresp="pe75">Cygnæus</persName> och tre eller fyra af hofvet.<pb /> <persName corresp="pe75">C.</persName> satt midtemot <persName corresp="pe743">Dagmar</persName>; konversationen fördes än på fransyska, än på danska, och <persName corresp="pe9015">kungen</persName> drack först sin brors, sedan <persName corresp="pe75">Cygnæi</persName> skål. Efter middagen sade <persName corresp="pe75">C.</persName> till prinsessan: jag har en nåd att utbedja mig af ers kunglig höghet; – och när hon såg något förvånad ut, fortfor: ”författarn skulle vara mycket lycklig, om ers kungl. <add>höghet</add> ville skänka honom några rader af sin hand, som bevis att hans poem ej misshagat ers kungl. höghet.” – ”<foreign xml:lang="dan">Det vil jeg gjerne göre</foreign>”, svarade prinsessan hjertligt och okonstladt, i det hon rodnade något litet, och derpå hoppade hon ut. Emellertid var middagen slut, <persName corresp="pe75">C.</persName> fann tiden vara inne att gå, tog afsked och gick, utan att ha sagt farväl åt prinsessan. Men när han redan hunnit ned till trappan, kom en kammarjunkare efter honom med bud att hennes kungl. höghet ville tala med honom. Han gick då åter upp, hvarpå <persName corresp="pe743">Dagmar</persName> egenhändigt lemnade brefvet<subst><del>,</del><add>.</add></subst> <del>hvarpå</del> Han ville kyssa hennes hand, men hon drog den tillbaka och nickade bara ett vänligt afsked. – Så var det med den saken. Hertigen hade frågat, om han ej tyckte att <persName corresp="pe9015">kungen</persName> liknade <persName corresp="pe661">kejsare Alexander</persName>, och det var icke utan. Kronprinsen åter berättade att <rs corresp="pe661">kejsarn</rs> läst verserna och tyckte mycket om dem – men det hade <persName corresp="pe512">Armfelt</persName> aktat sig att berätta. – Och hade ej min vän <persName corresp="pe75">Cygneus</persName> haft mun på skaft, så hade min vän <persName corresp="pe614">Topelius</persName> troligen blifvit utan bref.</p>
      <postscript><p rend="place_leftMargin"><!-- skrivet i väsnter marginal på sid 6 --><hi rend="underline">Tisdag kl. 1.</hi> Just nu kom <persName corresp="pe19">Oskar</persName> hit och ber mycket helsa till Mamma, <rs corresp="pe140">tant</rs> och <rs corresp="pe6547">flickorna</rs>. Han har rest öfver <placeName corresp="pl1009">Kuopio</placeName> och kanalen, <persName corresp="pe24">Fanny</persName> blef tillsvidare i <placeName corresp="pl255">Fredrikshamn</placeName> och kommer sedan att bo hos <persName corresp="pe768">Leopolds</persName>. Han väntade sålänge på föräldrarnas grafvård, att han ej fick tid att <hi rend="underline">säga något</hi>. <!-- skrivet i väsnter marginal på sid 5 --><seg rend="place_previousPage_leftMargin">Och som <persName corresp="pe19">Oskar</persName> fattig alltid har den oturen att komma för sent, så går det väl med den saken som med hans ansökningar till Consistorium – <persName corresp="pe10">Emili</persName> korrigerar berättelsen om <persName corresp="pe5560">Jägerschöld</persName> så, att den hjelpsama frun for med i vagnen och <persName corresp="pe5560">Jägerschöld</persName> sprang efter en läkare.</seg></p></postscript>
      <postscript><p rend="place_previousPage_leftMargin"><!-- skrivet i väsnter marginal på sid 4 -->Af mina stora inkomster har jag utbetalt 1300 mark åt direkta björnar och omkr. 300 för gamla räkningar. Wi fundera smått på en symaskin. Salsmöbeln vore i stort behof af öfvertåg, men den drar så otäckt mycket på dubbla karmar. – <persName corresp="pe25">Ludvig Lindqvist</persName> är här på en månad, men bor ej hos oss.</p></postscript>
      <postscript><p rend="place_previousPage_leftMargin"><!-- skrivet i väsnter marginal på sid 3 --><persName corresp="pe6189" correspUncert="Y">Jakob</persName> har jag betalt ända till <anchor xml:id="start29282" />helgomess<anchor xml:id="end29282" />. Tack, goda <persName corresp="pe323">Fanny</persName>, för besväret med <placeName corresp="pl402">Majni</placeName>! – Om <persName corresp="pe37">Dyhr</persName> eller andra behaga en cigarr på <placeName corresp="pl963">Kuddnäs</placeName>, så får der tagas från lilla lådan i byrån: de tjocka äro fina och långa äro ordinära cigarrer, – <placeName corresp="pl1512">NyCarleby</placeName> får beröm af <anchor xml:id="start29284" />en resande uti <title corresp="tw172">Dagbladet<anchor xml:id="end29284" /></title>. Jag känner ej mannen.</p></postscript>
      <postscript><p rend="place_previousPage_leftMargin"><!-- skrivet i väsnter marginal på sid 2 -->Jag ville så gerna kunna helsa från <persName corresp="pe416">Max</persName>, men den gossen har jag ej fått tag uti, fastän jag gjort flera försök. Han lär allt vara och meta flundror vid <placeName corresp="pl4701">Tallholmen</placeName>, säges det. – <persName corresp="pe561">Berndt</persName> mår bra och ber om sin helsning. Han är med lif och själ inne i sin normalskola. <persName corresp="pe560">Mimmi</persName> tycks trifvas och är gladlynt och snäll. I dag ha de lof, och <persName corresp="pe272">Toini</persName> är med sin klass i <placeName corresp="pl666"><anchor xml:id="start29285" />Kajsaniemi</placeName> sköflade park<anchor xml:id="end29285" />.</p></postscript>
      <postscript><p rend="place_previousPage_leftMargin"><!-- skrivet i väsnter marginal på sid 1 -->I söndags e. m. voro vi ute vid <placeName corresp="pl404">Brunnshuset</placeName>, der var rätt nätt och mycket folk. I lördags var jag bjuden på <persName corresp="pe574">Synnerbergs</persName> disputationsmiddag. Det gick bra för honom. I söndags hade <persName corresp="pe7730">Lindrosens</persName> stort <del>förlof</del><add>lys</add>ningskalas, och brölloppet blir ganska snart.</p></postscript>
        </div>
      </div>
    </body>
  </text>
</TEI>