<?xml version='1.0' encoding='UTF-8'?><TEI xmlns:xsi="http://www.w3.org/2001/XMLSchema-instance" xmlns="http://www.tei-c.org/ns/1.0" xsi:schemaLocation="http://www.tei-c.org/ns/1.0 file:/T:/Instruktioner,%20manualer,%20scheman/TEI-scheman%20(AM)/tei_brevschema.xsd">
 <teiHeader>
    <fileDesc>
      <titleStmt>
        <title>Br1762</title>
        <respStmt>
          <resp>Ansvarig redaktör:</resp>
          <name>Laura Mattsson</name>
        </respStmt>
      </titleStmt>
      <publicationStmt>
        <publisher>Zacharias Topelius Skrifter</publisher>
      </publicationStmt>
      <sourceDesc>
        <p>Arkivsignum: se databas</p>
      </sourceDesc>
    </fileDesc>
    <profileDesc>
      <handNotes>
        <handNote/>
        <handNote/>
      </handNotes>
    </profileDesc>
  </teiHeader>
  <text>
    <body xml:space="preserve">
      <!-- – ” ’ -->
      <div type="letter">
        <opener>
        <dateline><placeName corresp="pl399">Helsingfors</placeName> måndag 7 Maj 1860.</dateline>
        <salute>Min älskade <rs corresp="pe14">Mamma</rs>!</salute>
       </opener>
        <p rend="noIndent">Tack för mammas sednaste med tre rubeln i; det var mera öfverflödigt att skicka pengar. <persName corresp="pe10">Emili</persName> har ej fått klädet att skarfva <persName corresp="pe323">Fannys</persName> kappa och vet ej rätt om hon då bör köpa fodret, men nog lär hon ändå göra det. Jag hoppas Mamma fått tyget och medföljande 15 <choice><abbr>rub.</abbr><expan resp="EK">rubel</expan></choice> af <persName corresp="pe140">Tants</persName> skuld (ehuru räntan ännu ej kommit mig tillhanda). Det var allt inlagdt i <persName corresp="pe33">Blanks</persName> pakett och har bordt framkomma i måndags, samma dag han skulle resa. Jag undrar derföre om det hann honom. Wi äro här i bekymmer om vännen <persName corresp="pe33">Jacobus</persName>; icke ha vi till dato hört knäpp eller kny af honom. Har han möjligen uppskjutit resan, när han fick <persName corresp="pe178">Willebrands</persName> regim om baden? Eller har han rest och måst stadna på vägen för det svåra kalla vädret med snöslask, som nu varat alltsedan första Maj? Wi hoppas i det längsta att han ej blifvit värre, utan kanske dröjt i <placeName corresp="pl2315">Tavastehus</placeName>, men i alla fall äro vi oroliga, tills vi få höra något af honom. <persName corresp="pe178">Willebrand</persName> sade, när jag berättade att <persName corresp="pe33">Blank</persName> ämnade sig hit: ”nå det var rätt, så få vi se hvad det är för slag.”– I morgon få vi kanske bref.</p>
        <pb/>
        <p>Wi må Gudskelof godt, utom att jag åter fått sitta inne för min katarrh under dessa ruskiga dagar. I dag har jag åter ämnat mig ut igen. Barnen hosta allt ännu <add>litet</add>, och <persName corresp="pe274">Rosa</persName> fattig har ej fått bada på en hel månad, först för vaccin och nu sednast för en hosta, som likväl är mera obetydlig. Hon skulle behöfva det, ty tre tänder processa sig fram på engång. Glad och lekfull är hon som alltid; när <persName corresp="pe13">Eva</persName> visar sig och börjar hoppa, klarnar <persName corresp="pe274">Rosas</persName> ansigte till det allravänligaste grin af beundran och förtjusning. Hon känner nu mamma och pappa och vet hvar ”kronan” är. Wi ha funderat hit och hit hvem vi skulle ta med i sommar, och nog lär det måsta bli amman <persName corresp="pe6981">Sofi</persName>, ty <persName corresp="pe516">Fina</persName> kan ej sköta henne, och <persName corresp="pe10">Emili</persName> skulle vara så bunden annars. Kanske, om Mamma så tycker, finns der någon sorts Maja lisa att valla <persName corresp="pe272">Toini</persName> och <persName corresp="pe13">Eva</persName>. Wi skola försöka slippa lös en vecka in på Juni och ta då vägen öfver <placeName corresp="pl2299">Tamerfors</placeName> till <placeName corresp="pl739">Kaskö</placeName> (öfver <placeName corresp="pl2797">Östermark</placeName>).</p>
        <p>– <persName corresp="pe11">Aina</persName> har vuxit ur 9 klädningar på engång, så att hon var så godt som utan; nu har hon småningom fått 4 nya. <persName corresp="pe272">Toinis</persName> och <persName corresp="pe13">Evas</persName> <anchor xml:id="start26703"/>Kussar<anchor xml:id="end26703"/> bli också korta. <persName corresp="pe272">Toini</persName> bråkar nu för att kunna ”läsa predikan för <rs corresp="pe14">farmor</rs>” i sommar och skrifver smått och syr icke så oäfvet; den andra stackarn kan ”bara snörpa”, som hon sade åt <persName corresp="pe2">Runeberg</persName>.</p>
        <pb/>
        <p>Jag har fått ett nytt bestyr på nacken: att skrifva <title corresp="ve3485">verser till promotionen</title>. Jag kunde ej neka dertill. – I lördags vecka sen d. 28 April var här ett löjligt språng. <persName corresp="pe130">Pacius</persName> kom hit kl. ½ 3 och var i största ifver att resa till <placeName corresp="pl2157">Stockholm</placeName> med ångf. Nicolai, som skulle gå söndagsmorgon, och se <anchor xml:id="start26704"/>Kung Carls Jagt som galaspektakel<anchor xml:id="end26704"/>. <persName corresp="pe2029">Fru Pacius</persName> skulle med, och rätt som det var beslöts, att <persName corresp="pe10">Emili</persName> och jag också skulle fara. Nå, då blef ett <anchor xml:id="start38602"/>fjesk<anchor xml:id="end38602"/>, för att få allt i ordning på några timmar; tvätt fanns färdig, <persName corresp="pe10">Emilis</persName> nya sidenklädning hoptrocklades, <persName corresp="pe284">Lina</persName> och <persName corresp="pe316">Carolina Borgström</persName> sprungo i bodarna och uppköpte allehanda åt <persName corresp="pe10">Emili</persName>: <persName corresp="pe130">Pacius</persName> och jag sprungo till höga vederbörande om pass. <persName corresp="pe539">Baron Munck</persName> ansåg det först omöjligt, men kom kl. 5 e. m. till <persName corresp="pe130">Pacius</persName> och berättade att han telegraferat om tillstånd till <placeName corresp="pl1957">Petersburg</placeName>. <rs corresp="pe478">Guvernören</rs> sattes i rörelse, och när allt var i farten, kom <persName corresp="pe130">Pacius</persName> hit kl. 8 och berättade att de <unclear reason="damage" resp="MD">kunde</unclear> ej fara, <persName corresp="pe2029">Nina</persName> tyckte det blef <gap reason="damage" extent="1" unit="words"/> för dyrt. Wår förundran <gap reason="damage" extent="3" unit="words"/> mest voro vi flata <gap reason="damage" extent="4" unit="words"/> <persName corresp="pe539">Munck</persName>, guvernören <gap reason="damage" extent="4" unit="words"/> kanske <rs corresp="pe661">kejsarn</rs> i <gap reason="damage" extent="4" unit="words"/> ström som skrif<gap reason="damage" extent="3" unit="letters"/> <gap reason="damage" extent="4" unit="words"/> m. fl. – men <gap reason="damage" extent="5" unit="words"/> svar från <placeName corresp="pl1957">Pbg</placeName> – <gap reason="damage" extent="5" unit="words"/><pb/> rädd att släppa mig dit – och så torkade hela den planen in, sedan vi satt halfva staden i rörelse, och alla menniskor visste deraf.</p>
        <p>Jag hinner nu ej med några nyheter – ruskigt väder – men bara Mamma och vi alla få ha helsan, så hoppas jag med Guds hjelp vi snart skola träffas. Må väl!</p>
        <closer>
        <salute>Mammas egnast</salute> <signed>Z., E. och Komp.</signed>
        </closer>
        <postscript>
          <p>P. S. <persName corresp="pe22">Gustaf Toppelius</persName> är förlofvad med <persName corresp="pe629">mamsell Morsing</persName>, syster till <persName corresp="pe2135">grefvinnan Creutz</persName>.</p>
        </postscript>
      </div>
    </body>
  </text>
</TEI>