<?xml version='1.0' encoding='UTF-8'?><TEI xmlns:xsi="http://www.w3.org/2001/XMLSchema-instance" xmlns="http://www.tei-c.org/ns/1.0" xsi:schemaLocation="http://www.tei-c.org/ns/1.0 file:/T:/Instruktioner,%20manualer,%20scheman/TEI-scheman%20(AM)/tei_brevschema.xsd">
  <teiHeader>
    <fileDesc>
      <titleStmt>
        <title>Br2013</title>
        <respStmt>
          <resp>Ansvarig redaktör:</resp>
          <name>Laura Mattsson</name>
        </respStmt>
      </titleStmt>
      <publicationStmt>
        <publisher>Zacharias Topelius Skrifter</publisher>
      </publicationStmt>
      <sourceDesc>
        <p>Arkivsignum: se databas</p>
      </sourceDesc>
    </fileDesc>
    <profileDesc>
      <handNotes>
        <handNote id="ZT" medium="brown-ink">Zacharias Topelius</handNote>
        <handNote id="AT" medium="brown-ink">Aina Topelius</handNote>
      </handNotes>
    </profileDesc>
  </teiHeader>
  <text>
    <body xml:space="preserve">
      <!-- – ” ’ æ ½ -->
      <div type="letter">
      <div type="letterpart" part="i">
        <opener>
          <handShift new="#ZT"/>
          <dateline><placeName corresp="pl399">Helsingfors</placeName>, söndag 17 Dec. 1865.</dateline>
          <salute>Min älskade <rs corresp="pe14">Mamma</rs>!</salute>
        </opener>
        <p rend="noIndent">Jag blygs att ej ha skrifvit på en hel månad. Om jag skyllde på bristande tid, vore det både sannt och osannt. Dagarna ha varit så upptagna, att jag gång efter gång uppskjutit min goda föresats, och på qvällarna, när jag åter stundom haft bättre tid, har jag varit trött och lat. Förlåt derföre, goda Mamma! Sedan jag <anchor xml:id="start29590"/>slutat mina föreläsningar<anchor xml:id="end29590"/> d. 8 dennes, börjar det småningom bli mera andrum, så att mamma kan få några ordentliga rader, sådana de nu bli. – <persName corresp="pe640">Frans Dyhr</persName> och <persName corresp="pe3671">Erik Bzna</persName> reste i går, och <persName corresp="pe640">Frans</persName> mådde illa af någon förkylning, så jag ville att han skulle uppskjuta resan, men när har man vid hans ålder tid att vänta? Jag hoppas de komma fram före detta, ehuru föret här är ganska klent. Min <anchor xml:id="start29607"/>aneroide<anchor xml:id="end29607"/> har denna tid gjort de besattaste svängningar, långa skutt uppåt, och så ännu längre nedåt. Storm <add>och</add> skarp köld ha omvexlat med blida och regn. I morgse 15 graders köld. <persName corresp="pe416">Maxes</persName> resa tycks torka in, ifall han ej beslutat sig sedan i förrgår. När han kommer, får han väl logera i vindskammarn, om den fås varm? Nog gör det honom godt att åter vara med de sina; han längtar derefter. Vi kunde ej annat än skratta häromdagen, när han frågade hvad man roar sig med i <placeName corresp="pl1512">NyCarleby</placeName>.</p>
        <p>För mycket annat, har jag nu ej alls haft tid att tänka på julklappar. Till <persName corresp="pe5634">Schalins</persName> barn skickade jag i hast några färdigt liggande småbarnsböcker med <persName corresp="pe785">Felix Heikel</persName>, men hann ej söka något åt de större, fastän jag gerna velat. Åt min goda Mamma och de andra kära vännerna har jag nu ingenting. När jag i den ingående veckan skulle fått bättre tid, är det för sent att skicka något. Våra varmaste välönskningar jula på <placeName corresp="pl963">Kuddnäs</placeName>. Vi sjelfva tillbringa<pb/> vi hemma hos oss med <persName corresp="pe309">Julius</persName> och <persName corresp="pe521">Gustaf</persName>, ifall jag får tag i honom och han sjelf har lust, ty icke är jag mera ledsen på <persName corresp="pe521">Gustaf</persName> stackare, han har slarfvat mest med sig sjelf. <persName corresp="pe416">Max</persName> får berätta mera om honom, han vistas hos kamrater och reder sig knappt och nätt med renskrifveri. – <persName corresp="pe561">Berndt</persName> tänker om julafton dela sig mellan föräldrarna och oss; ett par <add>husvilla</add> studenter bedja vi äta gröten med oss. – Vi ha Gudilof härtills fått vara friska bland allehanda krämpor, som här och der varit slängande. <persName corresp="pe10">Mille</persName> har emellanåt lidit af sömnlöshet och hjertklappning; hon satt en vecka och stickade täcken; det tror jag var orsaken. <persName corresp="pe13">Majo</persName> liten har gymnasticerat för sin sneda axel och kännt stickningar i den; vi äro ej rätt säkra om hennes mamsell förstått sig på saken. <persName corresp="pe272">Toini</persName> vexer ur alla klädningar, <persName corresp="pe11">Aina</persName> har sina vigtiga julklappor och <persName corresp="pe560">Mimman</persName> blinkar på sina långa lexor. <persName corresp="pe561">Berndt</persName> har hviskat oss den stora hemligheten i örat, att <persName corresp="pe560">Mimman</persName> lär blifva uppflyttad ovanligt högt, och det förtjenar hon; en flitigare flicka är ondt om. De ha nu alla lagt sina önskelappar i blomvasen, och då kommer det an på huru pappas klena kassa går in på saken. Emellertid ha <persName corresp="pe272">Toini</persName> och <persName corresp="pe13">Eva</persName> sparat en skatt med 4 penni om dagen för det de ej ätit smör, men de kunde omöjligt vänta längre, utan ha redan gjort af med det mesta hos <placeName corresp="pl5350"><persName corresp="pe5628">Göhle</persName> och <persName corresp="pe5629">Aspelin</persName></placeName>, fastän de ej få lof förrän i morgon afton. En vecka hade vi ypperlig skrinnis på <placeName corresp="pl423">norra hamnen</placeName>, och då försökte också jag mina styfva ben med se små, som voro obeskrifligt roade. En afton den tiden kom en extra julgubbe och hämtade dem skrinnskor från <persName corresp="pe561">Berndt</persName>, som ej var en liten fröjd. Då kom en af <persName corresp="pe13">Evas</persName> vänner och fick låna <persName corresp="pe11">Ainas</persName> granna, obegagnade skrinnskor (ty <persName corresp="pe11">Aina</persName> är förlägen att visa sig som nybörjarinna), hvarpå min goda <persName corresp="pe13">Majo</persName> med sin vän i kompani undertiden<pb/> gömde skrinnskorna under en fastfrusen båt, och der blefvo de tagna som god pris af någon obekant amatör. Kanske har Mamma <persName corresp="pe10">Emili</persName> också berättat, huru vår goda <persName corresp="pe13">Eva Maja</persName>, som alltid är utsatt för äfventyr, en afton i mörkningen steg miste, när hon skulle hoppa från isen i land, och plumsade till knäna, lyckligtvis utan värre påföljd än bannor och lip. – <persName corresp="pe416">Max</persName> får nu blifva nyhetsmagasin för <placeName corresp="pl963">Kuddnäs</placeName> kaffebord. Jag tillägger här litet smått, som han får komplettera. <rs corresp="pe661">Kejsarn</rs>, att börja med, har varit något otålig, när äfven <anchor xml:id="start29631"/>ryska småsilfret måste inskränkas i rörelsen<anchor xml:id="end29631"/>, men det var oundvikligt. Ryssarne äro ännu ganska förbittrade öfver <placeName corresp="pl62">Finlands</placeName> företräden; – aldrig, säger ”<title corresp="ve3475">Golo<unclear reason="overwritten" resp="EK">cs</unclear></title>” i <placeName corresp="pl1957">Petersburg</placeName>, har man sett ”ett eröfradt land” kurtiseras på detta vis. Här är stor förvirring i bodpriserna; en del ha nedprutats omkr. 10 procent, andra varor stå lika; så göra äfven torgpriserna, och värdshusen ha förvandlat 10 kopek till 50 penni och 20 kopek till en mark. Hvarochen uppfattar <anchor xml:id="start29623"/>reformen<anchor xml:id="end29623"/> på sitt sätt, men småningom skall väl allting jemka sig. Jag sade <persName corresp="pe5276">fru Dela Garde</persName>, när jag betalade hyran, att 2000 mark, som jag nu betalar, äro hädanefter detsamma som 590 rubel, hvilket påtagligen är för dyrt, så att i nästa år vill jag ej betala mer än 1,700 mark. Det gör ändå 527 rubel. Då erbjöd hon mig att köpa gården för 8,000 rubel, men som jag ej har råd att bygga stenhus på trädgårdstomten, hvilket då borde ske, så tog jag ej förslaget i öronen. Nog säljer hon gården, om hon får köpare, men nu vänta åter alla köpare att gårdspriserna skola falla. <persName corresp="pe10">Mille</persName> är smått betagen i ett projekt att<pb/> köpa <placeName><persName corresp="pe589">statsrådet Gyldéns</persName> gård</placeName> vid <placeName corresp="pl412">gamla kyrkan</placeName>, till salu för 40,000 mark, hvaraf endast 8000 behöfva betalas kontant, när den tillträdes 1 Juni 1867. Det är ett tvåvånings stenhus, som <rs corresp="pe140">tant</rs> nog känner, med treflig belägenhet, varma rum, trädgård och brunn. Saken kan tåla att tänka på. Icke tror jag priset är under värdet, men gården skall vara väl uppförd.</p>
        <p>– <persName corresp="pe195">Creutz</persName> begärde afsked för det han fick en skrapa af <persName corresp="pe307">Rokassovski</persName> om den dåliga polisen i <placeName corresp="pl2735">Åbo</placeName>, som ej kunde afstyra slagsmål mellan civile och ryska militären, <persName corresp="pe416">Max</persName> var närvarande, när deputationen från <placeName corresp="pl2735">Åbo</placeName> hade företräde hos <persName corresp="pe307">R.</persName>, som skall ha varit mycket hygglig, säger <persName corresp="pe416">Max</persName>. Man försöker ställa saken tillrätta, men man tror ej att <persName corresp="pe195">Creutz</persName> ger med sig. – Vid parentationen i fredags öfver <persName corresp="pe539">baron Munck</persName> yttrade <persName corresp="pe75">Cygnæus</persName> bland annat, <del>att</del> huru <persName corresp="pe539">baron M.</persName> ”var äfven deruti olik <persName corresp="pe1959">Mahomet</persName>, att när ej berget (<persName corresp="pe475">Berg</persName>) kom till honom, så gick ej han till berget.” – ”Man skall ännu tala vid universitetet om <hi rend="underline">baronens tid</hi>, sade <persName corresp="pe195">C.</persName>, likasom man förr talat om <hi rend="underline">grefvens tid</hi>” – <del>N</del> Talet var vackert. <persName corresp="pe125">Nordenstam</persName> satt med mycket tålamod och hörde på, huru ”generalerne” ej alltid varit de allralämpligaste män för den posten. – Vid den högtidligheten bar jag första gången <anchor xml:id="start29643"/>nordstjernan<anchor xml:id="end29643"/>.</p>
        <p>– Nå, tidningar<add place="sublinear">na</add> kappas om sin publik. Dagbladet kommer nu också ut på morgnarna, men <title corresp="tw98">Hfors Tidningar</title> hålla <anchor xml:id="start29645"/>sin förra middagslurstid<anchor xml:id="end29645"/> och vet<add place="sublinear">a</add> derföre berätta allt hvad de andra veta på morgonen, och litet mera dertill. <anchor xml:id="start29644"/>Alla tidningar kringbäras i husen.<anchor xml:id="end29644"/> <title corresp="tw98">Hfors Tidn.</title> bli nu tillika landets egentliga handelstidning och får genom tulldirektionen alla sjöfartsunderrättelser. Vi ha öfverenskommit med <persName corresp="pe158">Thunberg</persName> att dela vinst och förlust; han ena hälften; tryckeriet, pappersbruket och redaktionen andra hälften. Jag har deri endast en tjugondedel och mitt förra arfvode 3,200 mark.</p>
        <pb/>
      </div>
        <div type="letterpart" part="f">
        <opener>
          <dateline>Måndag 18 Dec. 65.</dateline>
        </opener>
        <p rend="noIndent">I går reste <persName corresp="pe25">Ludvig Lindqvist</persName>, men om han skulle passera <placeName corresp="pl1512">NyCarleby</placeName> eller <placeName corresp="pl1009">Kuopio</placeName>, berodde på föret. Vi kunde således ingenting skicka. <persName corresp="pe309">Julius</persName> berättade att <persName corresp="pe416">Max</persName> ämnar <anchor xml:id="start29646"/>probera<anchor xml:id="end29646"/> den lilla snödoft vi ha, men då <persName corresp="pe416">Max</persName> ej varit här, vet vi ej huru han beslutar. Han skrifver säkert i dag. Jag skickar emellertid detta, tomhändt som det är, bara med ett af <persName corresp="pe323">Fanny</persName> beställdt bokmärke. I år reser väl Mamma icke till <placeName corresp="pl1142">Larsmo</placeName>, utan väntar <persName corresp="pe5634">Schalins</persName>? Så förmoda vi också att julafton tillbringas på <placeName corresp="pl963">Kuddnäs</placeName>; ack den som vore med och finge än engång <anchor xml:id="start29647"/>hissa lanternorna<anchor xml:id="end29647"/>! Men gifver Gud helsan, så hoppas jag att Mamma får en trefligare jul än den förra. Helsa <rs corresp="pe140">Tant</rs> på julafton från oss och tacka för sist! – Tack för Mammas kära bref! Det är bara ledsamt att Mamma ständigt skall hafva bråk med hemmanet; – jag vore rätt nu färdig att skänka bort det! Mamma skref ej hvarför <persName corresp="pe7647">Anders</persName> kommit bort och hvart han tagit vägen. Dugde ej <persName corresp="pe7646">Jacob</persName> till dräng? – Och att grannarne skola ha så bedröfligt! Det ser verkligen ut som en skickelse med <persName corresp="pe562">gubben Whms</persName> barn. Troligen skulle flickan stackare ej behöfva annat, än att komma bort hemifrån till något förståndigt folk. – Vill mamma vara god och helsa <persName corresp="pe37">Dyhr</persName>, att jag skall skrifva till honom i fredag, sedan jag fått hans <anchor xml:id="start29648"/>hypotheker<anchor xml:id="end29648"/> sålda, men knappt lär jag få mer än 89 procent. Här är stor penningbrist – det är derföre hypothekssedlarne ej stiga – ty när alla pengar gå åt på heta stenar till 6 procent, betalar man ej mer för 5 procents papper, än att <del>räntan</del> kapitalet motsvarar 6 procent på hypothekssedeln. Föreningsbanken drar in alla små lån. I våras skref jag borgen åt <persName corresp="pe461">Johannes</persName>; – nu när reversen skulle omsättas, måste ⅓ betalas in, och så fick jag gå i förskott med 200 mk, så att jag är så godt som pank.<pb/> <persName corresp="pe37">Albert</persName> skrifver: nu snyta embetsmännen med god smak 18 procent och unna ej åt köpmannen. Skilnaden är den, att när rubeln föll till 82 kopek, <hi rend="underline">miste</hi> tjenstemännen 18 proc. af sin lagliga lön, utan resurs att som köpmannen taga skadan igen på förhöjda priser, och nu få de endast lönen fullt, utan någon vinst och utan ersättning för hvad de förut förlorat. – För min lilla barnbok får jag af <persName corresp="pe506">Bonnier</persName> 700 mark; det är ändå litet att stoppa i toma hål. – Goda mamma, skrif nu uppriktigt huru Mamma slår sig ut. Jag skickar ej något af <anchor xml:id="start29649"/>Decemberqvartalet<anchor xml:id="end29649"/>, för det att två tredjedelar ströko till halfårets hyra; men icke skall Mamma krusa för det, om Mamma är i behof. Få vi ha helsan, så går det väl med affärerna. – Vi ha lefvat mera tyst i höst, utom fem kalaser för <placeName corresp="pl2464">Uleå</placeName> <persName corresp="pe9323">Snellmans</persName>, nemligen kalaser hos andra, ty vi bestodo dem blott ett litet förmiddagskaffe. I dag köpte <persName corresp="pe566">Amalia</persName> en julskinka, och den skicka vi i e. m. att synas till <placeName corresp="pl418">klinikum</placeName>. Vill man, i brist på förståsigpåare, sjelf undersöka om der finns trichiner, så skall man skära i skinkan vid benet, på det stället der den vanligen hängs upp i hålet, och så skall man se med mikroskop, om der finns helt små hvita eller gula ägg eller maskar – dessa äro trichiner – och finnas de ej på det stället, så finnas de ej heller i andra delar. Sjukan är ändå så sällsynt, att vidpass ett svin af 20,000 är bekajadt dermed, och är man säker på att skinkan blifvit kokad eller stekt <hi rend="underline">alltigenom till 85 graders värme</hi>, kan man också utan undersökning vara trygg. Detsamma är fallet med <anchor xml:id="start29650"/>dynt<anchor xml:id="end29650"/>, som ofta nog förekommer i svinkött, och hvaraf man kan få binikemask. Detta har jag af <persName corresp="pe178">Willebrand</persName>.</p>
        <p>Nå, nog hade jag kunnat skrifva om trefligare saker, men allt är det lika välment. Må väl! Helsa alla de våra! En glad jul önskar eder hjertligen Mammas egen</p>
        <closer>
          <signed>Z. och E.</signed>
        </closer>
        <postscript><p rend="place_leftMargin"><!-- skrivet i vänster marginal på sid 6 -->För <persName corresp="pe607">Gusti</persName> och <persName corresp="pe318">Ninni</persName> skall jag berätta, att deras vän <persName corresp="pe5559">fru Jägerschöld</persName> spelte ganska nätt med <persName corresp="pe3712">Atte Borgström</persName> på soirén för barnhemmet. Hon fick också applåd – men <anchor xml:id="start39007"/>Sylvia- och <persName corresp="pe5507">Morings</persName> lilla förening<anchor xml:id="end39007"/> fingo ett tyst bifall.</p></postscript>
        <postscript><p rend="place_previousPage_leftMargin"><!-- skrivet i vänster marginal på sid 5 -->I morgon kommer <persName corresp="pe11"><anchor xml:id="start39009"/>Ainas</persName> vårförening<anchor xml:id="end39009"/> hit för att arbeta och sjunga först hela dagen och sedan hela natten. Förra veckan gjorde de så hos <persName corresp="pe2816">Deckers</persName>. Kl. 8 på morgonen kom ett telegram från <placeName corresp="pl109">Borgå</placeName> med ett ”Lefve Vårföreningen!” Det var från några sångare, som ditrest till <persName corresp="pe40">Gustaf Frosteri</persName> bröllopp med <persName corresp="pe7650">mamsell Ottelin</persName>.</p></postscript>
        <postscript><p rend="place_previousPage_leftMargin"><!-- skrivet i vänster marginal på sid 4 --><handShift new="#AT"/>Käraste <persName corresp="pe323">Fanny</persName>! Här kommer nu bara ett enda bokmärke och det är också alls inte i smaken gissar jag, men jag har lupit en hel dyrbar timme allestädes der jag möjligtvis hade kunnat få några bokmärken och ej fått något annat än detta, alla andra voro så strykfula att jag ej ville ta dem, och dyra <unclear reason="overwritten" resp="MD">ren</unclear> på köpet. 8 kop kostade detta. Förlåt nu <persName corresp="pe11">Aina</persName>.</p></postscript>
        <postscript><p rend="place_previousPage_leftMargin"><!-- skrivet i vänster marginal på sid 3 --><handShift new="#ZT"/><persName corresp="pe521">Gustaf</persName>, som sednast bodt hos <persName corresp="pe416">Max</persName>, lärer med honom ämna sig upp till <placeName corresp="pl539">Ilmola</placeName>. – I dag få barnen lof. De skola väl skrifva nyårsbref. – Få nu se <anchor xml:id="start39010"/>hur det lyckas för <persName corresp="pe35">Joh. Wahlström<anchor xml:id="end39010"/></persName>. <persName corresp="pe203">J. W. Snellman</persName> har lofvat sin röst.</p></postscript>
        <postscript><p rend="place_previousPage_leftMargin"><!-- skrivet i vänster marginal på sid 2 -->Här omtalas i tysthet en balans på 100,000 mark i <anchor xml:id="start29672"/>Charta Sigillata kontoret<anchor xml:id="end29672"/>. – En tjensteman vid banken, <persName corresp="pe2363">Krogius</persName>, försummade att bevaka bankens fordran på 30,000 rubel <choice><abbr>s:r</abbr><expan resp="EK">silfver</expan></choice> i <persName corresp="pe6334">A. Ramsays</persName> konkurs, och får nu ersätta förlusten med 2,500 marks årligt afdrag på sin lön.</p></postscript>
        <postscript><p rend="place_previousPage_leftMargin"><!-- skrivet i vänster marginal på sid 1 -->En dag öfverraskades <persName corresp="pe11">Aina</persName> af ett paket från <placeName corresp="pl2922">Linköping</placeName>, och när hon öppnade det, fann hon den sötaste silfverbroche, ett riktigt litet konstverk (från <placeName corresp="pl2511">Wadstena</placeName>) med <persName corresp="pe1994">Onkel Adams</persName> porträtt, omgifvet af Linneor och hennes namn på baksidan. Med den följde ett trefligt bref från <persName corresp="pe1994">Onkel A.</persName></p></postscript>
        </div>
      </div>
    </body>
  </text>
</TEI>