<?xml version='1.0' encoding='UTF-8'?><TEI xmlns:xsi="http://www.w3.org/2001/XMLSchema-instance" xmlns="http://www.tei-c.org/ns/1.0" xsi:schemaLocation="http://www.tei-c.org/ns/1.0 file:/T:/Instruktioner,%20manualer,%20scheman/TEI-scheman%20(AM)/tei_brevschema.xsd">
  <teiHeader>
    <fileDesc>
      <titleStmt>
        <title>Br1800</title>
        <respStmt>
          <resp>Ansvarig redaktör:</resp>
          <name>Laura Mattsson</name>
        </respStmt>
      </titleStmt>
      <publicationStmt>
        <publisher>Zacharias Topelius Skrifter</publisher>
      </publicationStmt>
      <sourceDesc>
        <p>Arkivsignum: se databas</p>
      </sourceDesc>
    </fileDesc>
    <profileDesc>
      <handNotes>
        <handNote/>
        <handNote/>
      </handNotes>
    </profileDesc>
  </teiHeader>
  <text>
    <body xml:space="preserve">
      <!-- – ” ’ -->
      <div type="letter">
        <opener>
        <dateline><placeName corresp="pl399">Helsingfors</placeName> måndag 7 Sept. <choice><orig>1862</orig><reg resp="MD">1863</reg></choice>.</dateline>
        <salute>Min Älskade <rs corresp="pe14">Mamma</rs>!</salute>
        </opener>
        <p rend="noIndent">Vi äro lyckligen framkomna, och vår tanke vänder med innerligaste tacksamhet tillbaka till all Mammas godhet och kärlek denna sommar, som Gud åter förunnat oss att tillbringa tillsammans. Gud löne Mamma för all moderlig huldhet bättre än vi förmå göra det! Jag märker på barnen, att också de hafva <rs corresp="pe14">farmor</rs> så innerligt kär, och hur skulle de väl annat! Icke många äro <add>heller</add> så lyckliga som jag, att äga så mycken kärlek omkring mig – så mycken och trogen huldhet af moder, maka och barn!</p>
        <p>Wi reste från <placeName corresp="pl963">Kuddnäs</placeName> med den alltid så sorgsna tanken på Mammas ensamhet. Vädret var herrligt, vägarna gropiga, men bättre än jag föreställt mig. Det gick mera piano och väntades på hästar, hvilket, med få undantag, uppehöll oss på hela resan. <choice><abbr>Hrr</abbr><expan resp="EK">Herrar</expan></choice> <persName corresp="pe7364" correspUncert="Y">F.</persName> &amp; <persName corresp="pe7755" correspUncert="Y">V. Knape</persName>, som reste i vagn framför oss, hamnade lyckligen i <placeName corresp="pl747">Kauhava</placeName>. Vi dinerade på <placeName corresp="pl4755">Markula</placeName> och lågo på <placeName corresp="pl1998">Salmi</placeName>. <persName corresp="pe2137">Hanna Berger</persName> hade pippi mage, af bara slisk, gissar jag, ty hon åt ej stort annat; – fick så malört och blef skaplig igen. <hi rend="underline">Fredag</hi> åter en herrlig, varm och klar sommardag. Vi foro då till <placeName corresp="pl2666">Wisuvesi</placeName>, prisande <persName corresp="pe7756">Bergsten</persName> i backarna, ty vagnen var sig ej lik, utan<pb/> gick så jemnt och stadigt, att det just var ett nöje. Det kom sig mest deraf, att att de slitna hjulaxlarna blifvit påfyllda. <hi rend="underline">Lördag</hi> morgon skulle vi ju resa på ångbåt, men när vi i rättan tid kommo till <placeName corresp="pl4674">Ruhala</placeName>, fanns ingen ångbåt; den hade väntat en dag i <placeName corresp="pl2299">Tfors</placeName>, för att föra hem marknadsfolk. Jag har så ofta haft förtret af de marknaderna, att jag väl tjugu gånger besluta ställa resan derefter, men nu glömde jag att se efter i almanackan. Skojeri och fylleri möttes på vägar och <choice><abbr>gästg:gårdar</abbr><expan resp="EK">gästgifvaregårdar</expan></choice> redan i <placeName corresp="pl2656">Wirdois</placeName>, dock ej utaf värsta slaget. Wi reste vid godt mod vidare, och <persName corresp="pe11">Aina</persName> var mest road att köra för <anchor xml:id="start27508"/>kurirkärran<anchor xml:id="end27508"/>. Flickan är icke så handfallen, nog reder hon sig. Hon <del>Lott</del> och <persName corresp="pe530">Lotta</persName> fingo en omöjlig häst, blefvo långt efter, men redde sig och <anchor xml:id="start27506"/>tingade<anchor xml:id="end27506"/> ny häst af en bonde. Ej en enda gång behöfde jag kuska för vagnen, bara hålla kontroll. <anchor xml:id="start27507"/>Skrållan<anchor xml:id="end27507"/> vår hittade fram, likasom utaf sig sjelf. Lördag förmiddag fingo vi regn, som fortfor hela dagen och stundom spillde ned uti strömmar. Två håll körde jag kärran, för att låta <persName corresp="pe11">Aina</persName> torka sig i vagnen – allt utan mehn för någon af oss. Backarna gingo lyckligt, och lördag qväll togo vi i skymningen nattqvarter på <placeName corresp="pl4675">Huutijärvi</placeName>, för att undkomma marknadsfolket. <hi rend="underline">Söndag</hi> kl. 2 kommo vi till <placeName corresp="pl2315">Tavastehus</placeName>, der vi drucko kaffe och afreste<pb/> kl. 5 e. m., sedan jag fått lemna vagn och kurirkärra i pension hos <persName corresp="pe5549">Nordin</persName>. Så förde den präktiga jernvägen oss trefligt och lyckligt fram till <placeName corresp="pl399">Helsingfors</placeName>, söndagsafton kl. ½ 10. Vid bangården var <rs corresp="pe140">tant</rs> med sina flickor och <persName corresp="pe2137">Hanna Berger</persName> emot oss samt anammade <persName corresp="pe2253">Helena</persName>. Vår gamla <persName corresp="pe878">Lovisa</persName> hade väntat oss redan i flera dagar, så att vi kommo till bäddade sängar och tackade Gud för en angenäm resa utan äfventyr.</p>
        <p>Här i vårt lilla bo, återstår visst mycket att ställa i ordning, men här är så putsadt och fint och ljust och gladt, så att om Guds nåd hägnar vår husliga frid, ha vi visst aldrig förut bott så nätt och trefligt i <placeName corresp="pl399">Helsingfors</placeName>. <persName corresp="pe5277">Herr Margelin</persName> har gjort ett mästerverk, en köksspis, som måste vara en värdinnas förtjusning och säkert äfven blir <persName corresp="pe10">Emilis</persName>. Bakugn, stekugn, vedlår, en hel hop hyllor och nischer, allt detta med hvita kakel! Jag bäfvar bara för räkningarna, ehuru en del är ackorderadt på förhand. Så ha golf blifvit dels omlagda, dels målade, två rum och kök nytapetserade, hvaribland mitt <add>ena</add> med sådana sametsfina tapeter, stora bruna blad på gul botten, att jag knappt täcks visa mig der i min fiskarjacka. Sängkammarn m. fl. äro putsade, alla fönster och dörrar i hela huset hvitmålade, papperstaket till hälften nytt, ja sjelfva gårdsvaktens jordvåning omlagad till en mensklig boning.<pb/> Jag önskar det måtte aflöpa för 150 à 175 rubel, men få se. I alla fall är en våning, som mottagits i hög grad på slarf, numera nästan som ny, och då det allt skett efter mina promemorior och föreskrifter i våras af dugligt folk under <persName corresp="pe5277">Margelins</persName> och <persName corresp="pe7462">Schultz</persName> egen tillsyn, tror jag mig kunna försvara det inför min <rs corresp="pe10">kollegierådinna</rs>. Det bästa saknas ännu, nemligen värdinnan, men vi få väl ge oss till tåls. På mitt bord fann jag <anchor xml:id="start27509"/>ett bref från <persName corresp="pe10">Emili</persName> af d. 30 Aug.<anchor xml:id="end27509"/>, deri hon befarar sig måsta dröja en vecka längre för <persName corresp="pe25">Ludvigs</persName> skull – hvarom hon troligen äfven skrifvit till Mamma. Få nu se, om vi gå förgäfves i onsdag qväll till vår ångbåtshamn. Muntliga helsningar har jag fått genom <persName corresp="pe2726">Borgen</persName>. Fatalt att de skulle skicka <persName corresp="pe25">Ludvig</persName> till <placeName corresp="pl3739">Söderköping</placeName>, då <placeName corresp="pl2921">Marstrand</placeName> påtagligen varit hans rätta helsokälla! Han lär ha kommit nog skral dit d. 24 Augusti. – Nå <persName corresp="pe10">Emili</persName> har dock sina skäl att önska se <anchor xml:id="start27510"/>landtdagen<anchor xml:id="end27510"/>, – ej för ståten, men för att se sitt land och folk uti en vigtig vändpunkt i dess lif. Det är nu bestämdt att <rs corresp="pe661">kejsarn</rs> dröjer här i sex dagar, från d. 13 till d. 19 Sept. Man lär ha sagt honom att <anchor xml:id="start38922"/>formaliteterna<anchor xml:id="end38922"/> med fullmakter och val räcka i tre dagar, så att han kunde komma, om han ville, först d. 16:de, men han har<pb/> svarat: det får bli vid bestämd dag. <persName corresp="pe125">Nordenstam</persName> har ock yttrat, att <persName corresp="pe661">Hans. Maj.</persName> kommer att förvåna <placeName corresp="pl62">Finland</placeName> med att förekomma dess önskningar. Åtminstone tror man sig med säkerhet veta, att han sjelf opåmint kommer att bevilja periodiska landtdagar. Ej mindre än fem stora baler tillrustas: en af <persName corresp="pe307">Rokassovski</persName>, en af <persName corresp="pe538">fru Karamsin</persName>, en af <placeName corresp="pl399">Hfors</placeName> stad, de andra vet jag ej säkert. <placeName corresp="pl399">Hfors</placeName> balen blir <add>d. 18 Sept:</add> i <placeName corresp="pl5316">jernvägshuset</placeName>, der stora bangården golflägges och dekoreras. Kostnaden beräknas till 50,000 mark, för hvar deltagare 30 mark. Ständerna m. fl. bjudas. – <persName corresp="pe538">Fru Karamsin</persName> tillställer en stor jagt på <placeName corresp="pl2410">Träskända</placeName>, der 1200 man ställas i ring att vakta det samlade villebrådet. Från <placeName corresp="pl1957">Petersburg</placeName> har hon låtit hämta lefvande fasaner och <anchor xml:id="start27511"/>råbockar<anchor xml:id="end27511"/>, här hemma uppköper hon så många lefvande harar hon kan åtkomma, och alla dessa släppas på den bestämda tiden lösa i <placeName corresp="pl2410">Träskända park</placeName>. Säg nu, att ej här också blir något i stor stil; – dessutom flaggor och illuminationer utan ända. Möjligen ger <choice><abbr><persName corresp="pe661">H. Maj.</persName></abbr><expan resp="MaD">Hans Majestät</expan></choice> sjelf en bal, och den blir ej fyfnask. – Allt detta må vara i sitt värde, men man har också gjort ett förslag att öfver hela <placeName corresp="pl62">Finland</placeName> fira den 15 Sept., hvilket<pb/> vore vackert och värdigt. Månne ej <placeName corresp="pl1512">NyCarleby</placeName> och <placeName corresp="pl963">Kuddnäs</placeName> kunde <anchor xml:id="start27512"/>illuminera<anchor xml:id="end27512"/> den qvällen? – Från <placeName corresp="pl2315">Thus</placeName> hade vi celebert sällskap på jernvägen. <persName corresp="pe7757">General Todtleben</persName> med hela sin stab återkom derifrån, efter att ha uppgjort planen till storartade befästningar. <persName corresp="pe7758">Gen. Åkerblom</persName> och <persName corresp="pe7759">amiral Schantz</persName> voro med. – Kl. ½ 3 e. m. Jag hinner blott tillägga några ord, efter en promenad, först med <persName corresp="pe11">Aina</persName> och <persName corresp="pe13">Eva</persName> till Frunt. skolan, der <persName corresp="pe13">Eva</persName> <foreign xml:lang="fin"><anchor xml:id="start27513"/>rukka<anchor xml:id="end27513"/></foreign> skall göra sitt inträde redan i eftermiddag – glad och nöjd är hon, – det är dock ombyte. Sedan lyftade jag mitt <anchor xml:id="start27517"/>qvartal<anchor xml:id="end27517"/>, gratulerade på <persName corresp="pe3675">Ella Weckmans</persName> födelsedag, fick kaffe och musik, fann <persName corresp="pe2816">Deckers</persName> feta och glada, <persName corresp="pe9447">Falanders</persName> äfvenså – och så ströfvade jag kring boklådorna. <rs corresp="pe5263">Fru Otto Donner</rs> har fått en liten pilt. <persName corresp="pe3661">Sofi Hernmarck</persName> är återkommen från <placeName corresp="pl2157">Stockholm</placeName>, betydligt raskare. <persName corresp="pe316">Lina Borgström</persName> väntas i onsdag med Grefve Berg<!-- menar antagligen ångfartyget, inte personen... IK --> – det vore roligt för <persName corresp="pe10">Emili</persName> att vara med. – Alla äro vänliga och hjertliga mot oss. <persName corresp="pe656">Borgströms</persName> flytta in som bäst,<pb/> hela familjen samlas åter engång, äfven yngste sonen <persName corresp="pe3712">Atte</persName>. – <persName corresp="pe416">Max Rosen</persName> träffade jag, lång, mager och gladelig. Han bad så hjertligt helsa mamma och säger sig ämna bli landtdagsman i stället för <persName corresp="pe317">Carl</persName>. – <persName corresp="pe317">Carl</persName> och <persName corresp="pe415">Alexander</persName> ha varit med i en ny affär och kommit helskinnade <anchor xml:id="start27514"/>derifrån<anchor xml:id="end27514"/>. Tant ser rask ut, flickorna glada, alla frågade så efter mamma.</p>
        <p>Goda Mamma, om <persName corresp="pe37">Dyhrn</persName> ännu ej rest, så säg att han reser in till oss, <placeName corresp="pl3260">Fredsgatan</placeName>, <persName corresp="pe5276">fru de la Garde</persName>; – det är nästan omöjligt att få rum på värdshus, alla äro redan på förhand <anchor xml:id="start27515"/>borttingade<anchor xml:id="end27515"/>, och hyrorna för enskilda rum stiga till dubbelt. Här blir ett hvimmel. <persName corresp="pe92">Grundfelt</persName> dröjer bara ett par dar hos oss, så att nog kan <persName corresp="pe37">bror Albert</persName> tryggt komma, och jag har två rum. – Må väl, hinner ej mera. – Kanske nästa post. Barnen kyssa sin älskade farmors båda händer, och så gör äfven Mammas egnaste</p>
        <closer>
        <signed>Z.</signed>
        </closer>
        <!-- skrivet i vänstra marginalen på sid 7 -->
        <postscript><p rend="place_leftMargin"><persName corresp="pe2253">Helena</persName> ha vi ej träffat sedan resan. Nog behöfver flickan stackare komma bort hemifrån. Icke gjorde hon oss synnerlig omak; mera tyst var hon, utom när <persName corresp="pe13">Eva</persName> fick henna att hjelpa sig prata.</p></postscript>
        <!-- skrivet i vänstra marginalen på sid 6 -->
        <postscript><p rend="place_previousPage_leftMargin">Hiskeliga försnillningar får Mamma läsa i tidningarna. Jag har uppvaktat <persName corresp="pe466">Arppe</persName> i dag och tager i lördag <anchor xml:id="start27516"/>mitt inträde i konsistorium<anchor xml:id="end27516"/>.</p></postscript>
        <!-- skrivet i vänstra marginalen på sid 4 -->
        <postscript><p rend="place_previousPage_leftMargin">Goda Mamma, jag glömde gifva något vid tillfälle åt postiljon. Kan Mamma gå i förskott? – <persName corresp="pe9433">Linséns</persName> äro komna till staden.</p></postscript>
        <!-- skrivet i vänstra marginalen på sid 3 -->
        <postscript><p rend="place_previousPage_leftMargin">I Frunt. skolan har antalet redan vuxit från 161 till 173. – Alla <placeName corresp="pl2564">Wasa läns</placeName> <add>landtdags</add>prester samlas hos <placeName corresp="pl28">Alavo</placeName> <persName corresp="pe58">Stenbäck</persName> och resa tillsammans.</p></postscript>       
      </div>
    </body>
  </text>
</TEI>