<?xml version='1.0' encoding='UTF-8'?><TEI xmlns:xsi="http://www.w3.org/2001/XMLSchema-instance" xmlns="http://www.tei-c.org/ns/1.0" xsi:schemaLocation="http://www.tei-c.org/ns/1.0 file:/T:/Instruktioner,%20manualer,%20scheman/TEI-scheman%20(AM)/tei_brevschema.xsd">
  <teiHeader>
    <fileDesc>
      <titleStmt>
        <title>Br1849</title>
        <respStmt>
          <resp>Ansvarig redaktör:</resp>
          <name>Laura Mattsson</name>
        </respStmt>
      </titleStmt>
      <publicationStmt>
        <publisher>Zacharias Topelius Skrifter</publisher>
      </publicationStmt>
      <sourceDesc>
        <p>Arkivsignum: se databas</p>
      </sourceDesc>
    </fileDesc>
    <profileDesc>
      <handNotes>
        <handNote/>
        <handNote/>
      </handNotes>
    </profileDesc>
  </teiHeader>
  <text>
    <body xml:space="preserve">
      <!-- – ” ’ -->
      <div type="letter">
        <opener>
        <dateline><placeName corresp="pl399">Helsingfors</placeName> fredag 15 April 1864.</dateline>
        <salute>Min älskade <rs corresp="pe14">Mamma</rs>!</salute>
        </opener>
        <p rend="noIndent">Ehuru <persName corresp="pe92">Grundfelt</persName> reser i måndag, vill jag i hast berätta några ord om landtdagen. Kl. är ¼ på 3 middagstiden. Jag kommer just hem efter att med allt mitt folk ha varit vid den högtidliga gudstjensten, och derefter ströfvade jag kring palatset, för att uppsnappa något af <anchor xml:id="start27867"/>throntalet<anchor xml:id="end27867"/>. Ännu är det ej utdeladt tryckt, men det skall innehålla en varning mot alla försök att skilja <placeName corresp="pl62">Finland</placeName> från <placeName corresp="pl43">Ryssland</placeName> och tillika tala om behofvet af en närmare sammanknytning. Det der låter icke bra, men allt beror på andan utaf det hela. Tonen skall vara vänlig, och landtdag utlofvas bestämdt om tre år. Sannolikt har <rs corresp="pe661">Hans Maj.</rs> velat nu strax uttala ett <foreign xml:lang="lat"><anchor xml:id="start27868"/>Notabene<anchor xml:id="end27868"/></foreign>: – Kom ej vidare fram med några diskussioner, som reta den ryska afunden.</p>
        <pb/>
        <p>Ceremonierna i dag voro högtidliga, men <persName corresp="pe661">kejsaren</persName> saknades. Det allra vackraste klara solsken förkunnar vår och värme, en stordel gator och torg äro torra, äfven vår slaskiga gård begynner hygga sig.</p>
        <p>Nå, goda Mamma, stryk nu ut från nästa års utskylder <hi rend="underline"><anchor xml:id="start27862"/>brännvinsarrendet<anchor xml:id="end27862"/></hi> och <hi rend="underline">grundskatten</hi>, ty båda komma att försvinna. D. v. s. <anchor xml:id="start27861"/>jord- eller grundskatten<anchor xml:id="end27861"/> qvarstår, men af bränvinsmedlen få jordägarne ungefär ett motsvarande belopp. Äfven en och annan lättnad i <anchor xml:id="start27863"/>hållskjuts<anchor xml:id="end27863"/>, vägar och broar torde vara att förvänta derigenom att flera deltaga i dessa bördor. Bönderna höllo emot ända till det sista och voro så desperata, att de ej ville gå in på några jemkningar: ”historien skall döma!” utropade <persName corresp="pe5467">Keto</persName> patetiskt. <persName corresp="pe5482">Holma</persName> talade väl och vackert för förlikning med de andra stånden genom att afstå husbehofsbränningen.<pb/> Dess öde är nu afgjordt. Tre stånd beslöto uteslutande fabriksbränning, och ändtligen gingo bönderne i onsdags in derpå med 22 röster mot 20, dock mot vilkor att utom fritagelse från bränvinsarrendet erhålla 2,400,000 mark (600,000 <choice><abbr>rub. s:r</abbr><expan resp="EK">rubel silfver</expan></choice>) motsvarande grundskatten. – Ännu längre <anchor xml:id="start27864"/>perrade<anchor xml:id="end27864"/> de emot bevillningen, nemligen ett lån af 18 millioner mark för jernvägar, men i går aftse gingo de äfven in derpå, så att nu få vi bestämdt jernväg till <placeName corresp="pl2299">Tamerfors</placeName> och <placeName corresp="pl1792">Päjäne</placeName>, längre fram kanske ända till <placeName corresp="pl2561">Wasa</placeName>. <persName corresp="pe92">Grundfelt</persName> har talat för den saken rätt bra. I allmänhet kan man hoppas goda resultater af landtdagen, och få vi ej krig eller missvext, kommer jordegendomen hädanefter att stiga.</p>
        <p>– Kriget är så ställdt nuförtiden, att ingen dödlig vet, om det blir eller ej; aldrig har <placeName corresp="pl43">Ryssland</placeName> varit så rustadt som nu.<pb/> <anchor xml:id="start27866"/>Danskarna <anchor xml:id="start35763"/>fattiga<anchor xml:id="end35763"/> hålla ut ännu,<anchor xml:id="end27866"/> fåse huru länge! – <persName corresp="pe661">Kejsaren</persName> har firat 50:de årsdagen af intåget i <placeName corresp="pl1615">Paris</placeName>, det har väckt ond blod i <placeName corresp="pl1615">Paris</placeName>.</p>
        <p>Wi må Gudilof bra nog. Intet landtdagskalas ha vi hållit, fastän det varit påtänkt, men gumman och kassan ha satt sig deremot.</p>
        <p>Få se huru <persName corresp="pe92">Grundfelt</persName> kommer hem och alla de andra med; han har köpt släde, men det är så godt som slut med föret.</p>
        <p>Klockan och <persName corresp="pe10">Mille</persName> brådska på. Muntliga helsningar hemtar <persName corresp="pe92">Grundfelt</persName>. Må väl!</p>
        <closer>
        <salute>Mammas egen</salute> <signed>Z.</signed>
        </closer>
        <postscript>
          <p>P. S. Jag har ämnat skrifva till <persName corresp="pe54">Wilhelm</persName> och beställa båt – Skrifver Mamma förut, så bed honom höra åt om en <placeName corresp="pl402">Majniemi</placeName>farare för 10 à 12 personer, stadig, ej rank, med plats för ett segel i fören.</p>
        </postscript>
      </div>
    </body>
  </text>
</TEI>