<?xml version='1.0' encoding='UTF-8'?><TEI xmlns:xsi="http://www.w3.org/2001/XMLSchema-instance" xmlns="http://www.tei-c.org/ns/1.0" xsi:schemaLocation="http://www.tei-c.org/ns/1.0 file:/T:/Instruktioner,%20manualer,%20scheman/TEI-scheman%20(AM)/tei_brevschema.xsd">
  <teiHeader>
    <fileDesc>
      <titleStmt>
        <title>Br1809</title>
        <respStmt>
          <resp>Ansvarig redaktör:</resp>
          <name>Laura Mattsson</name>
        </respStmt>
      </titleStmt>
      <publicationStmt>
        <publisher>Zacharias Topelius Skrifter</publisher>
      </publicationStmt>
      <sourceDesc>
        <p>Arkivsignum: se databas</p>
      </sourceDesc>
    </fileDesc>
    <profileDesc>
      <handNotes>
        <handNote id="ET" medium="brown-ink">Emilie Topelius</handNote>
        <handNote id="ZT" medium="black-ink">Zacharias Topelius</handNote>
      </handNotes>
    </profileDesc>
  </teiHeader>
  <text>
    <body xml:space="preserve">
      <!-- – ” ’ -->
      <div type="letter">
        <opener>
        <dateline><placeName corresp="pl399">Hfors</placeName> 20 Okt. 1862.</dateline>
        <salute>Min käraste <rs corresp="pe14">Mamma</rs>!</salute>
        </opener>
        <p><handShift new="#ET"/>Tack för lilla lappen omkring <persName corresp="pe5420" correspUncert="Y">Daniels</persName> bref. Det må vara huru kort så är det så innerligt välkommet, bara vi se att Mamma är frisk. Friska äro vi, Gud vare lof, ochså. Jag har litet magrat sen vi kommo från <placeName corresp="pl2921">Marstrand</placeName>, men det betyder ingenting då jag känner mig starkare än i fjol. Vassla dricker jag <anchor xml:id="start27355"/>ett qvarter<anchor xml:id="end27355"/> på förmiddagarna, nog är den stärkande fast man ej skulle tycka det, jag säger efter doktorn ty inte märker jag det ännu på mig sjelf. <persName corresp="pe521">Gustaf</persName> och <persName corresp="pe309">Julius</persName> kommo just hit nu en gång objudna på söndagsmiddag. De äro så nöjda med sitt qvarter, önska bara att få behålla det, men då <persName corresp="pe7637">Mamsell Tammelin</persName> kommer hem till Julen så bli de utan. <persName corresp="pe521">Gustaf</persName> äter hos <rs corresp="pe140">Tant</rs> middagarna.</p>
        <p>Jag <anchor xml:id="start27358"/>frågade just om <persName corresp="pe1329">Forsén<anchor xml:id="end27358"/></persName>, de sade att han blifvit förd på <placeName corresp="pl3172">lazarettet</placeName> först då han kom för att ej blifva insatt med brottslingar, och att de visst varit en falskmyntare i samma rum, men att han inte beklagat sig öfver det<pb/> alls ty han hade så snart fått flytta för sig sjelf. Nu går han aldeles fritt omkring på fästningen men får ej utan lof fara till staden, han bor tillsammans med en luthersk klockare.</p>
        <p>Jag kan tänka att Mamma är nyfiken att få höra hvad svar <persName corresp="pe2427">Lindström</persName> fick af <persName corresp="pe614">Zachris</persName>. Han gick och funderade fasligt på det, men sedan så tyckte han att det icke skulle vara rätt att förakta ett sådant anbud då det blott berodde på en eller par månaders mera arbete. Och så skref han att han antar det. Men ännu sedan brefvet var försegladt så funderade han på att icke afsända det. Måtte han nu kunna skrifva så att det ej blir hvarken honom sjelf eller andra till skada! Inte öfvertalade jag honom hvarken till eller ifrån.</p>
        <p>Z. har börjat få så mycket åhörare nu på sina <anchor xml:id="start38819"/>kollegier<anchor xml:id="end38819"/>, så att han är den som har mest af alla professorer. <anchor xml:id="start38818"/>Han har ibland 20 – då de annars ha varit 5 som mest,<anchor xml:id="end38818"/> och nu för tiden har <persName corresp="pe203">Snellman</persName> inte 5 heller sade <persName corresp="pe6843">Boehm</persName>.</p>
        <p><persName corresp="pe360">Mina Julin</persName> är nu anländ. Jag blef rigtigt glad, jag började få ledsamt efter henne.</p> 
        <p>Hon satt en hel dag här och berättade om tillgången af förlofningen på <placeName corresp="pl237">Fiskars</placeName> och mycket annat desutom. Och det är visst, att så fullständiga ingredienser till en roman, som der fanns på <placeName corresp="pl237">Fiskars</placeName> i somras, har kanske ej mången<pb/> romanförfattare <add>innomhus</add>, utan får söka dem <add>utom</add> sig eller i fantasin. <persName corresp="pe7635"><anchor xml:id="start27361"/>Jegerskjöldska familjen</persName> (eller blott ”<hi rend="underline">familjen</hi>” som <persName corresp="pe360">Mina</persName> kallar dem) voro alla i hög grad emot partiet med <persName corresp="pe123">Mannerheim<anchor xml:id="end27361"/></persName>, och <persName corresp="pe7638">Emil</persName> på samma sätt, och de intrigerade emot det på allt vis, <persName corresp="pe3725">Friherrannan Cedercreutz</persName> <persName corresp="pe7636">Fröken Hausen</persName> och en till, som jag inte mins, de arbetade <hi rend="underline">för</hi> saken, och ”familjen” som skall vara mera rå, passionerad och med inga finare känslor <add>begåfvad</add> gick mera groft tillväga; så att der har varit scener som man inte kan tänka sig. <persName corresp="pe7636">Fröken Hausen</persName> är ung och vän till bruden (<persName corresp="pe3729">Helene</persName>) så det är så besynnerligt att höra huru intrigant hon gick till väga, och precist faller det sig så som om hon enkom varit anstäld<del>,</del> att icke säga <anchor xml:id="start27360"/>legd<anchor xml:id="end27360"/> att verka för partiet. Nu talar <rs corresp="pe123">fästmannen</rs> om att de skola bo på <placeName corresp="pl2652">Willnäs</placeName> och bruden att hon skall genast taga emot lagården, – men det vore så olikt dem båda två, att vi tro det blott är hans mening att slå litet dunst i ”familjens” ögon, i synnerhet som han sagt här åt kamrater att de skola resa utomlands strax efter brölloppet som blir i November. De unga tu visade sig på theatern häromdagen, och då har publiken observerat att han gäspat alldeles för mycket, om det var åt pjesen eller hvad, det vågade ingen afgöra.</p>
        <p>Nu har Mamma fått en rigtig sqvallerhistoria. Men det säger jag att det var intressant att höra på <persName corresp="pe360">Minas</persName> berättelser. Sådana menniskor som finns! –</p>
        <pb/>
        <p>Månd. morgon. En klar och vacker dag med 7 graders värme på morgonen. Z. håller på och klär sig i svart frack och hvit halsduk, för att gå ut på insamling igen. Hans tid går bra mycket med det der springandet, det vore ingenting om det lyckades bättre. Och så har de dumma meniskorna den tanken att herrarna drar af så stor procent för sitt besvär så att inte mycket kommer till de behöfvande. Och nu kom <persName corresp="pe2">Runeberg</persName> hit så det blef ingen färd af för Z nu. <persName corresp="pe614">Zache</persName> sade: ”hvad har du att bjuda nu”? – hvad skulle jag ha annat än kaffe, det kokar nu, här finns ej en droppe vin. Mamma säger om eft: middags kaffet. Nog måste jag säga att jag saknar det, ty då jag legat en stund och sofvit ibland känns jag så der ruskig och frysande då ja stiger opp, men nog kan jag vara det förutan. Z. som alltid drack det strax på maten och sofde ofvan på, han saknar det inte alls, säger han. Jag vill inte heller säga att jag tycker det skulle smaka bra, efter vi nu så beslutit och Z. önskar det. Vore det för min hälsa så nog skulle han då låta koka det fast huru mycket.</p>
        <p>Kära Mamma, hvad värre är, så säger han att vi måste höra oss om efter andra rum, de bli för dyra. Men det blir svårt – inte för att de äro vackra och höga – men för att de äro så varma och goda rum. Här är minsan ej godt om sådana. Nu har jag druckit kaffe med <persName corresp="pe2">Runeberg</persName>, och han har gått med Z. till en fotograf. Han föreslog att de<pb/> skulle sitta tillsammans på en tafla, tänk en sådan ära för <persName corresp="pe614">Zachen</persName>.</p>
        <p>Utan köksa är jag ännu, det är i sednaste laget. Men här finns så grufligt mycket ledigt tjenstefolk att det rigtigt är ynkligt. Hvad ska de taga sig till. Z. föreslår att vi skulle behålla <persName corresp="pe6981">Sofie</persName> till Köksa, men inte skulle jag bry mig om det. Nog kunde hon läras alltid men jag tror det skulle bli så slarfvigt och vårdslöst med allting, och gräl med <persName corresp="pe516">Fina</persName> till. Nog har jag tre, fyra stycken nu på förslag. <persName corresp="pe6981">Sofie</persName> stackare är utan tjenst, nog skulle hon få i <placeName corresp="pl109">Borgå</placeName> på ett värdshus men hon tycks ej vilja dit och dåligt ställe är det.</p>
        <p><persName corresp="pe798">Rosenkampffs</persName> har jag ej träffat på länge, men <persName corresp="pe521">Gustaf</persName> sade igår att <persName corresp="pe317">Carl</persName> sjuknat i <placeName corresp="pl1957">Petersburg</placeName> och måst sluta med läsningen just då han skulle börja tentera. Tant tänker på att resa dit ifall det ej snart blir bättre med honom. <persName corresp="pe416">Max</persName> har skrifvit att der är svårt att vara i <placeName corresp="pl2558">Warschau</placeName>, de äro så hatade af folket. Han ber att ej behöfva komma derifrån förrän efter påsk, ty då skulle han hinna få en grad till innan han blir adjutant.</p>
        <p rend="noIndent"><persName corresp="pe5247">Rosina Appelgren</persName> har nu förlovadt sig med den hon i våras gaf korgen, en ung hygglig man, på Finlaysons kontor. De äro mycket glada åt det. <persName corresp="pe5153">Julia Alfström</persName> har nu beslutit att bli här till första slädföre i hopp att få Mammas släda och det har jag lofvat, hon måtte väl få någon i <placeName corresp="pl1512">NyCarleby</placeName> då hon kommer så långt att hon ej<pb/> skulle ta Mammas ända fram.</p>
        <p>Vi skickade med Österbotten en <anchor xml:id="start27356"/>kagge<anchor xml:id="end27356"/> <anchor xml:id="start36817"/>hvassbuk<anchor xml:id="end36817"/> åt Mamma, ingenting fanns att köpa nu som skulle ha varit godt, hvarken ärter, gryn eller äpplen, det är aldeles eländigt. Till <persName corresp="pe37">Dyhr</persName> skickade Z. en brännvins kutting som han beställt och till <persName corresp="pe653">Lybecks</persName> en hvassbukskagge. Tant har skickat till <persName corresp="pe3361">Bergers</persName>, så att om det kunde komma hem på samma gång. <handShift new="#ZT"/>– Båda kaggarna äro adresserade till Mamma, och frakten är redan betald af mig. Österbotten afgick härifrån i thorsdags, så att det borde väl vara framme samtidigt med dessa rader. Wi ha i dag så utmärkt vackert väder, solsken och 12 graders värme; jag kommer just från ångbåten, dit jag följt <persName corresp="pe2">Runeberg</persName>. – <anchor xml:id="start27411"/>Åt <title corresp="tw184">Dagl. Allehanda</title> har jag nu lofvat två noveller;<anchor xml:id="end27411"/> det torde blifva en affär på omkring 500 rubel, som äro bra i dessa fattiga tider. Jag skall väl skicka några procent deraf till mammas bakning för vintern. – Här ha <anchor xml:id="start27362"/>tecknats<anchor xml:id="end27362"/>, som Mamma ser af tidningarna 35,000 rubel, utom alla särskilda bidrag och tillställningar, så att nog fås det minst 45,000 rubel från <placeName corresp="pl399">Hfors</placeName>, hvilket gör ungefär 2 <choice><abbr>rub.</abbr><expan resp="EK">rubel</expan></choice> 25 <choice><abbr>kop.</abbr><expan resp="EK">kopek</expan></choice> af hvar person, fattiga och rika, män, qvinnor och barn. – <anchor xml:id="start27357"/>Ännu har jag ej talt vid <persName corresp="pe589">Gyldén</persName>,<anchor xml:id="end27357"/> men har det i godt minne. Hvad blef beramadt på mötet d. 22 Sept? – Måväl, allrakäraste Mamma, och tusen helsningar från</p>
        <closer>
        <signed>Z., E. och barnen små.</signed>
        </closer>
      </div>
    </body>
  </text>
</TEI>