<?xml version='1.0' encoding='UTF-8'?><TEI xmlns:xsi="http://www.w3.org/2001/XMLSchema-instance" xmlns="http://www.tei-c.org/ns/1.0" xsi:schemaLocation="http://www.tei-c.org/ns/1.0 file:/T:/Instruktioner,%20manualer,%20scheman/TEI-scheman%20(AM)/tei_brevschema.xsd">
  <teiHeader>
    <fileDesc>
      <titleStmt>
        <title>Br2069</title>
        <respStmt>
          <resp>Ansvarig redaktör:</resp>
          <name>Laura Mattsson</name>
        </respStmt>
      </titleStmt>
      <publicationStmt>
        <publisher>Zacharias Topelius Skrifter</publisher>
      </publicationStmt>
      <sourceDesc>
        <p>Arkivsignum: se databas</p>
      </sourceDesc>
    </fileDesc>
    <profileDesc>
      <handNotes>
        <handNote medium="black-ink"/>
        <handNote/>
      </handNotes>
    </profileDesc>
  </teiHeader>
  <text>
    <body xml:space="preserve">
      <!-- – ” ’ -->
      <div type="letter">
        <opener>
          <dateline><placeName corresp="pl399">Helsingfors</placeName> Måndag 15 Maj 1865.</dateline>
          <salute>Min Älskade <rs corresp="pe14">Mamma</rs>!</salute>
        </opener>
        <p rend="noIndent">Mottag allas vår hjertligaste gratulation på Sofiadagen! Wi omfamna vår älskade Mamma och farmor, både stora och små, och kyssa Mammas händer och nedkalla nu och alltid öfver Mamma Guds bästa välsignelse.</p>
        <p><persName corresp="pe10">Mille</persName> hinner ej skrifva nu, <anchor xml:id="start28970"/>hela förmiddagen har varit som i en qvarn.<anchor xml:id="end28970"/> På morgonen kl. ½ 9 kommo Sångarne och sjöngo för <persName corresp="pe11">Aina</persName>; sedan kom <anchor xml:id="start38993"/>Wårföreningen<anchor xml:id="end38993"/> och andra vänner och studenter på f. m. kaffe. Ett bord är utpyntadt i salen med två ofantliga bagarkransar och tillbehör, den ena från <persName corresp="pe5651">telegrafinnan Nyberg</persName>. Så fick <persName corresp="pe11">Aina</persName> parasoll och byxtyg af Mamma, ett köttklubba och biffsteksbultare af pappa, kragor af <persName corresp="pe460">Inna</persName> och blommor af jag vet ej hvem, deribland en kruka med de raraste jordgubbar hängande så röda från qvistarna. Vi önskade så att ha<pb/> farmor och <persName corresp="pe323">Fanny</persName> med, fastän vi ha ingenting som kan jemföras med <placeName corresp="pl963">Kuddnäs</placeName> strufvor. Till middagen äro <persName corresp="pe561">Berndt</persName> och <persName corresp="pe9508" correspUncert="Y">gossarne Heikel</persName> hos oss.</p>
        <p><hi rend="underline">Onsdag 17 Maj.</hi> Jag afbröt i måndags, emedan vi beslöto skicka våra bref med <persName corresp="pe9508" correspUncer="Y">Heikelerna</persName>, som resa i dag. Om vår Sofiedag är intet mer att berätta, än att vi på afton voro bjudne till <persName corresp="pe5613">Thunbergs</persName>, enkom ett litet kalas för våra förlofvade. <persName corresp="pe656">Borgströms</persName> voro äfven bjudne och hade lofvat komma, men då inträffade strax på e. m. olyckan med <persName corresp="pe69">Henriks</persName> fall ifrån hästen, hvarom <persName corresp="pe10">Emili</persName> får berätta. –</p>
        <p>I dag vecka vecka sedan, d. 10 Maj, foro vi alla, utom småflickorna, till <placeName corresp="pl396">Helsingland</placeName> – d. v. s. vi voro med omkr. 20 sångare och sångerskorna bjudna ut till <persName corresp="pe5543">gumman Crohns</persName> och hennes snälla flickor på <placeName corresp="pl4699">Helsinge prestgård</placeName>. Det var den herrligaste Majdag; vi reste ut kl. 8 på morg. med ett godståg på jernvägen och afhämtades med vagnar från <placeName corresp="pl3261">Dickursby station</placeName> <anchor xml:id="start7648"/>3 verst<anchor xml:id="end7648"/> och blefvo mycket vänligt emottagna. Det var en mera treflig dag, fast allt ännu var gult och torrt, men solen sken, lärkorna<pb/> sjöngo, den första svalan visade sig och ungdomen qvittrade och flög hela dagen som yra höns. Kl. 8 fingo fruarna <persName corresp="pe2029">Pacius</persName>, <persName corresp="pe2141">Decker</persName> och <persName corresp="pe10">Topelius</persName> med man låna en vagn till staden och vände åter i vanlig skjutstrall vid fullmånens sken, men ungdomen kom först med bantåget dagen derpå. <persName corresp="pe561">Berndt</persName> var ej med, han hade sina skoltimmar. – En af sångarne, <persName corresp="pe9316" correspUncert="Y">Kingelin</persName>, fick ett ledsamt minne af den annars glada färden: han sprang sig till blodstörtning.</p>
        <p>– I thorsdags hade lilla Sångföreningen sitt afskedsmöte hos oss, glada och trefliga. – I fredags blef det bekant, att <persName corresp="pe3654">Maria Pacius</persName> är <anchor xml:id="start28992"/>éclat<anchor xml:id="end28992"/> förlofvad med <persName corresp="pe73">Carl Collan</persName>. – Som <anchor xml:id="start28993"/>mamma ser af tidningarna, ha de föreslagit min <title corresp="ve241">Läsebok<anchor xml:id="end28993"/></title> att dela priset för folkskrifter med en finsk bok af <persName corresp="pe9317">Putkonen</persName>, så att <title corresp="ve241">Läseboken</title> skulle få 1,500, den andra 1000 mark. Det beror nu på senaten. <anchor xml:id="start28994"/>På mig, som nyss förklarat att premierna ej borde delas,<anchor xml:id="end28994"/> ha de nu stoppat munnen till. Af <title corresp="ve241">läseboken</title> utkom 1864 fjerde svenska upplagan, och i år trycks den tredje finska. Om jag ej misstager ha inom 9 år 17,000 exemplar blifvit tryckta af denna bok.</p>
        <pb/>
        <p>I måndags skref jag till <persName corresp="pe3704">Th. Nyman</persName> och bad honom nämna hufvudvilkoren, i fall någon frågar, neml. 32,000 mark, såsom Mamma uppgaf, och att <placeName corresp="pl3170">Frill</placeName> säljes skildt, om så önskas, men priset för det uppgaf jag ej. I går stod annonsen första gången; men icke väntar jag just heller några antagliga anbud. Man kan nu försöka. Om vi helst finge skapligt pris för <placeName corresp="pl3170">Frill</placeName>, ty icke undrar jag att Mamma blir utledsen med <anchor xml:id="start30802"/>landbönderna<anchor xml:id="end30802"/>. – Jag skref åt <persName corresp="pe3704">Nyman</persName> att åbyggnaderna voro brandförsäkrade för omkr. 3000 mark; jag mins ej så noga beloppet. Hypothekspapperen stiga; inträffar ej ny missvext, så borde jordegendomen stiga. Nu slipper den <anchor xml:id="start28991"/>bränvinsarrendet<anchor xml:id="end28991"/> och får i stället bidrag derifrån. – Men få nu se hurudant år vi få: här är höstsädet på en del åkrar svart, på andra vackert. I natt föll ett herrligt regn, så att nu hör man gräset vexa; häggen blommar om några dagar. Mamma svarade ej om buskarna: hvad skall jag skicka? Må väl och helsa vännerna. Ännu får väl Mamma ett eller par bref från sin</p>
        <closer>
          <signed>Z.</signed>
        </closer>
        <postscript><p rend="place_leftMargin"><!-- skrivet i vänster marginal på sid 4 -->Jag bifogar här bouppteckningen efter <persName corresp="pe486">faster Greta</persName>, för att underskrifvas af <persName corresp="pe262">syster Sofi</persName> och hennes man. Vill Mamma vara god och sända den till <persName corresp="pe5634">Schalins</persName>, för att sedan afgå till <placeName corresp="pl2464">Uleåborg</placeName> utan alltför långt dröjsmål.</p></postscript>
        <postscript><p rend="place_previousPage_leftMargin"><!-- skrivet i vänster marginal på sid 3 --><persName corresp="pe323">Fanny</persName> kära, får jag nu påminna dig om ditt goda löfte att en vacker afton taga <persName corresp="pe7647">Anders</persName> och Landbond med dig och plantera de så ofta omtalda <hi rend="underline">pilqvistarna</hi> vid vägen, att vi ändtligen få den fula backen litet undanskymd.</p></postscript>
        <postscript><p rend="place_previousPage_leftMargin"><!-- skrivet i vänster marginal på sid 2 -->Är det annars något, som Mamma eller <persName corresp="pe323">Fanny</persName> önska få med oss? Vår resdag kunna vi ej bestämma ännu, men nog ville vi gerna vara på väg omkring den 5 Juni. <persName corresp="pe516">Fina</persName> medföljer och troligen <persName corresp="pe9320">herrskapet Witting</persName>, det är gerna unnadt, men icke ha vi träffat någon af dem.</p></postscript>
        <postscript><p rend="place_previousPage_leftMargin"><!-- skrivet i vänster marginal på sid 1 -->Till <persName corresp="pe486">faster Gretas</persName> arfvingar skulle väl också höra <persName corresp="pe461">Johannes</persName>, <persName corresp="pe20">Selma</persName> och <persName corresp="pe323">Fanny</persName>, men som intet är att ärfva, så lära de icke finna sig <anchor xml:id="start28990"/>mankerade<anchor xml:id="end28990"/> af att vara bortglömda.</p></postscript>
      </div>
    </body>
  </text>
</TEI>