<?xml version='1.0' encoding='UTF-8'?><TEI xmlns:xsi="http://www.w3.org/2001/XMLSchema-instance" xmlns="http://www.tei-c.org/ns/1.0" xsi:schemaLocation="http://www.tei-c.org/ns/1.0 file:/T:/Instruktioner,%20manualer,%20scheman/TEI-scheman%20(AM)/tei_brevschema.xsd">
  <teiHeader>
    <fileDesc>
      <titleStmt>
        <title>Br2036</title>
        <respStmt>
          <resp>Ansvarig redaktör:</resp>
          <name>Laura Mattsson</name>
        </respStmt>
      </titleStmt>
      <publicationStmt>
        <publisher>Zacharias Topelius Skrifter</publisher>
      </publicationStmt>
      <sourceDesc>
        <p>Arkivsignum: se databas</p>
      </sourceDesc>
    </fileDesc>
    <profileDesc>
      <handNotes>
        <handNote id="ZT" medium="brown-ink">Zacharias Topelius</handNote>
        <handNote id="ET" medium="brown-ink">Emilie Topelius</handNote>
      </handNotes>
    </profileDesc>
  </teiHeader>
  <text>
    <body xml:space="preserve">
      <!-- – ” ’ æ ½ -->
      <div type="letter">
        <opener>
          <dateline><handShift new="#ZT"/><placeName corresp="pl399">Helsingfors</placeName> Måndag 25 Mars 1867.</dateline>
          <salute>Min Älskade <rs corresp="pe14">Mamma</rs>!</salute>
        </opener>
        <p rend="noIndent">Jag begagnar en ledigare stund på Mariedagsmorgon, för att åter språka litet. Mammas sednaste kära bref gjorde oss dubbel glädje, både för att det något lugnade vår oro för Mammas helsa och sedan för den trefliga beskrifningen om det vigtiga ministerombytet i inrikes departementet. Hvad Mammas dyrbara helsa angår, så passar det väl icke för ägget att lära o. s. v., men nog är det min vördsama mening att Mamma alltför litet skonar sig sjelf, och <placeName corresp="pl963">Kuddnäs</placeName> är mera dragfullt. Jag gissar också, att när Mamma redan var bättre kom bestyret med de resande och deras matlagning, och då förkylde Mamma sig ånyo. Goda Mamma, var litet mera aktsam, för vår skull, om icke för Mammas egen! – Nå, måtte nu mamma trifvas i sällskap med aftonsolen, sedan Mamma lemnat morgonsolen åt ungdomen!</p>
        <pb/>
        <p>Den der omflyttningen anser jag som något tillsvidare, och det går väl nu den ljusare årstiden. Innerligt glada äro vi att Mamma tycker om sin nya minister för jordbruket och <del>är</del> rådgör med honom på familier fot. Just så har jag tänkt mig att det bör vara. Det är vigtigt, ja oumbärligt för honom att af Mamma få kännedom om ägorna och deras förra skötsel och om Mammas långa erfarenhet, som nu kommer honom till godo. Då, tänker jag, skall han hvarken göra sig några öfverdrifna illusioner, som vid hans ålder äro naturliga, eller låta skrämma sig af de många svårigheter han kommer att möta i början, med allt nytt och ovant omkring sig. Det är mycket lyckligt, när ålderdomens erfarenhet och ungdomens drift på detta sätt komplettera hvarandra. Ty jag tänker, att äfven Mamma skall vara intresserad<pb/> att inhämta något af de nya methoderna, som <persName corresp="pe451">Ezer</persName> medför, och att se honom finna nya utvägar, der alla kloka gubbar stå rådlösa. Hvad det skall intressera mig också att höra hvad han nu företager sig, det ena efter det andra! Skrif derom, goda Mamma, så ofta Mamma har tid och lust. Jag undrar om han tänker genast upparbeta <placeName corresp="pl4774">Nyåkern</placeName>, eller om han börjar med annat först. Allt kan ej hinnas på engång. Så ville jag gerna veta om och huru han tänker använda <anchor xml:id="start30818"/>skottska plogen<anchor xml:id="end30818"/>, och om han göder ängarna, och om han tänker så något gräsfrö. Apropos deraf, så beder jag Mamma helsa <persName corresp="pe451">Ezer</persName> mycket från mig och säga att jag beder honom vara välkommen, att jag längtar få göra hans bekantskap och att han skall strax anse mig som en farbror. Och om han behöfver gräsfrö härifrån, eller något annat som jag kan uträtta, så skall han utan krus låta mig veta, ty jag vill gerna vara både honom och <placeName corresp="pl963">Kuddnäs</placeName><pb/> på något sätt nyttig. Han har stora utgifter nu i början; huru vill det förslå? Han skall väl öka ladugården också? – Det var helt rörande att läsa om <persName corresp="pe659">Stina</persName> och <placeName corresp="pl963">Kuddnäs</placeName> bomärke. Helsa henne från oss. – Har ej <persName corresp="pe50">Lybeck</persName> någon plats för den beskedliga gubben på <placeName corresp="pl3170">Frill</placeName>? Söner och döttrar må sköta sig bäst de kunna. – Det var ju fasliga <anchor xml:id="start30823"/>utskylder<anchor xml:id="end30823"/> Mamma nu har att betala. Nej, det <anchor xml:id="start30832"/>brandstodsbolaget<anchor xml:id="end30832"/> säga vi opp; om der ej blir annan ordning. Felet är att det är för stort och kan ej sköta kontrollen; annars kunde ej sådana <anchor xml:id="start30821"/>kuriösa knep utfunderas, som nyss i <placeName corresp="pl17">Alahärmä<anchor xml:id="end30821"/></placeName>. Jag har flera gånger varit i tal med <persName corresp="pe340">G. Wasastjerna</persName> derom. Han vill ej tro, att bolaget till slut går under, om ej rior och fabriker strykas ut derifrån och kontrollen blir sträng. Det enda som gjorts, är att göra <anchor xml:id="start30820"/>en ny lag med straff för den som antänder egen gård<anchor xml:id="end30820"/>. – Huru i verlden kunna också kronoutskylderna stiga så högt? Der ingå väl <anchor xml:id="start30831"/>mantalspengar<anchor xml:id="end30831"/> för landböndernes<pb/> hela sällskap? Nog är det tid att jordbruket får andas; fastän adeln skriker om <hi rend="underline">revolution</hi>, när det talas om att deras jord skall deltaga i hållskjutsen. Mamma talar om att ersätta mig för det lilla jag gaf till respengar åt <persName corresp="pe323">Fanny</persName>. Hur skulle det komma i fråga? Det är ju jag, som skäms att jag ej har något att skicka som bidrag till fogdens långa räkning. Men, goda Mamma, haf i minnet att jag vidtalat vännen <persName corresp="pe37">Albert</persName> derom, så att Mamma alltid har hos honom en reserv, när det gäller, utan att Mamma behöfver genera sig för det, ty det är ju min affär. – Med min hushållning är det visst så, att åtskilligt flutit ut, som väl kunnat sparas in, om jag varit förståndigare; likväl har ej mer gått vid sidan nu än förut. Skillnaden är, att jag midt i den svåraste kris haft så dyra extra utgifter, som <anchor xml:id="start30833"/>utstyrsel och bröllopp<anchor xml:id="end30833"/>. Och om jag hushållat mycket bättre, än jag gjort, så vill det dock hampa sig så, att när man<pb/> på samma år får 2,000 mark mindre i inkomst och 3,000 mark mera i utgift, kan ingen hjelpa att ej differensen blir 5,000 mark. Jag hoppas nu emellertid, att den verkliga balansen ej skall öfverstiga 3,000 mark, när vi kommit till nästa September, från hvilken tid för ett år sedan jag måste beräkna <anchor xml:id="start30837"/>förlusten på <persName corresp="pe158">Thunberg<anchor xml:id="end30837"/></persName> och den egentliga kostnaden för vår älskade pia. Och skulle så vara, då ha vi i verkligheten gjort en besparing i andra utgifter. Det dyraste bland mina personliga utgifter är Konstnärsgillet. Jag har svårt att lemna det, emedan det troligen då skulle falla sönder, men vi skola från i vår ställa om det på en billigare fot. <!--understreckat med blyerts av annan hand. MD--><title corresp="ve252">Läseboken</title> ligger nu åter fram: den bränner mig i fingrarna.<!--understreckningen slut--> Så snart jag slutat <anchor xml:id="start30835"/>novellen i <title corresp="tw254">Åbo Underrättelser<anchor xml:id="end30835"/></title>, tar jag åter ihop med hufvudsaken, och jag har nu något mera tid, för det att <anchor xml:id="start30836"/>det mesta af föreläsningarna är skåpmat<anchor xml:id="end30836"/>, som<pb/> nu serveras andra gången. – Till <persName corresp="pe2417"><anchor xml:id="start30838"/>Gernandt</persName> i <placeName corresp="pl2961">Halmstad<anchor xml:id="end30838"/></placeName> skall jag åter skicka en post; han betalar 200 riksdaler per ark. Jag har haft mera bråk med andras affärer, än med mina egna. <persName corresp="pe158">Thunberg</persName> tror sig kunna <anchor xml:id="start30839"/>ge 30 procent<anchor xml:id="end30839"/>; få se om det lyckas. – Jag har inte heller varit rätt frisk sedan julen, men inte heller sjuk, utan i full verksamhet, utom att jag ej kunnat arbeta längre på qvällarna. Det är nervskrämpor och kanhända intet annat än gammal frossa, fastän den tager så konstig gestalt emellanåt. Jag begagnar nu <persName corresp="pe6401"><anchor xml:id="start30840"/>Morisons</persName> piller<anchor xml:id="end30840"/>, men utan att ändra diet. Den 12 Februari slöt jag tvärt af att röka (jag hade bordt fira Mammas födelsedag med detta heroiska beslut). Det var mycket svårt de första dagarna, som ej är att undra, när man suttit med pipan i munnen från 15 års ålder.) Men det gick, och nu är det redan vana. Min mening var ej något absolut tobaksförbud, utan blott att ej vara slaf af ett behof, och dertill har jag fått det. Jag röker nu någon gång en <anchor xml:id="start30841"/>papyros<anchor xml:id="end30841"/> efter middagen och en cigarr på qvällen i sällskap, men aldrig allena.<pb/> Icke har jag brytt mig om att fråga <persName corresp="pe500">Hjelt</persName>, men nog kan det hända han skulle förordna en badkur i sommar. Hvad göra vi då? Pengar ha vi ej att resa hvarken till <placeName corresp="pl1531">Nådendal</placeName> eller <placeName corresp="pl2921">Marstrand</placeName>, ehuru jag tror att det skulle göra <persName corresp="pe10">Mille</persName> godt ej mindre än mig, utan jag hoppas vi komma beskedligt hem igen till <placeName corresp="pl963">Kuddnäs</placeName> och inrätta der en dusch åt oss i smedjan. Bara det skulle bli af. Vi ha smått tänkt på att taga vår <persName corresp="pe566">Amalia</persName> med i år, om ej Mamma har något deremot; hon är en duglig och beskedlig och gladlynt flicka. – Strömrensnings direktionen föreslår nu kronan att rensa <placeName corresp="pl1819">Ragnörn</placeName>, och dertill lär hela den stora planen för närvarande krypa ihop. <persName corresp="pe92">Grundfelt</persName> och jag ha emellertid uppsatt en petition om båtfart från <placeName corresp="pl4694">Lappo kyrka</placeName> (tala ej om att jag varit med) och den skulle kosta 122,000 mark, fördelade på fem år. Vi ha sett hos strömrensarne mer än 40 vackra kartor öfver hela elfven lopp; det vore roligt att ha dem. – <persName corresp="pe11">Aina</persName> pian och <persName corresp="pe561">Berndt</persName> och hela vårt sällskap må väl och helsa farmor af hjertat. I går voro de här, tillika med <persName corresp="pe656">Borgströms</persName> och <persName corresp="pe3653">Paciuses</persName>, på 15:de Årsdagen af <title corresp="ve379">Kung Carls Jagt</title>. Må väl, min älskade Mamma!</p>
        <closer>
          <salute>Mammas</salute>
          <signed>Z.</signed>
        </closer>
          <postscript>
            <p rend="place_leftMargin"><!--skrivet i vänstra marginalen på sid. 8-->Inneliggande är en liten kommission till <persName corresp="pe556">Zache</persName>. – Helsa <persName corresp="pe451">Ezer</persName>, att hans bror <persName corresp="pe740">Gustaf</persName> var här i lördags och mår väl, jemte syster och bröder. <persName corresp="pe740">Gustaf</persName> var glad att få höra något om <persName corresp="pe451">Ezer</persName> –</p>
          </postscript>
        <postscript>
          <p rend="place_previousPage_leftMargin"><!--skrivet i vänstra marginalen på sid. 7--><rs corresp="pe140">Tants</rs> och <persName corresp="pe768">Leopolds</persName> må väl, utom att <persName corresp="pe160">Leopold</persName> vrickat sin arm, när han engång körde omkull. Alla tala här om <persName corresp="pe729">Bäckens</persName> <!--fortsätter i vänstra marginalen på sid. 6-->underkur med <persName corresp="pe533">Lagerborgs</persName> ben, fastän det är bara halffärdigt ännu, och den stackars <persName corresp="pe533">Lagerborg</persName> vågar sig ut bara för att slippa hundrafemti personer om dagen, som fråga ett och detsamma.</p>
        </postscript>
        <postscript>
          <p rend="place_previousPage_leftMargin"><!--skrivet i vänstra marginalen på sid. 5--><persName corresp="pe729">Bäcken</persName> väntas snart åter hit: <persName corresp="pe68">Gubben Borgström</persName> var i går hos oss på sitt första besök utomhus sedan 5 månader. Och den saken hade <persName corresp="pe729">Bäcken</persName> bestämdt klarerat på 2 dagar högst.</p>
        </postscript>
        <postscript>
          <p rend="place_previousPage_leftMargin"><!--skrivet i vänstra marginalen på sid. 4-->I thorsdag dog gamla <persName corresp="pe168">gubben Walléen</persName>. Han var 86½ år, <del>och</del> 2 månader äldre än <rs corresp="pe226">pappa</rs>. Jag kom deraf att tänka på, att jag i går var på dagen precis lika gammal, som min pappa, när han gick hädan.</p>
        </postscript>
        <postscript>
          <p rend="place_previousPage_leftMargin"><!--skrivet i vänstra marginalen på sid. 3-->Den nya <anchor xml:id="start30842"/>tryckfrihetslagen<anchor xml:id="end30842"/>, som är en hjerteutgjutelse af <persName corresp="pe5376">presidenten Schultén</persName> och <persName corresp="pe3132">baron Born</persName>, anses vara en chikan för ständerna och går icke igenom i ett enda stånd.</p>
        </postscript>
        <postscript>
          <p rend="place_previousPage_leftMargin"><!--skrivet i vänstra marginalen på sid. 2--><persName corresp="pe2744">Gumman Heikel</persName> och <persName corresp="pe726">Victor</persName> ha båda varit krassliga efter fadrens begrafning, så få se om de kunna resa i morgon. Mamma läste väl huru <rs corresp="pe2740">gubben</rs> följdes till grafven af tre stånd, utom adeln, som då hade plenum.</p>
        </postscript>
        <postscript>
          <p rend="place_previousPage_leftMargin"><!--skrivet i vänstra marginalen på sid. 1--><handShift new="#ET"/><persName corresp="pe614">Zachris</persName> som ämnade skrifva till <persName corresp="pe556">Zache</persName> och beställa en fisksump blef nu hindrad af <persName corresp="pe75">Cygneus</persName> som kom. Vill Mamma be <persName corresp="pe556">Zache</persName> gå till <persName corresp="pe2525">Dalsten</persName> och beställa en fisksump han vet väl sjelf hurdan den skall vara.</p>
        </postscript>
      </div>
    </body>
  </text>
</TEI>