<?xml version='1.0' encoding='UTF-8'?><TEI xmlns:xsi="http://www.w3.org/2001/XMLSchema-instance" xmlns="http://www.tei-c.org/ns/1.0" xsi:schemaLocation="http://www.tei-c.org/ns/1.0 file:/T:/Instruktioner,%20manualer,%20scheman/TEI-scheman%20(AM)/tei_brevschema.xsd">
  <teiHeader>
    <fileDesc>
      <titleStmt>
        <title>Br2062</title>
        <respStmt>
          <resp>Ansvarig redaktör:</resp>
          <name>Laura Mattsson</name>
        </respStmt>
      </titleStmt>
      <publicationStmt>
        <publisher>Zacharias Topelius Skrifter</publisher>
      </publicationStmt>
      <sourceDesc>
        <p>Arkivsignum: se databas</p>
      </sourceDesc>
    </fileDesc>
    <profileDesc>
      <handNotes>
        <handNote id="ZT" medium="black-ink">Zacharias Topelius</handNote>
        <handNote id="ET" medium="black-ink">Emilie Topelius</handNote>
      </handNotes>
    </profileDesc>
  </teiHeader>
  <text>
    <body xml:space="preserve">
      <!-- – ” ’ -->
      <div type="letter">
        <opener>
          <dateline><handShift new="#ZT"/><placeName corresp="pl399">Helsingfors</placeName> måndag 27 Febr. 1865.</dateline>
          <salute>Min Älskade <rs corresp="pe14">Mamma</rs>!</salute>
        </opener>
        <p rend="noIndent">Några rader mellan föreläsningen. Tack för Mammas sednaste kära bref. Vid detta laget har väl <persName corresp="pe42">Häggström</persName> efter löfte framfört muntliga helsningar. Sedan han for har intet synnerligt passerat. Vi äro Gudilof vid helsan, utom att <persName corresp="pe272">Toinis</persName> ögon varit och äro mera skrala, i synnerhet det venstra, på hvilket hon härtills sett bättre. Hennes ögon ha krånglat alltsen i höstas, och nu har hon en så envis fluss, förenad med snufva, att hon åter måst vara hemma från skolan och gjort oss rätt mycket bekymmer, ty fläckarna ha åter framträdt tydligare än förr. <persName corresp="pe568">Becker</persName>, som sköter om henne, säger nu visst att der ej är någon fara för synen och att han skall laga bort fläckarna, fast det går långsamt. Hon nyttjar nu mest atropin och bär lapp för venstra ögat. Grunden är troligen igen något skrofulöst. En sådan läsvurm är hon också, just som far hennes under slyngelåren, och när hon ej läser, så vill hon skrifva, nu när läsningen är förbjuden. Hon har fått <persName corresp="pe13">syster Eva</persName> nästan lika ifrig för literära arbeten. De skrifva tillsammans en skoltidning, som väl troligen kommer att stadna vid andra nummern. Prenumerationspriset är en griffel – en annan kamrat ger också ut en tidning, som kostar en stålpenna i prenumeration.</p>
        <pb/>
        <p>Jag vet ej, om Mamma <persName corresp="pe10">Emili</persName> berättat <persName corresp="pe272">Toinis</persName> och <persName corresp="pe13">Evas</persName> passion, om jag så får säga, för <persName corresp="pe561">Berndt Nyberg</persName>, – en passion som de dela med nästan alla sina skolkamrater. En dag var han här, medan <persName corresp="pe42">Häggström</persName> ännu var qvar, och då skulle de stjäla åt sig några hårstrån af hans storstöflar som souvenir. De kommo också och visade dem med mycken triumf, invecklade i ett papper; men andra morgonen kom <persName corresp="pe13">Eva</persName> så flat och sade: Vet du <persName corresp="pe272">Toini</persName>, jag tror vi klippte af <persName corresp="pe42">morbror Häggströms</persName> stöflar, för <persName corresp="pe561">Nyberg</persName> hade bara gummigaloscher – och så kastades souveniret af <persName corresp="pe42">morbror Häggströms</persName> stöflar i vrån. – <rs corresp="pe11">Stora syster</rs> deremot visar sig mera lugn, ehuru jag misstänker att är litet varmt ändå åt det hållet. Vi göra hvarken från eller till, och väl vore om kamraterne ej heller gjorde det, men alla <persName corresp="pe11">Ainas</persName> vänner äro sjelf förtjusta i föremålet och kunna ej låta bli att berömma honom. Saken står oafgjord som förr. – I förra veckan voro vi åter bjudna till stor och förnäm bal hos <persName corresp="pe10044">baron Muncks</persName> för <persName corresp="pe11">Ainas</persName> skull, men ingen af oss gick. Så otacksama voro vi, fastän det visst var välmening, ty inga andra från Universitetet voro den gången bjudna.</p>
        <p>– I går afton var <persName corresp="pe8430">konsul Hall</persName> här med <persName corresp="pe768">Leopolds</persName> – Mamma känner ju honom <foreign xml:lang="fre"><anchor xml:id="start28522"/>par renommé<anchor xml:id="end28522"/></foreign> – han är <hi rend="underline">spiritist</hi><pb/> eller andebesvärjare – medelst klappande bord eller den der maskin som kallas psykograf. Vi hade engång hos <persName corresp="pe160">Leopold</persName> talat i ämnet, och det intresserar mig att höra något mera derom, men icke tror jag på några klappandar, och skulle jag märka något ditåt, så vill jag visst ej ha vidare något att skaffa med det hedervärda sällskapet. <del>Men</del> Naturen är fullt af ännu oförklarade hemligheter: man forskar så långt man kan göra det med godt samvete. – Om öfriga nyheter vet jag blott, att myntförordningen numera väntas hvar dag, fastän ingen vet när. Allt beror numera på <persName corresp="pe203">Snellman</persName> – frågan är afgjord, <rs corresp="pe661">kejsarn</rs> har samtyckt. Hypotheksföreningen är tillsagd att tillsvidare ej gifva ut sina redan beviljade lån. Alla tro, att jordegendomen i hela landet skall stiga. – I dag har <anchor xml:id="start38975"/>Sylviaföreningen<anchor xml:id="end38975"/> soirée, och våra flickor äro naturligtvis åter i farten. Vi unna dem gerna den glada sången – i stället för balerna i vår ungdom. För ett par veckor sedan fingo de serenad.</p>
        <p>– Mina föreläsningar ha åter fullt hus. Bland åhörarinnorna ser jag äfven min gamle <persName corresp="pe136">lärare Reins</persName> <rs corresp="pe5206">dotter</rs>. – För resten har jag haft att göra med <anchor xml:id="start38977"/>mina lönlösa tjenster<anchor xml:id="end38977"/>, ibland mycket nog. Från <persName corresp="pe609">Thekla Knös</persName> har jag haft ett mycket vänligt bref.</p>
        <p><persName corresp="pe10"><anchor xml:id="start38976"/>Mille</persName> har börjat skrifva ihop ett nytt piano, som vi skulle så väl behöfva, men ej ha råd till. – Det är mina gamla sagor och visor ur <title corresp="tw169">Eos</title>, som skola tjena ihop det.<anchor xml:id="end38976"/></p>
        <pb/>
        <p>Mamma får ett mera svårläsligt bref, ser jag. – I lördags var <persName corresp="pe461">Johannes</persName> här, första afton, tror jag sedan i November. Han mår bra och tjenstgör nu på <placeName corresp="pl419">Lappviken</placeName>. <persName corresp="pe309">Julius</persName> fattig flyttar endera dagen till oss. Han är nu allvarsam igen. – Af <persName corresp="pe521">Gustaf Turdin</persName> hörs ej knäpp eller kny. – Mamma har ju hört huru <rs corresp="pe140">tant</rs> uthyrde sina rum så godt som <foreign xml:lang="fre"><anchor xml:id="start28524"/>par surpris<anchor xml:id="end28524"/></foreign>, när <persName corresp="pe5534">fru Langenskiöld</persName> fått veta af <persName corresp="pe423">Emil Borgström</persName> att <persName corresp="pe4086">Prytzens</persName> våning var ledig, som den ej var, och kom till tant för att hyra. Annars hade det väl knappt blifvit af. – <persName corresp="pe162">Sofi Leopold</persName> har ännu rosen i ansigtet och sitter inne.</p>
        <p>– Hos <persName corresp="pe656">Borgströms</persName> springa barnabarnen i kapp. – Jag vet nu intet annat, än att bedja <persName corresp="pe323">Fanny</persName> komma ihåg folkbibliotheket; det lär ej många intressera sig för så onödiga saker. – Måväl, goda Mamma och helsa äfven <persName corresp="pe2881">Wennerholms</persName>. Om vi lefva till sommaren, skall jag anteckna om <anchor xml:id="start28525"/>starka baron<anchor xml:id="end28525"/>. – Mammas egnaste</p>
        <closer>
          <signed>Z.</signed>
        </closer>
        <postscript>
          <p><handShift new="#ET"/><persName corresp="pe10">Emilie</persName> helsar så innerligt! Jag har afbördat mig en skuld i dag, bref till <persName corresp="pe360">Mina Julin</persName> – och dessutom till <persName corresp="pe319">Thilda</persName>. Allt vore godt om <persName corresp="pe272">Toinis</persName> öga blott blefve det. <persName corresp="pe500">Hjelt</persName> föreskref nyss fisklefverolja.</p>
        </postscript>
        <!-- skrivet i vänster marginal på sid 2 -->
        <postscript><p rend="place_previousPage_leftMargin"><handShift new="#ZT"/>I <title corresp="tw98">Hfors Tidn.</title> har jag skrifvit <anchor xml:id="start28526"/>om literära premierna (Renskrifvare)<anchor xml:id="end28526"/> och <anchor xml:id="start28527"/>om tredje kyrkan<anchor xml:id="end28527"/>. Man kan ej hålla fingrarna. – <persName corresp="pe8620" correspUncert="Y">Mattas</persName> ha ej sedan visat sig här. – <del>De b</del> Kanske få de arbete vid <placeName corresp="pl4905"><anchor xml:id="start28528"/>nya Dockan<anchor xml:id="end28528"/></placeName>.</p></postscript>

      </div>
    </body>
  </text>
</TEI>