<?xml version='1.0' encoding='UTF-8'?><TEI xmlns:xsi="http://www.w3.org/2001/XMLSchema-instance" xmlns="http://www.tei-c.org/ns/1.0" xsi:schemaLocation="http://www.tei-c.org/ns/1.0 file:/T:/Instruktioner,%20manualer,%20scheman/TEI-scheman%20(AM)/tei_brevschema.xsd">
  <teiHeader>
    <fileDesc>
      <titleStmt>
        <title>Br1745</title>
        <respStmt>
          <resp>Ansvarig redaktör:</resp>
          <name>Laura Mattsson</name>
        </respStmt>
      </titleStmt>
      <publicationStmt>
        <publisher>Zacharias Topelius Skrifter</publisher>
      </publicationStmt>
      <sourceDesc>
        <p>Arkivsignum: se databas</p>
      </sourceDesc>
    </fileDesc>
    <profileDesc>
      <handNotes>
        <handNote/>
        <handNote/>
      </handNotes>
    </profileDesc>
  </teiHeader>
  <text>
    <body xml:space="preserve">
      <!-- – ” ’ -->
      <div type="letter">
        <opener>
        <dateline><placeName corresp="pl399">Helsingfors</placeName> annan dag påsk 1860.</dateline>
        <salute>Min älskade <rs corresp="pe14">Mamma</rs>!</salute>
        </opener>
        <p><anchor xml:id="start26628"/>Tack för brölloppsbrefvet.<anchor xml:id="end26628"/> Wi kunde väl tänka det skulle gå ungefär så till, men det var ändå roligt att höra. Jag hade gerna velat se <persName corresp="pe107">Hildegard</persName> som brud med en ung fästman, då måste hon ha varit ännu vackrare; men det är väl bäst som sker; de unga ha sina sidor också; icke undrar jag på att hon föredrog kända förhållanden framför okända. Nog hade hennes gamla vänner kunnat skicka henne något; vi undrade att <persName corresp="pe161">Jenny</persName> glömde det. <persName corresp="pe3500">Rudolfine</persName> har ej varit här sedan vi fingo mammas bref; ett par dar förut voro hon och <persName corresp="pe7519">Josefine Wna</persName> och <persName corresp="pe284">Lina</persName> på talko hos <persName corresp="pe10">Emili</persName> och sydde hennes bruna sidenklädning, som hon fick till juklapp. <persName corresp="pe10">Emili</persName> tycker mycket om <persName corresp="pe7519">Josefine W.</persName>; det är en så bra och klok flicka, säger hon.</p>
        <p>Nå jag hoppas <persName corresp="pe79">tullförvaltar Dovner</persName> lyckligt anländt med sina damer till påsk. Wi sakna <persName corresp="pe79">Alexander</persName>, han var gammal vän och <anchor xml:id="start26657"/>egen i huset<anchor xml:id="end26657"/>. Jag skickade med honom ett sigill åt Mamma. Förlåt att det var med de krångliga anglosachsiska bokstäfverna, som man snarare får gissa sig till, men det kom sig deraf att jag köpte det färdigt och billigt hos <persName corresp="pe6946">Mellgren</persName> tillika med ett dylikt åt <persName corresp="pe11">Aina</persName>. Kanske hade mamma hellre velat ha bara S. T? – Sigillet var omlindadt med <anchor xml:id="start26629"/>brandstodsanmälan<anchor xml:id="end26629"/>, hvilket lärer förundra mamma. Jag hade bordt upplysa huru dermed hängde<pb/> ihop. Jag fick nemligen lof att stilisera om anmälan, derföre att <anchor xml:id="start26679"/>gravationsbeviset<anchor xml:id="end26679"/> icke var med, och ansöka hos direktionen att få inlemna det efteråt. Icke är jag alldeles säker om det beviljas, men tror det likväl, hvarföre Mamma är god och skickar mig det så fort det kan fås. Jag undertecknade anmälan: <persName corresp="pe14">Sofie Topelius</persName> genom <persName corresp="pe614">Z. Topelius</persName>, delägare, hvilket väl borde stoppa. – I denna vecka få vi nu ändtligen det välsignade <add>nya</add> reglementet ur händerna; det hade långt för detta varit färdigt, om vi ej råkat ut för en sölig och <anchor xml:id="start26631"/>långtrådig<anchor xml:id="end26631"/> rådman, som redigerade det.</p>
        <p>Jag vet ej om <persName corresp="pe10">Emili</persName> skrifver i dag och får derföre berätta att <persName corresp="pe162">Sofi Leopold</persName> <del>påskafton</del> <add>i förrgår</add> på morgonen skänkte sin gubbe en liten pia till påskgåfva. Wi ha just ej hört något sedan dess, men hoppas att mor och dotter befinna sig väl. <persName corresp="pe162">Sofi</persName> har merändels haft lätta <anchor xml:id="start26632"/>skjutsar<anchor xml:id="end26632"/>. Wårt namn tycks ha mera trefnad på qvinnolinien. <persName corresp="pe160">Leopolds</persName> lilla <persName corresp="pe630">Loll</persName> (<persName corresp="pe630">Georg</persName>) är nu den ende ynglingen af vårt namn här i landet, och närmast honom är ingen yngre än <persName corresp="pe461">Johannes</persName>. <persName corresp="pe22">Gustaf</persName> ser ut att bli gammal ungkarl, <persName corresp="pe19">Oskar</persName> fattig har ingen fast fot; hvad nu <persName corresp="pe161">Jenny</persName> må skänka sin man, få vi höra i sommar. Lilla <persName corresp="pe630">Loll</persName> är en hurtig och treflig pojke, min stora favorit; måtte han få lefva och bli en bra karl. – Jag <unclear reason="writing" resp="MD">talade</unclear> <persName corresp="pe521">Gustaf Turdin</persName><pb/> att skrifva till <persName corresp="pe33">Blank</persName> om sina skogsfunderingar, och det blef ändtligen af. Gossen fattig behöfde nu resa ut, men det väger först och främst med reskassan. <persName corresp="pe1278" correspUncert="Y">Numers</persName>, som hjelpt honom härtills, har svarat, beskedligt nog, att nu har han ej pengar förrän om ett år, men han vill gå i borgen så länge. Ingen annan än mig kan <persName corresp="pe521">Gustaf</persName> räkna på till den andra, och jag får väl så lof, fast jag har mina slarfvar också på andra håll. Jag tror jag sist skref huru <persName corresp="pe521">Gustaf</persName> fattig nu skulle <del>behöfva</del> vara hjelpt med en ganska ringa lott af fars och farfars fordna stora ägodelar! <persName corresp="pe521">Gustaf</persName> är en hjertans god gosse, men nog har han svårt att komma från latmasken. Får han pengar, så väger det, om han skall fara till <placeName corresp="pl3192">Tharand</placeName> i <placeName corresp="pl1977">Sachsen</placeName> eller till <placeName corresp="pl2157">Stockholm</placeName>; jag råder till det senare; kanske <rs corresp="pe29">hans mamma</rs> då kunde hushålla för honom; men <placeName corresp="pl3192">Tharand</placeName> anses vara förmer. – <persName corresp="pe19">Oskar</persName> blir ej färdig med sin disputation och <persName corresp="pe309">Julius</persName> ej med sin examen i vår: latmaskar äro de hela sällskapet, goda föresatser och dermed blir det. Flitigast är <persName corresp="pe461">Johannes</persName>; nog kommer han fram, om han får lefva. Det är kanske hans tur, att det inte finns en fläkt poesi uti honom, bara rama verkligheten men den bestyr han på sitt sätt bra nog om.</p>
        <p>Wi må gudskelof godt. <persName corresp="pe13">Eva</persName> och <persName corresp="pe272">Toini</persName> ha båda haft påssjukan och äro litet svullna ännu; <persName corresp="pe272">Toini</persName> hade långfredagen feber hela dagen, men så gick det<pb/> om utan annat än <anchor xml:id="start38599"/>homöopatisk kinin<anchor xml:id="end38599"/>, som vi ha stort förtroende för. De voro förut så <anchor xml:id="start26646"/>kirriga<anchor xml:id="end26646"/>. För <anchor xml:id="start26645"/>lönnfrossa<anchor xml:id="end26645"/> åtminstone tror jag ett bättre medel finns ej. <persName corresp="pe13">Eva</persName> har dragits med tandverk, jag har haft min snäf deraf, och <persName corresp="pe10">Emili</persName> har haft för mycket af en annan sort. Dessutom är hon hvar natt i krig med ett möss bakom tapeten i sängkammarn. <persName corresp="pe11">Aina</persName> har sytt en större lampduk till deras lotteri i skolan; de tänka lotta ihop ett harmonium. Näsblod har den gumman haft emellanåt. <persName corresp="pe274">Rosa</persName> åter blef vaccinerad den 3 April, och nu på 6:te dagen har hon sju <anchor xml:id="start26656"/>pollor<anchor xml:id="end26656"/> som se riktiga ut, men äro nog små ännu. Man rådde oss dertill, icke så mycket för att kopporna äro gängse (visst ha här varit några fall), utan fastmer för att ha det undangjordt innan tänderna komma. Ovanligt raskt barn är den gumman; Gud låte henne fortfara så. Hon är <anchor xml:id="start38598"/>fet som en palt<anchor xml:id="end38598"/> och stark så att hon håller på att klifva ur vaggan, sparkar och dansar och manövrerar sin tennskallra så att hon alltid får smala ändan i mun. Dessutom gladlynt och pratsam: mest liknar hon <persName corresp="pe13">Eva</persName>. Några röda prickor har hon till födelsemärke, lyckligtvis bak i nacken. Jo, kära <rs corresp="pe14">farmor</rs>, vi längta något alla, må farmor tro, efter sommaren, när vi, om Gud vill, få <anchor xml:id="start26630"/>kullra<anchor xml:id="end26630"/> på <placeName corresp="pl963">Kuddnäs</placeName> igen. Ibland kommer det åt <persName corresp="pe13">Eva</persName> att hon ”har så ledsamt efter farmor”– och häromdagen skrek hon: nu blir det sommar, nu syns stocken!”– det var en stock, som legat under snön på gården. – Måväl, Gud låte mamma vara rask, så går nog tiden. Icke undrar jag att ni sakna <persName corresp="pe107">Hildegard</persName>. Helsa de nygifta från oss alla, och helsa <persName corresp="pe323">Fanny</persName>.</p>
        <closer>
          <salute>Mammas egnaste</salute> <signed>Z., E. Aina och pyringar.</signed>
        </closer>
        <postscript><!-- skrivet i vänstra marginalen på sid 4 --><p rend="place_leftMargin">Eva frågade häromdagen. ”Pappa, är det sannt att ryssarna ä såna <anchor xml:id="start26658"/>stjälagubbar<anchor xml:id="end26658"/>?”– ”Hur så?” sade jag. – ”Jo si pappa, de ha <anchor xml:id="start26659"/>stjäli<anchor xml:id="end26659"/> hela vårt land.” – Det lär hon ha uppsnappat någongång för ett halft år sedan – sådana öron ha de grytorna.</p></postscript>
        <postscript><!-- skrivet i vänstra marginalen på sid 3 --><p rend="place_previousPage_leftMargin"><persName corresp="pe1357">Gubben Etholén</persName>, kommerserådet, förlorade sin enda son, <persName corresp="pe7523">Justus</persName>. – <persName corresp="pe2709">Gumman Hjärnes</persName> ändalykt var bedröflig. När man ville skicka prest till henne, svarade hon: ”jag har lefvat utan det skräpet, och utan det vill jag dö.” Hon hade ej låtit sopa eller <!-- skrivet i vänstra marginalen på sid 2 --><seg rend="place_previousPage_leftMargin">skura i sin sängkammare på 20 år, och der låg hon <anchor xml:id="start26660"/>inmyrad<anchor xml:id="end26660"/> i smuts under två gamla fällar. – Många kakelugnar fulla med bref brändes upp efter henne. Man fann äfven verser till ”Sveaborgs tappra försvarare.” Åt en <persName corresp="pe7524">student Kohlström</persName>, som bott hos henne, testamenterade hon två tunga skrin med okändt innehåll.</seg></p></postscript>
        <postscript><!-- skrivet i vänstra marginalen på sid 1 --><p rend="place_previousPage_leftMargin">Nå, nu håller jag igen på med <title corresp="tw171">Läseboken</title>. <persName corresp="pe506"><anchor xml:id="start26667"/>Bonnier</persName> vill ha mina ”<title corresp="tw1643">Samlade mindre dikter</title>”, 20 ark, à 12 rubel arket, med uteslutande rätt på 8 år.<anchor xml:id="end26667"/> – <persName corresp="pe2553"><anchor xml:id="start26662"/>Mad:lle Rosa Puget</persName> i <placeName corresp="pl1615">Paris</placeName> öfversätter <title corresp="ve51">Efter 50 år</title> och begär att få alla mina arbeten.<anchor xml:id="end26662"/></p></postscript>
      </div>
    </body>
  </text>
</TEI>