﻿<?xml version="1.0" encoding="UTF-8"?>
<TEI xmlns:xsi="http://www.w3.org/2001/XMLSchema-instance" xmlns="http://www.tei-c.org/ns/1.0" xsi:schemaLocation="http://www.tei-c.org/ns/1.0 file:/T:/Instruktioner,%20manualer,%20scheman/TEI-scheman%20(AM)/tei_brevschema.xsd">
  <teiHeader>
    <fileDesc>
      <titleStmt>
        <title>Br1825</title>
        <respStmt>
          <resp>Ansvarig redaktör:</resp>
          <name>Laura Mattsson</name>
        </respStmt>
      </titleStmt>
      <publicationStmt>
        <publisher>Zacharias Topelius Skrifter</publisher>
      </publicationStmt>
      <sourceDesc>
        <p>Arkivsignum: se databas</p>
      </sourceDesc>
    </fileDesc>
    <profileDesc>
      <handNotes>
        <handNote />
        <handNote />
      </handNotes>
    </profileDesc>
  </teiHeader>
  <text>
    <body xml:space="preserve">
      <!-- – ” ’ -->
      <div type="letter">
        <opener><dateline><placeName corresp="pl399">Helsingfors</placeName> fredag 5 Juni 1863.</dateline>
        <salute>Min Älskade <rs corresp="pe14">Mamma</rs>!</salute>
        </opener>
        <p rend="noIndent">Just nu emottogo vi Mammas kära bref här i vårt nya hem. Mycket bråk har Mamma stackare med drängar och landbönder. Man skulle tycka det borde finnas dugligt folk att välja på – men de ha väl ej ondt om plats, och slarfvar är godt om. Aldrig blir det folket dugligt utan folkskolor och goda prester – det är så mycken förmätenhet hos den svenska österbottningen. I södra och medlersta <placeName corresp="pl62">Finland</placeName> ser det bra ut med höstsådet för alla som sått med gammal råg. <anchor xml:id="start27499" />Våren har varit mycket gynnsam,<anchor xml:id="end27499" /> och nu tyckas vi i rättan tid också börja få sommarvärme. Träden löfvas i full fart, gräset är mycket frodigt efter de många regnen.</p>
        <p>Mamma gissade rätt att <persName corresp="pe10">Mille</persName> ej skulle bli färdig till d. 4 Juni, det tänkte jag strax, och dermed är ingenting förloradt, äfven <placeName corresp="pl2921">Marstrand</placeName> är kyligt på vårsidan. Wi äro nu ändtligen inflyttade. <persName corresp="pe9296">Kavaleffs</persName>, som fingo redan vid nyåret fullt betaldt för sin gård, blefvo likväl ej färdiga att flytta ut förrän<pb /> den 3 Juni. I måndags fingo vi tre rum och begynte flytta. Barnen voro så bestyrsama och konkade med allt hvad de förmådde, docksakerna främst. Tisdag var en paus i bestyret: då reste <persName corresp="pe464">William</persName>, <persName corresp="pe460">Aline</persName> och <persName corresp="pe309">Julius</persName> kl. 2 på morgonen med Österbotten, välbehållna Gudskelof, utom att <persName corresp="pe460">Aline</persName> hade hosta. Det var just som en tyngd skulle fallit från hjertat, ty så många gånger (och ofta onödigt) ha vi haft bekymmer för dem vid minsta hufvudverk; icke är det så godt att ansvara för andras barn. <persName corresp="pe464">William</persName> har redan flyttat sina saker till <persName corresp="pe6333" correspUncert="Y">Bergboms</persName>. Onsdag flyttade vi resten och åto första middagen här; på qvällen bådo vi tillsammans om Guds beskydd. <persName corresp="pe7553">Crohns</persName> var artig och bad oss <del>komma</del> <add>flytta</add> tillbaka en annan gång, men det torde knappt ske. En vecka före flyttningen fick gubben ändtligen hyresgäst, en <persName corresp="pe5259">öfverste Streng</persName> vid staben, men 100 <choice><abbr>rub.</abbr><expan resp="EK">rubel</expan></choice> fick han pruta på hyran och var mycket ledsen öfver att här byggs så många nya fyravånings stenhus, som sätta ned hyrorna.</p>
        <pb />
        <p>Här äro nu många brister, som behöfva reparation, ty <persName corresp="pe1354">Kavaleff</persName> har låtit gården förfalla och förtjente likväl 1000 rubel på handeln. Tre rum måste omtapetseras, golf, fönster och dörrar målas, köket är kallt och röker in m. m., för att ej tala om rysslukten, som vill sitta i. Men med allt detta tror jag vi komma att trifvas bra, om Gud ger helsan. Rummen äro ljusa, trefliga och beqväma, med en mängd garderober, skrubbar och skänk i matsalen. Mitt bibliotheksrum beredde mig en angenäm surpris. Jag fann nemligen en hel vägg dubbel och inrättad till skåp med hyllor, som är ovärderligt när man har en massa böcker och pappersskräp. Uthusen äro präktiga, utom bagarstugan, som är i stenfoten, liten och dålig. Trädgården, som <persName corresp="pe105">prof. Ingman</persName> i tiden gjorde så vacker, har <persName corresp="pe1354">Kavaleff</persName> låtit alldeles förfalla och släppt sina hästar der på bete. Vi ångra oss nu att vi ej planterat grönsaker der, vi trodde der var så vått, men nu är der torrt och bra och likaså gården. Vi städa nu der ändå, och <persName corresp="pe11">Aina</persName> sår blomfrön.</p>
        <pb />
        <p>Emellertid måste rummen vädras med fönster och dörrar öppna, hvilket hade till påföljd att jag i går, precis på 14:de dagen fick <anchor xml:id="start27500" />recidiv af min frossa<anchor xml:id="end27500" />; men denna gång mycket lindrigare, så att jag i dag är som vanligt, utom litet trött. Jag fortfar hvarann dag med de ypperliga ångduscherna, och litet kinin får jag med underkasta mig. Det sägs att dessa duscher först drifva frossan till utbrott, för att grundligt kurera den. Emellertid kan det hända att jag för deras skull måste dröja här en vecka längre än vi ämnat – som kanske också blir nödigt för reparationerna, efter min värdinna reser bort och lemnar bestyret åt mig. Krafterna ha tagit sig betydligt sedan jag börjat vara i rörelse ute; förut ville hvarken ägg eller biffstek hjelpa.</p>
        <p><persName corresp="pe10">Mille</persName> är behjelpligen rask och har försökt sina nya tänder, som ännu ej passa. Nog väntar hon sig ledsamt, stackare, på sin resa, som blir nästa thorsdag den 11:te kl. 2 eller 4 på morgonen, men hon finner sig i nödvändigheten, och <persName corresp="pe272">Toini</persName> är vid godt mod tillsvidare. <persName corresp="pe10">Mille</persName> har så trefligt nu att sitta och sy med sin <persName corresp="pe11">Aina</persName>.<pb /> Barnen springa rödbrusiga i trädgården och <persName corresp="pe10">Mille</persName> funderar i dag att ändå så persilja och potäter. <persName corresp="pe9296">Kavaleffs</persName> ha tillochmed borttagit fruktträden derifrån. På det sättet blir man rik. <rs corresp="pe3971">Gumman</rs> är bra, och förlägen tycks hon vara för oss; hon skickade oss en graflax i förrgår; det är <rs corresp="pe1354">gubben</rs> som förstår sig på att förtjena.</p>
        <p>Aldrig vet man mera <anchor xml:id="start27501" />om kriget, det väger och vinglar. Lyckligtvis stå mexikanerna på sig och skaffa fransmännen fullt arbete. Hvem skulle tro att <placeName corresp="pl62">Finlands</placeName> närmaste framtid nu beror af <placeName corresp="pl3662">Mexiko</placeName>?<anchor xml:id="end27501" /> Jag vidhåller min tro, att ingenting särdeles blir i år. Här har <anchor xml:id="start27503" />bråkats grufligt med adresserna<anchor xml:id="end27503" />, hvarom Mamma läst i tidningarna. <placeName corresp="pl399">Hfors</placeName> borgerskap betedde sig ganska klokt och taktfullt. – Nog kommer hit militär. – Det är <placeName corresp="pl62"><anchor xml:id="start27502" />Finlands</placeName> ”neutralitet”<anchor xml:id="end27502" />, som gjort mycket väsen utrikes, sedan den från vårt <title corresp="tw172">Dagblad</title> kom i svenska tidningarna och derifrån i de franska. Just för att visa <anchor xml:id="start27580" />huru finnarne <hi rend="underline">icke</hi> önska bli neutrala, vill man nu ha adresser<anchor xml:id="end27580" /> i gång.</p>
        <pb />
        <p>Fyra sorters <anchor xml:id="start27504" />nya sedlar ha utkommit<anchor xml:id="end27504" />: på 12, 20, 40 och 100 mark. Jag skickar här åt mamma en 12 marks och en 20 marks som prof. De äro, som Mamma ser, försedda med både gubbar, gummor, kavaljerer och damer. Nog få finngubbarna stora ögon, när man säger dem att detta är pengar. 40 markerna äro blekgula och 100 markerna rosenröda med en utsigt af <placeName corresp="pl399">Hfors</placeName>.</p>
        <p>Dagen för vår resa åt norden kan ännu ej bestämmas, men <persName corresp="pe10">Mille</persName> skrifver till Mamma i måndag, kanske kunna vi då planera närmare. <persName corresp="pe360">Mina Julin</persName> far, om vi ej länge dröja, med oss till <placeName corresp="pl2299">Tamerfors</placeName>, – <persName corresp="pe656">Borgströms</persName> ha nu flyttat – men kunna ej ännu bo i nya huset. <persName corresp="pe798">Rosenkampffs</persName> må bra. <persName corresp="pe460">Aline</persName> nyttjar sitt bad efter <persName corresp="pe4472" correspUncert="Y">vattendoktorn Evert</persName>. – Vi tänka pracka oss fram på vagn, utan kärra; thé skall medfölja och material till skorpor. Skulle min Maja möjligtvis kunna litet omses nu på förhand?</p>
        <!-- skrivet i vänstra marginalen på sid 4 -->
        <postscript><p rend="place_previousPage_leftMargin"><rs corresp="pe140">Tant</rs> har nu <anchor xml:id="start27505" />alla tre pojkarna i <placeName corresp="pl2558">Warschau<anchor xml:id="end27505" /></placeName> – rakt i vargmun – nog är det ett bekymmer. De trösta sig med befordran.</p></postscript>
        <!-- skrivet i vänstra marginalen på sid 3 -->
        <postscript><p rend="place_previousPage_leftMargin">Ännu ha vi ej hört af <persName corresp="pe41">Granholm</persName>. Kanske är han nyss kommen.</p></postscript>
        <!-- skrivet i vänstra marginalen på sid 2 -->
        <postscript><p rend="place_previousPage_leftMargin"><persName corresp="pe7379">Knut Falck</persName> har rest till <placeName corresp="pl332">Sverige</placeName>. – I passen har blifvit lättnad och billigare.</p></postscript>
        <!-- skrivet i vänstra marginalen på sid 1 -->
        <postscript><p rend="place_previousPage_leftMargin">Helsa <persName corresp="pe37">bror Dyhr</persName> – jag har fått hans bref och uppdrag.</p></postscript>
      </div>
    </body>
  </text>
</TEI>