<?xml version='1.0' encoding='UTF-8'?><TEI xmlns:xsi="http://www.w3.org/2001/XMLSchema-instance" xmlns="http://www.tei-c.org/ns/1.0" xsi:schemaLocation="http://www.tei-c.org/ns/1.0 file:/T:/Instruktioner,%20manualer,%20scheman/TEI-scheman%20(AM)/tei_brevschema.xsd">
  <teiHeader>
    <fileDesc>
      <titleStmt>
        <title>Br2107</title>
        <respStmt>
          <resp>Ansvarig redaktör:</resp>
          <name>Laura Mattsson</name>
        </respStmt>
      </titleStmt>
      <publicationStmt>
        <publisher>Zacharias Topelius Skrifter</publisher>
      </publicationStmt>
      <sourceDesc>
        <p>Arkivsignum: se databas</p>
      </sourceDesc>
    </fileDesc>
    <profileDesc>
      <handNotes>
        <handNote medium="black-ink"/>
        <handNote/>
      </handNotes>
    </profileDesc>
  </teiHeader>
  <text>
    <body xml:space="preserve">
      <!-- – ” ’ -->
      <div type="letter">
        <opener>

        <dateline><placeName corresp="pl399">Helsingfors</placeName> 30 Dec. 1864.</dateline>

        <salute>Min Älskade <rs corresp="pe14">Mamma</rs>!</salute>

        </opener>
        <p rend="noIndent"><persName corresp="pe10">Mille</persName> får i dag framföra vår allrakärligaste nyårsönskan och vår tack för mammas kära bref. Ledsamt att den stygga värken oroar mamma! Jag skickar här ett recept på ett liniement, som <persName corresp="pe500">Hjelt</persName> förordnar till utvärtes gnidning på sjuka stället – och isynnerhet tillråder han <anchor xml:id="start28437"/>spansk fluga<anchor xml:id="end28437"/> der, så ofta den visar sig, och flugan bör vara beströdd med hvitt kamfertpulver. Han tror med säkerhet att den skall hjelpa. – Jag frågade äfven om Mammas kolik, ifall det var den som gjorde mammas julafton otreflig. Han tror, liksom mamma sjelf,<pb/> att koliken kommer utaf förstoppning och anser ingenting vara så lämpligt att fort häfva den, som ett lavemang. – För resten tycktes han anse höftvärken som något tillfälligt, hvilket ej bör oroa mamma, och troligen har den kommit af drag eller förkylning, för hvilka mamma ej är van att tillräckligt akta sig. Mamma må väl ej ligga med sin säng mot en kall vägg? – Få se nu, om mamma är i <placeName corresp="pl1142">Larsmo</placeName>, när detta framkommer. – Guds bästa välsignelse öfver mamma och alla våra kära på det stundande nya året!</p>
        <closer>

        <salute>Mammas egnaste</salute> <signed>Z.</signed>

        </closer>
      </div>
    </body>
  </text>
</TEI>