<?xml version='1.0' encoding='UTF-8'?><TEI xmlns:xsi="http://www.w3.org/2001/XMLSchema-instance" xmlns="http://www.tei-c.org/ns/1.0" xsi:schemaLocation="http://www.tei-c.org/ns/1.0 file:/T:/Instruktioner,%20manualer,%20scheman/TEI-scheman%20(AM)/tei_brevschema.xsd">
  <teiHeader>
    <fileDesc>
      <titleStmt>
        <title>Br1822</title>
        <respStmt>
          <resp>Ansvarig redaktör:</resp>
          <name>Laura Mattsson</name>
        </respStmt>
      </titleStmt>
      <publicationStmt>
        <publisher>Zacharias Topelius Skrifter</publisher>
      </publicationStmt>
      <sourceDesc>
        <p>Arkivsignum: se databas</p>
      </sourceDesc>
    </fileDesc>
    <profileDesc>
      <handNotes>
        <handNote/>
        <handNote/>
      </handNotes>
    </profileDesc>
  </teiHeader>
  <text>
    <body xml:space="preserve">
      <!-- – ” ’ -->
      <div type="letter">
        <opener>
        <dateline><placeName corresp="pl399">Helsingfors</placeName> måndag 11 Maj 1863.</dateline>
        <salute>Min älskade <rs corresp="pe14">Mamma</rs>!</salute>
        </opener>
        <p rend="noIndent">Derute är 14 graders sommar, litet mulet och i väntan på ett vackert Majregn; – i går och mest hela förra veckan den herrligaste vår. Den får jag nu betrakta genom rutan, men det gör ingenting, när Guds godhet ändå skiner klart in genom alla fönster och springor. Jag spatserar nu öfverallt inomhus och känner af <anchor xml:id="start27456"/>min krankhet<anchor xml:id="end27456"/> just intet annat än litet återstående knäsvaghet och en obetydlig tyngd öfver venstra sidan, som säges ofta vara märkbar i flera veckor, innan den löser och reder sig. Aptit och sömn fortfarande förträffliga. – <persName corresp="pe10">Mille</persName> <foreign xml:lang="fin"><anchor xml:id="start27452"/>rukka<anchor xml:id="end27452"/></foreign> går nu här och hänger läpp; hon hade redan på egen hand slagit <placeName corresp="pl2921">Marstrand</placeName>sresan ur hågen och gladt sig att få följa oss andra till Mamma. Men i lördags anställde <persName corresp="pe500">Hjelt</persName> ett formeligt förhör med stetoskop etc., och resultatet blef <placeName corresp="pl2921">Marstrand</placeName>, utan prut, så att nu lär det ej hjelpa, fastän vi båda sucka en smula.</p><pb/>
        <p>Den 1 Juni ämna vi <anchor xml:id="start27461"/>flytta<anchor xml:id="end27461"/> – vi få ej förr, emedan de snåla <persName corresp="pe9296">Kavaleffs</persName> stadna qvar i det längsta, fastän de ha sitt stora <placeName corresp="pl163">Domarby</placeName> att flytta till – och egentligen är det opassligt för våra reparationer. Så går väl en vecka in på Juni, och då resa <persName rend="underline" corresp="pe10">Emili</persName> och <persName corresp="pe272" rend="underline">Toini</persName> på ångbåt till <placeName corresp="pl2157">Stockholm</placeName> och derifrån, efter ett par dagars rastetid, på jernväg till <placeName corresp="pl304">Götheborg</placeName>. Strax derpå packa vi in och kuska på jernväg till <placeName corresp="pl2315">Tavastehus</placeName>, sedan vi beställt vagn och kurirkärra oss till mötes från <persName corresp="pe176">lagman Wetterhoffs</persName>. Detta sällskap består af <persName corresp="pe888">moster Mina</persName>, som följer under vårt beskydd till <placeName corresp="pl2299">Tammerfors</placeName>, vidare jag, <persName corresp="pe11">Aina</persName>, <persName corresp="pe13">Eva</persName>, <persName corresp="pe530">jungfru Lotta</persName> och troligen <persName corresp="pe5240">Hanna Snellman</persName>, som bett <persName corresp="pe11">Aina</persName> att få resa i vårt sällskap till <placeName corresp="pl788">Keppos</placeName>. På Mamma beror nu, om vi medtaga <persName corresp="pe530">Lotta</persName>. <persName corresp="pe10">Mille</persName> tror att hon gör nytta, både med tvätt och annat, hon är mera rapper. <persName corresp="pe516">Fina</persName> och <persName corresp="pe9432">Tattu</persName> taga tjenst för sommarn, vår köksa <persName corresp="pe878">Lovisa</persName> vaktar gården. – Den <hi rend="underline">nordiska</hi> karavanen reser då öfver <placeName corresp="pl2299">Tamerfors</placeName>,<pb/> derifrån på ångbåt öfver <placeName corresp="pl1539">Näsijärvi</placeName> etc. ända till <placeName corresp="pl1922">Ruovesi</placeName> och så vidare på landsväg till <placeName corresp="pl963">Kuddnäs</placeName>.</p>
        <p>– Den <hi rend="underline">vesterländska</hi> karavanen, stackars två, har ännu veterligen intet bekant ressällskap; endast en ung <persName corresp="pe5243">fru Stjernvall</persName>, f. <persName corresp="pe5243">Knorring</persName>, har bett att få åtfölja <persName corresp="pe10">Emili</persName> till <placeName corresp="pl2921">Marstrand</placeName>. Nog reser dit folk, så att enslig blir ej den färden, men lugnare och trefligare vore det att få någon bekant. Wi veta nu ej hvad <persName corresp="pe25">Ludvig</persName> tänker; hans helsa skulle nog behöfva en <placeName corresp="pl2921">Marstrands</placeName>tur. <persName corresp="pe272">Toini</persName>, som först var så olycklig öfver resan, har nu alldeles blifvit af annan mening, sedan hon fick bref af <persName corresp="pe2287">Ellen Hörlin</persName> i <placeName corresp="pl2921">Marstrand</placeName>. Nu är hon så <anchor xml:id="start27453"/>pickhågad<anchor xml:id="end27453"/>, att hon skulle nödvändigt skrifva till <persName corresp="pe2287">Ellen</persName> i dag: ”vet du, <persName corresp="pe2287">Ellen</persName>, att om två veckor resa vi till <placeName corresp="pl2921">Marstrand</placeName>.” – Att få se kungen, det är ock något, och nu börjar <persName corresp="pe13">Eva Maja</persName> på att vilja <anchor xml:id="start27454"/>kälta sig<anchor xml:id="end27454"/> med. ”Det finns ingen kung i <placeName corresp="pl1512">NyCarleby</placeName>”, säger hon. – Hur det nu må vara, när det kommer till afskedet. <persName corresp="pe272">Toini</persName> är allt ännu <anchor xml:id="start27462"/>pjåkig<anchor xml:id="end27462"/> för sjön och funderade på att resa landvägen öfver <placeName corresp="pl2396">Torneå</placeName>. – Nog vore det<pb/> lyckligt för pian stackare att riktigt få stärka ögon, öron och alla lemmar, innan hon börjar sin skolgång. Det kan hända att <persName corresp="pe423">Emil Borgström</persName> frampå sommarn reser till <placeName corresp="pl2921">Marstrand</placeName>.</p>
        <p>– Barnen arbeta nu på eft. middagarna med skyfflar och skottkärra i vår nya trädgård. Ångfartyg gå och komma, det skall vara grönt i <placeName corresp="pl666">Kajsaniemi park</placeName>. Nog längta vi ut. – Mammas affärer ligga ofta för mig. Jag är allt lika <unclear reason="endline" resp="MD"><anchor xml:id="start27455"/>rukovigg<anchor xml:id="end27455"/></unclear> i min kassa. Nu skref jag sist och <anchor xml:id="start38912"/>björnade<anchor xml:id="end38912"/> <title corresp="tw184">Dagl. Allehanda</title>. – <anchor xml:id="start38909"/>Om tjensten hörs ännu intet från <placeName corresp="pl1957">Pburg</placeName>.<anchor xml:id="end38909"/> – Här h<subst><del>ar</del><add>a</add></subst> studenterne dummat sig litet. Det kom genom <persName corresp="pe539">baron Munck</persName> en något oförsigtig påtryckning att universitetet borde afsända en tillgifvenhetsadress till <persName corresp="pe661">kejsaren</persName>. Pojkarne fingo nys derom, och nog vet man det var en hiskelig sak (att gå ständerna i förväg, hette det), och så skickades i förrgår deputationer till alla professorer, som sitta i konsistorium, att de skulle vara så goda och icke föra talan på <hi rend="underline">hela</hi> universitetets vägnar. Somliga deputerade blefvo afsnästa, somliga mottagna; numera börja pojkarna sjelfva skämmas en smula. – Men knappt nog lär någon adress gå af. – Måväl, allrakäraste Mamma! <persName corresp="pe10">Mille</persName> helsar och vi alla omfamna Mamma – också Mammas</p>
        <closer>
        <signed>Z.</signed>
        </closer>
        <!-- skrivet i vänstra marginalen på sid 4 -->
        <postscript><p rend="place_leftMargin">Vid rektorsvalet blef ju <persName corresp="pe466">Arppe</persName> förbigången af <persName corresp="pe143">Schauman</persName>.</p></postscript>
        <!-- skrivet i vänstra marginalen på sid 2 och 3 -->
        <postscript><p rend="place_previousPage_leftMargin">Helsa <persName corresp="pe37">Dyhr</persName> och <persName corresp="pe92">Grundfeldt</persName>, att <anchor xml:id="start27458"/>det ser <hi rend="underline">fredligt</hi> ut<anchor xml:id="end27458"/>, hur än svenska tidningarna spraka och <anchor xml:id="start38911"/>hixta<anchor xml:id="end38911"/>. Man kan ej se långt framåt, men förrän i slutet af <seg rend="place_previousPage_leftMargin">Juli eller början af Aug. bli knappt diplomaterna färdiga, och då börjar det redan bli sent att skicka en fransk flotta till Östersjön.</seg></p></postscript>
        <!-- skrivet i vänstra marginalen på sid 1 -->
        <postscript><p rend="place_previousPage_leftMargin">Skulle der finnas gamla eller nya nät att köpa?</p></postscript>     
      </div>
    </body>
  </text>
</TEI>