﻿<?xml version="1.0" encoding="UTF-8"?>
<TEI xmlns:xsi="http://www.w3.org/2001/XMLSchema-instance" xmlns="http://www.tei-c.org/ns/1.0" xsi:schemaLocation="http://www.tei-c.org/ns/1.0 file:/T:/Instruktioner,%20manualer,%20scheman/TEI-scheman%20(AM)/tei_brevschema.xsd">
  <teiHeader>
    <fileDesc>
      <titleStmt>
        <title>Br2056</title>
        <respStmt>
          <resp>Ansvarig redaktör:</resp>
          <name>Laura Mattsson</name>
        </respStmt>
      </titleStmt>
      <publicationStmt>
        <publisher>Zacharias Topelius Skrifter</publisher>
      </publicationStmt>
      <sourceDesc>
        <p>Arkivsignum: se databas</p>
      </sourceDesc>
    </fileDesc>
    <profileDesc>
      <handNotes>
        <handNote medium="black-ink" />
      </handNotes>
    </profileDesc>
  </teiHeader>
  <text>
    <body xml:space="preserve">
      <!-- – ” ’ æ ½ -->
      <div type="letter">
        <opener>
          <dateline><placeName corresp="pl2735">Åbo</placeName>, söndagsafton 19 Jan. 1868.</dateline>
          <salute>Min älskade <rs corresp="pe14">Mamma</rs>!</salute>
        </opener>
        <p rend="noIndent">Helsningar från Åbo! Klockan är 11, jag kommer nyss från bildningscirkelns soirée och längtar att få språka en stund med Mamma. Ja, här sitter jag nu, gamla gosse, inmyrad i <anchor xml:id="start31213" />en komité<anchor xml:id="end31213" />. Gud gifve jag kunde uträtta någonting för allt hvad jag kostar kronan, två hästars skjuts och 12 mark om dagen. Jag skall nu börja med resan, om det kan roa Mamma att höra vid kaffebordet. I onsdags hvilade vi ut efter gratulationer och artigheter, som Mamma får läsa i tidningarna. Thorsdag morgon kysste jag alla mina kära i <placeName corresp="pl399">Helsingfors</placeName> (äfven <persName corresp="pe561">Berndt</persName> och <persName corresp="pe11">Aina</persName> hade legat hos oss öfver natten) och så satt jag kl. 7 i en öppen <placeName corresp="pl2492">Uskela</placeName> släde, som jag åtagit mig att föra till <placeName corresp="pl2735">Åbo</placeName>, jemte fäll, och reste af i sällskap med professorerne <persName corresp="pe564">Lille</persName> och <persName corresp="pe293"><subst><del>E</del><add>C</add></subst>. Essen</persName>, som åkte i <anchor xml:id="start31215" />kursläde<anchor xml:id="end31215" />. Det var blidt väder. Kl. 2 kommo vi till <persName corresp="pe564">Lilles</persName> prestgård i <placeName corresp="pl2091">Sjundeå</placeName>, der han har sina barn och sina gamla systrar. Der åto vi middag<pb /> och skulle få resa, men <persName corresp="pe564">Lille</persName> var trött och hade mycket att uträtta, och så stadnade vi hos det vänliga folket till fredag morgon. Då sutto vi åter kl. 6 i släden, en lugn, månljus vintermorgon vid 10 graders köld och körde mellan de höga, snöiga kullarna samt kommo kl. 11 på qvällen till <placeName corresp="pl3041">Rungo</placeName>, 13 verst från <placeName corresp="pl2735">Åbo</placeName>. Andra morgonen, lördag kl. 8, kommo vi hit, och kl. 10 voro vi redan, slätrakade, hos <rs corresp="pe549">erkebiskopen</rs>, som var mycket vänlig, fastän vi dröjt 3 dagar öfver tiden. Lördag e. m. hade vi<del>d</del> första sammanträdet, 9 man starka, i domkapitlet och fingo vår arbetsordning. Det är två afdelningar. För finska psalmboken äro här <persName corresp="pe122">Lönnrot</persName>, <persName corresp="pe293">Essen</persName>, <persName corresp="pe53">Roos</persName>, <persName corresp="pe6679">Kiljander</persName>, <persName corresp="pe438">Ahlqvist</persName> och <persName corresp="pe2866">Lindström</persName>; för den svenska ännu bara <persName corresp="pe564">Lille</persName> och jag, men <persName corresp="pe143">biskop Schauman</persName> väntas i morgon. De finska ha bara att revidera <persName corresp="pe122">Lönnrots</persName> bihang till psalmboken och tro sig bli färdiga om två veckor. Vi åter ha först att revidera <title corresp="tw2347"><persName corresp="pe148">Stenbäcks</persName> psalmbok</title> och sedan att göra ett bihang, som inne<pb />håller psalmer öfver många tillfällen, som ej äro ihågkomna i <title corresp="ve1212">gamla psalmboken</title>. Det senare är en klar sak, men värre är <anchor xml:id="start31217" />att kriticera på engång <title corresp="ve1212">gamla psalmboken</title>, <persName corresp="pe2">Runeberg</persName> och <persName corresp="pe148">Stenbäck</persName>.<anchor xml:id="end31217" /> De<subst><del>n</del><add>t</add></subst> har jag bedt att slippa, men få se om jag slipper. Jag tycker att båda de nya förslagen äro för mycket hyflade och konstgjorda, men det är lättare att se andras brister, än att sjelf göra bättre. Utan Guds heliga ande arbeta vi alla fåfängt; jag har bedt om Hans kraft, jag svaga redskap, som ingenting förmår af mig sjelf. – Vi bo i <placeName corresp="pl662">societetshuset</placeName>, dit Mamma ville adressera brefven, om Mamma skrifver direkt, men kanske skrifver Mamma till <persName corresp="pe10">Emili</persName>, och hon skickar sedan åt mig, ty vi korrespondera två gånger i veckan. Jag har ett större rum med två fönster och alla tillbehör mot gatan; bredvid mig bor <persName corresp="pe564">Lille</persName> med dörr emellan. Vi äro inackorderade på månad för 3 mark om dagen, då vi ha kaffe, middag och qvällsvard samt annat fritt, utom tvätt och ljus. Här tycks vara bra nog, fast ovant att lefva på ungkarlsfot. Mest är jag rädd för många <pb /><add place="topMargin"><hi rend="underline">Måndagsmorgon 20 Jan.</hi></add> vänner och många besök. Hos erkebiskopen hotar jag redan att blifva hvardagsgäst. Lördagsafton var hela komitén ditbjuden, och Söndagsmiddag åto <persName corresp="pe564">Lille</persName> och jag likaså der. Gubben, <rs corresp="pe723">gumman</rs> och <rs corresp="pe10068">fyra döttrar</rs> äro alla mycket vänliga. Lördagsafton kl. 10, sedan vi hemkommit, kom <placeName corresp="pl2735">Åbo</placeName> bildningscirkel, herrar och fruntimmer, med sin fana och sjöng här utanför. Söndagsmorgon kl. 8 fylldes gatan åter af folk; det var gymnasisterne med sin fana och sin sångkör. Vid båda harangerna höllos välkomsttal, som jag måste besvara. Söndagsafton voro vi bjudne till <anchor xml:id="start31220" />bildningscirkelns soirée i stora societetssalen<anchor xml:id="end31220" /> och mottogos med musik och artigheter. Der voro 4 à 500 personer, föredrag, sång och dans. En massa besök var här Söndagsmorgon och e. m.<del>,</del> Jag hann likväl höra <persName corresp="pe679">Renvall</persName> predika i <placeName corresp="pl2740">domkyrkan</placeName> och sedan titta in hos <persName corresp="pe3856">Julins</persName>. Biskopen visade oss <persName corresp="pe1111">Karins Månsdotters</persName> vackra marmorkista, men i <placeName corresp="pl2740">domkyrkan</placeName> var så kallt, att vi fröso och snöflingor föllo från taket på gången. – Jag hinner nu ej berätta mer; jag <!--brevet fortsätter i vänstra marginalen på sid. 4--><seg rend="place_leftMargin">skall skrifva till <persName corresp="pe10">Emili</persName> och sedan börja arbeta på allvar. Måväl, älskade Mamma! Hvad jag längtar att åter få höra något om Mamma. Helsa <persName corresp="pe323">Fanny</persName> och alla vännerna. Jag skall skrifva till Mamma hvar måndag, om tiden medgifver.</seg></p>
        <closer rend="place_leftMargin">
          <salute>Mammas egen</salute>
          <signed>Z.</signed>
        </closer>
        <postscript>
          <p rend="place_previousPage_leftMargin"><!--skrivet i vänstra marginalen på sid. 3-->Här klagas, som öfverallt, öfver fattigdom, men icke ser man just många tiggare. I lördags var marknad med mycket folk; lin köptes här för 7 mark <anchor xml:id="start31226" />pundet<anchor xml:id="end31226" />. – <persName corresp="pe3854">Julin</persName> berättade att han nu i 3 veckor låtit två fångar <!--fortsätter i vänstra marginalen på sid. 2-->äta bröd af två delar hö och en del rågmjöl med ströming och surmjölk samt potates två gånger i veckan. Karlarne må godt deraf, äro nöjda och tilltaga i vigt, ty de vägas hvar vecka. Härom dagen kom en gumma till <persName corresp="pe3854">Julin</persName> och sade: ”nu ha vi ätit upp all vår mossa. Hitta nu på något annat.”</p>
        </postscript>
        <postscript>
          <p rend="place_previousPage_leftMargin"><!--skrivet i vänstra marginalen på sid. 1-->Få se, om jag träffar <persName corresp="pe20">Selma T.</persName> eller hinner till <placeName corresp="pl1531">Nådendal</placeName>. Om jag slipper lös, skulle jag gerna helsa på <persName corresp="pe741">Lisette</persName> en dag.</p>
        </postscript>
      </div>
    </body>
  </text>
</TEI>