﻿<?xml version="1.0" encoding="UTF-8"?>
<TEI xmlns:xsi="http://www.w3.org/2001/XMLSchema-instance" xmlns="http://www.tei-c.org/ns/1.0" xsi:schemaLocation="http://www.tei-c.org/ns/1.0 file:/T:/Instruktioner,%20manualer,%20scheman/TEI-scheman%20(AM)/tei_brevschema.xsd">
  <teiHeader>
    <fileDesc>
      <titleStmt>
        <title>Br1811</title>
        <respStmt>
          <resp>Ansvarig redaktör:</resp>
          <name>Laura Mattsson</name>
        </respStmt>
      </titleStmt>
      <publicationStmt>
        <publisher>Zacharias Topelius Skrifter</publisher>
      </publicationStmt>
      <sourceDesc>
        <p>Arkivsignum: se databas</p>
      </sourceDesc>
    </fileDesc>
    <profileDesc>
      <handNotes>
        <handNote />
        <handNote />
      </handNotes>
    </profileDesc>
  </teiHeader>
  <text>
    <body xml:space="preserve">
      <!-- – ” ’ -->
      <div type="letter">
        <opener>
        <dateline><placeName corresp="pl399">Helsingfors</placeName> 3 Febr. 1863.</dateline>
        <salute>Min Älskade <rs corresp="pe14">Mamma</rs>!</salute>
        </opener>
        <p rend="noIndent">Jag begagnar en ledig stund på mammas 72:dra födelsedag, för nedkalla Guds bästa välsignelse öfver min kära goda moder och önska till Gud att vi ännu länge må under Hans beskärm få behålla hvarandra med helsan. Detta är på samma gång min trogna makas innerliga bön, och skulle ej <rs corresp="pe14">farmors</rs> små och stora pullor vara så vigtiga med sina lexor, ville de visst skrifva detsamma. Nu helsa de genom mig. De ha fått den förmaningen och gifvit det löftet att vara mer än vanligt snälla i dag, på farmors födelsedag.</p>
        <p>Jag önskar bland annat godt också att farmor må slippa träta med landbönder, nämndemän och landtmätare ju förr dess hellre och tillbringa sina dagar, antingen med barn och barnabarn, som vore allas vår önskan, eller åtminstone fredligt och lugnt, utan att hushålla för mycket på sådana beqvämligheter, som mamma vid sin ålder ej borde umbära. Om köpeaffären med <placeName corresp="pl963">Kuddnäs</placeName> sväfva vi ännu uti okunnighet;<pb /> kanske var det blott litet prat, som man ofta hör. Det finns två anledningar till den förmodan att jordegendomen fortfar att stiga i värde, bara vi komma öfver hungertiden. Den ena är hypotheksföreningen, som för in mycket pengar, enkom bestämda för jordbruket, hvilket i <placeName corresp="pl332">Sverige</placeName> inom tio år nästan fördubblat jordens värde. Den andra orsaken är att regeringen är i beråd att uppoffra stora understöd för jordbruket. Som mamma finner af <anchor xml:id="start27387" />jordbruksexpeditionens förslag<anchor xml:id="end27387" /> (<title corresp="tw98">Hfors Tidn.</title> för i dag), är meningen att isynnerhet uppdrifva ängar och ladugård uti <placeName corresp="pl2470">Uleåborgs</placeName>, <placeName corresp="pl2564">Wasa</placeName> och <placeName corresp="pl1008">Kuopio län</placeName>, hvilket bör vara ett klokt förslag. Jag funderar allt, huru vi kunde få en jordbruksskola till <placeName corresp="pl1511">NyCarleby</placeName>, men något skall socknen sjelf göra, icke packar man sådant uppå en. Emellertid är det klart, att vi ej kunna sälja vår jord för underpris; i en karls hand, som har pengar att nedlägga (och det fås genom hypoth. föreningen, om ej annars), böra <placeName corresp="pl963">Kuddnäs</placeName> och <placeName corresp="pl3170">Frill</placeName> om tio år vara värda minst 16 à 20,000 rubel.</p>
        <p>Jag vet ej heller hvad jag skall kunna göra för <placeName corresp="pl1142"><anchor xml:id="start27384" />Larsmo</placeName> landsväg<anchor xml:id="end27384" />. Om inlagan gått genom mig, hade jag haft en särskild anledning att<pb /> tala för skälen. Nog har jag likväl ämnat höra åt i ekonomin, men denna tid har jag haft en sådan pers med <anchor xml:id="start27385" />mitt svenska skriftställeri<anchor xml:id="end27385" />, att jag ej hunnit ens med en hop angelägna bref, som jag längesedan bordt afsända. Nu i veckan hoppas jag dock få svenskarne i ordning och torde från dem ha att påräkna omkr. 500 rubel. Af denna nätta <anchor xml:id="start27386" />sportel<anchor xml:id="end27386" />, hvaraf dock större delen åtgår att stoppa i hålen efter resan m. m., hoppas jag kunna skicka Mamma ett litet bidrag åt landtmätarne, hvilka ej lära försumma att infinna sig. Det dumma är att jag ej med visshet kan säga när jag får dessa pengar, ty vi öfverenskommo att de skulle utfalla när långa novellen är färdig tryckt. Det torde väl knappt ske, förrän i slutet af Februari, eller början af Mars.</p>
        <p>
          <hi rend="underline">Fredag 6 Febr.</hi>
        </p>
        <p>Jag blef afbruten sist af främmande och hinner ej nu, sedan jag slutat min svenska post, säga mer, än att vi med glädje vänta <persName corresp="pe54">Wilhelm</persName> och <rs corresp="pe262">syster</rs> kära, som skola få deras eget afskilda rum och icke behöfva generas af främmande eller annat, mer än af närmaste slägten. – Måväl, älskade Mamma. Snart kanske mera från</p>
        <closer>
        <salute>Mammas</salute> <signed>Z.</signed>
        </closer>
      </div>
    </body>
  </text>
</TEI>