<?xml version='1.0' encoding='UTF-8'?><TEI xmlns:xsi="http://www.w3.org/2001/XMLSchema-instance" xmlns="http://www.tei-c.org/ns/1.0" xsi:schemaLocation="http://www.tei-c.org/ns/1.0 file:/T:/Instruktioner,%20manualer,%20scheman/TEI-scheman%20(AM)/tei_brevschema.xsd">
  <teiHeader>
    <fileDesc>
      <titleStmt>
        <title>Br2040</title>
        <respStmt>
          <resp>Ansvarig redaktör:</resp>
          <name>Laura Mattsson</name>
        </respStmt>
      </titleStmt>
      <publicationStmt>
        <publisher>Zacharias Topelius Skrifter</publisher>
      </publicationStmt>
      <sourceDesc>
        <p>Arkivsignum: se databas</p>
      </sourceDesc>
    </fileDesc>
    <profileDesc>
      <handNotes>
        <handNote medium="black-ink"/>
      </handNotes>
    </profileDesc>
  </teiHeader>
  <text>
    <body xml:space="preserve">
      <!-- – ” ’ æ ½ -->
      <div type="letter">
        <opener>
          <dateline><placeName corresp="pl399">Helsingfors</placeName> måndag 20 Maj 1867.</dateline>
          <salute>Min Älskade <rs corresp="pe14">Mamma</rs>!</salute>
        </opener>
        <p rend="noIndent">Jag begagnar en ledig stund, för att lägga några ord till förra onsdagens bref. I förrgår, lördag, fingo vi Mammas kärkomna bref af den 12 Maj; det hann ej till Sofiadagen, men var lika väl ment. Innerligen gläder det oss att Mamma åter är raskare, äfvensom <persName corresp="pe54">broder Wilhelm</persName>. Gud gifve nu frösättningen aflöper utan förkylningar. Wid detta laget får väl <persName corresp="pe451">Ezer</persName> fröpakettet med inneliggande bref. Drifbänkarna måtte väl kunna göra tjenst. I lördags åto vi på <placeName corresp="pl419">Lappviken</placeName> färsk sallat och dito pressgurkor; det var visst ej bittida, men dock första gången i år. I natt ha vi nu lyckligen undangjort 39:de frostnatten; men nu kommer det an på, om man bör räkna sjelfva <anchor xml:id="start30912"/>märknatten<anchor xml:id="end30912"/> med. Då ha vi haft 40 och borde således vara qvitt. Verkligen visar nu <del>baro</del><add>thermo</add>metern + 6 à 7 grader i skuggan på morgonqvisten, och barometern faller.<pb/> Just nu köpte <persName corresp="pe10">Emili</persName> af en liten flicka de första buketterna från kalla<!-- är a:et struket? LM --> jord, primula veris; nässelkål ha vi haft ett par gånger. Det är allt bra sent. Isen ligger ännu fastän ofarbar och med öppna rännor, så att nog ha vi om ett par dagar öppet. En hop ankomna fartyg har ankrat utanför <placeName corresp="pl2233">Sveaborg</placeName>. En gammal <persName corresp="pe7671">fru Gustafson</persName> säger sig minnas endast en sådan vår i <placeName corresp="pl399">Helsingfors</placeName>, och det var 1808, när folk ännu den 20 Maj gick öfver isen. Mins Mamma den våren, och hurudant år blef det sedan under kriget? – Nog kan man tänka hvilken foderbrist nu måste vara i landet, när vi, som bo sydligast, knappast ännu ha ett grönt strå, att ej tala om löflösa träd. Men fråga verkligen <persName corresp="pe451">Ezer</persName>, goda Mamma, om han ej känner methoden med kokadt granris åt kreaturen. Det vore ju en välsignad sak, om <anchor xml:id="start30924"/>helst<anchor xml:id="end30924"/> någon del af behofvet kunde ersättas dermed. Hvad mången nu skulle önska ha vass och rövippor, som man alla somrar ror stolt förbi! Än<pb/> annat sjögräs? Hvilka ofantliga massor af sådant ligga ej obegagnade? Men det är ofta så med oss alla, att vår Herre lägger maten för fötterna, men vi idas ej så mycket som sträcka ut handen efter den. Visst måste den nöd, som nu råder i en så stor del af landet, vara en tuktan och en lärdom. Måtte vi alla taga ett notabene deraf, ty nog ha vi alla vår andel deri. Det låter verkligen som ett hån, när regeringen nu föreslår <placeName corresp="pl62">Finland</placeName> att bygga en jernväg, som kostar 39 millioner mark. Många hisna, och isynnerhet bönderne lära ämna tvärt säga nej. Men klokt folk tror annat. När vägen byggs af ett utländskt bolag med garanti för en viss ränta, så riskerar landet endast den garantin, i fall ej <anchor xml:id="start30925"/>revenyerna<anchor xml:id="end30925"/> af jernvägen gå till ett visst belopp, och efter 90 år tillfaller jernvägen finska kronan. Men det vigtiga är att så stora penningesummor inkomma i landet för<pb/> ett sådant arbete och att så många, många hungrande deraf få bröd. Derför tror mycket förståndigt folk, att jernvägen till <placeName corresp="pl1957">Petersburg</placeName> är likasom enkom sänd af försynen att draga landet upp ur dess stora nöd och återgifva det mod och krafter genom det lif och den rörelse, som först sjelfva arbetet och sedan kommunikationen på <placeName corresp="pl43">Ryssland</placeName> och vintertid med hela det öfriga <add><placeName corresp="pl145">Europa</placeName></add> <subst><del>nödv</del><add>ofelbart</add></subst> skola medföra.</p>
        <p>Nå, <persName corresp="pe661">Kejsar Alexander</persName> reser om en vecka till <placeName corresp="pl1615">Paris</placeName>. Den triumfen fick <persName corresp="pe2115">Louis Napoleon</persName> ändå. I <placeName corresp="pl1615">Paris</placeName> lär blifva ett regentmöte. Åtminstone kommer äfven <rs corresp="pe790">Kungen af Preussen</rs>. Man tror att de skola rådslå om <placeName corresp="pl2420">Turkiets</placeName> öde. Vi ha raljerat med <persName corresp="pe729">Bäcken</persName>, att han borde kurera franska prinsens rötsår i benet och <rs corresp="pe6428">engelska kronprinsessans</rs> vatten i knäet. Det senare menar han sig nog gå ut med. <persName corresp="pe5487">Ekström</persName> i <placeName corresp="pl2561">Wasa</placeName> ville ju öfvertala honom att resa till <placeName corresp="pl1615">Paris</placeName><pb/> och erbjöd honom ett förskott af 400 mark, som han ej skulle behöfva betala igen, om resan misslyckades. Men <persName corresp="pe729">Bäcken</persName> var för klok att gifva sig in på vidlyftigheter. Den lärda högfärden skulle <del>vara</del> <add>möta honom</add> än mäktigare der än här och se ned på honom från sitt höga torn. Här är det nu så, att <persName corresp="pe729">Bäcken</persName> fattig har fullt med arbete, mest gamla, illa läkta åkommor, och när någon råkar bryta armar och ben, <subst><del>är</del><add>blir</add></subst> han riktigt på godt humör, att få färska patienter. Bra lyckas han här, som der hemma, men tror mamma våra lärde tillstå det? De äro ganska vänliga mot honom, men också ganska nedlåtande. Några gånger har han fått förbinda ben på <placeName corresp="pl418">klinikum</placeName> i åsyn af 12 eller 15 unge läkare med deras professor, och de erkänna att han har godt handalag, men just ingenting annat.<pb/> Någon tjenst har han ej fått, för det att ingen af senatorerne råkat bryta benet af sig, men nog kan det ännu hända, att han hitkallas från <placeName corresp="pl2561">Wasa</placeName>, dit han reser om en vecka med sin son <persName corresp="pe2006">Hannes</persName>, som blir student dessa dagar. <persName corresp="pe533">Lagerborg</persName> är betydligt bättre och går obehindradt, ehuru <persName corresp="pe729">Bäcken</persName> förutsagt, att han ej kan blifva alledeles bra. – Nog skulle <persName corresp="pe729">Bäcken</persName> behöfvas också på sin hemort, men just derför att han ej kan mångdubbla sig, borde han få tillfälle att uppfostra elever och efterträdare. – <persName corresp="pe533">Lagerborg</persName> skämtade häromdagen, att hvar gång <persName corresp="pe729">Bäcken</persName> gnider honom, frågar han, om här ej kommit någon ny nummer af <title corresp="tu10403">Aulango</title><!-- Snarast en titel? LM -->. Den långa historien blir nu ändtligen slut. Jag skickar i onsdag det sista till <placeName corresp="pl2735">Åbo</placeName>.</p>
        <pb/>
        <p>Sofiedagen om afton voro vi hos <persName corresp="pe768">Leopolds</persName>, der barnen utförde sin tillställning, mycket nätt – och alla voro roade, fastän der var så mycket salt i <persName corresp="pe2113" correspUncert="Y"><anchor xml:id="start30930"/>madame Chignons</persName> presentation<anchor xml:id="end30930"/>.</p>
        <p>I går gratulerades <persName corresp="pe10">Emili</persName> på f. m. före Gudstjensten af <persName corresp="pe798">Rosenkampffs</persName> och <persName corresp="pe656">Borgströms</persName> samt på e. m. af <persName corresp="pe2816">Deckers</persName> med sångarne och sångflickorna, som stämde upp – men emedan vi på afton voro bjudna på lysningskalas till <persName corresp="pe6422">Willebrands</persName> (för <persName corresp="pe141">A. Schauman</persName> och <persName corresp="pe6419">fröken Kuhlman</persName>), bådo vi sångsällskapet komma tillbaka i morgon afton.</p>
        <p>I thorsdags sjöng ungdomen ihop 600 mark åt de fattiga <persName corresp="pe9288">Wrightens</persName> – var det ej nätt? På deras lilla soirée i <placeName corresp="pl404">brunnshuset</placeName><pb/> för 1 mark 50 penni biljetten voro <persName corresp="pe799">grefvinnan Adlerberg</persName>, <persName corresp="pe538">fru Karamsin</persName> och salen smäckfull, och alla voro förtjusta. Dessutom är nu ett lotteri på 10 af <persName corresp="pe180">Wrightens</persName> taflor.</p>
        <p>Nå, jag <anchor xml:id="start30932"/>slapp allt bestyr med det nya theatersällskapet<anchor xml:id="end30932"/>. Var det ej präktigt? Jag har ej gjort strå i kors för den saken, fastän jag för skam skull måste teckna en aktie. – Mamma skrifver om vår nya guvernant. Nog ha vi vägt den saken för och emot, men barnen äro i den åldern att de böra få praktisk språkkunskap, annars går de som med <persName corresp="pe11">Aina</persName> – hon öppnar ej sin mun, det goda barnet, på annat än svenska, fastän hon fått lära så mycket. – <persName corresp="pe6420">Sofi Bell</persName> får ingen lön hos oss, men en och annan toilettpersedel kommer väl <!--brevet fortsätter i vänstra marginalen på sid. 8--><seg rend="place_leftMargin">der i fråga. Hon är en snäll, god flicka, förnöjsam, ständigt jemn och glad, – ej heller sjuklig, fastän halt. – Måväl, goda Mamma! Skrif nu snart till Mammas egnaste</seg></p>
        <closer rend="place_leftMargin">
          <signed>Z., E. och barnen</signed>
        </closer>
        <postscript>
          <p rend="place_previousPage_leftMargin"><!--skrivet i vänstra marginalen på sid. 7-->Jag skrifver stort och fult för att papperet slår igenom.</p>
        </postscript>
        <postscript>
          <p rend="place_previousPage_leftMargin"><!--skrivet i vänstra marginalen på. sid. 6-->Vi skola just att gratulera <persName corresp="pe316">Carolina Borgström</persName>. – <persName corresp="pe10">Mille</persName> säger, att <persName corresp="pe320">Augusta</persName> skrifver inga stadsnyheter –</p>
        </postscript>
        <postscript>
          <p rend="place_previousPage_leftMargin"><!--skrivet i vänstra marginalen på sid. 4-->Mamma har ju hört att <rs corresp="pe611">grefven</rs> och <persName corresp="pe799">grefvinnan Adlerberg</persName> resa genom <placeName corresp="pl1512">NyCarleby</placeName> till <placeName corresp="pl1">Avasaksa</placeName> för att se midnattssolen.</p>
        </postscript>
        <postscript>
          <p rend="place_previousPage_leftMargin"><!--skrivet i vänstra marginalen på sid. 3--> <persName corresp="pe798">Rosenkampffs</persName> och <persName corresp="pe768">Leopolds</persName> må bra och helsa.</p>
        </postscript>
        <postscript>
          <p rend="place_previousPage_leftMargin"><!--skrivet i vänstra marginalen på sid. 2-->Från <persName corresp="pe323">Fanny</persName> ha vi ej haft bref på länge.</p>
        </postscript>
        <postscript>
          <p rend="place_previousPage_leftMargin"><!--skrivet i vänstra marginalen på sid. 1--><persName corresp="pe11">Aina</persName> och <persName corresp="pe561">Berndt</persName> be hjertligt helsa.</p>
        </postscript>
      </div>
    </body>
  </text>
</TEI>