﻿<?xml version="1.0" encoding="UTF-8"?>
<TEI xmlns:xsi="http://www.w3.org/2001/XMLSchema-instance" xmlns="http://www.tei-c.org/ns/1.0" xsi:schemaLocation="http://www.tei-c.org/ns/1.0 file:/T:/Instruktioner,%20manualer,%20scheman/TEI-scheman%20(AM)/tei_brevschema.xsd">
  <teiHeader>
    <fileDesc>
      <titleStmt>
        <title>Br1705</title>
        <respStmt>
          <resp>Ansvarig redaktör:</resp>
          <name>Laura Mattsson</name>
        </respStmt>
      </titleStmt>
      <publicationStmt>
        <publisher>Zacharias Topelius Skrifter</publisher>
      </publicationStmt>
      <sourceDesc>
        <p>Arkivsignum: se databas</p>
      </sourceDesc>
    </fileDesc>
    <profileDesc>
      <handNotes>
        <handNote />
        <handNote />
      </handNotes>
    </profileDesc>
  </teiHeader>
  <text>
    <body xml:space="preserve">
      <!-- – ” ’ -->
      <div type="letter">
        <opener>
        <dateline><placeName corresp="pl399">Helsingfors</placeName> måndag 19 Mars 60.</dateline>
        <salute>Min älskade <rs corresp="pe14">Mamma</rs>!</salute>
        </opener>
        <p rend="noIndent">Det är nu längesedan jag fått språka med Mamma, och dessa rader lära ej heller bli många, men dock bättre än inga.</p>
        <p>Vi voro i thorsdags på en liten middag hos <rs corresp="pe140">tant</rs> och talte der om affären med skulden. Tant bad då att den skulle få stå ett år ännu och erbjöd sig att prolongera skuldsedeln, hvartill jag ej kunde säga annat än ja, efter skuldsedeln hos <persName corresp="pe158">Thunberg</persName> får stå, ehuru Mamma förlorar dervid två rubel i ränta. Tant hade trott att <persName corresp="pe359">Hjelt</persName> betalat räntan, men erbjöd sig att i denna nu ingångna vecka betala det resterande; hvarom jag sedan skall skrifva till mamma och inskicka någon del. De 25 rublarna jag sist skickade ber jag att Mamma ej låter komma i någon räkning, Mamma har alltemellanåt haft diverse utgifter för oss, och när jag kan umbära dem, får mamma ej krusa med en så enkel sak.</p>
        <p>Ännu en affär. Goda mamma, <anchor xml:id="start26606" />glöm ej att inom Mars månad skicka mig en enkel skriftlig uppsägning af <placeName corresp="pl963">Kuddnäs</placeName> från d. 1 Okt. i Allm. brandstodsbolaget.<anchor xml:id="end26606" /> Dertill behöfs blott ungefär så<pb /> att: Undertecknad, ägarinna af <placeName corresp="pl963">Kuddnäs</placeName> etc., anhåller härmedelst, med samtycke af mina barn, de och de, såsom med delägare, att från d. 1 nästk. Okt. få uppsäga <del>försäkringen af</del> de under N<hi rend="raised">o</hi> 1714 i <choice><abbr>A. B.</abbr><expan resp="EK">Allmänna Brandstodsbolaget</expan></choice> för Finland till försäkring antagna byggnader, med befrielse derefter från dermed åtföljande rättigheter och skyldigheter, hvarhos jag i sådant afseende har äran bifoga nödigt intyg att egendomen icke är intecknad. (Datum och namn. För säkerhets skull kan <persName corresp="pe54">Schalin</persName> skicka skriftligt samtycke, och jag påtecknar mitt. Sker ej detta inom Mars, så få vi åter ett år släpa med, och så brinner någon stad, och så få vi åter i flera år betala extra afgifter. – Vi hålla nu på att få <anchor xml:id="start26607" />det nya förslaget<anchor xml:id="end26607" /> ur händerna, enligt hvilket man i fem år skall betala hel, i fem år half och derefter en qvart afgift. Men i alla fall är <anchor xml:id="start26605" />landsbolaget<anchor xml:id="end26605" /> billigare och säkrare.</p>
        <p><persName corresp="pe10">Mille</persName> skrifver nu och berättar om oss och huru <persName corresp="pe272">Toini</persName> firades d. 14 Mars. Wi kunna ej klaga, gudskelof, ehuru barnen hosta, men icke svårt. De äro<pb /> så hjertans trefliga, fast bullersama. Får <persName corresp="pe274">Rosa</persName> behålla helsa och hull som nu, så lofvar hon att bli <rs corresp="pe14">farmors</rs> stora favorit; hon är nu redan så gladlynt och småförståndig. Hon kan räcka armarna, och jag helsas alltid med ett litet glädjepip. Ja Gud gifve den tiden snart vore att vi kunde föra alla pyringarna raska till farmor. Jag längtar nog derefter. <anchor xml:id="start26608" />Nu ha de ju borttagit ångfartygen till <placeName corresp="pl1512">NyCarleby</placeName>.<anchor xml:id="end26608" /> Så är det, när en stad ingenting gör för att följa med sin tid och få något anseende, då föraktas den som en bondby och behandlas derefter. Jag skall skrifva derom till <persName corresp="pe92">Grundfeldt</persName>. Emellertid kan Mamma nämna åt <persName corresp="pe37">Dyhrn</persName> – fast det väl allraminst nu i giftastankarna har någon verkan – att de aldrig vågat <anchor xml:id="start26609" />huttla<anchor xml:id="end26609" /> så med <placeName corresp="pl1512">NyCarleby</placeName>, om staden t. ex. <anchor xml:id="start26627" />begärt telegrafstation<anchor xml:id="end26627" />. Jag tycker <placeName corresp="pl1512">Nby</placeName> borde protestera mot beslutet, på grund af statsanslaget. Och så gå de sedan och hålla med <placeName corresp="pl2735">Åbo</placeName>borna! Der ha de tacken för det; vore det ej <add>så</add> förargligt att se huru man behandlar <placeName corresp="pl1512">Nby</placeName>, så skulle jag säga att det är rätt åt herrarna.</p><pb />
        <p><anchor xml:id="start26611" />Det nya myntet kommer att heta <hi rend="underline">mark</hi> eller <foreign xml:lang="fin">markka</foreign> à 25 kopek och hundradelarna skola heta <hi rend="underline">penni</hi>.<anchor xml:id="end26611" /> Förrän i Juni månad lärer man icke få vänta det ut i rörelsen. – En annan nyhet är att riddarhuskomiterade ingått till <rs corresp="pe661"><choice><abbr>H. K. M.</abbr><expan resp="EK">Hans Kejserliga Majästet</expan></choice></rs> med anhållan att få först uthyra och sedan försälja det nya <placeName corresp="pl3188">riddarhuset</placeName> till ett ständernas hus. Derom ströks i lördags en artikel i <title corresp="tw98">Hfors Tidn.</title> – Med tidningarna ligger jag i krig på flera håll, men det gör ingenting. När jag vill, kan jag hafva lätt arbete nog med tidningen, men ibland komma flera frågor, som jag sjelf måste ta i. – Från <persName corresp="pe1994">Onkel Adam</persName> har jag åter haft ett vänligt bref.</p>
        <p>Nå vännen <persName corresp="pe37">Albert</persName> går väl nu helt kär öfver öronen. Vi ha fått bjudningsbref. <persName corresp="pe79">Tullförvaltar Dovner</persName> lär väl icke hinna till brölloppet. – I fredags f. m. var <persName corresp="pe196">Aug. Essen</persName> hos oss med sin <rs corresp="pe1611">grefvinna</rs>, och i lördags hade vi en liten bjudning för <persName corresp="pe196">Essen</persName> och hans <anchor xml:id="start26612" />två yngre stjufsöner<anchor xml:id="end26612" />. Som det var mottagningsdag råkade en hop studenter och andra rada in på köpet, så att <persName corresp="pe10">Mille</persName> fattig var i nöd för den långa raden i våra små rum. – Måväl, älskade Mamma, helsa med en hjertlig gratulation de förelysta och skrif snart till</p>
        <closer>
          <signed>Z.</signed>
        </closer>
        <postscript><!-- skrivet i vänstra marginalen på sid 4 --><p rend="place_leftMargin">Till <persName corresp="pe33">Blank</persName> nästa gång. Helsa <persName corresp="pe323">Fanny</persName> att <persName corresp="pe461">Johannes</persName> är hitkommen med långt skägg. <anchor xml:id="start26613" />Arfvet efter <persName corresp="pe3689">Elfving<anchor xml:id="end26613" /></persName> lärer ej mycket öfverstiga 3000 <choice><abbr>rub.</abbr><expan resp="EK">rubel</expan></choice>, men två gårdar äro med.</p></postscript>
        <postscript><!-- skrivet i vänstra marginalen på sid 3 --><p rend="place_previousPage_leftMargin"><persName corresp="pe521">Gustaf Turdin</persName> funderar nu på att bli skogsmenniska. För öfrigt är han fet och munter.</p></postscript>
        <postscript><!-- skrivet i vänstra marginalen på sid 2 --><p rend="place_previousPage_leftMargin">Hos <persName corresp="pe768">Leopolds</persName> må de bra. <persName corresp="pe19">Oskar</persName> fattig kommer sig just till ingenting.</p></postscript>
          </div>
    </body>
  </text>
</TEI>