<?xml version='1.0' encoding='UTF-8'?><TEI xmlns:xsi="http://www.w3.org/2001/XMLSchema-instance" xmlns="http://www.tei-c.org/ns/1.0" xsi:schemaLocation="http://www.tei-c.org/ns/1.0 file:/T:/Instruktioner,%20manualer,%20scheman/TEI-scheman%20(AM)/tei_brevschema.xsd">
  <teiHeader>
    <fileDesc>
      <titleStmt>
        <title>Br2028</title>
        <respStmt>
          <resp>Ansvarig redaktör:</resp>
          <name>Laura Mattsson</name>
        </respStmt>
      </titleStmt>
      <publicationStmt>
        <publisher>Zacharias Topelius Skrifter</publisher>
      </publicationStmt>
      <sourceDesc>
        <p>Arkivsignum: se databas</p>
      </sourceDesc>
    </fileDesc>
    <profileDesc>
      <handNotes>
        <handNote medium="brown-ink"/>
      </handNotes>
    </profileDesc>
  </teiHeader>
  <text>
    <body xml:space="preserve">
      <!-- – ” ’ æ ½ -->
      <div type="letter">
        <opener>
          <address>
            <rs corresp="pe14">Mamma</rs>
          </address>
          <dateline><placeName corresp="pl399">Helsingfors</placeName> måndag 29 Okt. 1866.</dateline>
          <salute>Min älskade Mamma!</salute>
        </opener>
        <p>Det har legat på mitt samvete, att jag ej skickat åt Mamma de 12 mark, som <persName corresp="pe6224">Fredrik</persName> ännu har att få på sin lön. Och då Mamma äfven för öfrigt torde vara vid klen kassa, har jag med dagens post tillskrifvit vännen <persName corresp="pe37">Albert</persName> och bedt honom på min conto assistera med hvad som kan behöfvas, så att Mamma skall ej vara generad att begagna sig deraf; jag har ju nyligen afbördat förra skulder till honom med 430 mark. Ledsamt bara att jag ej skref med förra posten. Nu står Mamma troligen med tom låda vid <anchor xml:id="start30535"/>helgomess<anchor xml:id="end30535"/>! – Vi må nu ungefär som förut, utom att <persName corresp="pe10">Mille</persName> är i dag åter skral och trött med sin frossa och åtföljande magkrämpor. Hon har tagit kinin, men kanske ej så på rätta tider, och den råa, kyliga luften har ej varit bra för henne, när hon varit ute på sina många bestyr, gumman fattig. <persName corresp="pe11"><anchor xml:id="start30555"/>Ainas</persName> hela utstyrsel<anchor xml:id="end30555"/> hvilar ju på henne, och det är icke så lätt, när man ej har något att köpa för.<pb/> Det är nu sängkläderna, som hålls på med. Vi ha tagit utmärkt godt rödrandigt öfvertåg på räkning hos <persName corresp="pe6323">Ferlman</persName>; det kostade ensamt nära hundra mark, och så tagel m. m. för andra 100 mark, och ändå är det mera litet, men åtminstone allting dugligt. Ja, fjäder återstår ännu. <persName corresp="pe10">Mille</persName> har till sådant fått anslagna de pengar, som <persName corresp="pe50">Lybeck</persName> lemnade för <persName corresp="pe560">Mimmi</persName>, men när hushållskassan bestått af några mark, har hon alltemellanåt fått släppa till af sin lilla utstyrselkassa. Af <persName corresp="pe158">Thunberg</persName> har jag utbekommit 40, säger 40, mark. – Nu just var <persName corresp="pe500">Hjelten</persName> här, vänlig och hjerltlig, som alltid. ”Intet går det an, nog ska vi laga professorskan frisk,” sade han, och så föreskref han en ny regim, som han påstår skall också laga magen bra. <persName corresp="pe500">Hjelt</persName> är nu så upptagen, han har den största praktiken af alla; men mera friskt är det nu i staden, säger han. – <persName corresp="pe13">Eva</persName> sjuknade i thorsdag, häftigt som alltid, i halsfluss och pratade litet i nattmössan under sträng feber. Men det är redan så bra, att hon är uppe igen och pysslar öfverallt i rummen, fast hon ej får gå ut.<pb/> <persName corresp="pe560">Mimmi</persName> har hostat, men är åter i skolan. Hon har för mycket arbete. <persName corresp="pe11">Aina</persName> och <persName corresp="pe272">Toini</persName> stå sig godt. Jag sysslar med <title corresp="ve252">läseboken</title><!-- Läsebok för de lägsta läroverken i Finland -->, ehuru oftare afbruten, än jag just skulle önska. Jag har sluppit talet vid <anchor xml:id="start30562"/>festen för <persName corresp="pe743">Dagmars</persName> förmälning<anchor xml:id="end30562"/>, men måste i stället skrifva ord till <persName corresp="pe130">Pacii</persName> musik. Med <persName corresp="pe6325">Rönnbäck</persName> har jag råkat i <anchor xml:id="start30563"/>polemik om <persName corresp="pe3685">Vögelins</persName> bok<anchor xml:id="end30563"/>, och då det gäller att bekänna vår Herre för verlden, så duger ej att sticka under stolen. Jag svarar i morgon på sak, men lemnar <persName corresp="pe6325">tit. Rönnbäck</persName> åsido. För nästa år har jag lofvat mig åt <title corresp="tw170">Svenska Familjejournalen</title>, som utkommer i <placeName corresp="pl2961">Halmstad</placeName>, för 200 riksdaler per tryckt ark. Journalen säges ha 9,000 prenumeranter i <placeName corresp="pl332">Sverige</placeName>. Äfven åt <persName corresp="pe293">Essen</persName> nödgas jag lofva små bidrag för <title corresp="tw254">Åbo Underrättelser</title>. Man måste taga sin skada igen, ty <title corresp="tw98"><anchor xml:id="start30564"/>Hfors Tidningar</title> gå sin undergång till möte<anchor xml:id="end30564"/>. De gifva i år 10 à 12,000 marks förlust, och <persName corresp="pe158">Thunberg</persName> står icke ut dermed; han är dessutom utan drift och kurage numera. Jag har väl föreslagit att utskicka bara två numror i veckan, hvilket jag tror skulle gå i landsorten för det billiga priset i dessa tider, men som annonser och stadsprenumeranter dermed ginge förlorade, har ingen vågat sig in på en ny risk. Litet skada är<pb/> det på en gammal vän, men <title corresp="tw172">Dagbladet</title> blir nu högsta hönset vid <anchor xml:id="start30565"/>landtdagen<anchor xml:id="end30565"/>, men jag kan ej hjelpa det. – Konstnärsgillets Album hvilar också på mig, och så har jag lemnat bidrag till en nordisk kalender i <placeName corresp="pl1100">Köpenhamn</placeName> och varit antastad af fruarna för ett lotteri, som skall bereda <persName corresp="pe502">Walter Runeberg</persName> utväg att resa till <placeName corresp="pl2978">Rom</placeName>. <persName corresp="pe6326">Generalskan Indrenius</persName> var här härom dagen och lofvade dessutom göra visite. Nog kan Mamma gissa att <persName corresp="pe10">Mille</persName> var road, nästan lika road, som när <rs corresp="pe9206">herr</rs> och <persName corresp="pe9205">fru Åhman</persName> från theatern äfven gjorde visit här. – Men på theatern har jag sedan <anchor xml:id="start30566"/>invigningen<anchor xml:id="end30566"/> ej depenserat mer än en biljett, och två gånger har jag varit på <anchor xml:id="start30567"/>snålskjuts i direktionens loge<anchor xml:id="end30567"/>. – Andra nyheter vet jag ej, utom den stora förmälningen, som skall firas äfven här, och att <rs corresp="pe611">gen.guvernören</rs> <anchor xml:id="start30568"/>bråkar mycket onödigt med Wårt land i tidningarna<anchor xml:id="end30568"/>. Han är allt litet taktlös, den beskedliga <persName corresp="pe611">Adlerberg</persName>, och lyssnar på allehanda strunt prat. – <persName corresp="pe798">Rosenkampffs</persName> må väl och voro en afton här med <persName corresp="pe768">Leopolds</persName>. <persName corresp="pe68">Gubben Borgström</persName> har fallit i trapporna och vrickat sin fot. – Må väl, Älskade Mamma! Tusen helsningar från Mammas</p>
        <closer>
          <signed>Z., E. och alla barnen.</signed>
        </closer>
          <postscript>
            <p rend="place_leftMargin"><!--skrivet i vänster marginal på sid 4-->Snälla <persName corresp="pe323">Fanny</persName>, se åt om <persName corresp="pe37">Dyhrns</persName> räkning till mig ligger i vindskammaren, och låt mig vid tillfälle få den. – Österbotten<!-- ångbåten Österbotten --> anlände ändtligen i tisdags. Tusen tack för sik och romm, som voro förträffliga!</p>
          </postscript>
        <postscript>
          <p rend="place_previousPage_leftMargin"><!--skrivet i vänster marginal på sid 3-->Af <persName corresp="pe25">Ludvig</persName> fingo vi <anchor xml:id="start30534"/>en half fjerding<anchor xml:id="end30534"/> lax. – Och Mamma, som blef utan wassbuk! På vinterföre skola vi skicka.</p>
        </postscript>
      </div>
    </body>
  </text>
</TEI>