<?xml version='1.0' encoding='UTF-8'?><TEI xmlns:xsi="http://www.w3.org/2001/XMLSchema-instance" xmlns="http://www.tei-c.org/ns/1.0" xsi:schemaLocation="http://www.tei-c.org/ns/1.0 file:/T:/Instruktioner,%20manualer,%20scheman/TEI-scheman%20(AM)/tei_brevschema.xsd">
  <teiHeader>
    <fileDesc>
      <titleStmt>
        <title>Br2029</title>
        <respStmt>
          <resp>Ansvarig redaktör:</resp>
          <name>Laura Mattsson</name>
        </respStmt>
      </titleStmt>
      <publicationStmt>
        <publisher>Zacharias Topelius Skrifter</publisher>
      </publicationStmt>
      <sourceDesc>
        <p>Arkivsignum: se databas</p>
      </sourceDesc>
    </fileDesc>
    <profileDesc>
      <handNotes>
        <handNote medium="brown-ink"/>
      </handNotes>
    </profileDesc>
  </teiHeader>
  <text>
    <body xml:space="preserve">
      <!-- – ” ’ æ ½ -->
      <div type="letter">
        <opener>
          <dateline><placeName corresp="pl399">Helsingfors</placeName> måndag 19 Nov. 1866.</dateline>
          <salute>Min Älskade <rs corresp="pe14">Mamma</rs>!</salute>
        </opener>
        <p rend="noIndent">Det är nu längesedan jag skrifvit, och jag har ett kärt bref att tacka för. Ofta går våra tankar till er i denna ruskiga höst, och jag tänker på Mammas och <persName corresp="pe323">Fannys</persName> enslighet der med sin <persName corresp="pe6965">Fia</persName> och <persName corresp="pe659">Stina</persName> och <persName corresp="pe556">Zache Schalin</persName>. Det är liksom lättare, när man kommer till julen, då vänder sig allt åter ljus-sidan, och icke ha vi så långt dit; nog springa veckorna, åtminstone för oss, tilloch med hastigare än man skulle önska för mycket, som ännu är ogjordt. Ja, Mamma kan tro, att det vill något till <anchor xml:id="start30672"/>att styra ut sin pia<anchor xml:id="end30672"/> uti en sådan fattigdomstid; när man mångendag knappt vet hvar man skall taga en mark till middagen, här, der man alltid skall lefva med pengar i högsta hugg. Men det vore illa att klaga, vi ha Gudskelof ej lidit brist på vårt dagliga bröd; nog finnas de, som ha värre. Af <persName corresp="pe158">Thunberg</persName> har jag sedan hitkomsten fått inalles 80 mark, och icke kan jag <anchor xml:id="start30675"/>utbyta<anchor xml:id="end30675"/> Mammas revers; det är icke <persName corresp="pe158">Thunbergs</persName>, utan Fruntimmers<pb/>föreningens pengar. Annat är det med en revers på 200 mark utom räntor af <persName corresp="pe309">Julius</persName>, för hvilken jag står i borgen hos <persName corresp="pe158">Thunberg</persName>. Den kan jag taga i utbyte. Få nu se, om min gamla vän lyckas slå sig igenom. Mörkt ser det ut; man kan ej veta, om ej hans bokhandel stängs endera dagen, såsom det gick i lördags med <persName corresp="pe6342">Kjerrströms</persName> bokhandel (förra <persName corresp="pe669">Sederholms</persName>). När jag skulle taga ut <title corresp="tw172">Dagbladet</title> middagstiden, var boklådan stängd, och så fick man veta att han lagt in om <anchor xml:id="start30677"/>cession<anchor xml:id="end30677"/>. <persName corresp="pe158">Thunberg</persName> mister nu både Konstföreningens och Frunt. föreningens kassor för nästa år; få se huru han kan redovisa! Emellertid är han åter vid något bättre kurage. Nog hade han redt sig, fastän han förlorade 11,000 rubel på den skojaren <persName corresp="pe6334">Anders Ramsays</persName> konkurs, men värre var att <persName corresp="pe171">Adolf Wasenius</persName> kom på obestånd genom <anchor xml:id="start30678"/>myntreformen och ryska kursen<anchor xml:id="end30678"/>, och i hans affärer är <persName corresp="pe158">Thunberg</persName> mycket intrasslad. <title corresp="tw172">Dagbladet</title> går in i <persName corresp="pe6342">Kjerrströms</persName> konkurs med 4,000 mark prenumerationsmedel från <placeName corresp="pl399">Helsingfors</placeName>.<pb/> <title corresp="tw98">Helsingfors Tidningar</title> kunna ej hållas uppe i dessa tider; de upphöra sannolikt redan den 30 November, och prenumeranterne få i stället <title corresp="tw172">Dagbladet</title> för December månad. <title corresp="tw172">Dagbladet</title> betalar då åt <persName corresp="pe158">Thunberg</persName> 2000 mark bestämdt och 2000 mark vilkorligt, i den mån dess prenumeranter ökas nästa år. Men då fordrar <title corresp="tw172">Dagbladet</title>, att <title corresp="tw98">Hfors Tidningars</title> redaktion skall gå in uti deras blad, så att de kunna annonsera att båda bladen sammansmält. <persName corresp="pe520">Donner</persName> torde gå in derpå, och han kan göra det, <anchor xml:id="start30679"/>men jag kan icke göra det, ehuru de varit ihop med mig, emedan det skulle vara att sälja min öfvertygelse,<anchor xml:id="end30679"/> och det går jag alldeles icke in på, fastän jag då skulle få min andel i köpesumman för tidningen. Få nu se, hvad de göra; mitt svar få de i dag; jag går icke med. Jag hade gerna velat hålla <title corresp="tw98">Hfors Tidn.</title> uppe med tre numror i veckan till bättre tider, men med <persName corresp="pe158">Thunbergs</persName> affärer är det omöjligt. – Vi må bra nog, utom att <persName corresp="pe10">Mille</persName> tidtals har sin frossa, och för det ruskiga vädret har hon ej kunnat bada. Här stormar nu<pb/> så förskräckligt alla dagar, att man knappast dess like mins; man tror ofta att fönsterna skola komma in, och i fredags på morgonen blåste här tak bort, vattnet steg upp på <placeName corresp="pl429">salutorget</placeName>, och de små ångbåtsbryggorna sopades bordt som spånor. Wi ha derföre suttit mest inne, och <persName corresp="pe11">Aina</persName> har haft en halsfluss, som nu åter är bra, men de små, som gå i alla väder till skolan, ha härtills hållit sig raska. Hvarann dag har varit lugn, solsken och frost, och så har åter ett busbas kommit. I förrgår var <persName corresp="pe10">Mille</persName> och <persName corresp="pe11">Aina</persName> ut till <placeName corresp="pl419">Lappviken</placeName> på musik hos <persName corresp="pe9307">Falanders</persName> och spatserade hem. Det var för mycket för <persName corresp="pe10">Mille</persName>; – hon har ej sofvit de sednaste två nätterna och är derföre <anchor xml:id="start30681"/>duskig<anchor xml:id="end30681"/> igen. Nu hålla de på med brudtäckena, och Vårföreningssystrarna hjelpte till i lördags. För silfverskedarna till julen fingo vi ett så bra bidrag i <anchor xml:id="start30682"/>vaxstapelställningen<anchor xml:id="end30682"/>, som jag fick af <persName corresp="pe2291">fru Backman</persName> efter <persName corresp="pe30">Hindriks</persName> död. Jag tyckte mig böra uppoffra detta minne, så kärt det än var för <persName corresp="pe30">Hindriks</persName> skull; men deraf fås icke mindre än fyra matskedar, och de äro nyttigare. En <anchor xml:id="start30673"/>engelsk guinée<anchor xml:id="end30673"/>, som jag sparat från<pb/> <placeName corresp="pl14">London</placeName>, förser <persName corresp="pe11">Aina</persName> med ett halft dussin theskedar. Från <persName corresp="pe506">Bonnier</persName> får jag vid nyårstiden 600 mark. Men som jag har plockskulder att betala, går det ändå ej af utan lån, hvarifrån nu det må komma i dessa tider. – Apropos, Mamma goda, hvad fick jag höra häromdagen af <persName corresp="pe6338">Kihlman</persName>? Han hade haft bref af unga <persName corresp="pe451">Johansson</persName>, agronomen (jag vet ej hans förnamn), och han skref till <persName corresp="pe6338">Kihlman</persName> att han skulle bosätta sig på <placeName corresp="pl963">Kuddnäs</placeName>, för att sköta jordbruket der. Jag gissar hur det hänger ihop, att <persName corresp="pe54">Schalin</persName> förslagsvis framkastat en sådan plan, och <persName corresp="pe451">Johansson</persName> har kanske tagit honom på orden. Nu vet jag väl att Mamma häpnar en smula, och saken har sina sidor, men nog kunde den tåla att tänka på. <persName corresp="pe6338">Kihlman</persName> berömmer den unge mannen som särdeles redbar, duglig i sin sak och för resten anspråkslös, och skulle Mamma ej finna andra hinder möta, så då – och endast då – tycker jag det vore skäl att taga ett hypothekslån, för att nedlägga det på hemmanens förbättring. Ty får egendomen det rykte om sig att vara iståndsatt af skickliga händer, då är också bättre utsigt till köpare, som kunde något betala. Så ungefär<pb/> förefaller det mig, men nog förstår jag att saken behöfver vändas på alla sidor. Jag har redan tänkt mig, att <persName corresp="pe451">Johansson</persName> nästa Mars eller April kunde flytta till <persName corresp="pe2881"><anchor xml:id="start30683"/>Wennerholms</persName> sal<anchor xml:id="end30683"/> mot strandsidan. Nyfiken är jag att höra hvad Mamma säger om allt detta.</p>
        <p>Något särdeles nytt vet jag ej, utom hvad Mamma redan läst i tidningarna. Vi <anchor xml:id="start30684"/>illuminerade<anchor xml:id="end30684"/> också <anchor xml:id="start30685"/>den 9 November,<anchor xml:id="end30685"/> och <persName corresp="pe130">Pacius</persName> har nu skrifvit musik till mina ord för <anchor xml:id="start30686"/>den stora festkantaten<anchor xml:id="end30686"/>. Stjernor regna, och kronorester efterskänkas. <persName corresp="pe611">Grefve Adlerberg</persName> har i den stora halkan i <placeName corresp="pl1957">Petersburg</placeName> snafvat med sin häst vid en parad och fallit under hästen, men kommit derifrån med en kontusion. I <anchor xml:id="start39048"/>den ryktbara frågan om ”Vårt Land”<anchor xml:id="end39048"/> har <persName corresp="pe512">grefve Armfelt</persName> visat för <persName corresp="pe661">kejsaren</persName> en öfversättning af <title corresp="tw172">Dagbladets</title> svar till <persName corresp="pe611">grefve Adlerberg</persName>, och <persName corresp="pe661">kejsaren</persName> har sagt: det är ju ganska bra; derom är ingenting att anmärka.<pb/> Men i <placeName corresp="pl1957">Petersburg</placeName>, der allt andas afund och bitterhet emot finnarna, har man redan berättat, att <persName corresp="pe611">grefve Adlerberg</persName> låtit <hi rend="underline">hänga</hi> fem personer för oväsendet i theatern och arresterat tjugu andra på köpet.</p>
        <p><anchor xml:id="start30688"/>Landtdagen<anchor xml:id="end30688"/> närmar sig, och man tycker det vore skam af småstäderna att ej skicka in ombud till borgareståndet, som annars kommer att bestå af 15 eller 18 medlemmar. Wi räkna ut, att om vi få kära gäster till brölloppet, som vi allt hoppas, oaktadt alla om och men, så få de vara med om landtdagens öppnande, och det tros att detta skall ske af <rs corresp="pe647">thronföljaren</rs>, somliga säga i <persName corresp="pe743">Dagmars</persName> sällskap! Någon af de kejserliga kommer bestämdt. – Måväl; timman slår. Tusen helsningar från Mammas egnaste</p>
        <closer>
          <signed>Z., Emili och barnen</signed>
        </closer>
      </div>
    </body>
  </text>
</TEI>