<?xml version='1.0' encoding='UTF-8'?><TEI xmlns:xsi="http://www.w3.org/2001/XMLSchema-instance" xmlns="http://www.tei-c.org/ns/1.0" xsi:schemaLocation="http://www.tei-c.org/ns/1.0 file:/T:/Instruktioner,%20manualer,%20scheman/TEI-scheman%20(AM)/tei_brevschema.xsd">
  <teiHeader>
    <fileDesc>
      <titleStmt>
        <title>Br2103</title>
        <respStmt>
          <resp>Ansvarig redaktör:</resp>
          <name>Laura Mattsson</name>
        </respStmt>
      </titleStmt>
      <publicationStmt>
        <publisher>Zacharias Topelius Skrifter</publisher>
      </publicationStmt>
      <sourceDesc>
        <p>Arkivsignum: se databas</p>
      </sourceDesc>
    </fileDesc>
    <profileDesc>
      <handNotes>
        <handNote id="ZT" medium="black-ink">Zacharias Topelius</handNote>
        <handNote id="ET" medium="black-ink">Emilie Topelius</handNote>
      </handNotes>
    </profileDesc>
  </teiHeader>
  <text>
    <body xml:space="preserve">
      <!-- – ” ’ -->
      <div type="letter">
        <opener>
          <dateline><handShift new="#ZT"/><placeName corresp="pl399">Helsingfors</placeName> lördag 1 Oktob. 1864.</dateline>
          <salute>Min Älskade <rs corresp="pe14">Mamma</rs>!</salute>
        </opener>
        <p rend="noIndent">Till min förundran ser jag på datum att vi redan äro vid Mickelsmessan, när det är ”<anchor xml:id="start28272"/>han tiin<anchor xml:id="end28272"/>”. Nog vore det roligt att ha, som <persName corresp="pe5634">Schalins</persName>, bara tre mil till <placeName corresp="pl963">Kuddnäs</placeName>, om det också vore <anchor xml:id="start28156"/>kutulfjärdar<anchor xml:id="end28156"/> emellan; vi kunde då någon dag emellanåt få vara tillsammans! – Tack för Mammas kärliga <add>bref</add>, det första riktiga sedan vi skildes åt, och derföre än mera efterlängtadt. Jag vet ej huru vi skola ställa till någon liten <anchor xml:id="start28157"/>skrypelse<anchor xml:id="end28157"/> för Mamma i denna mörka och <anchor xml:id="start28158"/>duskiga<anchor xml:id="end28158"/> årstid. Till en liten kammartrefnad skicka vi genom <persName corresp="pe3441">Hjalmar Nordgren</persName>, som nu är här, en petroleumlampa med tillbehör. Den är mycket enkel och lätt skött samt sprider ett klart sken, tillräckligt för ett litet bord att arbeta vid. Petroleum medföljer i krus eller buteljer, en kanna att börja med. För dess eldfarlighet ställer man flaskorna der de ej kunna stötas sönder och häller i lampan ur någon mindre flaska eller kanna. Vill Mamma ha pappersskärm, så är den lätt lagad, om <persName corresp="pe323">Fanny</persName> vill bruka sin <anchor xml:id="start28159"/>snälla<anchor xml:id="end28159"/> hand; nog kunde vi skicka härifrån också, men ha ej nu till hands. <persName corresp="pe10">Emili</persName> begagnar en dylik lampa och <persName corresp="pe11">Aina</persName> en mindre. Wi tycka om dem.</p>
        <pb/>
        <p>Med Österbotten afgår i dag <add>på morgonen</add> en liten låda till Mamma, innehållande en burk wassbuk till <persName corresp="pe658">Dyhrns</persName> och en till <persName corresp="pe653">Lybecks</persName>. Dessa rader, som framföras af <persName corresp="pe577">Eng</persName>, torde väl hinna förut. <anchor xml:id="start28160"/>Kaggarna<anchor xml:id="end28160"/> äro äfven adresserade till <persName corresp="pe14">fru S. Topelius</persName>. Här är godt om wassbuk och god sort, om den nu blott är väl inlagd. <persName corresp="pe10">Emili</persName> har gått i lära hos <persName corresp="pe2141">fru Decker</persName>, som sjelf hjelpt till. – Wi må Gudskelof alla bra, fast här ha varit några skrämskott, men de ha aflupit lyckligt. Den 20 Sept., en onsdag, voro de nyss förlofvade <persName corresp="pe9311">flickorna Decker</persName> med deras <rs corresp="pe2141">mamma</rs> och fästmän här på qvällen och jag hade just fattat ett glas rhenskt för att föreslå de ungas skål, när vi hörde brandsignaler kl. ½ 10 på qvällen. Det var <placeName corresp="pl4898"><persName corresp="pe8266">Tabunoffs</persName> gård</placeName>, som brann vid <placeName corresp="pl436">Skillnaden</placeName>; – <persName corresp="pe10">Emili</persName> har väl redan berättat derom och huru jag, som ovärdig medlem af frivilliga brandkorpsens bergningsdivision, äfven var med för att vakta de långs <placeName corresp="pl406">bulevarden</placeName> i långa högar uppstaplade sakerna. – Fredagen derpå for jag med <persName corresp="pe153">bergmästar Tengström</persName> till <placeName corresp="pl109">Borgå</placeName> att helsa på <persName corresp="pe2">Runeberg</persName>, och det gjorde ett ganska smärtsamt intryck att se den starke, ståtlige mannen, med ens förvandlad till en stapplande gubbe med grått skägg. Emellertid<pb/> var han, efter hvad de sade, mera lifvad och glad än på länge, endast att han med svårighet kunde utsäga sex eller sju ord å rad. Vi kommo kl. 12, jag gick till <placeName corresp="pl5369">societetshuset</placeName>, men fick strax bud efter mig och var då hela dagen hos <persName corresp="pe3839">Runebergs</persName>. De voro så innerligt hjertliga. På qvällen kom äfven <persName corresp="pe263">Otto Schauman</persName> dit; jag ville flera gånger gå, för att ej anstränga den sjuka, men vi skulle nödvändigt stadna till qvällen. Just medan vi åto qvällsvard och <persName corresp="pe2">Runeberg</persName> satt och såg på i sin länstol, fick han ett så svårt anfall, att alla blefvo grufligen skrämda och trodde att det var hans sista stund. Doktorn efterskickades genast, förordnade senapsdegar m. m., och om en stund var anfallet förbi, utan att efterlemna annat än matthet. <persName corresp="pe263">Schauman</persName> och jag återvände till <placeName corresp="pl437">societetshuset</placeName> kl. 12 på natten och foro andra morgonen kl. 8, sedan vi förut varit inne hos <persName corresp="pe2">Runebergs</persName> och fått höra att anfallet, som var epileptiskt (fallandesot) ej haft vidare påföljder. Men Mamma kan tänka hur uppskakad jag återvände. Att se en så stor och lysande intelligens, och dertill ännu en så älskad person, så bruten, det gjorde intryck, som vore all verldens herrlighet idel stoft.</p>
        <pb/>
        <p>I tisdags <anchor xml:id="start28161"/>begynte jag sedan mina föreläsning<anchor xml:id="end28161"/> och <del>om</del> qvällen tillbragte vi hos <persName corresp="pe798">Rosenkampffs</persName>, som nyss flyttat in från <placeName corresp="pl595">Jollas</placeName>. Vi kommo hem kl. 10¼ och <persName corresp="pe10">Emili</persName> var redan afklädd, när vi åter hörde det otäcka tutandet ifrån <placeName corresp="pl4899">brandtornet</placeName>. När jag kom i mitt skrifrum för att kasta på mig min fiskarejacka, som är min uniform uti korpsen, var rummet alldeles ljust och en hög låge slog upp bakom våra uthusbyggnader. Elden hade för andra gången inom en vecka brutit ut på en höskulle, och denna gång i en gård nära baksidan af <placeName corresp="pl418">klinikum</placeName>, knappt mer än ett stenkast från oss. <persName corresp="pe10">Emili</persName> begynte skaka och måste taga <persName corresp="pe9312"><anchor xml:id="start28154"/>Hoffmans</persName> droppar<anchor xml:id="end28154"/>, barnen satte också i början till lipen, när de sågo den höga lågan. Utan att just bli mycket häpen, skyndade jag till min tjenstgöring, men när jag såg vinden drifva hela skyar af gnistor öfver vår gård, kom turen till mig att känna justsom en knäck i kuraget, hvarpå jag gaf tjensten på båten och skyndade hem. Här <anchor xml:id="start38955"/>ulfvade<anchor xml:id="end38955"/> <persName corresp="pe516">Fina</persName> af alla krafter, och vi började smått tänka på att lägga ihop våra <anchor xml:id="start28162"/>futikor<anchor xml:id="end28162"/>. Emellertid skickade jag karlar på taken med vattenämbaren; <persName corresp="pe656">Borgströms</persName>, <persName corresp="pe5613">Thunbergs</persName>, <persName corresp="pe2816">Deckers</persName> och flera vänner kommo hit att se efter oss. <persName corresp="pe2816">Deckers</persName> pigor langade tappert vatten.</p>
        <pb/>
        <p>En stund var faran allvarsam nog, gården låg full med spånor, emedan jag just haft två <placeName corresp="pl1511">Jeppo</placeName>bor från <placeName corresp="pl4901" correspUncert="Y">Lassus</placeName> att omlägga ett brädtak, och spånorna visade god lust att tända. Lyckligtvis blef den numera ypperliga eldsläckningen om en half timme herre öfver branden, så att blott 1½ hus brann, ehuru <del>rundtomkring</del> <add>på tre sidor</add> funnos trädruckel nästan vägg i vägg med det brinnande huset. Kl. ½ 12 var all fara förbi och vi styrkte oss med en kopp kaffe, men emedan jag var rädd att gnistor kunde ligga och <anchor xml:id="start28163"/>kytta<anchor xml:id="end28163"/> på brädtaken, patrullerade jag till kl. ½ 3 och hade sedan ondt om sömn. Allt detta gjorde att jag sedan var skräpig i flera dagar, till jag hann kureras med tvättningar, och är nu bra igen. <persName corresp="pe10">Mille</persName> slapp med någon trötthet och hufvudvärk. – Efter alla onda, liksom goda ting äro tre, så hoppas vi nu att antalet är fullt tillsvidare och kunna skatta oss lyckliga att ha sluppit med skrämseln. Flera blefvo sjuka efter sednaste branden. Man säger att en full bonde sofvit på höskullen och makat sig bort med en fart, när elden bröt ut. Många tusen personer stodo på bergen och sågo på.</p>
        <pb/>
        <p>Mamma har upplefvat dylikt och värre, derföre kan Mamma förstå hur det pinar mig, när kuddan <anchor xml:id="start28155"/>röutar<anchor xml:id="end28155"/> ibland i fähuset med ett ljud som liknar brandtornets tutande.</p>
        <p>– På takreparation har jag kostat 18 rubel, och lika mycket återstår, men sparas till nästa år. Gården behöfver plåtas på. När <persName corresp="pe1354">Kavaleff</persName> flyttade, bytte han om de rätta dubbelfönsterna och lemnade gamla ruttna fönster i stället, så att yttre fönsterna ha luckor, men ej de inre. Så skall man hushålla för att bli rik. – <persName corresp="pe798">Rosenkampffs</persName> må väl och äro nöjda med sin sommar. <persName corresp="pe162">Sofi Leopold</persName> deremot är ganska krasslig med sitt bröst, genom oförsigtighet i de kalla rummen vid hemkomsten. <persName corresp="pe19">Oskar</persName> fattig har fått 100 rubels tillökning i sina inkomster, för sin amanuenstjenst vid bibliothek<add>et</add>, så att nu har han 600, hvaraf 100 åtgå till räntor. <persName corresp="pe461">Johannes</persName> var här i förrgår och betalade en gammal skuld, som jag redan gifvit till spillo, men det är aldrig ett fel att vara ordentlig. Han mår bra och bad helsa. – <persName corresp="pe5306">Olga Nummelin</persName> är hos oss sedan i <del>thors</del><add>tis</add>dags, på väg<pb/> till sin <anchor xml:id="start28164"/>kondition<anchor xml:id="end28164"/> i <placeName corresp="pl517">Idensalmi</placeName>. Vädret är numera kallt, blåsigt och gråduskigt. <persName corresp="pe180">Wright</persName>, som kom från <placeName corresp="pl1009">Kuopio</placeName>, berättade att han räknat blott 5 dagar i Augusti, på hvilka det icke regnat <hi rend="underline">hela dagen</hi>.</p>
        <p><anchor xml:id="start38952"/>Till <persName corresp="pe506">Bonnier</persName> har jag nu skickat allt hvad han skall ha,<anchor xml:id="end38952"/> och nu ansätta de mig här för <anchor xml:id="start28165"/>den lofvade novellen till <title corresp="tw98">Hfors Tidningar<anchor xml:id="end28165"/></title>. Det är knappt om tid; mina föreläsningar taga mycket af dem sorten i anspråk, och jag måste bjuda till att ej skämma ut mig för mitt stora auditorium. Jag tror der varit inemot 200 personer, hvaraf 3 långa bänkar med fruntimmer.</p>
        <p>– <persName corresp="pe11">Aina</persName> sjunger i <persName corresp="pe5507"><anchor xml:id="start38954"/>Morings</persName> sångförening<anchor xml:id="end38954"/>. Små kråkorna begynte i går deras speltimmar för <persName corresp="pe2141">Therese Decker</persName>, och <persName corresp="pe13">Eva</persName> tycktes till en början vara mera omöjlig att få notlinierna i hufvudet.</p>
        <p>– Golfvet i salen är nu <anchor xml:id="start38953"/>nymåladt i parquetrutor<anchor xml:id="end38953"/>, men i onsdags var här en sångförening och stöflade något för bittida på rutorna. Dubbla fönsterna insattes i går. Nog är här trefligt, om Gud ger helsan. Jag tror att Mamma måste komma och se huru vi nu ha det.</p>
        <pb/>
        <p>Mamma är god och kommenderar <persName corresp="pe4827">Matte</persName> huru det bäst passar, hvad han och må förebära om mina befallningar. Wisst vore det bra att få näten byggda för samma lön, men är det något angelägnare, så använd honom dertill.</p>
        <p>– <persName corresp="pe11">Ainas</persName> porträtt skall skickas, bara vi få de små från <persName corresp="pe2757">Hårdh</persName>. – Skulle <persName corresp="pe7009">enkan Högström</persName> infinna sig, så var god och säg henne att att ansökningen är inlemnad med löfte om svar mot slutet af månaden <add>(Oktober)</add>, men mera klena förhoppningar lär det vara. <persName corresp="pe54">Schalins</persName> messingsväf har jag hört efter, men ej lyckats få. – <persName corresp="pe320">Augusta</persName> skickade oss en <anchor xml:id="start28166"/>nätingkagg<anchor xml:id="end28166"/> med <persName corresp="pe3441">Nordgren</persName>, mycket god. Tack, goda Mamma, för löftet om sik och romm. Det <anchor xml:id="start38951"/>smakar ändå fågel<anchor xml:id="end38951"/>. – Mera tyst tror jag vi lefva i höst – här skall ätas mjölgröt till qvällarna.</p>
        <p>Kärliga helsningar till <persName corresp="pe323">Fanny</persName>, <persName corresp="pe659">Stina</persName><del>,</del> och våra vänner i staden; äfven till <persName corresp="pe2881">Wennerholms</persName>. Kan jag ej göra gubben någon liten tjenst? – Helsa också till barnen och <placeName corresp="pl1142">Larsmo</placeName> vännerna! Må väl, goda Mamma, jag kysser Mammas händer som en lydig och tillgifven son.</p>
        <closer>
          <signed>Z.</signed>
        </closer>
        <postscript><p rend="place_leftMargin">Är det något Mamma behöfver härifrån, så kan det ännu hinna skickas med ångfartyg. <persName corresp="pe323">Fannys</persName> beställning finns uti lådan. <handShift new="#ET"/>Men tänkom <persName corresp="pe323">Fanny</persName> skulle behöfva mera tyg? Mamma skref par <!-- skrivet i vänster marginal på sid 7 --><seg rend="place_previousPage_leftMargin">alnar och jag skickade 2. <persName corresp="pe11">Aina</persName> visste att <persName corresp="pe425">Adele</persName> hade en dylik, derifrån fick jag en proflapp. Det fanns i en annan bod. Jag skall ursäkta att hvassbuks burken var smetad med blåsa så lågt, det ser illa ut men för att det ej skall läka</seg> <!-- skrivet i vänster marginal på sid 6 --><seg rend="place_previousPage_leftMargin">ur den något så lät jag det vara. Tack, tack älskade Mamma för omsorgen om mig. Det kan jag aldrig hjelpa att jag måste gå långa vägar. I går försökte jag att få byta skolans synålar mot en sax, men de skrattade mig upp i ansigtet. Nog</seg> <!-- skrivet i vänster marginal på sid 5--><seg rend="place_previousPage_leftMargin">skall det ännu försökas på andra håll, ty visst måste den sägen ha någon grund. Jag måste nu <anchor xml:id="start28167"/>förkla<anchor xml:id="end28167"/> <persName corresp="pe11">Aina</persName> som af <persName corresp="pe597">Ilmoni</persName> är bjuden till <placeName corresp="pl403">botaniska trädgården</placeName> att få vackra blommor, och troligen sen till <placeName corresp="pl666">Cajsaniemi</placeName>.</seg></p></postscript>
        <postscript><!-- skrivet i vänster marginal på sid 4--><p rend="place_previousPage_leftMargin"><handShift new="#ZT"/><persName corresp="pe3441">Hjalmar</persName> gick och bar en korg på gatan i går, hvaröfver i dag raljerades mycket vid kaffebordet. – Och att jag just skulle bära den härifrån! sade han. <persName corresp="pe11">Aina</persName> vet bäst huru godt det gör, – tillade han. <!-- skrivet i vänster marginal på sid 3 --><seg rend="place_previousPage_leftMargin"><persName corresp="pe11">Aina</persName> har köpt en mycket bra och vacker vinterkappa för 16½ rubel. – <persName corresp="pe323">Fanny</persName> borde vara och se flera dussin de allra vackraste liljor i orangeriet.</seg></p></postscript>
        <postscript><!-- skrivet i vänster marginal på sid 2--><p rend="place_previousPage_leftMargin">I onsdags blef jag af <persName corresp="pe203">J. W. Snellman</persName> presenterad för 160 barn i <anchor xml:id="start28168"/>vexelundervisningsskolan<anchor xml:id="end28168"/>.</p></postscript>
      </div>
    </body>
  </text>
</TEI>