<?xml version='1.0' encoding='UTF-8'?><TEI xmlns:xsi="http://www.w3.org/2001/XMLSchema-instance" xmlns="http://www.tei-c.org/ns/1.0" xsi:schemaLocation="http://www.tei-c.org/ns/1.0 file:/T:/Instruktioner,%20manualer,%20scheman/TEI-scheman%20(AM)/tei_brevschema.xsd">
  <teiHeader>
    <fileDesc>
      <titleStmt>
        <title>Br1771</title>
        <respStmt>
          <resp>Ansvarig redaktör:</resp>
          <name>Laura Mattsson</name>
        </respStmt>
      </titleStmt>
      <publicationStmt>
        <publisher>Zacharias Topelius Skrifter</publisher>
      </publicationStmt>
      <sourceDesc>
        <p>Arkivsignum: se databas</p>
      </sourceDesc>
    </fileDesc>
    <profileDesc>
      <handNotes>
        <handNote/>
        <handNote/>
      </handNotes>
    </profileDesc>
  </teiHeader>
  <text>
    <body xml:space="preserve">
      <!-- – ” ’ -->
      <div type="letter">
        <opener>
        <dateline><placeName corresp="pl399">Helsingfors</placeName> fredag 20 Sept. 1861.</dateline>
        <salute>Min Egen <rs corresp="pe14">Mamma</rs>!</salute>
        </opener>
        <p rend="noIndent">Har icke något nytt uppskof kommit i <anchor xml:id="start26971"/>reseplanerna<anchor xml:id="end26971"/>, så sitta Mamma och <persName corresp="pe323">Fanny</persName> nu i sin ensamhet <foreign xml:lang="ita">sonica solo</foreign> med <persName corresp="pe6965">Fia</persName> och <persName corresp="pe6136">Brita</persName> samt <persName corresp="pe659">Stina</persName> sväfvande som en planet sin regelbundna cirkel kring köket och ladugården. Tack än engång, älskade Mamma och <persName corresp="pe323">Fanny</persName>, för all eder godhet! Gud hjelpe nu de mina lyckligen fram; vackert väder är det här bade i går och i dag, ehuru något kyligt och vestlig blåst. En regnstänk var här i går på qvällen, men jag hoppas att vägarna, som blifvit sämre efter regnen i förra veckan, någorlunda torka upp. I tisdags fick jag ej <persName corresp="pe10">Milles</persName> registr<add>er</add>ade pakett med de andra brefven, hvilket gjorde att vi begynte vänta dem strax. I går kom brefvet om den sednare resplanen. Jag är ganska nöjd att ej <persName corresp="pe10">Mille</persName> och barnen varit här dessa veckor, ty de hade haft svårt, utan kök och med allt detta stök och språng och trängsel, när de rum vi ha varit påstaplade som marknadsbodar. I måndags begynte <persName corresp="pe9294">Levins</persName> flytta, men först i går kunde reparationerna börja. Det har suttit<pb/> hårdt, kan Mamma tro, och sitter ännu, att få någonting ordentligt gjort. <persName corresp="pe3851">Levin</persName> skyller på <persName corresp="pe7553">Crohns</persName> och <persName corresp="pe7553">Chrons</persName> på <persName corresp="pe3851">Levin</persName>, och som båda gnida och försöka slippa så billigt som möjligt, så kommo de i ett bastant gräl, och jag hörde litet småleende på. Resultatet blef, att allt skulle fuskas nödtorfteligen på slarf, men icke är jag så släpphändt som jag ser ut; jag har småningom lirkat så, att det nu gäller endast sängkammartapeterna, och dem tänker jag också få nya, bara jag litet får hålla på. Två <anchor xml:id="start27145"/>skänkar<anchor xml:id="end27145"/> har jag tapetserat sjelf, för att få snyggt, hvilket det ej varit förr. På tal om möbler bör jag nämna, att <persName corresp="pe516">Fina</persName>, som icke är skapad att uträtta ärender, mätte upp barnkammarn i stället för sängkammarn, hvilken är <hi rend="underline"><anchor xml:id="start27146"/>8 alnar lång samt 8¼ aln bred<anchor xml:id="end27146"/></hi>, som benäget annoteras för mattorna. <anchor xml:id="start26965"/>Gossarna<anchor xml:id="end26965"/> hitflyttade i onsdags, men åto ännu i går sin middag hos <persName corresp="pe3708" correspUncert="Y">fru Wetterhall</persName>. <persName corresp="pe464">William</persName> har ett utslag på kroppen, <anchor xml:id="start26972"/>vattbläddror<anchor xml:id="end26972"/> här och der liksom i knippor, så att vi måst fråga <persName corresp="pe500">Hjelt</persName>. Han föreskref endast glycerin och vattenomslag, och pojken är<pb/> i full rörelse, fast modstulen och ovan att sakna <rs corresp="pe5389">Mamma</rs>. Han måste på några dar vara borta från skolan. De två sednaste qvällarna har jag suttit på fem man hand med mina ungdomar, som <anchor xml:id="start26973"/>förlikas präktigt<anchor xml:id="end26973"/> och <anchor xml:id="start27147"/>jollra<anchor xml:id="end27147"/> och skratta som syskon. Nog har man bekymmer för sällskapet, men det är mycket roligt att alla tyckas vara så snälla barn. I går koktes kaffe i köket, i dag kokas middag, abbor och filmjölk <foreign xml:lang="fre">à la</foreign> <placeName corresp="pl402">Majniemi</placeName>, ehuru köksgolfvet ännu är fullt af målstänk samt dörrar och fönster ostrukna. Jag är så ledsen att ej ha fått bättre i ordning åt <persName corresp="pe10">Mille</persName> och barnen, men till måndag f. m., då vi vänta dem, skola vi åtminstone ha barnkammarn, mellankammarn och köket i beboeligt skick. – Efter mammma väl ändå snart lär få läsa det på tidningarna, kan jag berätta, att jag nu en vecka suttit alla eft. middagar för <persName corresp="pe502">Walter Runeberg</persName>, som modellerar <persName corresp="pe75">Cygnæus</persName> och mig, först i lera, och sedan skola bysterna gjutas i gips. För <persName corresp="pe10">Mille</persName> låts det bli en <anchor xml:id="start26974"/>surpris<anchor xml:id="end26974"/>; jag skall narra henne till <persName corresp="pe4131">Tengströms</persName>, der modellen står, och fråga om hon känner<pb/> den gråa lergubben; det påstås föreställa en tysk professor vid namn <foreign xml:lang="ger">Menschenfreund</foreign>, eller något ditåt. Ja, Gud låte oss alla ha helsan, så nog går stöket, och till och med utgifterna, fastän de ej äro små. Jag köpte i går <anchor xml:id="start26968"/>6 famnar<anchor xml:id="end26968"/> björk à 6:25 och <anchor xml:id="start26969"/>4 famnar<anchor xml:id="end26969"/> tall à 4:30. Innan de voro hemkörda och två gånger radade, kostade de 60 rubel. – Litet nytt få vi lägga oss till, det förstås, men intet öfverflöd. Så får jag lägga mig till nya svarta kläder, och <persName corresp="pe10">Mille</persName> och barnen skola väl ock behöfva, så att det var <unclear reason="inksmudge" resp="MD">bra</unclear> att <anchor xml:id="start26970"/>tertialet<anchor xml:id="end26970"/> är till hands och en obetydlig hyra att betala för ögonblicket. <persName corresp="pe531">Geh:rådinnan Ramsay</persName> underhandlar om våra två herr–rum m. m. à 200 <choice><abbr>rub.</abbr><expan resp="EK">rubel</expan></choice> Få se om hon tar dem. Husa har jag skaffat åt <persName corresp="pe10">Mille</persName>, flickan sägs vara bra, och dräng likaså, skam att säga. Det är <persName corresp="pe516">Finas</persName> bror <persName corresp="pe7538">Fredrik</persName>, 17 år, som ledsnat vid skomakaryrket; han får till en början 1 <choice><abbr>rub.</abbr><expan resp="EK">rubel</expan></choice> i mån och något kläder, samt skall förtjena in sin lön på vedhuggning och känglappning. – Nu måste jag ut på bestyr till snickare m. m. Jag omfamnar er så hjerteligen, min älskade Mamma och <persName corresp="pe323">Fanny</persName>!</p>
        <closer>
        <signed>Z.</signed>
        </closer>
        <!-- skrivet i vänstra marginalen på sid 4 -->
        <postscript><p rend="place_leftMargin">Midt i stöket har jag fått på min lott att i tisdag hålla <anchor xml:id="start26975"/>tal öfver <persName corresp="pe2678">Werner Holmberg</persName>. Det skall ske uti <placeName corresp="pl3188">Nya riddarhuset<anchor xml:id="end26975"/></placeName>. Hvem hade kunnat förmoda att min ringa person skulle först föra ordet der!</p></postscript>
        <!-- skrivet i vänstra marginalen på sid 3 -->
        <postscript><p rend="place_previousPage_leftMargin">Från <persName corresp="pe2">Runeberg</persName> fick jag <title corresp="tw151">fänrikens andra del</title> med den allra vänligaste egenhändiga tillegnan. <persName corresp="pe2">Rbg</persName> är nu raskare. <persName corresp="pe502">Walter</persName> är en mycket älskvärd gosse.</p></postscript>
        <!-- skrivet i vänstra marginalen på sid 2 -->
        <postscript><p rend="place_previousPage_leftMargin">P. S. Kl. ¾ 1. Just nu kom bud att <rs corresp="pe531">geheimerådinnan</rs> hyr rummen. Litet för förnämt grannskap för oss borgerligt folk, men 200 rubel … <persName corresp="pe11">Aina</persName> och <persName corresp="pe460">Aline</persName> helsa …</p></postscript>
        <!-- skrivet i vänstra marginalen på sid 1 -->
        <postscript><p rend="place_previousPage_leftMargin">Få se, om <persName corresp="pe10">Mille</persName> kommer så tidigt, att vi hinna skrifva i måndag.</p></postscript>
             </div>
    </body>
  </text>
</TEI>