<?xml version='1.0' encoding='UTF-8'?><TEI xmlns:xsi="http://www.w3.org/2001/XMLSchema-instance" xmlns="http://www.tei-c.org/ns/1.0" xsi:schemaLocation="http://www.tei-c.org/ns/1.0 file:/T:/Instruktioner,%20manualer,%20scheman/TEI-scheman%20(AM)/tei_brevschema.xsd">
  <teiHeader>
    <fileDesc>
      <titleStmt>
        <title>Br2026</title>
        <respStmt>
          <resp>Ansvarig redaktör:</resp>
          <name>Laura Mattsson</name>
        </respStmt>
      </titleStmt>
      <publicationStmt>
        <publisher>Zacharias Topelius Skrifter</publisher>
      </publicationStmt>
      <sourceDesc>
        <p>Arkivsignum: se databas</p>
      </sourceDesc>
    </fileDesc>
    <profileDesc>
      <handNotes>
        <handNote medium="black-ink"/>
        <handNote/>
      </handNotes>
    </profileDesc>
  </teiHeader>
  <text>
    <body xml:space="preserve">
      <!-- – ” ’ æ ½ -->
      <div type="letter">
        <opener>
          <dateline><placeName corresp="pl399">Helsingfors</placeName> måndag 1 Oktober 1866.</dateline>
          <salute>Min Älskade <rs corresp="pe14">Mamma</rs>!</salute>
        </opener>
        <p rend="noIndent">Gudi vare lof, vi äro, efter åtskilliga äfventyr, lyckligen här, och åter gå våra rörda hjertan tillbaka till minnet af den förflutna sommaren och all mammas och <persName corresp="pe323">Fannys</persName> godhet emot oss. Gu välsigne eder för denna ömhet, och för all annan, som vi så ofta haft innerlig glädje af!</p>
        <p>Jag hoppas Mamma bekommit mina tvenne stationsbref, det ena från <placeName corresp="pl28">Alavo</placeName> (med 12 mark), det andra från <placeName corresp="pl2299">Tamerfors</placeName>. Jag förbigår således denna del af vår resa, för att berätta om sista vägstycket – eller vågstycket, må jag säga. Wi reste lördag morgon kl. 8 i det allra herrligaste sommarväder med ”Elias Lönnrot”<!--ångbåt. MD--> från <placeName corresp="pl2299">Tammerfors</placeName>. Det var så varmt, att man knappt kunde bära något öfverplagg på, och stilla lugnet. Ett lätt töcken låg öfver stränderna, men ju längre vi kommo ut på <placeName corresp="pl1764">Pyhäjärvi</placeName>, desto mera tätnade dimman, och slutligen, när vi ej sågo mer än en famn framför oss och båten gick varligt med half maskin, upptäckte någon i fören vass-strån helt nära, hvaraf befanns att vi höllo på att<pb/> styra rätt upp på land mot en holme. Fartyget vände i rättan tid, och strax derpå måste vi kasta ankar ½ mil från staden. Efter <del>en</del> halfanntimma, som begagnades till frukost, lättades dimman något och vi fortsatte, men om en stund måste vi stadna för andra gången, tills ändtligen dimman skingrades frampå förmiddagen. I lugnet, värman och på en beqväm båt skulle detta dröjsmål varit allsicke obehagligt, om ej följderna sedan visat sig uppå qvällen. – Resan fortsattes, och efter den bastanta frukosten intogo vi en bastant middag, för att stärka oss efter den knappa kosten på Ahti. Kl. nära tre kommo vi till <placeName corresp="pl1182">Lembois</placeName>, och innan vi i <anchor xml:id="start30505"/>solbaddet<anchor xml:id="end30505"/> spatserat öfver näset och kommit i farten på Wanaja, var klockan öfver half fyra. Wanaja hade en pråm efter sig, likasom Lönnrot, och gjorde dessutom krokar till många stationer, så att innan vi voro halfvägs till <placeName corresp="pl2315">Tavastehus</placeName>, blef det mörkt. Wanaja måste då gå med half maskin, och det blef allt mörkare, ty månen <del>g</del> var icke uppgången. När vi då, tysta och de många fruntimmerna<pb/> med hjertat i halsgropen, passerade det trånga och farliga <placeName corresp="pl4759">Stjernsund</placeName>, styrdes något för <anchor xml:id="start39042"/>kärt<anchor xml:id="end39042"/> åt höger, och knack, knack, knack, så stötte fartyget tre gånger mot stenar i bottnen och krängde med detsamma betydligt på sidan. Förskräckelsen blef stor bland de 50 passagerarne, några af fruntimren greto, barnen skreko – <persName corresp="pe10">Emili</persName> darrade på benen, men utan ett ljud. ”Gå på !” skrek kaptenen. Maskinen gick på, fartyget rätte sig, och vi kommo öfver stengrundet. ”<persName corresp="pe6279">Silvan</persName>, se åt, om hon tar in vatten!” ropade åter kaptenen ned till maskinrummet, derifrån eldskenet lyste i det svarta mörkret. <persName corresp="pe6279">Silvan</persName> såg åt, och rapporterade att fartyget höll tätt. Vi andades åter och fortsatte så ett stycke framåt, hvarje ögonblick beredda på nya knackningar. Men ändtligen kommo vi sakteligen till <placeName corresp="pl1364">Miero<add>la</add></placeName>, en mil från <placeName corresp="pl2315">Tavastehus</placeName>, och här ankrades kl. nära 9, med förklaring att vi skulle tillbringa natten ombord och fortsätta kl. 4 på morgonen, för att hinna till jernvägen. Dermed voro alla nöjda. Men nu var ångbåten ej beredd på nattgäster. Sedan vi fått köpa ljus från byn och en försvarlig sexa, instufvades<pb/> fruntimmer och barn i den lilla kajutan, <add>de flesta</add> fördäckspassagerarne gingo i land och akterherrarne sökte sig platser på däck. Till all lycka var det en herrlig, mild och månljus natt, som gick försvarligt. <persName corresp="pe10">Mille</persName> hade frusit så hon skakade, de öfriga såfvo. <persName corresp="pe340">Wasastjerna</persName> sutto uppe vid ett glas punsch till klockan ½ 12 och lägrade oss sedan under barhimmel på en bänk, han med mammas skinnkappa och jag med lurfven öfver mig. Min <anchor xml:id="start30506"/>talma<anchor xml:id="end30506"/> blef (såsom den ofta varit) ovärderlig för ett par studenter, som lågo i tunna rockar på rygg på däcket. Kl. ½ 3 steg jag upp, men tyckte i det bleka månskenet att klockan var ½ 4, hvarpå jag gick och purrade upp kaptenen och kökspersonalen och lät koka kaffe. Herrarne lågo underbart kringströdda i månskenet, och <persName corresp="pe516">Fina</persName> låg hopkrupen bakom lastgodset. Jag företog mig då att af mitt förråd bjuda malörtsdroppar i bränvin så långt det förslog, och det mottogs med synnerlig tacksamhet. Emellertid kommo vi på detta sätt nära en timma tidigare i farten och instufvades nu i en helt liten ångslup,<pb/> ty Wanaja kan ej gå under <placeName corresp="pl1364">Mierola bro</placeName>. Slupen var hårdt lastad; bland annat hade vi några tusen kräftor (lefvande i korgar med mossa) på resa till <placeName corresp="pl1957">Petersburg</placeName> och stora lådor <placeName corresp="pl2299">Tammerfors</placeName> konfekt till <placeName corresp="pl399">Hfors</placeName> marknad. Mörkt var det ännu och svagt månsken, gnistorna flögo öfver oss som en eldsky i natten. Denna färd var kanske icke mindre riskabel, ty jag begriper ej huru vi redt oss, om slupen stött på – han skulle ha sjunkit som jern sjunker – men vi hade likväl en mindre båt i släptåg. Emellertid kommo vi i dagningen lyckligt till <placeName corresp="pl2315">Tavastehus</placeName>, och knappt voro vi vid tvättbryggan (ty ångbåtsbryggan var öfversvämmad), innan en tät dimma utbredde sig öfver sjön, så att hade jag ej sett miste på klockan, skulle vi visst ej den dagen kommit till jernvägen. Nu voro vi der kl. ½ 6 och sedan kl. 10 på Michaelidagen välbehållna i <placeName corresp="pl399">Helsingfors</placeName>. Guds englar hade beskyddat oss uti alla faror på sjelfva englarnas högtidsdag. – Här voro nu <persName corresp="pe560">Mimmi</persName>, <persName corresp="pe5541">Nybergs</persName> och <persName corresp="pe11">Ainas</persName> vänner<pb/> emot oss, <add>äfven <persName corresp="pe566">Amalia</persName></add> – Nå, så när hade jag glömt berätta, att vår <persName corresp="pe561">Berndt</persName> helt oförmodadt trädde emot i bangården i <placeName corresp="pl2315">Tavastehus</placeName>, enkom utrest att möta oss! Af honom fingo vi veta att <persName corresp="pe272">Toini</persName> åter hade rosen i ansigtet och sjuknat häftigt med frossa i skolan, men var åter betydligt bättre. – Vi emottogos vid bangården med sång – der var eliten af våra närmaste vänner bland sångarne och hela <anchor xml:id="start39041"/>Vårföreningen<anchor xml:id="end39041"/>. – Efter tre visor skyndade vi till <persName corresp="pe272">Toini</persName> – hon öppnade för oss tamburdörren, i tanke att det var <persName corresp="pe500">farbror Hjelt</persName>, som kom att se efter henne, och så stodo vi alla tre med utbredda armar. Pian rodnade, och tårarna kommo henne i ögonen. Hon var brun af jod som en skäggugubbe, och läpparna ännu svullna, men för resten munter och rask. Om några dar får hon gå i skolan. Ledsamt är det med den rosen; hon hade fått den efter att några morgnar ha gått i stark dimma till skolan. <persName corresp="pe500">Hjelt</persName> har nu lofvat oss nyttja <persName corresp="pe562">gubben Wennerholms</persName> engelska salva på läpparna. <persName corresp="pe272">Toini</persName> har vuxit på en månad, och <persName corresp="pe160">Leopold T.</persName> hade ej kännt igen henne på gatan. <persName corresp="pe560">Mimmi</persName> har magrat litet af saknad – de ha haft mycket ledsamt och voro nu båda så innerligen nöjda och lyckliga.</p>
        <pb/>
        <p>Litet häpen var jag att erfara huru den underliga sista natten skulle bekomma våra två patienter på resan, men Gudilof, de tyckas ej just ha någon känning deraf. Trött var gumman i går, och litet ännu i dag, men hon har sofvit i natt, och vårt lilla hemlif begynner nu, under Guds beskydd, att åter ordna sig med packningar och städningar. Vår trogne vän <persName corresp="pe500">Hjelt</persName> har varit här både i går och i dag. Han säger att <persName corresp="pe10">Emilis</persName> sjukdom är en magkatarrh, som efterlemnat en retlighet uti öfra tarmkanalen; det är den, som ännu känns af. Ingenting skall hon nyttja, utom litet diet och något halfbad. Inneliggande underrättelser om min maka är Mamma god och befordrar till vännen <persName corresp="pe573">Forsius</persName>.</p>
        <p>– <rs corresp="pe140">Tant</rs> var här i går på ett ryck; <persName corresp="pe318">Ninni</persName> har haft en dags <anchor xml:id="start30510"/>kolerin<anchor xml:id="end30510"/>, någorlunda häftig, men är åter bra. <persName corresp="pe162">Sofi Leopold</persName> var också här att se efter <persName corresp="pe272">Toini</persName>. De må alla bra. Utom lindrigare magsjukdomar tyckes här vara ganska friskt. På <placeName corresp="pl2233">Sveaborg</placeName> är kolera, men i staden lärer blott en patient ha funnits i går på <placeName corresp="pl418">klinikum</placeName>. Om också enskilda fall förekomma, skola vi hoppas, att sjukdomen ej mera blir epidemi.</p>
        <pb/>
        <p>Här var allt full sommar ända till i går afton, och 18 grader i skuggan. Tänk, Mamma, en sådan försynes skickelse, att vi, efter en oafbruten sommar på hela resan, just anlände hit med den sista sommardagen, ty i natt gick vinden på nordlig; i dag är ett helt annat klimat med bara 10 à 12 grader i skuggan. Särdeles nytt vet jag ej, annat än att åter en rymt, nemligen <persName corresp="pe6313">auktionsmäklaren Schager</persName> (svensk) som säges ha medfört 27,000 mark uppburna auktionsmedel. Penningnöd är här på alla kanter. Likväl skall <placeName corresp="pl4496"><anchor xml:id="start30511"/>nya theatern</placeName> invigas i morgon<anchor xml:id="end30511"/>, helt anspråkslöst med en konsert, <rs corresp="pe611">Gen. guvernören</rs> skall vara med. <persName corresp="pe11">Aina</persName> är lycklig att blott få höra på och jag att blott se på. <persName corresp="pe75">Cygnæus</persName> har skrifvit prologen. – I dag var jag på uppvaktning till <rs corresp="pe565">vicekansler</rs>, som var vänlig. <persName corresp="pe13">Maju</persName> <foreign xml:lang="fin"><anchor xml:id="start30513"/>rukka<anchor xml:id="end30513"/></foreign> kommer just så nöjd ifrån skolan; hon har fått absolution för sitt dröjsmål. <persName corresp="pe10">Mille</persName> skrifver i dag till <persName corresp="pe320">Augusta</persName> och helsar hjertligen, äfvensom barnen. Troligen skrifver hon i fredag. Må väl, min älskade Mamma! Vår helsning till <persName corresp="pe323">Fanny</persName>, <persName corresp="pe659">Stina</persName> och alla vänner. Vi omfamna eder hjertligen! Mammas egen</p>
        <closer>
          <signed>Z.</signed>
        </closer>
        <postscript><p rend="place_leftMargin"><!-- skrivet i vänster marginal på sid 8 --><persName corresp="pe516">Fina</persName> beder helsa till alla sina vänner. – Goda <persName corresp="pe323">Fanny</persName>, <persName corresp="pe351">Nordlunds</persName> bref hade <persName corresp="pe10">Emili</persName> tagit hit. Om du deremot skulle hitta min lilla Londemora, tobakspungen, så ber jag att få den vid tillfälle. Ingen brådska.</p></postscript>
        <postscript><p rend="place_previousPage_leftMargin"><!-- skrivet i vänster marginal på sid 7 --><persName corresp="pe6224">Fredrik</persName> sade sig ämna på vintern till <placeName corresp="pl399">Hfors</placeName>, men för närvarande är här stor brist på arbete.</p></postscript>
        <postscript><p rend="place_previousPage_leftMargin"><!-- skrivet i vänster marginal på sid 5 --><persName corresp="pe11">Aina</persName> har fått af <persName corresp="pe561">Berndt</persName> ett nätt sybord och en soffa. <persName corresp="pe6311">Hanna Bzna</persName> var och tog emot oss vid jernvägen.</p></postscript>
        <postscript><p rend="place_previousPage_leftMargin"><!-- skrivet i vänster marginal på sid 4 --><persName corresp="pe656">Borgströms</persName> må väl. – Nu skall jag ut att lyfta <anchor xml:id="start30514"/>qvartalet<anchor xml:id="end30514"/>.</p></postscript>
        <postscript><p rend="place_previousPage_leftMargin"><!-- skrivet i vänster marginal på sid 3 -->Barnen äro så förtjusta – de ha fått två unga kanariefåglar, födda och uppfödda hos <persName corresp="pe2816">Deckers</persName>.</p></postscript>
        <postscript><p rend="place_previousPage_leftMargin"><!-- skrivet i vänster marginal på sid 2 -->Helsa <persName corresp="pe37">Dyhr</persName> – jag skrifver snart till honom – och till <persName corresp="pe34">moster Calamnius</persName>.</p></postscript>
      </div>
    </body>
  </text>
</TEI>