<?xml version='1.0' encoding='UTF-8'?><TEI xmlns:xsi="http://www.w3.org/2001/XMLSchema-instance" xmlns="http://www.tei-c.org/ns/1.0" xsi:schemaLocation="http://www.tei-c.org/ns/1.0 file:/T:/Instruktioner,%20manualer,%20scheman/TEI-scheman%20(AM)/tei_brevschema.xsd">
  <teiHeader>
    <fileDesc>
      <titleStmt>
        <title>Br1827</title>
        <respStmt>
          <resp>Ansvarig redaktör:</resp>
          <name>Laura Mattsson</name>
        </respStmt>
      </titleStmt>
      <publicationStmt>
        <publisher>Zacharias Topelius Skrifter</publisher>
      </publicationStmt>
      <sourceDesc>
        <p>Arkivsignum: se databas</p>
      </sourceDesc>
    </fileDesc>
    <profileDesc>
      <handNotes>
        <handNote id="ZT" medium="black-ink">Zacharias Topelius</handNote>
        <handNote id="ET" medium="black-ink">Emilie Topelius</handNote>
      </handNotes>
    </profileDesc>
  </teiHeader>
  <text>
    <body xml:space="preserve">
      <!-- – ” ’ -->
      <div type="letter">
        <opener>
        <dateline><handShift new="#ZT"/><placeName corresp="pl399">Helsingfors</placeName> måndag 14 Sept. 1863.</dateline>
        <salute>Min Älskade <rs corresp="pe14">Mamma</rs>!</salute>
        </opener>
        <p rend="noIndent">Några få rader i kejsarestöket, kanske det är någon liten <anchor xml:id="start27527"/>skrypelse<anchor xml:id="end27527"/> uti mammas ensamhet. <persName corresp="pe92"><anchor xml:id="start27678"/>Grundfeldt</persName> anlände<anchor xml:id="end27678"/> i lördags om aftonen, genomtrött, sedan han fått kuska på hela den föregående natten i blindmörker och regn, emedan alla gästgifvargårdar voro öfverfulla med resande. Han bor hos oss tillsvidare. Mammas kära bref förde han med. Äfven <persName corresp="pe25">Ludvig</persName> bor här och <persName corresp="pe5306">Olga Nummelin</persName>, så att <persName corresp="pe10">Mille</persName> min har genast vid hemkomsten fått hushållsbekymmer med sin klena domestikpersonal. Till på köpet föll <persName corresp="pe530">Lotta</persName> i lördags om qvällen från <anchor xml:id="start27528"/>bodvinden<anchor xml:id="end27528"/> rakt ned genom hålet vid trappan, då hon skulle med gårdsvakten bära ned en säng. Flickan hade rakt kunnat slå ihjäl sig och låg i går mellan lakan, men i dag är hon på fötter igen och nästan bra. Det är ett hiskeligt väder: storm och störtregn, så att det spiller ned uti strömmar. Många flaggor och uniformshattar torde blötas i dag, ty <persName corresp="pe661">kejsaren</persName> kommer kl. 12 middagstiden, såframt hans ångfartyg ej blifvit uppehållet af stormen. Han skulle afsegla från <placeName corresp="pl2614">Wiborg</placeName> i går på aftonen. Kl. 1 i dag äro vi akademici<pb/> kallade till universitetet att presenteras för <rs corresp="pe661">Hans Majestät</rs>. <persName corresp="pe272">Toini</persName> blankar värjan, <persName corresp="pe10">Emili</persName> putsar den slitna doktorshatten, <persName corresp="pe460" correspUncert="Y">Alina</persName> bläckar malhålen i uniformen; <persName corresp="pe530">Lotta</persName> är skomakare och nästar ihop en uppsluppen söm uti stöfvelskaftet. <persName corresp="pe92">Grundfelt</persName>, som först om en vecka väntar sina svarta kläder från <placeName corresp="pl1286">Lybeck</placeName>, proberar min svarta frack och finner den uti nödfall passande för en landtdagsvärdighet. <persName corresp="pe25">Ludvig</persName> ligger och tvättar sig med vatten; han har badat oförnuftigt mycket i <del><placeName corresp="pl2921">Marstrand</placeName></del> <placeName corresp="pl3739">Söderköping</placeName> och ådragit sig en envis katarrh, så att han är nästan mera krasslig, än när han for ut. <persName corresp="pe13">Eva Maja</persName> har lof från skolan och <anchor xml:id="start27529"/>trillar<anchor xml:id="end27529"/> i fötterna, belåten att icke ha tandvärk i dag som de förra dagarna. <persName corresp="pe272">Toini</persName> har <anchor xml:id="start27531"/>pippi made<anchor xml:id="end27531"/> och trakteras med malörtsdroppar. – I lördags stod pian sin examen bra nog och slipper i första klassens högre afdelning, med löfte att få sitta nära läraren, för att höra. Hela denna vecka ha skolorna lof, utom i onsdag, när <persName corresp="pe661">kejsaren</persName> reser ut på den stora jagten till <placeName corresp="pl2410">Träskända</placeName>. Apropos deraf, så passerade i lördags genom staden en lång rad med brädburar, innehållande hjortar, <anchor xml:id="start27530"/>råbockar<anchor xml:id="end27530"/> och stora liffländska harar. <persName corresp="pe178">General Willebrand</persName> blir öfverjägmästare. Den roligheten anses komma att kosta omkring 40,000 rubel<pb/> och är i allas mun Nästan lika mycket som landtdagen. Till förklaring af detta, som vi skulle tycka, oförnuftiga slöseri, bör man veta att <rs corresp="pe661">kejsarn</rs> är en passionerad jägare och att den som har råd dertill, må gerna unna vår älskade storfurste detta hans favoritnöje nu när han tillbringar en hel vecka hos oss och väl kan behöfva ha en treflig dag mellan det officela bråket och tvånget. – I morgon tisdag kl. 10 f. m. utblåses landtdagen på det sätt, att finska gardet uppställes i parad på <placeName corresp="pl432">senatstorget</placeName> och spelar ryska folksången. Derefter framträder allmänna referendariesekreteraren (<persName corresp="pe361">John Snellman</persName>) på senatstrappan och uppläser landtdagskallelsen, hvarpå musiken uppstämmer Vårt land. Så har ceremonin blifvit förenklad, i stället för den utpyntade härolden, som med sitt följe rider kring <placeName corresp="pl2157">Stockholms</placeName> gator. <persName corresp="pe661">Kejsaren</persName> skall ha skrattat, när man föreslog samma ceremoniel och sagt: det vore ju löjligt. Hurrarop och kanonskott torde ej saknas. – I dag utkommer ceremonielet, och i morgon kl. 6 e. m. aflemna landtdagsmännen sina fullmakter i senatens kansli, hvarefter de utfå sina polletter i onsdag. Adeln tros blifva 150 man stark eller deröfver, bönderne 50, borgarna 40, presterne 30. Thorsdag ger <persName corresp="pe661">kejsaren</persName> stor middag för ständerna uti <placeName corresp="pl417">palatset</placeName>. Hela nedra våningen i <placeName corresp="pl4677">Sederholmska huset</placeName> är hyrd till hofkonditori, och der luktar redan faseligen godt ända ut på gatan.<pb/> Fredag blir throntal m. m. som jag sist beskref. Sångkören i kyrkan blir omkring 200 personer; <persName corresp="pe11">Aina</persName> får vara med. Min installation blir, jemte <persName corresp="pe480">Forsmans</persName> och <persName corresp="pe438">Ahlqvists</persName>, först onsdagen d. 23 Sept. – Här flaggas redan på många hus, en grann brygga med flaggor och guirlander är byggd för <persName corresp="pe661"><persName corresp="pe661">kejsaren</persName>s</persName> landstigning midtemot <placeName corresp="pl417">palatsets</placeName> port, och på slottsgården sågo vi i går hiskeligt höga, förgyllda armstakar m. m. nyss uppackade. Man vet ej hvilka prinsar som komma med, men sviten skall blifva lysande; utrikesministern <persName corresp="pe5308">furst Gortschakoff</persName> skall bo uti <persName corresp="pe2729">Langenskiöldska</persName> huset. – I går hade jag på e. m. min första examen. Jag tenterade två studenter här hemma till kameralexamen. Jag skall väl snart tentera också <persName corresp="pe521">Gustaf Turdin</persName>. Han var nyss i staden, fet och välmående, men reste åter ut till landet. – <hi rend="underline">Kl. 11 f. m.</hi> Jag har nu rakat mig fin för <persName corresp="pe661">Alexander</persName> och påkläder blåa jackan med <anchor xml:id="start27532"/>AnnaLisa<anchor xml:id="end27532"/> i bringen. Det fortfar att hällregna; voj, voj hvad <placeName corresp="pl62">Finlands</placeName> himmel slaskar i dag! Om ändå <persName corresp="pe661">Alexander</persName> visste huru några åtminstone hålla hjertligt utaf honom, så skulle han se kärleken lysa som ett solsken ur folkets ögon! – Vi skola nu ut, och jag slutar detta. <persName corresp="pe11">Aina</persName> skrifver några rader till farmor, de små äro så lättfotade, att de ej kommit sig till. – Våra ångbåtssaker fingo vi ut i lördags, välbehållna; <persName corresp="pe262">Sofis</persName> låda kommer väl efter. – Måväl, min älskade Mamma! Helsningar till våra vänner från</p>
        <closer>
        <salute>Mammas egnaste</salute> <signed>Z., Emili och barnpyrena.</signed>
        </closer>
        <!-- skrivet i vänstra marginalen på sid 4 -->
        <postscript><p rend="place_leftMargin"><persName corresp="pe3497">Olga Ludvig</persName> var i fredags till middag hos oss med barnen och låg här öfver natten. Hon är mera klen med sin nervösa tandvärk. <persName corresp="pe9433">Linséns</persName> ha så trångt, att <persName corresp="pe25">Ludvig</persName> derföre bor hos oss. – <persName corresp="pe162">Sofi Leopold</persName> är också bra klen ännu efter sin lunginflammation.</p></postscript>
        <!-- skrivet i vänstra marginalen på sid 3 -->
        <postscript><p rend="place_previousPage_leftMargin"><persName corresp="pe161">Jenny</persName> blir bestämdt och <persName corresp="pe476">Carl</persName> troligen öfver vintern i <placeName corresp="pl2464">Uleåborg</placeName>. – <persName corresp="pe92">Grundfelt</persName> ber helsa Mamma. – I går gratulerade vi <persName corresp="pe425">Adele Borgström</persName> till hennes 17:de födedaSg och besågo <persName corresp="pe656">Borgströmska</persName> huset, som är beqvämt och präktigt.</p></postscript>
        <!-- skrivet i vänstra marginalen på sid 1 -->
        <postscript><p rend="place_previousPage_leftMargin"><handShift new="#ET"/>Kl. 2. Nu är <rs corresp="pe661">kejsarn</rs> anländ, <persName corresp="pe614">Z.</persName> är på universitetet för att presentera, jag var ner vid <placeName corresp="pl413">kajen</placeName> för att få se honom landstiga och det lyckades så bra att jag fick se honom helt nära då han gick förbi och helsade finska gardet.</p></postscript>
      </div>
    </body>
  </text>
</TEI>