<?xml version='1.0' encoding='UTF-8'?><TEI xmlns:xsi="http://www.w3.org/2001/XMLSchema-instance" xmlns="http://www.tei-c.org/ns/1.0" xsi:schemaLocation="http://www.tei-c.org/ns/1.0 file:/T:/Instruktioner,%20manualer,%20scheman/TEI-scheman%20(AM)/tei_brevschema.xsd">
  <teiHeader>
    <fileDesc>
      <titleStmt>
        <title>Br1798</title>
        <respStmt>
          <resp>Ansvarig redaktör:</resp>
          <name>Laura Mattsson</name>
        </respStmt>
      </titleStmt>
      <publicationStmt>
        <publisher>Zacharias Topelius Skrifter</publisher>
      </publicationStmt>
      <sourceDesc>
        <p>Arkivsignum: se databas</p>
      </sourceDesc>
    </fileDesc>
    <profileDesc>
      <handNotes>
        <handNote/>
        <handNote/>
      </handNotes>
    </profileDesc>
  </teiHeader>
  <text>
    <body xml:space="preserve">
      <!-- – ” ’ -->
      <div type="letter">
        <opener>
        <dateline><placeName corresp="pl2921">Marstrand</placeName> 21 Juni 1862, lördag.</dateline>
        <salute>Min Älskade <rs corresp="pe14">Mamma</rs>!</salute>
        </opener>
        <p rend="noIndent">Jag hoppas att <anchor xml:id="start27271"/>Mamma med Guds hjelp nu är väl tillbaka på vårt kära <placeName corresp="pl963">Kuddnäs</placeName> och har pullorna med sig<anchor xml:id="end27271"/>. Ack, den som nu vore hos er och drucke kaffe på Lusthusberget och berättade våra små äfventyr, medan svalorna flöge öfver ån och asparna susade och <persName corresp="pe5258">Nuppa</persName> gjorde <anchor xml:id="start27272"/>Maja<anchor xml:id="end27272"/> i ordning vid stranden! Vi äro nu här i landsförvisning på denna klippö i <placeName corresp="pl1433">Nordsjön</placeName>, men Gudilof raska och vid godt mod, så att vi få väl ge oss till tåls. I dag hade vi bref från den hederliga <persName corresp="pe360">Mina Julin</persName> med underrättelse om barnens afresa d. 12 Juni. Måtte nu allt gått bra, både Mammas och deras <anchor xml:id="start27273"/>peligrimsfärder<anchor xml:id="end27273"/>. Förut i <placeName corresp="pl2157">Stockholm</placeName> hade <persName corresp="pe11">Aina</persName> ett trefligt bref af syster <persName corresp="pe460">Inna</persName>, och jag hoppas några rader från Mamma äro på väg. Adress bara <placeName corresp="pl2921">Marstrand</placeName>, <placeName corresp="pl332">Sverige</placeName>.</p>
        <p>Vi fingo, som sagdt, ej plats på ångfartyget förrän till måndag d. 16, så att vi voro jemnt 10 dygn i <placeName corresp="pl2157">Stockholm</placeName>. Dyrt blef det, förstås, och vädret var ofta regnigt och stormigt, men annars mådde vi bra och voro särdeles nöjda med qvarteret hos hedersgumman <persName corresp="pe6856">Wingenblixt</persName>, alla finnars patronessa – der samlades ena partiet efter det andra, jag tror vi till slut voro 18 finnar der. Rummen kostade visst 4½ riksdaler riksmynt i dygnet (hvaraf en tredjedel betaltes af mamsellerna <persName corresp="pe285">Grönlund</persName> och <persName corresp="pe3716">Gråå</persName>, som hade ett rum); men så var man ock säker att ej bli <anchor xml:id="start27274"/>prejad<anchor xml:id="end27274"/> på allt strunt så som främlingen nu blir annars i <placeName corresp="pl2157">Stockholm</placeName>. Middagarna ute på de bättre värdshusen kostade mest en riksdaler person (40 kopek) och då 2 à 3 rätter efter<pb/> <del>ef</del> matsedel, utom öl och porter. En dag bjödo oss <persName corresp="pe439">Almlöfs</persName> och <persName corresp="pe78">fru Deland</persName> ut i vagnar till <placeName corresp="pl318">Haga</placeName>. Det var en treflig färd, vackert och varmt. Vi hamnade då till en präktig middag på <placeName corresp="pl4896">Blåporten</placeName> och fingo duskväder till qvällen, utan skada. En annan dag var jag af <persName corresp="pe3722">statsrådet Mollerius</persName> bjuden på en grymt fin och kräselig middag till <placeName corresp="pl3167">Hasselbacken</placeName>; bara fem gäster, alla finnar: <persName corresp="pe395">riksarkivarien Nordström</persName>, <persName corresp="pe3713">senatorn Furuhjelm</persName> m. fl. – Märkvärdigast var dock en bjudning till <persName corresp="pe1328">Fredrika Bremer</persName>. Jag mins ej om jag nämnde sist att jag och <persName corresp="pe11">Aina</persName> gjorde visit hos henne. Ett par dar derefter var hon hos oss och satt en hel timma hos <persName corresp="pe10">Emili</persName>, ty jag var då borta. Söndagsafton före vår afresa bad hon oss till sig – inga andra voro der, utom ett par ungdomar, något slags fosterbarn, hon måste vara mycket välgörande, ty första gången vi voro der, hade hon riktigt tillopp af fattiga. Vänlig och utan allt krus var hon; – berättade om sina och andras österländska resor och ville veta det ena och andra om <placeName corresp="pl62">Finland</placeName>. Soupern bestod af kornmjölsgröt, thé, ett glas vin och en bakelse. Mamma må tro att <persName corresp="pe10">Mille</persName> log i mjugg, när hon såg mig gripa i mjölgröten. Ännu andra dagen kom gumman sjelf rultande till oss med <persName corresp="pe10">Milles</persName> <anchor xml:id="start27276"/>pageband<anchor xml:id="end27276"/>, som blifvit qvarglömdt. Hon skrifver allt fortfarande hela förmiddagen och skall ha ett större arbete färdigt till midsommar. – Jag var rätt nöjd att på det hela slippa bra obemärkt i <placeName corresp="pl2157">Stockholm</placeName>, bara jag skulle ha träffat <persName corresp="pe443">Beskov</persName>. <persName corresp="pe506">Bonnier</persName> och <persName corresp="pe3275">Jolin</persName> fingo rätt på oss sista dagen och beklagade att de ej fått det förut, för att ställa till kalas. <persName corresp="pe150">Stjernström</persName> var sjuk, <persName corresp="pe77">P. Deland</persName> var<pb/> på <placeName corresp="pl2864">Waxholm</placeName>. Den unga poeten <persName corresp="pe3687">Sander</persName> sökte upp mig först hemma, sedan på ångfartyget, och der voro äfven <persName corresp="pe78">fru Deland</persName> med döttrar för att säga oss farväl. Gumman förärade sitt och gubbens porträtt, <persName corresp="pe2552">Griselda</persName> hämtade åt <persName corresp="pe11">Aina</persName> en blomkruka med stora jordgubbar. – <persName corresp="pe76">Theodor Decker</persName> och <persName corresp="pe2045">Emil Turdin</persName> voro de sednare dagarna våra kavaljerer; vi bjödo dem sista måndagen till middag på <placeName corresp="pl3167">Hasselbacken</placeName>. Äfven <persName corresp="pe3356">fru Wasenius d. ä.</persName> med två barn gjorde oss sällskap i <placeName corresp="pl2159">Riddarholmskyrkan</placeName> och på flera andra ställen.</p>
        <p>D. 16 kl. 8 på aftonen afgingo vi med ångf. Stockholm kanalvägen till <placeName corresp="pl304">Götheborg</placeName>, hade mest vackert och lugnt väder, utom litet regn på slutet, och promenerade vid <placeName corresp="pl2994">Motala</placeName>, <placeName corresp="pl2405">Trollhättan</placeName> m. fl. märkvärdiga ställen. Det var likväl nästan nog mycket för <persName corresp="pe10">Mille</persName>, särdeles som hon ej fick sofva för dunkandet af propellern under hennes sofställe i en aktersalong; blott om dagarna fick hon luta sig i min beqväma och trefliga däckshytt. Natten mot i <del>fre</del><add>thors</add>dags kl. ½&#x00A0;3 kommo vi sofvande under hällregn till <placeName corresp="pl304">Götheborg</placeName> och hade andra morgon den fägnaden att genast få flytta ombord på ångf. Uddevalla, som efter två timmars treflig färd förde oss thorsdag kl. 2¼ e. m. välbehållna hit till <placeName corresp="pl2921">Marstrand</placeName>. Öfverlastade af folk och gods ha alla båtar varit, som vi härtills begagnat, och restaurationen nog mycket <anchor xml:id="start27275"/>på prejeri<anchor xml:id="end27275"/>, så att mat, dryck och drickspengar från <placeName corresp="pl399">Hfors</placeName> hit kostat oss ensamt på ångbåtarna i vårt mynt omkr. 20 <choice><abbr>rub.</abbr><expan resp="EK">rubel</expan></choice> silfver. Bland annat ressällskap ha vi hela kanalvägen haft <persName corresp="pe3858">Estlanders</persName> från <placeName corresp="pl2716">Wörå</placeName>, hela familjen, 7 personer, <persName corresp="pe2986">mag. Wegelius</persName> inberäknad. Gubben är mycket illa till mods öfver de dryga utgifterna, men gumman ser nöjd ut.</p>
        <pb/>
        <p><persName corresp="pe10">Mille</persName> får nu skrifva om <placeName corresp="pl2921">Marstrand</placeName> till <persName corresp="pe320">Augusta</persName>, och så får Mamma sedan sin andel af brefvet. Här ser bättre och trefligare ut, än vi väntat: en smula grönt på de höga grå klipporna; en hop nymålade hus, ett vatten så salt att det sticker på tungan och fiskarna metas upp färdigt saltade framför våra fönster. Badhus och brunnssalong äro stora, nya och trefliga, baden ypperliga: jag ensam har härtills försökt dem. Vigtigast för oss är att <persName corresp="pe10">Mille</persName> har godt hopp om att bli rask, ehuru hon de första dagarna varit trött och ej sofvit bra efter resan. <persName corresp="pe2568">Doktor Heurlin</persName> var hos oss i går och examinerade <persName corresp="pe10">Mille</persName> i nära en timmas tid ytterst noga om alla omständigheter af hennes sjukdom, hvilka han antecknade i sin bok. Sedan han undersökt lungorna och hjertat, förklarade han, att hennes egentliga lidande var allmän svaghet, till följd af barnsängar, blodförlust och ansträngning: der var intet fel i bröstet, endast disposition dertill, och den kunde bli farlig, om den vårdslösades, hvarföre han förbjöd all ansträngning, lyftningar och annan oförsigtighet (det tackade jag honom för). Dieten här skulle vara ”hög”, som man säger, med köttmat, öl, porter och vin. Luften skulle vara förnämsta läkemedlet, bad först längre fram; hvar morgon <anchor xml:id="start27277"/>ett qvarter<anchor xml:id="end27277"/> mjölkvassla. Vi tyckte särdeles om den doktorn: vänlig, hjertlig, ytterst noga, mycket allvarlig; han är en gråhårsman, ehuru knappt 50 år, och har varit 20 år i <placeName corresp="pl2921">Marstrand</placeName>, så nog känner han klimatet. I går hade han 400 badgäster, i dag fick han på två ångfartyg cirka 100 till. Förra sommarn voro här inalles 1,500. Här hvimlar af folk och friska rödblommiga barn. Nog äro luft och vatten bra starka. Jag stod i går på bergen, det blåste starkt från hafvet: om en stund hade jag en salt imma på mustascherna. Vår värd har lofvat skaffa mig fiske: här fås torsk, långor, hvitling makrill och hummer. Allt är så olika mot hos oss. Sjelfva sjögräsen <seg rend="place_leftMargin">äro helt andra och mycket tjockare. – Vårt värdsfolk tycks vara hyggligt och tjenstaktigt, allt rent och putsadt. De ha, som många andra, flyttat på vinden, för att under sommaren förtjena in hela sin hyra. Uppassning och sängkläder ha vi af dem. Vackra rum, utsigten mot sjön och mot en plantering, fyra fönster i inre rummet. – Men nu får jag spara <placeName corresp="pl2921">Marstrands</placeName> beskrifning till härnäst. Gud vare med er, våra käraste! Mammas egnaste</seg></p>
        <closer>
          <signed>Z., E. och A.</signed>
        </closer>
        <!-- skrivet i vänstra marginalen på sid 3 -->
        <postscript><p rend="place_previousPage_leftMargin"><hi rend="underline">Söndag morgon d. 22 Juni.</hi> Stormigt väder och låg barometer, men här är berg på alla sidor. I går bevistade vi en vacker morgonbön i stora sällskapssalen. I dag gå vi i kyrkan. Man tycks vara bra ogenerad här. Många sorters folk, och alla följa sin smak. – Goda mamma, skrif om mamma får betala någon lösen för detta bref. Jag sätter bara fyra märken på det, emedan fem äro för mycket. Och skrif huru länge det varit på vägen.</p></postscript>
          <postscript>
          <p rend="place_topMargin"><!-- skrivet uppe på sid. 3. -->I går var jag bjuden till middag hos <persName corresp="pe5230">skolrektorn Widell</persName>: brännvinsbord med sex läckerheter, sedan hummer, fin soppa, hvitling, Halmstadlax med spenat, kalkonstek, stickelbärskräm, mandeltorta, öl och vin. Så lefver inte <persName corresp="pe3723">rektor Karsten</persName> i <placeName corresp="pl1512">NyCarleby</placeName>.</p>
        </postscript>
        <!-- skrivet i vänstra marginalen på sid 2 -->
        <postscript><p rend="place_previousPage_leftMargin">Få se om <rs corresp="pe140">tant</rs> med sina snälla flickor nu äro på <placeName corresp="pl963">Kuddnäs</placeName>. Helsa dem då hjertligt från oss. Helsa också <persName corresp="pe323">Fanny</persName> och <persName corresp="pe28">moster Nena</persName> och <persName corresp="pe659">Stina</persName>. <persName corresp="pe11">Aina</persName> helsar <rs corresp="pe14">farmor</rs>. Hon är glad och treflig och nöjd med sin kamrat <persName corresp="pe3716">Hilma Gråå</persName>. – Hur skall Mamma nu få fisk åt sitt hushåll? Voj voj, och det var mitt största nöje, när den varan var mycket efterfrågad! Mina nät få visst nyttjas, bara det sker af en förståndig person. <persName corresp="pe323">Fanny</persName> borde ha en smula <placeName corresp="pl2921">Marstrands</placeName> luft, hon också!</p></postscript>
        <!-- skrivet i vänstra marginalen på sid 1 -->
        <postscript><p rend="place_previousPage_leftMargin">Se här något roligt om <placeName corresp="pl2921">Marstrand</placeName>. Här fanns fordom en (säger 1) häst, och när han kom körande, väckte det allmänt uppseende. Då ropade alla <placeName corresp="pl2921">Marstrands</placeName>bor: ”hästen kommer!” Nu är hästen afsomnad och intet tecken till kärra eller sådan lyx. <persName corresp="pe3724">Kommerserådet Savander</persName> från <placeName corresp="pl1523">Nyslott</placeName> hade sjuka ben och tog egen trilla med sig, när han kom hit för ett par år sen. Då fingo de roligt i <placeName corresp="pl2921">Marstrand</placeName> åt hans trilla. ”Herrn skall väl ha någon som drar den också”, sade de.</p></postscript>
      </div>
    </body>
  </text>
</TEI>