<?xml version='1.0' encoding='UTF-8'?><TEI xmlns:xsi="http://www.w3.org/2001/XMLSchema-instance" xmlns="http://www.tei-c.org/ns/1.0" xsi:schemaLocation="http://www.tei-c.org/ns/1.0 file:/T:/Instruktioner,%20manualer,%20scheman/TEI-scheman%20(AM)/tei_brevschema.xsd">
  <teiHeader>
    <fileDesc>
      <titleStmt>
        <title>Br1778</title>
        <respStmt>
          <resp>Ansvarig redaktör:</resp>
          <name>Laura Mattsson</name>
        </respStmt>
      </titleStmt>
      <publicationStmt>
        <publisher>Zacharias Topelius Skrifter</publisher>
      </publicationStmt>
      <sourceDesc>
        <p>Arkivsignum: se databas</p>
      </sourceDesc>
    </fileDesc>
    <profileDesc>
      <handNotes>
        <handNote/>
        <handNote/>
      </handNotes>
    </profileDesc>
  </teiHeader>
  <text>
    <body xml:space="preserve">
      <!-- – ” ’ -->
      <div type="letter">
        <opener>
        <dateline><placeName corresp="pl399">Helsingfors</placeName> fredag 6 Dec. 1861.</dateline>
        <salute>Min Älskade <rs corresp="pe14">Mamma</rs>!</salute>
        </opener>
        <p rend="noIndent">Åter blott några få ord, emedan <persName corresp="pe3500">Rudolfine</persName> sitter hos <persName corresp="pe10">Mille</persName> och <persName corresp="pe7715">Granberg</persName> har fått brorslotten af den timme jag kunnat disponera. Tack för det kära brefvet! Det är välkomnare nu än någonsin, emedan ingen kan som Mamma deltaga i våra bekymmer!</p>
        <p>Ja, jag undrar verkligen ej att Mamma är rädd att öppna våra bref, och hvad annat har der varit nu i en hel månad, än bara bekymmer? Dock måste vi hoppas, att Gud i sin godhet ej pålägger oss större börda, än vi kunna bära. Wi kunna ej vara nog tacksama för att barnen fått vara friska denna tid, annars hade det varit svårt. – Ja, icke heller detta <add>bref</add> är utan sin andel, ty natten mot i söndags fick <persName corresp="pe10">Mille</persName> åter en blodstörtning af samma slag som i våras, likväl ej så stark som då, och lyckligtvis hade vi nu äfven genast <anchor xml:id="start27023"/>mjöldrygspiller<anchor xml:id="end27023"/> till hands. Orsaken<pb/> var väl egentligen svaghet; men lördagsafton, medan jag var på ett Konstföreningsmöte, var <persName corresp="pe401">Calle Engström</persName> och talte något oförbehållsamt om <persName corresp="pe309">Juliuses</persName> affärer, hvaraf <persName corresp="pe10">Mille</persName> blef upprörd, så att det behöfdes ej mer. Söndag, måndag och tisdag låg hon under täcke; onsdag fick hon åter gå klädd, men nödgas allt ännu hålla sig stilla och tala efter ranson. Hon hade tillika starka hostskåf och en retning i venstra lungen, hvarför hon nu på den sidan bär <anchor xml:id="start27025"/>spansk fluga<anchor xml:id="end27025"/>. <persName corresp="pe178">Willebrand</persName> hoppas hon snart skall repa sig; likväl tillstyrker han en sak, som vi börjat med allvar tänka på, nemligen en resa till <placeName corresp="pl2921">Marstrand</placeName> i sommar för <persName corresp="pe10">Mille</persName> att bada. Ger Gud råd och krafter, och vill <rs corresp="pe14">farmor</rs> ha besvär med pyrena, så tror jag det blir af. Jag och <persName corresp="pe11">Aina</persName> resa då med, det kan göra oss alla godt att plaska i <placeName corresp="pl1433">Nordsjön</placeName>. Min frossa strök på foten för vanlig kinin; ännu åtminstone har jag efter ett par dagars rusk ej vidare<pb/> kännt af den. <persName corresp="pe11">Aina</persName> och <persName corresp="pe460">Aline</persName> äro qvitta sin halsfluss – <persName corresp="pe272">Toini</persName> och <persName corresp="pe13">Eva</persName> bullra som vanligt, och <persName corresp="pe274">Rosa</persName> är nu tredje man – Hon skickas på <anchor xml:id="start27157"/>ärender<anchor xml:id="end27157"/> och uträttar allt helt prudentligt. Fast hon icke räcker med nästippen till bordet, så skall hon ändå ha reda på allt hvad der finns och skrifva och författa naturligtvis, som alla de andra. – Ledsamt är att <persName corresp="pe530">Lotta</persName>, som vi togo till barnflicka, ej tycks ha vunnit hennes nåds höga välbehag, så att jag ej kunnat släppa bort <persName corresp="pe6981">Sofi</persName>, medan <persName corresp="pe10">Mille</persName> varit så skral. – Wår stora sköna sal har länge stått öde. Icke ha vi flyttat för att bo stort – hvad annat vi kunna af mensklig svaghet ha felat – men vi flyttade för att barnen skulle få bättre; annars hade vi visst bott qvar hos <persName corresp="pe4838">Rosenqvist</persName>. – <persName corresp="pe531">Fru Ramsay</persName> har gjort visit, men ännu ej riktigt inflyttat.</p>
        <p>En förökning i familjen får jag äran tillkännagifva. Wår präktiga kudda Smultra, som köptes för ett par veckor sedan för 23 <choice><abbr>rub.</abbr><expan resp="EK">rubel</expan></choice>, har<pb/> i dag lyckligen nedkommit med en välskapad kalf. – Råmjölk skickas åt <persName corresp="pe7553">Crohns</persName> i utbyte mot deras ostronpresent. – Nå, <persName corresp="pe141"><anchor xml:id="start27026"/>Schauman</persName> har, som Mamma ser, tagit tidningen tillbaka,<anchor xml:id="end27026"/> så att icke blef jag densamme. – <anchor xml:id="start27028"/>En komité är nedsatt, för att reglera pressen<anchor xml:id="end27028"/>: <persName corresp="pe2729">Langensköld</persName>, <persName corresp="pe1711">Furuhjelm</persName>, <persName corresp="pe4469">Bergbom</persName>, <persName corresp="pe203">Snellman</persName>(?), <persName corresp="pe281">Ehrström</persName>, <persName corresp="pe3703">Schoultz</persName>, <persName corresp="pe679">Renvall</persName>. Censurn för utländska tidningar är öfverflyttad på Censuröfverstyrelsen.</p>
        <p><anchor xml:id="start27027"/>Nätingskaggen<anchor xml:id="end27027"/> lyckligen arriverad och mycket smaklig på thébordet, jemte sikrommen. Tack, tack. –</p>
        <closer>
        <salute>Måväl, min älskade Mamma! Tusen helsningar från oss alla, Mammas egnaste</salute> <signed>Z., E. och Komp.</signed>
        </closer>
        <!-- skrivet i vänstra marginalen på sid 4 -->
        <postscript><p rend="place_leftMargin"><persName corresp="pe274">Lullu</persName> påstår att hon heter Osenbom (Rosenbom) – Nu <anchor xml:id="start38643"/>grasserar hon med min plånbok<anchor xml:id="end38643"/>.</p></postscript>
        <!-- skrivet i vänstra marginalen på sid 3 -->
        <postscript><p rend="place_previousPage_leftMargin">Wi ha åter haft ett vänligt bref af <persName corresp="pe7715">Granberg</persName>. – Ett nytt bekymmer, men oss emellan: <persName corresp="pe309">Julius</persName> är sedan fyra veckor försvunnen <!-- skrivet i vänstra marginalen på sid 2 --><seg rend="place_previousPage_leftMargin">från sitt qvarter, utan att någon vet hvart. Vi hoppas i det längsta, att han rest på landet, som han förr brukat, men jag törs knappt låta <persName corresp="pe10">Mille</persName> ana huru litet jag tror derpå.</seg></p></postscript>
        <!-- skrivet i vänstra marginalen på sid 1 -->
        <postscript><p rend="place_previousPage_leftMargin"><persName corresp="pe19">Oskar</persName> ämnar sig till <placeName corresp="pl2464">Uleåborg</placeName> och säger sig komma för att hämta Mamma med sig dit.</p></postscript>
      </div>
    </body>
  </text>
</TEI>