<?xml version='1.0' encoding='UTF-8'?><TEI xmlns:xsi="http://www.w3.org/2001/XMLSchema-instance" xmlns="http://www.tei-c.org/ns/1.0" xsi:schemaLocation="http://www.tei-c.org/ns/1.0 file:/T:/Instruktioner,%20manualer,%20scheman/TEI-scheman%20(AM)/tei_brevschema.xsd">
  <teiHeader>
    <fileDesc>
      <titleStmt>
        <title>Br1765</title>
        <respStmt>
          <resp>Ansvarig redaktör:</resp>
          <name>Laura Mattsson</name>
        </respStmt>
      </titleStmt>
      <publicationStmt>
        <publisher>Zacharias Topelius Skrifter</publisher>
      </publicationStmt>
      <sourceDesc>
        <p>Arkivsignum: se databas</p>
      </sourceDesc>
    </fileDesc>
    <profileDesc>
      <handNotes>
        <handNote/>
        <handNote/>
      </handNotes>
    </profileDesc>
  </teiHeader>
  <text>
    <body xml:space="preserve">
      <!-- – ” ’ -->
      <div type="letter">
        <opener>
        <dateline><placeName corresp="pl399">Helsingfors</placeName> måndag 11 Juni 1860.</dateline>
        <salute>Min Älskade <rs corresp="pe14">Mamma</rs>!</salute>
        </opener>
        <p rend="noIndent">Med några rader vill jag underrätta att vår resa blifvit uppskjuten till thorsdag d. 14:de, så att Mamma ej väntar oss för bittida. Jag har som vanligt så många jern i elden, att jag med svårighet kommer lös, men om Gud ger helsan, hoppas jag vi bli klara thorsdag middag och resa då öfver <placeName corresp="pl2299">Tamerfors</placeName>, <placeName corresp="pl2797">Östermarks</placeName> vägen till <placeName corresp="pl739">Kaskö</placeName>, <anchor xml:id="start26751"/>så troligen in till <persName corresp="pe5634">Schalins<anchor xml:id="end26751"/></persName> och så uppåt strandvägen. Förr än onsdag d. 20 lärer väl mamma knappt kunna vänta oss, och om vi, som troligt är, komma att dröja en dag i <placeName corresp="pl2299">Tamerfors</placeName> och en dag i <placeName corresp="pl739">Kaskö</placeName>, så komma vi väl ej förrän thorsdag afton vidpass. Skulle vi dröja deröfver, så kan så lätt ett uppehåll inträffa, att mamma ej behöfver tillskrifva det annat än vanliga resesölerier.</p>
        <p>Jag hoppas <persName corresp="pe2039">Synnerbergs</persName> framfört färska helsningar och berättat något om all denna <anchor xml:id="start26757"/>promotionsvefvan<anchor xml:id="end26757"/>. För mig hade hela kalaset<pb/> en underlig färg. Jag kunde ej hela tiden få vännen <persName corresp="pe33">Blank</persName> ur mitt hufvud, men var dock tvungen att hålla god min. <title corresp="ve3485">Verserna</title> stökades ihop, si och så, och blefvo passabla, men på några ställen likasom söndriga. Jag fick för dem en ganska vacker present af magistrarne: en tafla af <persName corresp="pe180">Magnus Wright</persName>, köpt för 100 rubel <choice><abbr>s:r</abbr><expan resp="EK">silfver</expan></choice> och föreställande en skogsväg, hvarom jag sjelf förut hade skrifvit godt i tidningen.</p>
        <p><persName corresp="pe130">Pacius</persName> surprinerade mig häromdagen och skickade mig 100 rubel för <title corresp="ve379">Kung Carls Jagt</title>. Jag tog också emot dem, ehuru jag visste att de sutto hårdt för honom, men jag beslöt att en annan gång hjelpa honom till en ny inkomst. – <anchor xml:id="start26758"/>Vi ha firat <persName corresp="pe2513">Montgomery</persName> och <persName corresp="pe395">Nordström</persName> på många sätt.<anchor xml:id="end26758"/> <anchor xml:id="start26767"/>I onsdags var jag med <persName corresp="pe2513">Montg.</persName> och några andra rest till <placeName corresp="pl109">Borgå</placeName> för att besöka <persName corresp="pe2">Runeberg</persName>, men i stället råkade vi ut för ett kalas af de indelte der, så att vi hade föga annat än rummel utaf den resan.<anchor xml:id="end26767"/> – Sedan kom åter <persName corresp="pe77">P. Deland</persName> hit från <placeName corresp="pl2157">Stockholm</placeName>, som jag fick lof<pb/> att fjäsa i tre dagar – allt under andra bestyr. Mamma får nu vara nöjd med dessa få rader, fastän så mycket vore att prata om.</p>
        <p>Vi äro Gudskelof raska, barnen springa ut, och <persName corresp="pe274">Rosa</persName> icke minst. Vagnen är hos smeden, en kusk har jag tingat i dag (heter <persName corresp="pe7531">Blomqvist</persName> och är från <placeName corresp="pl3193">Kofjoki</placeName>); <persName corresp="pe11">Aina</persName> och jag skola sätta oss i en kurirkärra, som ännu är oköpt. <persName corresp="pe6981">Sofi</persName>, Amman, följer med. – <persName corresp="pe656">Borgströms</persName> reste i dag utrikes, utom <persName corresp="pe316">Carolina</persName> och <persName corresp="pe425">Adele</persName>, som i början af nästa vecka resa till <placeName corresp="pl269">Gamla Carleby</placeName>. <persName corresp="pe360">Mina Julin</persName> är qvar ännu. <persName corresp="pe162">Sofi Leopold</persName> är rask, <persName corresp="pe161">Jenny</persName> tung på foten, <persName corresp="pe3500">Rudolfine W.</persName> väntande. <persName corresp="pe754">Gustafs</persName> <rs corresp="pe629">brud</rs> ha vi sett, hon är rätt söt, brölloppet blir i Augusti. – Jag hinner nu ej mer än hjertligen önska att vi må finna Mamma rask och, om Gud vill, alla med helsan träffas.</p>
        <closer>
        <salute>Mammas egnaste</salute> <signed>Z.</signed>
        </closer>
        <postscript>
          <p>P. S. Kan jag få <persName corresp="pe8643" correspUncert="Y">Gustaf Dahlsten</persName> i sommar, så tar jag honom gerna.</p>
        </postscript>
        <postscript><p>P. S. Med Österbotten ämna vi afsända i morgon bittida med <persName corresp="pe614">Z. T.</persName> till Mamma: vår bruna kista, en säck hvetmjöl och en låda. Få vi dem från <placeName corresp="pl574">Jakobstad</placeName>.</p></postscript>
            </div>
    </body>
  </text>
</TEI>