<?xml version='1.0' encoding='UTF-8'?><TEI xmlns:xsi="http://www.w3.org/2001/XMLSchema-instance" xmlns="http://www.tei-c.org/ns/1.0" xsi:schemaLocation="http://www.tei-c.org/ns/1.0 file:/T:/Instruktioner,%20manualer,%20scheman/TEI-scheman%20(AM)/tei_brevschema.xsd">
  <teiHeader>
    <fileDesc>
      <titleStmt>
        <title>Br1842</title>
        <respStmt>
          <resp>Ansvarig redaktör:</resp>
          <name>Laura Mattsson</name>
        </respStmt>
      </titleStmt>
      <publicationStmt>
        <publisher>Zacharias Topelius Skrifter</publisher>
      </publicationStmt>
      <sourceDesc>
        <p>Arkivsignum: se databas</p>
      </sourceDesc>
    </fileDesc>
    <profileDesc>
      <handNotes>
        <handNote/>
        <handNote/>
      </handNotes>
    </profileDesc>
  </teiHeader>
  <text>
    <body xml:space="preserve">
      <!-- – ” ’ -->
      <div type="letter">
        <div type="letterpart" part="i">
        <opener>
        <dateline><placeName corresp="pl399">Helsingfors</placeName> 4 Februari 1864, <del>ons</del><add>Thors</add>dagsqväll.</dateline>
        <salute>Min Älskade <rs corresp="pe14">Mamma</rs>!</salute>
        </opener>
        <p rend="noIndent">Jag ämnade skrifva i måndags, men blef hindrad; det börjar nu åter bli flera jern i elden, sedan jag <anchor xml:id="start27796"/>i dag begynt mina föreläsningar<anchor xml:id="end27796"/>. Mammas sednaste kära bref skall jag genomtitta i morgon, för att se om der är någon fråga att besvara; det är nu inne hos <persName corresp="pe10">Emili</persName>, som redan gått till kojs, sedan <persName corresp="pe2816">Deckers</persName> och <persName corresp="pe284">Lina Borgström</persName> suttit hos henne i qväll. Med bedröfvelse hörde jag att min raska <persName corresp="pe5412">Calle Forsbacka</persName> gått ur verlden; just mina tre duktigaste roddare, <persName corresp="pe5420">Daniel</persName>, <persName corresp="pe5421">Petter</persName> och nu den här, ha så tidigt slutat sin bana. En annan, äldre vän fingo vi höra om i afton: <persName corresp="pe350">Emil Lundmark</persName> har vandrat hädan i <placeName corresp="pl255">Fredrikshamn</placeName>, 41 eller 42 år. Han dukade under för ett långvarigt hjertlidande, som lemnat föga hopp, men hastigt hade det gått. Efter honom bli hustru och ett barn i små omständigheter; de ha förlorat två barn förut i vatten på hjernan, och äfven detta tredje anses gå samma väg. Mycket lyckligt skola de annars ha lefvat tillsammans, hon skall vara en älskvärd fru, född <persName corresp="pe9305">Carlstedt</persName> eller något ditåt, <persName corresp="pe28">moster Nena</persName> vet det – hon hör visst med deltagande den nyheten. <persName corresp="pe10">Emilis</persName> ungdomsvän och första flamma var han, men vi ha träffats så sällan på senare tider.</p>
        <pb/>
        <p>Af <persName corresp="pe37">bror Albert</persName> hade jag nyss bref. Mamma är god och helsar att inneliggande 200 mar<unclear reason="endline" resp="MD">c</unclear> framkommit. Han har <anchor xml:id="start27750"/>bekymmer om sin svåger <persName corresp="pe9102">Emil</persName>, som tyvärr tycks vara obotlig<anchor xml:id="end27750"/>. I förrgår voro vi bjudna till <persName corresp="pe9307">Falanders</persName>, och då berättade <persName corresp="pe85">F.</persName> att <persName corresp="pe9102">Jessberg</persName> och den förr så hyggliga studenten <persName corresp="pe9306">Forsell</persName> (ej af Mammas bekanta) skola vara bland de osnyggaste. <persName corresp="pe9102">Jessberg</persName> rifver sönder sina kläder. – <persName corresp="pe10">Emili</persName> var också bjuden och tänkte fara, vi beställde enkom <anchor xml:id="start27751"/>kur<anchor xml:id="end27751"/> för hennes räkning, men så blef det ett hiskeligt väder med storm och snöslask, så hon måste bli hemma. Jag for med stora flickorna: der var sång och musik, enkom tillställdt för att låta oss höra <persName corresp="pe5414">Ernst Fabritii</persName> nya melodier till fyra af mina visor. Nog behöfva <persName corresp="pe9307">Falanders</persName> – vägg i vägg med vansinnet och <add>med</add> två kyrkogårdar till närmaste grannar – nog behöfva de stundom något som lifvar och gläder dem.</p>
        <p>Jag tycker att <persName corresp="pe10">Emili</persName> märkbart repat sig, fast hon ej tycker det sjelf. Hon har nu legat emellanåt i går och i dag, men det är för sådant som måste vara. Då är hon alltid skral på benen igen några dar. Tack, älskade Mamma, för löftet att, om Gud så vill, pyssla om henne i sommar. Det hon väl mest torde behöfva är frisk luft, som hon får gratis, och bad alla dagar, och det hjelps ju med att jag lejer någon enkom till biträde för sådant.<pb/> Till <placeName corresp="pl2921">Marstrand</placeName> vill hon ej – mest af det skäl att hon vill till <placeName corresp="pl963">Kuddnäs</placeName>, och kunde man få henne att bråka så litet som möjligt, så tror jag gamla hemmets luft skulle göra henne godt. Nå, detta hinna vi längre fram tänka uppå. <persName corresp="pe162">Sofi Leopold</persName> är föreskrifven att resa ut nästa sommar; om det blir till <placeName corresp="pl2921">M:strand</placeName> eller <placeName corresp="pl2432">Tyskland</placeName>, är oafgjordt. Hennes bortfrusna <persName corresp="pe571">Olga</persName> skulle nog också behöfva. Den stackars halfblinda <persName corresp="pe24"><placeName corresp="pl2464">Uleå</placeName> Fanny</persName> hitväntas nu snart med <persName corresp="pe476">Carl</persName>; kanske de passera <placeName corresp="pl1512">NyCarleby</placeName>. Gubben lär vara skral, så att <persName corresp="pe161">Jenny</persName> får stadna der med sina barn. Deremot skrifver <persName corresp="pe25">bror Ludvig</persName> från <placeName corresp="pl2464">Uleå</placeName>, att han är rask och fet. Hans <persName corresp="pe3497">Olga</persName> bor nu här med sina två ett stycke från oss; de ha varit friska, ehuru kikhostan är allmänt gängse. – Våra pior äro raska, <persName corresp="pe272">Toini</persName> <foreign xml:lang="fin"><anchor xml:id="start27752"/>rukka<anchor xml:id="end27752"/></foreign> som förr med sina öron. Ännu vi ej kommit oss att försöka luftklockan. <persName corresp="pe460">Aline</persName> är gladlynt och sätter lif i huset: de taga nu både finska och franska timmar.</p>
        <p>– Nå landtdags nyheter: den vigtigaste är <subst>att</subst> den <anchor xml:id="start27762"/>s. k. garantifrågan<anchor xml:id="end27762"/> gått igenom, hvarmed man hoppas reglera vårt myntväsende. <persName corresp="pe203">Snellman</persName> skall ha ämnat begära afsked, om ständerna afslagit propositionen. – Sedan den nya <anchor xml:id="start27763"/>presslagen<anchor xml:id="end27763"/>! Den anser jag för ett missfoster, värre än<pb/> censuren, som bibehålls under ett annat namn, medan en författare ändock ständigt är utsatt för böter ända till 10,000 mark och fängelse ända till två. Förslaget skall ha blifvit mycket omklottadt i <placeName corresp="pl1957">Petersburg</placeName>. Nej, då hålla vi hellre det gamla otyget. <!--understreckat med blyerts av annan hand:-->Man har riktigt velat <anchor xml:id="start27754"/>basta<anchor xml:id="end27754"/> och binda pressen som det argaste vilddjur.<!--understreckningen slut--> – Tredje nyheten är att alla stånden gått in på nytt mått, mål och vigt i likhet med det franska. Det kommer att sätta mången myror i hufvudet. Den nya alnen t. ex. (franska metern) blir ungefär 7 <anchor xml:id="start27761"/>qvarter<anchor xml:id="end27761"/> lång och delas i hundradelar. Jag undrar hvad våra bodbetjenter skola säga derom, och <persName corresp="pe659">Stina</persName> blir fast, om hon skall väga med ett mått, som motsvarar ⅔ lod vidpass (gramm). Men då väger hvarenda af mina gäddor hundra gramm allraminst, det kommer att låta något. Två år skall man få att vänja sig vid det nya måttet.</p>
        <p>– <persName corresp="pe11">Aina</persName> har varit bjuden två gånger å rad till <persName corresp="pe539">baron Muncks</persName> på bal; det var vänligt af dem, men hon skyllde på att mamma ej kunde komma med, och så slapp hon. Nu skall der bli stor bal hos <persName corresp="pe656">Borgströms</persName>, och den tänker hon också slippa. det är ju en sådan lyx nuförtiden, att balkostymen skulle kosta sina 20 rubel silfver, och det ha vi ej råd till.</p>
        <pb/>
          </div>
        <div type="letterpart" part="f">
          <opener>
            <dateline>fredag middag 5 Febr. 64</dateline>
          </opener>
        <p rend="noIndent"><!--brevet fortsätter på ett blad som är daterat "fredag middag 5 Febr. 64"-->I Mammas bref finner jag inga egentliga frågor, men vill ändå svara på somt. <persName corresp="pe10">Emilis</persName> krafter bero mest på sömn, och sedan hon i natt sofvit godt, är hon bra på fötter i dag igen. Min snufva hör till finska historien, d. v. s. en förfluten tid. Jag fick af <persName corresp="pe460">Aline</persName> en varm munduk och mår godt i mammas sköna händers arbete på mina bakfötter. <title corresp="ve65">Fältskärn</title> får jag nu skrifva lös på mina tre lediga dagar i veckan, fast de tyvärr nog ofta tagas i anspråk af Consistorium och fakultetsmöten. <title corresp="tw98">Hfos Tidn.</title> komma troligen att åter repa sig, när de nya redaktörerne bli vana, ty de ha både vilja och förmåga. I år ligger tidningen under; den har nu <anchor xml:id="start27758"/>400 prenumeranter mindre än i fjol och 1200, eller nära hälften mindre, än när jag lemnade den<anchor xml:id="end27758"/>. Det <anchor xml:id="start27759"/>nya ”<title corresp="ve1083">Österbotten</title>” skall jag också taga<anchor xml:id="end27759"/>. – Åhå, min <placeName corresp="pl402">Majniemi</placeName> brygga! Skulle Mamma ha något emot att <persName corresp="pe594">LippHinrik</persName> fick hugga i vinter så mycket sämre virke i egen skog, som åtgår till en ny, litet mindre brygga? Till locket fick jag sedan bestå en <anchor xml:id="start27755"/>tolft<anchor xml:id="end27755"/> plankor. – Månne de allt ännu öda bort fiskynglet med sin trånga <anchor xml:id="start27760"/>pera<anchor xml:id="end27760"/>? Är det då rakt ogörligt att få dem till förnuft?</p>
        <p>– Innan jag åtar mig något för <placeName corresp="pl4475">Soklot</placeName> mossan, måste jag <del>jo</del> veta huru det arbetet skall bedrifvas. Jag har ej hört annat än<pb/> hvad Mamma skrifver derom. Icke kunna vi tvingas utan skadeersättning.</p>
        <p>– <anchor xml:id="start27764"/>Bränvinsfrågan<anchor xml:id="end27764"/> är snart i antågande, men så bortkollrad af pretentioner på alla håll, att det ej ser ut som om deraf skulle bli något på denna landtdag. Och så kommer ännu <anchor xml:id="start27765"/>bevillningen<anchor xml:id="end27765"/>, som är det beni<gap reason="overstrike" extent="1" unit="letters"/>gaste af allt. Alla vilja ha, men ingen vill ge. – Jag vet ej om <persName corresp="pe10">Mille</persName> berättat, att <persName corresp="pe3661"><anchor xml:id="start27766"/>fru Hernmarck</persName> säges vara förlofvad med <persName corresp="pe5413">Sixtus Calamnius</persName>, således blir slägt med oss. Det var en gammal ungdomsflamma förut. Hon är nu åter glad till mods.<anchor xml:id="end27766"/> Äldsta gossen är begärd af farbrodren till <placeName corresp="pl1880">Riga</placeName>. – Theatern skall åter uppbyggas; men nu i Mars lemnar hela nuvarande direktionen plats åt en byggnadsdirektion, så att då blir jag också fri.</p>
        <p>– I qväll kommer <persName corresp="pe11">Ainas</persName> sångsällskap hit att sjunga. Det är så trefligt och anspråkslöst, bara med thé och färdigbredda smörgåsar. – Måväl! Helsa <persName corresp="pe323">Fanny</persName> och alla de våra, äfven <persName corresp="pe5634">Schalins</persName>! Mammas egnaste</p>
        <closer>
        <signed>Z. och Emili</signed>
        </closer>
        <!-- skrivet i vänstra marginalen på sid 6 -->
        <postscript><p rend="place_leftMargin">När skola vi få någon <anchor xml:id="start27757"/>forlägenhet<anchor xml:id="end27757"/> till <placeName corresp="pl855">Österbotten</placeName>?</p></postscript>
        <!-- skrivet i vänstra marginalen på sid 5 -->
        <postscript><p rend="place_previousPage_leftMargin">Jag tänker Majnibryggan skulle göras på bockar och om möjligt kunna intagas till hösten. Mamma skall ej bråka dermed.</p></postscript>
        <!-- skrivet i vänstra marginalen på sid 4 -->
        <postscript><p rend="place_previousPage_leftMargin"><persName corresp="pe272">Toini</persName> och <persName corresp="pe13">Eva</persName> fingo häromdagen se på Figaros bröllopp i <placeName corresp="pl4681">Arkadia</placeName>. <persName corresp="pe138">Hr Roos</persName> bjöd oss alla. <persName corresp="pe10">Mille</persName> var hemma. De små voro högst roade.</p></postscript>
        <!-- skrivet i vänstra marginalen på sid 3 -->
        <postscript><p rend="place_previousPage_leftMargin"><persName corresp="pe3010">Lillja</persName> i <placeName corresp="pl2735">Åbo</placeName> skall vara stämd <del>för</del> till hofrätten för högmålsbrott, neml. uppmaning att anfalla <placeName corresp="pl43">Ryssland</placeName>, i <title corresp="tw254">Åbo Underrättelser</title> N<hi rend="raised">o</hi> 1.</p></postscript>
        <!-- skrivet i vänstra marginalen på sid 2 -->
        <postscript><p rend="place_previousPage_leftMargin"><persName corresp="pe37">Dyhr</persName> skrifver att <persName corresp="pe28">Moster Nena</persName> tänker på hitresa. Vi äro så villrådiga, vi borde be henne hit, men nog är det svårt, när <persName corresp="pe10">Emili</persName> är så skral och vi ej ha annat passligt rum än sängkammarn. Kanske det går på något sätt.</p></postscript>
        <!-- skrivet i vänstra marginalen på sid 1 -->
        <postscript><p rend="place_previousPage_leftMargin"><persName corresp="pe272">Toini</persName> spelar nu för sin mamma. Hon är nog musikalisk. <persName corresp="pe13">Maja</persName> gråter och vill spela med.</p></postscript>   
      </div>
      </div>
    </body>
  </text>
</TEI>