<?xml version='1.0' encoding='UTF-8'?><TEI xmlns:xsi="http://www.w3.org/2001/XMLSchema-instance" xmlns="http://www.tei-c.org/ns/1.0" xsi:schemaLocation="http://www.tei-c.org/ns/1.0 file:/T:/Instruktioner,%20manualer,%20scheman/TEI-scheman%20(AM)/tei_brevschema.xsd">
  <teiHeader>
    <fileDesc>
      <titleStmt>
        <title>Br2053</title>
        <respStmt>
          <resp>Ansvarig redaktör:</resp>
          <name>Laura Mattsson</name>
        </respStmt>
      </titleStmt>
      <publicationStmt>
        <publisher>Zacharias Topelius Skrifter</publisher>
      </publicationStmt>
      <sourceDesc>
        <p>Arkivsignum: se databas</p>
      </sourceDesc>
    </fileDesc>
    <profileDesc>
      <handNotes>
        <handNote medium="black-ink"/>
      </handNotes>
    </profileDesc>
  </teiHeader>
  <text>
    <body xml:space="preserve">
      <!-- – ” ’ æ ½ -->
      <div type="letter">
        <div type="letterpart" part="i">
        <opener>
          <dateline><placeName corresp="pl399">Helsingfors</placeName> 15 Dec. 1867, Söndag middag</dateline>
          <salute>Min Älskade <rs corresp="pe14">Mamma</rs>!</salute>
        </opener>
        <p rend="noIndent">Jag på börjar några rader, antingen för posten eller för <persName corresp="pe5521">Oskar Heikel</persName>, som reser i morgon. När vårt sednaste afgick, var <persName corresp="pe324">Jeana</persName> redan kommen på böndagen, och Mammas kära bref fingo vi sedan om måndag, jemte <persName corresp="pe323">Fannys</persName>. – <persName corresp="pe46">Carolina Kjellmans</persName> oförmodade bortgång smärtade oss; hon var en tillgifven barndomsvän, fastän vi så sällan träffades. <persName corresp="pe9328">Lina</persName> får väl nu vara mor för de små systrarna. <persName corresp="pe324">Jeana</persName> har jag ej träffat ännu, hon har ej varit här, men <persName corresp="pe10">Mille</persName> var och helsade på henne redan i måndags. Åt <persName corresp="pe34">moster Calamnius</persName> lägga vi hop någon liten skärf, men <anchor xml:id="start31176"/>hvad skola vi ge åt <persName corresp="pe6672">Thilda Wahlström<anchor xml:id="end31176"/></persName>? Gerna ville vi ge något smått som bidrag till <anchor xml:id="start31178"/>utstyrseln<anchor xml:id="end31178"/>, men hvad? Månne brölloppet blir snart? Till mammas fattigkassa skall jag skicka ett litet bidrag bara jag får af <persName corresp="pe506">Bonnier</persName> och bara jag får veta om Mammas egna affärer. Nu brumma så många björnar på engång, att jag varit rådlös, om jag ej lyckligtvis fått häromdagen <anchor xml:id="start31179"/>en liten Halmstadlax<anchor xml:id="end31179"/>, värd 175 riksdaler. <persName corresp="pe6639">Fru Candelin</persName> har ännu ej skickat något; de tro väl att andra ha lika godt om pengar, som de. Tjenstefolket fick i går 50 mark att sätta in på sparbanken, <persName corresp="pe516">Fina</persName> 20 och <persName corresp="pe566">Amalia</persName> 30 mark. Jag fick dem ändtligen till det, och <persName corresp="pe516">Fina</persName> har förut 20 mark, så att början är gjord. De förundrade sig på sparbanken att någon sätter in också, ty de flesta taga ut allt hvad de ha. – Vi äro nu Gudilof friska, utom <persName corresp="pe875">Annas</persName> hosta. <persName corresp="pe11">Aina</persName> kom just hit ifrån kyrkan. Hon spatserar nu som förut och tycks vara rask. – Kallt<pb/> ha vi ute, och det känns på tre af våra rum, barnens kammare (hörnrum), stora flickornas rum, som är öfver källarn och vårt ”kabinett” (mitt yttre), som är hörnrum med tre fönster. I dessa rum är golfkyla, och väggarna troligen för tunna, men sällan elda vi der ändå mer än en brasa om dagen. De öfriga rummen som ha varmt under, äro varma och matsaln samt <persName corresp="pe10">Milles</persName> alkov ibland för varma. Icke kunna vi klaga; hvar får man fullkomlighet? Många ha sämre, när det blåser vid 20 graders köld. Man kör nu på isarna, och de sista ångbåtarne ha lagt sig till hvila. – Jag undrar om Mamma har varmt? – Ja, denna vinter pröfvar på månget håll. Nog vore det bättre äfven för lilla <placeName corresp="pl1512">NyCarleby</placeName> att ha en arbetsinrättning, der tiggarne helst kunde sprita dref, än att de vanka lata omkring och lära sig alla odygder i köken. Till sådant fordras egentligen blott en eller par driftiga personer, men derpå beror det. Kostsamare blir det icke, än att föda dem i köken. <persName corresp="pe10">Mille</persName> min är så <anchor xml:id="start39122"/>snäll<anchor xml:id="end39122"/> deltagarinna här i vår arbetsinrättning. I går var hon i en rådplägning huru de 280, som nu äro gäster i inrättningen, skola få sig något slags uppmuntran, d. v. s. mat, under juldagarna. Der är alla söndagar gudstjenst, och om julafton blir der likaså. De yngre presterne tura om. – De pengar, som gåfvos till <placeName corresp="pl2561">Wasa</placeName>, voro väl för utdelning i socknarne och ej för <placeName corresp="pl2561">Wasa</placeName> stads arbetsinrättning? – Hvad den blomvassen vore en skön sak, om det fanns mera af den! Vexer den ej vid våra stränder? Det är nog skam af en så gammal strandbo<pb/> som jag, att ej ha reda på sådant, men aldrig mins jag mig ha sett annat än vår vanliga vass. <persName corresp="pe11">Aina</persName> påstår sig ha sett den ifrågavarande vid <placeName corresp="pl4816">Alisvaj</placeName>, men icke är hon säker derpå. Det vore roligt att få, t. ex. med <persName corresp="pe5521">Oskar H.</persName> efter julen, en bit blomvassbröd och en nypa mjöl, att försöka till kaffe. En sådan vext borde fås vid <placeName corresp="pl1513">Lappojoki</placeName>. – Tack för Mammas anbud att skicka en ylleshavl och piexor af båda sorterna till prof. Nog vore det mycket bra, och schavlen skall jag köpa åt <persName corresp="pe11">Aina</persName>, hon behöfver en, men vi köpa platt intet utländskt, om det ock fås för billigare, nu när de satt ned priserna i så många butiker. Här har nu, till en början, kommit åtskilligt från <placeName corresp="pl951">Kristinestad</placeName>, <placeName corresp="pl539">Ilmola</placeName>, <placeName corresp="pl389">Heinola</placeName> m. fl. orter till <anchor xml:id="start31180"/>slöjdbolaget<anchor xml:id="end31180"/>. I morgon afton mönstras det, och i tisdag ställs det upp på handtverkarnes julmarknad i <placeName corresp="pl437">societetshuset</placeName>: det är vårt första försök; sedan vi fått mera, sätta vi upp egen butik. Då skall väl ock mera aktier tecknas, ty så många tro, att ingen slöjd finns här i landet, och så kasta de sina <subst><del>pen</del>gåfvor</subst> handlöst i det stora svalget. <del>men</del> <subst><del>d</del><add>D</add></subst>erom har jag skrifvit, om det nu sen hjelper till något. – <persName corresp="pe19">Oskar</persName> är rädd att få <placeName corresp="pl2735">Åbo</placeName> lektorat; han vill ej dit, han sökte det som reserv och som merit (men nog lär <persName corresp="pe6654">Kroken</persName> få det). Han har nu 3,200 mark här och begär ej mera som ungkarl, men det är den knuten, att han ej kan för alltid behålla sitt docentarfvode, 2000 mk; det ges blott på 5 år och är redan engång prolongeradt förra vintras. – Af <persName corresp="pe521">Gustaf Turdin</persName> ha vi<pb/> ej hört knäpp eller kny, ej heller om <persName corresp="pe309">Julius</persName>. <persName corresp="pe25">Ludvig Lindqvist</persName> är i <placeName corresp="pl1615">Paris</placeName> och får troligen en förste arkitektstjenst här. <persName corresp="pe556">Zache</persName> far i onsdag till <placeName corresp="pl720">Karislojo</placeName>; nytt hufvud har han fått af <persName corresp="pe10">moster Emili</persName>. Icke vet jag annars hvad vi skola skicka åt små vännerna i <placeName corresp="pl1142">Larsmo</placeName>, annat än morbrors nya barnbok. Fattigt blir det också med våra andra julklappar.</p>
        </div>
        <div type="letterpart" part="f">
        <opener>
          <dateline>– <hi rend="underline">Söndagsqväll</hi> kl. 8. </dateline>
        </opener>
        <p>Jag fortsätter, medan <persName corresp="pe561">Berndt</persName>, <persName corresp="pe11">Aina</persName> och <persName corresp="pe272">Toini</persName> inöfva en trio i salen. Ja, julen, den blir visst tystare än för ett år sedan, när vi hade brölloppsbestyr. Det är i qväll ett år sedan <anchor xml:id="start31181"/>den stora explosion<anchor xml:id="end31181"/>. Wi bli hemma för oss om julafton. <persName corresp="pe11">A.</persName> och <persName corresp="pe561">B.</persName> ha loft vara med oss och laga en julgran. Det lilla, som julgubben möjligen hämtar, blir bara nödvändiga saker som ändå skola vara. En muff är <persName corresp="pe10">Mille</persName> ombedd att köpa åt <persName corresp="pe6548">Agnes</persName>, och <anchor xml:id="start31175"/>baschliker<anchor xml:id="end31175"/> lagar hon åt hela sällskapet. <persName corresp="pe6548">Agnes</persName> folkar sig bättre med hvar dag; nog blir hon bra, hon bjuder till, och hon håller af <persName corresp="pe10">Emili</persName>. I fredags voro alla barnen att se på Axel och Valborg, – tredje spektaklet för dem på hela hösten. Stora flickorna ha varit på 3 konserter, och andliga konserter voro alla. – I tisdag äro <persName corresp="pe10">Mille</persName> och jag bjudna på <persName corresp="pe684">Thilda Snellmans</persName> bröllopp. <persName corresp="pe10">Mille</persName> <foreign xml:lang="fin"><anchor xml:id="start31174"/>rukka<anchor xml:id="end31174"/></foreign> har ej annat än svart klädning och drar sig för att gå, men nog tycker jag hon kan och bör. – <hi rend="underline">Måndagmorgon</hi>: 15 graders köld. Wi ha nu smått julbestyr åt barnen. <persName corresp="pe10">Mille</persName> går att söka något åt <persName corresp="pe5634">Schalins</persName>. Jag skall skrifva till <persName corresp="pe602">prins Oskar</persName>, med <title corresp="tw173">tredje delen af barnboken</title> åt <rs corresp="pe603">hertigen af Wermland</rs>. Så ha vi konsistorium på f. m., så att jag slutar nu med önskan att Gud måtte gifva Mamma, <persName corresp="pe323">Fanny</persName> och alla de våra samt vårt fattiga land en fridsam jul. Måväl! Kanske får mamma med nästa måndags post några rader från sin egen</p>
        <closer>
          <signed>Z.</signed>
        </closer>
        <postscript>
            <p rend="place_previousPage_leftMargin"><!--skrivet i vänstra marginalen på sid. 4--><persName corresp="pe10">Mille</persName> och alla barnen helsa. – I onsdag har <persName corresp="pe561">Berndt</persName> sin examen. Han har fått vänta på några andra, som ej blifvit färdiga. – Helsa <persName corresp="pe37">bror Albert</persName>; jag har en julklapp af näfver åt honom, väntad, men ännu ej anländ.</p>
          </postscript>
        <postscript>
          <p rend="place_previousPage_leftMargin"><!--skrivet i vänstra marginalen på sid. 2--><persName corresp="pe798">Rosenkampffs</persName> äro troligen om julafton hos <persName corresp="pe768">Leopolds</persName>. – <persName corresp="pe162">Sofi</persName> har nyss fått en <add>ny</add> räfskinnskappa, som kostat 800 mark, och <persName corresp="pe571">Olga</persName> en ny sidenklänning; i dessa tider! – Hos <persName corresp="pe799">grefvinnan Adlerberg</persName> är en syförening. De sydde åt sjukhemmet – på böndagen.</p>
        </postscript>
        </div>
      </div>
    </body>
  </text>
</TEI>