<?xml version='1.0' encoding='UTF-8'?><TEI xmlns:xsi="http://www.w3.org/2001/XMLSchema-instance" xmlns="http://www.tei-c.org/ns/1.0" xsi:schemaLocation="http://www.tei-c.org/ns/1.0 file:/T:/Instruktioner,%20manualer,%20scheman/TEI-scheman%20(AM)/tei_brevschema.xsd">
  <teiHeader>
    <fileDesc>
      <titleStmt>
        <title>Br1783</title>
        <respStmt>
          <resp>Ansvarig redaktör:</resp>
          <name>Laura Mattsson</name>
        </respStmt>
      </titleStmt>
      <publicationStmt>
        <publisher>Zacharias Topelius Skrifter</publisher>
      </publicationStmt>
      <sourceDesc>
        <p>Arkivsignum: se databas</p>
      </sourceDesc>
    </fileDesc>
    <profileDesc>
      <handNotes>
        <handNote/>
        <handNote/>
      </handNotes>
    </profileDesc>
  </teiHeader>
  <text>
    <body xml:space="preserve">
      <!-- – ” ’ -->
      <div type="letter">
        <opener>
        <dateline><placeName corresp="pl399">Helsingfors</placeName> fredag 31 Jan.</dateline>
        <salute>Min Älskade <rs corresp="pe14">Mamma</rs>!</salute>
        </opener>
        <p rend="noIndent">Efter jag har 20 minuters ledighet, vill jag helsa på med en fransk visit.</p>
        <p>Wi må nu Gudilof så temligen, utom att <persName corresp="pe274">Rosa</persName> i sin tur krasslar en smula. <persName corresp="pe10">Mille</persName> var här om afton nog bekymrad; det såg ut som om pian skulle få hjertsprång, men det gick öfver (hon är nu vid den åldern att hon skall väl få det som alla sina syskon), och så blef det frossa och katarrh, så att hon hostar och har magrat; men det skall väl ha sin öfvergång; det är bara för att ändå få traktera mamma med någon sjukdomshistoria. Annars har pian mycket förkofrat sig och är så innerligen munvig och treflig, så att vi ofta önskat att <rs corresp="pe14">farmor</rs> skulle få roa sig åt henne till ersättning för de bekymmer hon gifvit farmor, liksom oss alla.</p>
        <pb/>
        <p>I mer än fem veckor har jag ej vågat ta henne i famn, hvilket varit en ej liten försakelse, men vi få vara nöjda sålänge ej hennes tur kommit med sharlakansfebern, som nu är nästan uti hvarannan gård, likväl ej mycket dödande. Sedan <persName corresp="pe272">Toini</persName> legat 5 veckor och 1 dag, fick hon lof att stiga upp och har varit något svag på benen de första dagarna. Ännu har hon ej fått bada, emedan den stygga svullnaden fortfar, fast rosen tycks vara öfver. Munter är hon, och hennes tålamod under de 5 veckorna kunna vi ej nog förundra oss öfver. <persName corresp="pe13">Eva</persName> <anchor xml:id="start27066"/>ragassar<anchor xml:id="end27066"/> omkring här i de inre rummena; hon har nu badat två gånger. <persName corresp="pe10">Mille</persName> är mera klen och ombytlig till helsan, dålig sömn och mer oro för barnen, än kanske behöfdes, men det är ej underligt, när man sjelf är svag. Nog tänka vi allvarsamt på <placeName corresp="pl2921">Marstrands</placeName> arbete. <persName corresp="pe11">Aina</persName> och jag ha haft en smula katarrh, som gick öfver o. s. v.</p>
        <pb/>
        <p><persName corresp="pe10">Mille</persName> har köpt åt Mamma en bra skinnkrage för 2:50, men hinner ej laga den på posten, emedan hon måste sköta <persName corresp="pe274">Rosa</persName> för det vi ha byke. Annars ha vi gjordt den observation, att ju flera tjenare man har, desto sämre blir man betjent – Vi äro just ej belåtna med den nuvarande uppsättningen, vi sakna den tillgifvenhet för huset, som vi varit vana vid, och redan för denna egenskap har <persName corresp="pe274">Rosas</persName> <persName corresp="pe6981">Sofi</persName> stigit mycket i våra ögon, så att vi tänka på att behålla henne och afskeda <persName corresp="pe530">Lotta</persName> första Maj. Dyrt blir det sällskapet, det kan väl Mamma gissa, och <persName corresp="pe535">Oskar Granbergs</persName> frånfälle gjorde äfven ett ekonomiskt streck i våra räkningar. Sedan kom sjukligheten, så att <persName corresp="pe10">Emili</persName> ej kunnat stå i styret, som hon det önskat – med ett ord, ekonomiedepartementet är drygt i år, fastän vi lefvat som möss för oss sjelfva.<pb/> Men det går nog, blott Wår Herre ger helsan – det är sjukdomen som dock är den värsta busen. – <persName corresp="pe10">Emili</persName> har också köpt <persName corresp="pe4711">Sofi Rönnlunds</persName> skinn för 7:50 genom <persName corresp="pe6315">Augusta Bäck</persName>. Sjelf har hon blott 3 gånger varit ut att åka, bjuden af <persName corresp="pe3676">Emma Thunberg</persName>. – Nå, jag borde nu berätta om <anchor xml:id="start27067"/>Utskottet i vårt grannskap,<anchor xml:id="end27067"/> men Mamma får nu läsa i tidningarna huru qvinnan blir myndig och får ärfva lika samt huru adeln frivilligt afsäger sig sina privilegier m. m. Äfven håller man på att ställa så till att Mamma ej mer behöfver dika åt <persName corresp="pe2039">Synnerberg</persName>. – <title corresp="tw172"><anchor xml:id="start27069"/>Dagbladet</title> har nedsablat <title corresp="tw180">min nyaste bok</title> – de nya qvastarna behöfva något att sopa<anchor xml:id="end27069"/> – jag fäster dervid mycket liten vigt. – Regina v. Emmeritz uppföres i <placeName corresp="pl1100">Köpenhamn</placeName> med <persName corresp="pe1318">fru Heiberg</persName> i titelrolen –</p>
        <p>Dock detta är småsaker! Gud gifve Mamma och oss alla helsan, önskar</p>
        <closer>
        <salute>Mammas egnaste</salute> <signed>Z. och E.</signed>
        </closer>
        <!-- skrivet i vänstra marginalen på sid 4 -->
        <postscript><p rend="place_leftMargin">Wår helsning till <persName corresp="pe323">Fanny</persName>. <persName corresp="pe461">Johannes</persName> är, som vi hoppas, allt på bättring, ehuru långsamt det går.</p></postscript>
        <!-- skrivet i vänstra marginalen på sid 3 -->
        <postscript><p rend="place_previousPage_leftMargin">Wår helsning till <persName corresp="pe653">Lybecks</persName>, <persName corresp="pe658">Dyhrns</persName>, <persName corresp="pe28">Moster Nena</persName>, <persName corresp="pe324">Jeana B.</persName> och <persName corresp="pe659">Stina</persName>. <persName corresp="pe101">Sofi Hjelt</persName> förundrade sig öfver att <persName corresp="pe107"><anchor xml:id="start27071"/>Hildegard</persName> både gifter sig och får små arfvingar<anchor xml:id="end27071"/>, utan att de få någon notis derom.</p></postscript>
        <!-- skrivet i vänstra marginalen på sid 2 -->
        <postscript><p rend="place_previousPage_leftMargin"><anchor xml:id="start27070"/>Jag har skrifvit åt <placeName corresp="pl2561">Wasa</placeName>borna deras ansökan att få namnet tillbaka och dessutom verser till deras sekularfest<anchor xml:id="end27070"/> i går.</p></postscript>
      </div>
    </body>
  </text>
</TEI>