<?xml version='1.0' encoding='UTF-8'?><TEI xmlns:xsi="http://www.w3.org/2001/XMLSchema-instance" xmlns="http://www.tei-c.org/ns/1.0" xsi:schemaLocation="http://www.tei-c.org/ns/1.0 file:/T:/Instruktioner,%20manualer,%20scheman/TEI-scheman%20(AM)/tei_brevschema.xsd">
  <teiHeader>
    <fileDesc>
      <titleStmt>
        <title>Br1764</title>
        <respStmt>
          <resp>Ansvarig redaktör:</resp>
          <name>Laura Mattsson</name>
        </respStmt>
      </titleStmt>
      <publicationStmt>
        <publisher>Zacharias Topelius Skrifter</publisher>
      </publicationStmt>
      <sourceDesc>
        <p>Arkivsignum: se databas</p>
      </sourceDesc>
    </fileDesc>
    <profileDesc>
      <handNotes>
        <handNote/>
        <handNote/>
      </handNotes>
    </profileDesc>
  </teiHeader>
  <text>
    <body xml:space="preserve"><!-- – ” ’ -->
      <div type="letter">
        <opener>
          <dateline><placeName corresp="pl399">Helsingfors</placeName> fredag 25 Maj 1860</dateline>
          <salute>Min Älskade <rs corresp="pe14">Mamma</rs>!</salute>
        </opener>
        <p rend="noIndent">Hvad skall jag säga om <anchor xml:id="start26744"/>den smärtande nyhet<anchor xml:id="end26744"/>, som i tisdags på morgonen öfverraskade oss! Dag och natt har den legat för mig som en elak dröm, om hvars sanning jag har svårt att öfvertyga mig. Och dermed blandar sig tanken på allt hvad Mamma måste ha lidit deraf; Gud gifve att mammas helsa står bi, så skall väl ock detta dystra moln hafva sin öfvergång. Vi skola minnas vår gemensama vän – hvad han ville och var, och hur han slöt, det skola vi glömma.</p>
        <p>Ju äldre man blir och när barndomsvännerna glesna, desto mer känns förlusten af en trogen vän, hvars minne är sammanvuxet med våra tidigaste hågkomster. I 34 år kände jag vännen <persName corresp="pe33">Blank</persName> i alla vinklar af hans hjerta, och der voro många goda sidor; men någonting främmande var der tillika ändå. Det var hans wallonska blod, som han stundom sjelf brukade tala om; Gud allena vet hvilken andel det<pb/> haft i hans lefnads förvillerser. Jag tror att der finnes nyckeln till flera gåtor. Att ödet förde honom en dag till vårt gömda <placeName corresp="pl963">Kuddnäs</placeName>, det var visst hans lifs lycka och bästa skola; huru sorgligt att han der skulle sluta så!</p>
        <p>Det gifs ögonblick, när en barmhertig Gud ej skall tillräkna menniskan hennes handlingar. Jag mins min vän <persName corresp="pe452">Clas Zimmerman</persName>, som lika oförberedt slöt sina dagar en gång när han rakade sig. <anchor xml:id="start26743"/>Min tro är den att <persName corresp="pe33">Blank</persName> i en sådan stund af stor nedslagenhet både till kropp och själ hastigt fattade det olyckliga beslutet i samma ögonblick han tog afsked<anchor xml:id="end26743"/> och resan, resan som var honom redan första gången så mycket emot, nu stod nära framför honom. Öfverlagdt kan det icke varit, det syns utaf allt, äfven af brefvet till mig. Sorgligt att hans dagar, som i alla fall blifvit få, nu blefvo än färre. <persName corresp="pe178">Willebrand</persName> säger att resan hit varit förgäfves, det är naturligt, såsom man nu vet. – <persName corresp="pe39">Falk</persName> skref till <persName corresp="pe7762">Holmberg</persName> om händelsen och var nog hygglig att tillskrifva den en misslyckad operation. Bland annat gick <anchor xml:id="start26747"/>lifsassuransen<anchor xml:id="end26747"/>, 5000 <choice><abbr>rub.</abbr><expan resp="EK">rubel</expan></choice><pb/> banko, som han betalt för i så många år, förlorad för <persName corresp="pe2085">Louise</persName>. Stackars <persName corresp="pe2085">Louise</persName>! Somliga familjer, såsom <persName corresp="pe7761">Mathesierna</persName> och <persName corresp="pe2952">Sjöbergarne</persName>, synas dömda till hårda pröfningar. Skicka henne vänskapens varmaste handtryckning från sörjande vänner!</p>
        <p>Jag lemnar detta sorgliga ämne. Gud gifve vi redan vore hos Mamma och kunde något muntra Mamma i denna bedröfvelse. Dagarna gå dock fort, när man har helsan. Vi äro Gudilof raska, och midt in i promotionsvefvan. <anchor xml:id="start26746"/>Jag har minsann ej haft humör dessa tider att skrifva vers.<anchor xml:id="end26746"/> – Här har varit kulet och är ännu ej mycket grönt. <persName corresp="pe5448">Fru Synnerberg</persName> och <persName corresp="pe545">Betty Barck</persName> lära kommit i går. Sedan <persName corresp="pe10">Emili</persName> slöt sitt bref, kom nyss ett ännu obrutet pakett med bref från <persName corresp="pe320">Augusta</persName>. <persName corresp="pe10">Mille</persName> <foreign xml:lang="fin">rukka</foreign> har varit utsliten med kommissioner, så att hon fått försumma mycket af sitt eget. <hi rend="underline">Mamma</hi> skall ej krusa dermed – jag säger ej heller om systrarna – men der finns nog andra. I går fick hon springa med <persName corresp="pe2138">Tina Engström</persName> i bodarna. Gumman <persName corresp="pe38">Engström</persName> är återställd från sin lunginflammation, men mera skraltig än förr. – <persName corresp="pe162">Sofi Leopold</persName> är ändtligen åter rask. Det gällde denna gång lifvet. – <persName corresp="pe22">Gustaf Toppelius</persName><pb/> är förlofvad, det skref jag förut. Jag kan nu tillägga att <persName corresp="pe629">mamsell Morsing</persName> är utmärkt vacker och älskvärd, säges det, så att folk förundrar sig öfver partiet, men hon har ingenting, och det förklarar saken. Hon är Katholik. – <persName corresp="pe10">Mille</persName> har väl skrifvit att <persName corresp="pe274">Rosa</persName> har 2 tänder och <anchor xml:id="start26748"/>processar<anchor xml:id="end26748"/> med två till, att hon säger pappa, att hon varit engång ute o. s. v. De andra knytena äro jemnt på fläng. Sofie och Emiliadagarna firades här i vår okunnighet gladare än hos er. <persName corresp="pe11">Aina</persName> fick ett dylikt <anchor xml:id="start26749"/>pitschaft<anchor xml:id="end26749"/> som <rs corresp="pe14">farmor</rs>. Ja, Gud gifve vi sutte i vagnen och så på <placeName corresp="pl963">Kuddnäs</placeName>; jag längtar efter den tiden. Månne <persName corresp="pe594">Hindrik</persName> har tid med <anchor xml:id="start26750"/>perttaket<anchor xml:id="end26750"/> öfver trappan och några pollare? Simhus borde vi också ha; det är så nödvändigt både för <persName corresp="pe10">Emili</persName> och <persName corresp="pe11">Aina</persName>. Men Mamma får ej hafva något annat bråk dermed, än fundera med <persName corresp="pe594">Hindrik</persName>. – Till <placeName corresp="pl574">Jakobstad</placeName> lära vi väl skicka saker d. 10 Juni härifrån.</p>
        <p>Må väl, min älskade Mamma, ja Gud gifvet det;</p>
        <closer>
          <salute>Vi omfamna Mamma så hjerteligen!</salute><!-- tog bort ett [mellanrum] + utropstecken som fanns här (sabbade koden) IK --><signed>Z. E. och allihop.</signed>
        </closer>        
        <postscript><!-- skrivet i vänstra marginalen på sid 4 --><p rend="place_leftMargin">Helsa <persName corresp="pe658">Dyhrns</persName>, <persName corresp="pe323">Fanny</persName> och <persName corresp="pe28">Moster Nena</persName>. <persName corresp="pe323">Fanny</persName> får nu sköta georginerna, och <persName corresp="pe2085">Louise</persName>, om hon orkar.</p></postscript>
      </div>
    </body>
  </text>
</TEI>