<?xml version='1.0' encoding='UTF-8'?><TEI xmlns:xsi="http://www.w3.org/2001/XMLSchema-instance" xmlns="http://www.tei-c.org/ns/1.0" xsi:schemaLocation="http://www.tei-c.org/ns/1.0 file:/T:/Instruktioner,%20manualer,%20scheman/TEI-scheman%20(AM)/tei_brevschema.xsd">
  <teiHeader>
    <fileDesc>
      <titleStmt>
        <title>Br1702</title>
        <respStmt>
          <resp>Ansvarig redaktör:</resp>
          <name>Laura Mattsson</name>
        </respStmt>
      </titleStmt>
      <publicationStmt>
        <publisher>Zacharias Topelius Skrifter</publisher>
      </publicationStmt>
      <sourceDesc>
        <p>Arkivsignum: se databas</p>
      </sourceDesc>
    </fileDesc>
    <profileDesc>
      <handNotes>
        <handNote/>
        <handNote/>
      </handNotes>
    </profileDesc>
  </teiHeader>
  <text>
    <body xml:space="preserve">
      <!-- – ” ’ -->
      <div type="letter">
        <opener>
        <dateline><placeName corresp="pl399">Helsingfors</placeName> 16 Januari 1860.</dateline>
        <salute>Min älskade <rs corresp="pe14">Mamma</rs>!</salute>
        </opener>
        <p rend="noIndent">Ehuru detta åter, för tiden, blir mera knapphändigt, måste jag än engång önska Mamma ett godt nytt år, helsa och, om Gud vill, ett gladt återseende, antingen här eller på <placeName corresp="pl963">Kuddnäs</placeName>. Ogerna mista vi hoppet att få Se Mamma och <persName corresp="pe323">Fanny</persName> här på en skuttresa, men kan det ej ske, så få vi väl ge oss till tåls till våren. Tiden går alltid fortare, när man kommit öfver nyåret. Wi ha Gudilof alla haft helsan i denna nu utkörda jul, och det är visst en stor Guds nåd, när en så talrik slägt, som vi alla med <persName corresp="pe798">Rosenkampffs</persName>, <persName corresp="pe768">Leopolds</persName>, <persName corresp="pe737">Carls</persName> och <persName corresp="pe656">Borgströms</persName>, mellan 30 och 40 personer, alla fått vara tillsammans friska och glada. Den 12 Jan., i thorsdags, hade vi <persName corresp="pe11">Ainas</persName> vänner hos oss, omkring 30 barn från 3 månaders till 17 års ålder, och dessutom kommo några äldre, såsom <persName corresp="pe798">Rpffs</persName>, <persName corresp="pe3652">Wasastjernas</persName> och <persName corresp="pe2816">Deckers</persName>, att se på barnen. Ingen theater blef här i år, för att ej <anchor xml:id="start7643"/>inkommodera<anchor xml:id="end7643"/> liten <persName corresp="pe274">Rosa</persName> (fastän hon ändå ej fick sömn förrän alla gått kl. 1). Endast <persName corresp="pe11">Aina</persName> och <persName corresp="pe517">Fatima Serenius</persName>, klädd till gosse, spelade framför en skärm ”Stinas examen i vetenskaperna”, två uppträden ur <title corresp="tw169">Eos</title>, till allmän munterhet. Sedan det var gjordt och thé kringbjudet, inträdde, till surpris för gästerne, <persName corresp="pe3678">studenten<pb/> Hartvall</persName>, grannt kostymerad till <persName corresp="fi232">Guido af Lusignan</persName>, konung af <placeName corresp="pl3190">Cypern</placeName>, och höll ett tal på vers, hvari han berättade, att nu skulle här bli <persName corresp="fi183">prins Amundus’</persName> och <persName corresp="fi184">prinsessan Florinnas</persName> bröllopp, som omtalas i ”<title corresp="tu5652">Fågel blå</title>” uti <title corresp="tw169">Eos</title>. Derpå kringbjödos valnötter, och i hvar nöt var en skrifven lapp med den rol som mottagaren borde spela vid det Cypriska brölloppet. <persName corresp="pe426">Georg Borgström</persName> blef <persName corresp="fi183">Amundus</persName>, <persName corresp="pe2298">Therese Decker</persName> <persName corresp="fi184">Florinna</persName> o. s. v., ett helt hof, så att tillochmed <anchor xml:id="start7644"/>Tusse<anchor xml:id="end7644"/> utnämndes till öfverste hof-fähund. Sedan då alla blifvit presenterade för kungen och sällskapet, påsattes guldkronor, ordnar och allehanda i beredskap hållna smycken (gammalt bodkram från <persName corresp="pe7681" correspUncert="Y">Beckers</persName>) för att utmärka värdigheterna. Derefter blef polonäs efter rangordningen (<persName corresp="pe79">Alex. Dovner</persName> fick på sin lott att bli ceremonimästare), och efter polonäsen blef stor gratulation, dervid <persName corresp="fi183">Amundus</persName> och <persName corresp="fi184">Florinna</persName> sattes i soffan, deras skål dracks med ett för tillfället lämpligt tal och alla gratulerade. Sedan fick hvar och en fortsätta sin rol efter behag, och barnen voro så roade, att de ej ville sluta. Sockerstrufvor bjödos äfven, brölloppet till heder, och sist blef en liten souper med pirog, öl och mjölk. <persName corresp="pe272">Toini</persName> fick dansa med kungen, <persName corresp="pe13">Eva</persName> <anchor xml:id="start26519"/>trillade<anchor xml:id="end26519"/> beständigt i fötterna och sjelfva <persName corresp="pe274">Rosalinda</persName> satt på <rs corresp="pe6981">ammans</rs> arm och såg förundrad på allt detta.</p>
        <pb/>
        <p>I lördags tänkte vi vara helt tysta med min födelsedag, men våra vänner hade bättre minne. På f. m. introppade den ena efter den andra, unga och gamla, mer än 20 personer, så att här blef stort förmiddagskaffe, och alla voro så hjertliga. Sedan gingo barnen med sina kälkar till <placeName corresp="pl666">Kajsaniemi park</placeName>. Wi gingo dit med och sågo de små reda sig i backen på egen hand, fastän <persName corresp="pe13">Eva</persName> <anchor xml:id="start26520"/>kullrade<anchor xml:id="end26520"/> som ett nystan ibland. Derpå bjödo vi <persName corresp="pe196">August Essen</persName>, som var med, jemte <persName corresp="pe2298">Therese Decker</persName> och <persName corresp="pe3675">Ella Weckman</persName> till en improviserad middag på <placeName corresp="pl666">Kajsaniemi</placeName>. På aftonen var en liten bjudning för <persName corresp="pe196">Essen</persName> hos <persName corresp="pe146">Frans Snellman</persName>. – Nu är det slut med kalaserna, <persName corresp="pe11">Aina</persName> har börjat sin skola i dag, och Universitetet öppnas. För tidningen skall Mamma ej vara bekymrad. Jag har härtills haft temligen lätt, och min medhjelpare <persName corresp="pe526">Edlund</persName> har fått sina 3 rubel nummern nästan för ingenting, men han skall väl få dela min börda, när det behöfs. Mot förmodan har prenumerantziffran stigit med 40, oaktadt prishöjningen. <persName corresp="pe158">Thunberg</persName> får i år betala mig åtminstone 2,500 rubel, hvaraf omkring 700 torde gå åt för biträden och tidningar. – Jag har dessa tider haft mycken svensk korrespondens. Bland<pb/> andra har <persName corresp="pe2308">Herman Behrens</persName> begärt en opera af mig. Men dertill blir knappt tid. De vilja också ha något här till <anchor xml:id="start26521"/><placeName corresp="pl4496">nya theaterns</placeName> invigning<anchor xml:id="end26521"/>.</p>
        <p>Något annat nytt är just ej att berätta, utom <anchor xml:id="start7645"/>den stundande halfva näringsfriheten, dervid alla arbetare, utom i 15 skrån, få försörja sig med hvad yrke de behaga. Senaten har nu fått ihop 74 landtdagsfrågor.<anchor xml:id="end7645"/> – <anchor xml:id="start26505"/>På nyårsbalen till <persName corresp="pe475">grefve Berg</persName> var jag, till min fägnad, icke bjuden.<anchor xml:id="end26505"/></p>
        <p>Jag hör till min förundran att <persName corresp="pe5634">Schalins</persName> regnade ned på <placeName corresp="pl963">Kuddnäs</placeName>; det var ju roligt. Tänk om <persName corresp="pe54">Wilhelm</persName> skulle få <placeName corresp="pl1142">Larsmo</placeName>. Då skulle vi fara dit på ett skutt hvar sommar att fiska.</p>
        <p>Intet vidare nu, än många helsningar från pullorna våra. De äro hjertans trefliga, när de få ha helsan, och resa allt emellanåt till <rs corresp="pe14">farmor</rs>. <placeName corresp="pl963">Kuddnäs</placeName> står för dem i fantasins lysande sommargrönska. <persName corresp="pe13">Eva</persName> ritar halfva dagen, midtunder dansen i thorsdags skulle hon rita. Engelska <persName corresp="pe3227">Alice</persName> och hennes syster voro här nyligen att se på <persName corresp="pe274">Rosa</persName>, ”<foreign xml:lang="eng">litle Baby</foreign>” – de hade aldrig sett ett lindadt barn förr.</p>
        <closer>
        <salute>Måväl, älskade Mamma! Många helsningar från</salute>
          <signed>Z. E. och hela raden.</signed>
        </closer>
      </div>
    </body>
  </text>
</TEI>