<?xml version='1.0' encoding='UTF-8'?><TEI xmlns:xsi="http://www.w3.org/2001/XMLSchema-instance" xmlns="http://www.tei-c.org/ns/1.0" xsi:schemaLocation="http://www.tei-c.org/ns/1.0 file:/T:/Instruktioner,%20manualer,%20scheman/TEI-scheman%20(AM)/tei_brevschema.xsd">
  <teiHeader>
    <fileDesc>
      <titleStmt>
        <title>Br1785</title>
        <respStmt>
          <resp>Ansvarig redaktör:</resp>
          <name>Laura Mattsson</name>
        </respStmt>
      </titleStmt>
      <publicationStmt>
        <publisher>Zacharias Topelius Skrifter</publisher>
      </publicationStmt>
      <sourceDesc>
        <p>Arkivsignum: se databas</p>
      </sourceDesc>
    </fileDesc>
    <profileDesc>
      <handNotes>
        <handNote/>
        <handNote/>
      </handNotes>
    </profileDesc>
  </teiHeader>
  <text>
    <body xml:space="preserve">
      <!-- – ” ’ -->
      <div type="letter">
        <opener>
        <dateline><placeName corresp="pl399">Helsingfors</placeName> måndag 24 Febr. 1862.</dateline>
        <salute>Min Älskade <rs corresp="pe14">Mamma</rs>!</salute>
        </opener>
        <p rend="noIndent">Tack för sednaste kära bref! Wi kommo oss ej att skrifva i fredags, och intet af vigt är heller att skrifva om. <persName corresp="pe10">Mille</persName> får nu berätta om vårt folk. Barnen flyga nu <add>i salen</add>, alla tre småttingarna, med ”lustida <persName corresp="pe7558">Ida</persName>”, som <persName corresp="pe274">Rosa</persName> kallar henne, en flicka från nedra våningen, och <persName corresp="pe272">Toini</persName> galar om hvartannat ”Källan” och ”jag mins den ljufva tiden”. Gud har nu åter gifvit oss en tid af mera trefnad och ro, än förut på flera månader; nu har <persName corresp="pe11">Aina</persName> ondt i halsen, men vi skola hoppas att det är öfvergående. Annars är här mycket sjukligt i denna vinter, sharlakansfeber eller halsröta nästan i hvartannat hus. <persName corresp="pe10">Mille</persName> skrifver om <persName corresp="pe7450">William Wasastjerna</persName>; flera bekanta ha mist sina barn, <persName corresp="pe113">öfverste Krooks</persName> två efter hvarandra; så att vi ha allt skäl att tacka Gud för att <persName corresp="pe272">Toini</persName> och <persName corresp="pe13">Eva</persName> nu äro på fötter. <persName corresp="pe272">Toini</persName> är allt ännu litet svullen i ansigtet, men annars pigg som en mört. Hon har nu badat andra gången i ångbad med 20 graders dusch efteråt, och det tycktes bekomma henne väl; hon svettades duktigt efteråt. Litet glåmig<pb/> är <persName corresp="pe13">Eva</persName> ännu, men efter hon annars mår bra, så tar hon väl sig efterhand. <persName corresp="pe274">Rosas</persName> öga har nu i flera veckor varit alldeles bra och flickan för resten munter och pratsam. Litet blek håller hon sig, och så underligt är det ej, när hon ej fått bada på flera månader; vi ha varit rädda att dermed göra henne disponibel för smittan. Få se om hon går fri, stackare. Wi ha ännu ej vågat <add>låta</add> henne <del>lat</del> komma i sängkammaren, innan vi löstagit och piskat den stora golfmattan samt möbler och sängkläder och rökt med chlorkalk. <persName corresp="pe178">Willebrand</persName> säger att man aldrig kan veta huru länge smittan sitter i ovädrade kläder. <rs corresp="pe14">Farmor</rs> skulle höra <persName corresp="pe274">Rosa</persName> <anchor xml:id="start27083"/>ramla<anchor xml:id="end27083"/> upp långa stycken ur <title corresp="ve1634">Drummelpeter</title>; det är för roligt! <persName corresp="pe10">Mille</persName> sjelf är ej bra, men bättre. Hon åker och går ut emellanåt, men trögkörd, som man blir genom insitta. <persName corresp="pe461">Johannes</persName> är bättre och var i går första gången på fötter. <persName corresp="pe309">Julius</persName> och <persName corresp="pe521">Gustaf Turdin</persName> ha båda haft halsröta; <persName corresp="pe521">Gustaf</persName> <foreign xml:lang="fin"><anchor xml:id="start27086"/>rukka<anchor xml:id="end27086"/></foreign> ämnar nu läsa, bara han får vara frisk. <persName corresp="pe140">Tant Rosenkampff</persName> har varit och ställt i ordning hans rum. <persName corresp="pe79">Dovner</persName> är här. <persName corresp="pe178">Willebrand</persName> undersökte hans bröst och menade att han i sommar borde undergå<pb/> vattenkur. Mager är han, men utom litet katarrh tycks han annars vara rask nog. I går voro <persName corresp="pe7379">Knut</persName> och <persName corresp="pe2254">Conon Falck</persName> här; <persName corresp="pe2254">Conon</persName> är nu student; de vänta <persName corresp="pe7183">Falcks</persName> och <persName corresp="pe313">Aug. Lybecks</persName> om en vecka. – Just infinner sig <rs corresp="pe274">Lullu</rs> på visit i mitt rum: ”Mins pappa när <rs corresp="pe274">Lullu</rs> va hä i tåpe? Mins pappa när <rs corresp="pe274">Lullu</rs> va i pappas pappetoj?”– o. s. v. Mun går på henne som på en kaffeqvarn. – Wi ha nu blidare vinter, 5 grader och derunder, så att vi icke ens elda alla dagar i matsaln och mitt rum. – Mamma skrifver om <anchor xml:id="start38711"/>Wasanamnet: de lära vara säkra på sin sak, men här hörs det annat. Jag har hört klokare folk än jag var<subst><del>it</del><add>a</add></subst> af samma mening, att monumentet varit nödvändigt.<anchor xml:id="end38711"/> Då hade utgången varit säker, men nu måste ansökningen såra <persName corresp="pe661">kejsaren</persName> i hans personliga sonliga känslor, och han är en finkänslig man.</p>
        <p>– I morgon ha vi den stora utskottsfesten, frukostmiddag kl. ½ 3 för inemot 400 personer, dekoration, <anchor xml:id="start27092"/>transparent<anchor xml:id="end27092"/> med finsk devis, tal, musik, sång och finska verser (jag kom lyckligen ifrån försöket att få mig till <anchor xml:id="start27088"/>namnsdagsblåsare<anchor xml:id="end27088"/>). – <persName corresp="pe196">Essen</persName> har varit bjuden på middag till <persName corresp="pe307">Rokassovsky</persName>, <anchor xml:id="start27087"/>så att icke tycks hans rabulistiska tal ha blifvit mycket onådigt upptaget.<anchor xml:id="end27087"/></p>
        <pb/>
        <p>I <placeName corresp="pl43">Ryssland</placeName> blir ställningen alltmera kritisk; mången tror att <persName corresp="pe661">kejsaren</persName> ämnar <anchor xml:id="start27089"/>d. 26 Aug. <choice><abbr>g. st.</abbr><expan resp="EK">gamla stilen</expan></choice><anchor xml:id="end27089"/> då den <anchor xml:id="start27090"/>tusenåra festen<anchor xml:id="end27090"/> firas i <placeName corresp="pl1488">Novgorod</placeName>, ge landet en konstitution. Ryssarne följa med största spänning alla våra reformer och utskott i <placeName corresp="pl62">Finland</placeName>, och alla liberala önska att vi skola plocka åt dem kastanjerna ur elden. Ju friare vi <del>få</del> <add>bli</add>, desto friare bli ryssarna sjelfva, och så ha vi nu helt oskyldigt kommit att få en verldshistorisk vigt för ögonblicket.</p>
        <p>– Tidningarna gnabbas en smula, men helt varligen. Skada att <persName corresp="pe203">Snellman</persName> i sitt första <title corresp="tw1615">Literaturblad</title> för detta år åter uppref <anchor xml:id="start27091"/>den gamla fejden med <persName corresp="pe141">Schauman<anchor xml:id="end27091"/></persName>. Jag hoppas <persName corresp="pe141">Schauman</persName> ej svarar derpå. <title corresp="tw172">Dagbladet</title> håller sig bra nog; men det kostar slantar, så att nog få aktionärerne detta år punga ut med minst 2,000 rubel. – Mamma skrifver om <persName corresp="pe10">Emili</persName>: det kostade allt litet möda att få henne ta ylle <anchor xml:id="start27099"/>närmast<anchor xml:id="end27099"/>, jag måste sjelf gå och köpa det. Nog tycker jag hon blifvit raskare sen dess, bara hon skulle låta bli att alltemellanåt springa i kalla köket. Jag hoppas mycket af <placeName corresp="pl2921">Marstrand</placeName>, det gör <persName corresp="pe178">Wbd</persName> också, och derföre tror jag nog det blir af. Få vi ej barnen på annat sätt till farmor, så händer det att jag skuttar upp med dem och stämmer möte med <persName corresp="pe10">Mille</persName> och <persName corresp="pe11">Aina</persName> i <placeName corresp="pl2735">Åbo</placeName> – och dröjer ej badsejouren alltför länge, så händer det att antingen jag ensam eller också <persName corresp="pe10">Mille</persName> med kommer <add>sedan</add> upp för att ändå få vara ett par veckor hos Mamma. Det kostar, men helsan är ock något värd, och för min <persName corresp="pe10">Mille</persName> får intet sparas. Gud styre allt till det bästa.</p>
        <closer>
        <salute>Mammas egnaste</salute> <signed>Z.</signed>
        </closer>
        <!-- skrivet i vänstra marginalen på sid 4 -->
        <postscript><p rend="place_leftMargin">Hvad Mamma stackare har för bråk med de landbönderna! Nog var det bra att de förra slarfarne byttes om. – Wi skola annonsera om Mammas släde.</p></postscript>
      </div>
    </body>
  </text>
</TEI>