﻿<?xml version="1.0" encoding="UTF-8"?>
<TEI xmlns:xsi="http://www.w3.org/2001/XMLSchema-instance" xmlns="http://www.tei-c.org/ns/1.0" xsi:schemaLocation="http://www.tei-c.org/ns/1.0 file:/T:/Instruktioner,%20manualer,%20scheman/TEI-scheman%20(AM)/tei_brevschema.xsd">
  <teiHeader>
    <fileDesc>
      <titleStmt>
        <title>Br2041</title>
        <respStmt>
          <resp>Ansvarig redaktör:</resp>
          <name>Laura Mattsson</name>
        </respStmt>
      </titleStmt>
      <publicationStmt>
        <publisher>Zacharias Topelius Skrifter</publisher>
      </publicationStmt>
      <sourceDesc>
        <p>Arkivsignum: se databas</p>
      </sourceDesc>
    </fileDesc>
    <profileDesc>
      <handNotes>
        <handNote medium="black-ink" />
      </handNotes>
    </profileDesc>
  </teiHeader>
  <text>
    <body xml:space="preserve">
      <!-- – ” ’ æ ½ -->
      <div type="letter">
        <opener>
          <dateline><placeName corresp="pl399">Helsingfors</placeName> invid <placeName corresp="pl666">Kajsaniemi park</placeName> onsdag 5 Juni 1867.</dateline>
          <salute>Min älskade <rs corresp="pe14">Mamma</rs>!</salute>
        </opener>
        <p rend="noIndent">Guds frid med oss alla och kärlig helsning från denna <anchor xml:id="start30956" />nya boningen<anchor xml:id="end30956" />! Som mamma troligen gissat, blef ingen skrifning i måndags derföre att vi voro midt upp i flyttningsbråket. Aldrig hade vi haft så lång och backig väg att flytta; det var ock göra, men på en dag gick det. Wi legde två formän och 8 karlar af brandkorpsen – det kostade oss 40 mark, utom alla andra handtag. – <persName corresp="pe10">Mille</persName> med sina adjutanter var och tog emot – jag med mitt folk skickade af. Det är otroligt hvad skräp kan samla sig under årens lopp. Min böcker och papper voro icke de minsta. <!--understreckat med blyerts av annan hand-->Två stora fullproppade säckar sålde jag till en bod för 3 mark pundet, och likväl återstodo fem stora packlådor, utom mindre korgar, med samma sort.<!--understreckningen slut--> Flera möbler och böcker skadades – målningen skamfilades, en salsfåtölj sönderslogs o. s. v. Sådant hör till naturens ordning, och likaså att jungfrurna jemra sig, när icke allt genast passar i stycket. Men det är småsaker. Barnen voro mycket bestyrsama och hade 50 penni hvar i dagspenning.<pb /> Ej utan saknad lemnade vi <anchor xml:id="start30958" />vår förra bostad<anchor xml:id="end30958" />, der vi tillbragt fyra lyckliga år under Guds välsignelse. Särskildt för vår <persName corresp="pe11">Aina</persName> är denna nu öfvergifna bostad oförgätelig. Gud gifve oss sin välsignelse äfven under detta tak. Vi ställa oss och allt under Hans allsmäktiga beskärm. – Första intrycket här är ljust och behagligt. Rummen äro mindre än våra förra, men högre; vi skola väl muntligen berätta mera derom. Huset är eget i sin sort: en fjerdedel af tegel, tre fjerdedelar af upprättstående stock med rappning utan och innan. Åt öster ha vi en våning, åt norr två, åt <add>vester och</add> söder på sätt och vis tre, om man räknar en vindskammare, som bebos af studenter. <anchor xml:id="start30957" />Assuransen<anchor xml:id="end30957" /> är här dubbelt billigare: 35 för tusen, i stället för 63. Långt ha vi till våra barn, våra vänner och <placeName corresp="pl429">salutorget</placeName>, – i öfrigt vunnit somt, förlorat i annat, men 300 marks besparing på hyran är ej att förakta. Af värdsfolket mottogos vi mycket vänligt och bjödos på kaffe – det är ett ytterst ordentligt folk, men våra företrädare berömma dem, endast pigorna frukta dem, och det kan ej skada. Just nu har <persName corresp="pe10">Mille</persName> första gången öppnat pianot<pb /> med en psalm. Det klingar så vackert. Aldrig ha vi haft sådana musikrum. Och vår lilla veranda sedan, eller rättare balkong, emot parken, nästan hel och hållen af glas; den skulle mamma tycka om, bara vi få litet grönt utanför! Och så tyst och stilla är här; man hör bara fåglarna sjunga och ser ankorna plaska i dammen. Barnen äro alltsom oftast på ströftåg efter blåsippor<del>,</del> och ha fått löfte att släppa lefvande fiskar i i dammen. – Kanske har <persName corresp="pe10">Mille</persName> redan skrifvit, att vi ämnat taga två unga flickor i höst – <persName corresp="pe875">Anna Häggström</persName> (40 mk i månaden) och <persName corresp="pe6436">Lina Candelin</persName> (80 mark), utom tvätt. Det har visst sina <anchor xml:id="start30963" />bekymmer, vi ha pröfvat sådant,<anchor xml:id="end30963" /> men när vi ha ett rum, som kan afstås, så tyckte vi det var ekonomi. <persName corresp="pe6420">Sofi Bell</persName> bor tillsammans med barnen.</p>
        <p>Nu undrar väl Mammma, när vi tänka på hemresan. Det beror dels på när jag blir färdig med <persName corresp="pe506"><anchor xml:id="start30964" />Bonniers</persName> manuskripter<anchor xml:id="end30964" />, dels på när ångbåtarna komma ifarten på <placeName corresp="pl1539">Näsijärvi</placeName>. Det är möjligt att vi dröja 8 dagar efter pingst och komma först till midsommar, hvarom vi skola skrifva, när dagen närmare kan bestämmas. I förrgår d. 3 Juni frågade en landtdagsman med telegraf om han kunde komma med ångbåt till <placeName corresp="pl1009">Kuopio</placeName> och fick till svar att man ännu körde med häst på <placeName corresp="pl680">Kallavesi sjö</placeName>.<pb /> Det är <anchor xml:id="start30965" />haskligt<anchor xml:id="end30965" />. Här gå visst ångbåtarna nu sen en vecka, men parken står löflös framför oss, och först efter ett regn i natt börjar marken bli grön. Mera kulet har det varit allt ännu; i dag 9 grader.</p>
        <p>Nå landtdagen slöts i fredags, och <anchor xml:id="start30970" />censuren proklamerades hals öfver hufvud<anchor xml:id="end30970" />, fastän man skämdes för namnet. Ingen ära skörda de kockar, som varit med om den soppan. I <title corresp="tw172">Dagbladet</title> läser Mamma deras namn – beklagligen äfven <persName corresp="pe565">Indrenius</persName> och <persName corresp="pe466">Arppe</persName>. Senaten <del>blef</del> fick en lugg, fyra senatorer (<persName corresp="pe6497">L. Born</persName>, <persName corresp="pe5209">Munck</persName>, <persName corresp="pe6446">Edelheim</persName> och <persName corresp="pe6444">Granlund</persName>) kastades öfver bord, och i deras ställe inkallades två äldre män (<persName corresp="pe627">Palmén</persName> och <persName corresp="pe361">John Snellman</persName>) samt två uppkomlingar (<persName corresp="pe7725">W. Forsman</persName> och <persName corresp="pe6450">Normén</persName>). Prokuratorn fick afsked för det han vågade hysa en egen mening, men blef dock senator, och <persName corresp="pe9179">Petterson</persName> blef i hans ställe den högste lagtydaren. Allt detta, jemte <anchor xml:id="start30973" />snäsorna i throntalet till ständerna<anchor xml:id="end30973" /> och annat mer, har gifvit <placeName corresp="pl399">Helsingfors</placeName> annat att tänka på, än <title corresp="ve317">Regina von Emmeritz</title>, hvarmed herrar <persName corresp="pe9206">Åhman</persName> och <persName corresp="pe135">Pousette</persName> slöto deras sejour i <placeName corresp="pl4496">nya theatern</placeName>. Stycket beslöts och inöfvades i största hast, men gick skapligt nog och på det sättet, att man nu för första gången begrep de två hufvudrolerna <persName role="fictional" corresp="pe613">Gustaf Adolf</persName> och <persName corresp="fi144">Regina</persName>. Allt detta vet jag intresserar Mamma ganska litet.<pb /> Men kanske intresserar det med om jag tillägger att stycket gafs för tre fulla hus och att <persName corresp="pe135">Herr Pousette</persName> helt oväntadt bjöd mig en tiondedel af nettobehållningen, hvartill jag naturligtvis svarade: tack som bjuder. Häraf blef i dessa bekymmersama tider ett välkommet bidrag af 250 mark. De behöfdes nog. <anchor xml:id="start30976" />Från <placeName corresp="pl332">Sverige</placeName> har jag härtills fått 50 riksdaler, från <placeName corresp="pl2735">Åbo</placeName> ännu intet.<anchor xml:id="end30976" /> Emellertid bifogar jag här som en liten <anchor xml:id="start30983" />sportel<anchor xml:id="end30983" /> 12 mark åt <persName corresp="pe34">moster Calamnius</persName>. Hon har skrifvit till <persName corresp="pe10">Emili</persName>, för att påminna <persName corresp="pe19">Oskar</persName> om de 8 rublarna, men vi höra att <persName corresp="pe476">Carl <add>T.</add></persName> skickat dem. Jag undrar huru det är med Mammas affärer nuförtiden. Gud låte <persName corresp="pe451">Ezer</persName> stå sig i dessa fattiga tider, så vore det dock bättre för Mamma också. – Det är nu för väl att <persName corresp="pe54">Wilhelm</persName> är bättre. <persName corresp="pe729">Bäcken</persName> ämnade sig till <placeName corresp="pl1512">NyCarleby</placeName> med första möjliga från <placeName corresp="pl2561">Wasa</placeName>. –</p>
        <p>Will Mamma ta emot, utom oss, äfven <persName corresp="pe561">Berndt</persName> och <persName corresp="pe11">Aina</persName> på en veckas besök? Det kan nog vara brydsamt för rum, men<pb /> kanske är <persName corresp="pe562">Wennerholm</persName> så vänlig och afstår vestra salen för denna korta tid. De tänker ju annars bo i <placeName corresp="pl2656">Wirdois</placeName> för finskan, och så är fråga om att taga <persName corresp="pe630"><subst><del>Leo</del><add>Loll</add></subst> Leopold</persName> och en annan pojke i pension öfver sommaren. De kära barnen helsa Farmor. Jag tackar Gud hvar dag för en så bra svärson, vet mamma. Flickan känner farmor förut. – <persName corresp="pe680">Mina Nybergs</persName> bröllopp var för en vecka sen – och dagen derpå hade <persName corresp="pe561">B.</persName> och <persName corresp="pe11">A.</persName> en liten slägtbjudning. Det är fråga om att <persName corresp="pe360">Mina Julin</persName> skall bo i deras rum i sommar för 50 mark. Hon flyttar ju åter hit. – <persName corresp="pe798">Rosenkampffs</persName> må väl; flickorna voro tärnor i går på <persName corresp="pe6505">fröken Stolpes</persName> bröllopp. <persName corresp="pe768">Leopolds</persName> flytta för sommaren ut till <placeName corresp="pl4752">Kinnekulla</placeName> <anchor xml:id="start30986" />3 verst<anchor xml:id="end30986" /> från staden. Hos <persName corresp="pe2726">Borgströms</persName> var landtdagssupér i fredags, och i lördags<pb /> hade vi hos oss den länge uppskjutna herrbjudningen för landtdagspresterna. Jag höll ett litet tal vid den enkla supern och <persName corresp="pe2727">domprosten Borg</persName> svarade. <persName corresp="pe4064">Helandrarne</persName> båda och <persName corresp="pe450">Olofs</persName> <rs corresp="pe4202">fru</rs> voro med hos oss. Jag vet ej när <persName corresp="pe92">Grundfelt</persName> far; han reser på samma gång till <placeName corresp="pl1523">Nyslott</placeName> m. m. på sin vanliga tur. – <placeName corresp="pl2464">Uleå</placeName> <persName corresp="pe24">Fanny</persName> helsar; hon har hjelpt oss med flyttningen mycket vänligt. – Nå, jag har nu varit med i <anchor xml:id="start30988" />psalmbokskomitén<anchor xml:id="end30988" /> – först i nästa Januari skola vi samlas i <placeName corresp="pl2735">Åbo</placeName> och då ha färdigt ett nytt bihang till <title corresp="ve1212">psalmboken</title> med psalmer för sådana tillfällen, som ej förut äro i hågkomna. – Må väl! Jag måste nu att betala min hyra. Med nästa måndags och troligen onsdags post hinner Mamma ännu skrifva till sina</p>
        <closer>
          <salute>tillgifna barn</salute>
          <signed>Z. och E. och de små.</signed>
        </closer>
        <postscript>
          <p rend="place_previousPage_leftMargin"><!--skrivet i vänstra marginalen på sid. 5-->Förlåt detta olika format! – <persName corresp="pe19">Oskar</persName> helsar.</p>
        </postscript>
        <postscript>
          <p rend="place_previousPage_leftMargin"><!--skrivet i vänstra marginalen på sid. 4-->Helsa <persName corresp="pe658">Dyhrns</persName> och <persName corresp="pe653">Lybecks</persName> och <persName corresp="pe5634">Schalins</persName> och <persName corresp="pe451">Ezer</persName>!</p>
        </postscript>
        <postscript>
          <p rend="place_previousPage_leftMargin"><!--skrivet i vänstra marginalen på sid. 3--><rs corresp="pe661">Kejsaren</rs> är i <placeName corresp="pl1615">Paris</placeName>. Gud beskydde honom der för de polske lönnmördarne.</p>
        </postscript>
        <postscript>
          <p rend="place_previousPage_leftMargin"><!--skrivet i vänstra marginalen på sid. 2-->Den stora jernvägen tycks gå om intet genom böndernes rädsla. Det var dock det enda sättet att hjelpa många tusen hungrande!</p>
        </postscript>
      </div>
    </body>
  </text>
</TEI>