<?xml version='1.0' encoding='UTF-8'?><TEI xmlns:xsi="http://www.w3.org/2001/XMLSchema-instance" xmlns="http://www.tei-c.org/ns/1.0" xsi:schemaLocation="http://www.tei-c.org/ns/1.0 file:/T:/Instruktioner,%20manualer,%20scheman/TEI-scheman%20(AM)/tei_brevschema.xsd">
  <teiHeader>
    <fileDesc>
      <titleStmt>
        <title>Br2017</title>
        <respStmt>
          <resp>Ansvarig redaktör:</resp>
          <name>Laura Mattsson</name>
        </respStmt>
      </titleStmt>
      <publicationStmt>
        <publisher>Zacharias Topelius Skrifter</publisher>
      </publicationStmt>
      <sourceDesc>
        <p>Arkivsignum: se databas</p>
      </sourceDesc>
    </fileDesc>
    <profileDesc>
      <handNotes>
        <handNote medium="brown-ink"/>
        <handNote/>
      </handNotes>
    </profileDesc>
  </teiHeader>
  <text>
    <body xml:space="preserve">
      <!-- – ” ’ æ ½ -->
      <div type="letter">
        <opener>
          <dateline><placeName corresp="pl399">Helsingfors</placeName> Söndag afton 18 Febr. 66.</dateline>
          <salute>Min Älskade <rs corresp="pe14">Mamma</rs>!</salute>
        </opener>
        <p rend="noIndent">Jag kan ej låta <persName corresp="pe6152" correspUncert="Y">Forsbacka</persName> och <persName corresp="pe6153" correspUncert="Y">Widmanskan</persName> resa utan några rader åtminstone. De anlände i går lördag kl. 4¼ e. m. – Jag hade just tagit min middagslur, när bud kom att <persName corresp="pe2166">Inga</persName> satt i släden på gården. De hade då redan varit till <placeName corresp="pl419">Lappviken</placeName> med henne, men ej träffat <persName corresp="pe85">Falander</persName> hemma och ej blifvit mottagna, emedan der saknades förbindelse att erlägga kostnaden. Härom skrifver jag nu medföljande till <persName corresp="pe562">gubben W:holm</persName>. – <persName corresp="pe11">Aina</persName> och jag gingo ut till den stackarn på gården. Vi voro i svår mellanhand, ty så hjertlöst det förekom oss att ej be henne in, så svårt var det att göra det, både för att <persName corresp="pe10">Mille</persName> just låg sjuk mellan lakan och ej fick oroas och för det att vi hade rakt ingen plats för henne till natten, och ville hon till <placeName corresp="pl419">Lappviken</placeName> den dagen så måste hon vara der före kl. 7 på afton. Jag for då med henne dit för andra gången och sökte att muntra henne. Hon hade slitit ondt på resan af kall blåst och slädsjuka, – och nu var hon<pb/> alldeles klart medveten af hvart vi förde henne, så det var just en af de svårare kommissioner. Hon gret så bitterligen, den stackarn, som aldrig varit hemifrån! Jag skaffade henne plats på mitt ansvar tillsvidare och fick ett rum, der <persName corresp="pe6153" correspUncert="Y">Widmanskan</persName> fick ligga med henne öfver natten. Första entréen genom de långa halfmörka korridorerna, der de vansinniga qvinnorna tassade omkring i sin uniform med hvita dukar på hufvudet, var långtifrån inbjudande, och genast vi kommo till hennes rum, anmärkte hon att fönstret var så högt, så hon knappt räckte dit med handen. ”Det är för att ej få drag”, svarade föreståndarinnan, en mycket bestämd, men annars vänlig fru, som <persName corresp="pe2166">Inga</persName> visst får en nödig respekt för. En half timma gret hon med ens, medan sakerna buros in, men småningom tycktes hon lugna sig, och vi lofvade att helsa på henne snart. Ut får hon ej gå tillsvidare. Samma qväll skulle hon få ett varmt karbad. Mera får nu <persName corresp="pe6153" correspUncert="Y">Widmanskan</persName> berätta. <persName corresp="pe2166">Inga</persName> lärer ha varit stygg första natten, eller som <persName corresp="pe6152" correspUncert="Y">gubben Forsbacka</persName> sade: ”hon va så genom-pin-ilak på väjin.” – Men det skall väl gifva<pb/> sig. Det är synd med den stackarn; – så bortklemad med ena handen och tyranniserad med den andra, hvad kunde det annat bli af en svag kropp och ett häftigt lynne?</p>
        <p>För att Mamma ej skall vara orolig för <persName corresp="pe10">Mille</persName>, vill jag strax nämna att hon några dagar lidit af en svår katarrh och när dertill nu kom en krämpa som <add>icke</add> hör till saken, måste hon lägga sig mellan lakan i går och var bra nog medtagen, men i dag är hon klädd och får nu bara hålla sig inne och stilla några dagar, så hoppas jag hon skall bli rask igen. De öfriga ha Gudilof fått vara friska. Vi ha ju nu också fått ordentlig vinter, och d. 10 Febr. begynte man åter köra på isarna. Oroliga ha vi varit för <persName corresp="pe319">Thilda Häggström</persName>, men hoppas nu åter. Bäst vi genom <persName corresp="pe316">Carolina Borgström</persName> fingo bud till <persName corresp="pe5521">Oskar Heikel</persName> att <rs corresp="pe44">hans far</rs> var bättre, fick jag i thorsdags på morgonen telegramm från <rs corresp="pe2740"><placeName corresp="pl1627">Pederse</placeName> prosten</rs> med uppdrag att underrätta <persName corresp="pe5521">Oskar</persName> om fadrens död – en mera svår kommission, emedan ha trodde att fadren var i full konvalesens. – Om våra <anchor xml:id="start30084"/>Gilles funderingar<anchor xml:id="end30084"/> skrifver jag<pb/> ingenting. Innerligt roligt har ungdomen haft – och jag med ibland – men nog har der varit en mening dermed utom roligheten. <persName corresp="pe11">Aina</persName> har varit mera passiv och <persName corresp="pe561">Berndt</persName> ej alls med.</p>
        <p><hi rend="underline">Måndag</hi> d. 19:de. <persName corresp="pe6153" correspUncert="Y">Vidmanskan</persName> och <persName corresp="pe516">Fina</persName> ha träffat <persName corresp="pe2166">Inga</persName> i dag på promenad och under uppsigt med <placeName corresp="pl419">Lappvikens</placeName> öfriga invånare. Hon har varit mera krånglig i början, men gläder sig att få träffa <persName corresp="pe309">Julius</persName>, som nu några månader skall tjenstgöra på <placeName corresp="pl419">Lappviken</placeName>. Jag hinner denna gång ej mera än hjertligen omfamna Mamma och eder alla, deri inneslutande barnen.</p>
        <closer>
          <salute>Mammas egen</salute>
          <signed>Z.</signed>
        </closer>
        <postscript>
          <p>P. S. Wi begagna tillfället att skicka Mamma några <anchor xml:id="start30082"/>skålpund<anchor xml:id="end30082"/> <placeName corresp="pl2083"><anchor xml:id="start30081"/>Sippola<anchor xml:id="end30081"/></placeName> samt litet snask för kaffebordet.</p>
        </postscript>
      </div>
    </body>
  </text>
</TEI>