<?xml version='1.0' encoding='UTF-8'?><TEI xmlns:xsi="http://www.w3.org/2001/XMLSchema-instance" xmlns="http://www.tei-c.org/ns/1.0" xsi:schemaLocation="http://www.tei-c.org/ns/1.0 file:/T:/Instruktioner,%20manualer,%20scheman/TEI-scheman%20(AM)/tei_brevschema.xsd">
  <teiHeader>
    <fileDesc>
      <titleStmt>
        <title>Br2087</title>
        <respStmt>
          <resp>Ansvarig redaktör:</resp>
          <name>Laura Mattsson</name>
        </respStmt>
      </titleStmt>
      <publicationStmt>
        <publisher>Zacharias Topelius Skrifter</publisher>
      </publicationStmt>
      <sourceDesc>
        <p>Arkivsignum: se databas</p>
      </sourceDesc>
    </fileDesc>
    <profileDesc>
      <handNotes>
        <handNote id="ZT" medium="brown-ink">Zacharias Topelius</handNote>
        <handNote id="ET" medium="brown-ink">Emilie Topelius</handNote>
      </handNotes>
    </profileDesc>
  </teiHeader>
  <text>
    <body xml:space="preserve">
      <!-- – ” ’ æ ½ -->
      <div type="letter">
        <opener>
          <handShift new="#ZT"/>
          <dateline><placeName corresp="pl399">Helsingfors</placeName> Måndag 4 Maj 1868.</dateline>
          <salute>Min Älskade <rs corresp="pe14">Mamma</rs>!</salute>
        </opener>
        <p rend="noIndent">Nu äro vi redan inne i Maj, och det ”sommargör” äfven här. Parken framför oss är ändtligen bar mark, <subst>da</subst>mmen är isfri, utom en tunn skorpa, som i natt lade sig öfver den och nu försvinner vid 8 graders värme. Hafvet är öppet till <placeName corresp="pl405">brunnsparken</placeName>, men isen smälter långsamt i hamnarna, emedan det nu en vecka varit alldeles lugnt. Efter gamla märken borde sommaren blifva fiskrik, gifve Gud äfven sädesrik. Jag hoppas, att fröna framkommit i tid. Meningen är att ännu skicka blomfrön åt <persName corresp="pe323">Fanny</persName>, bara jag skulle komma mig till <persName corresp="pe5536">Brunström</persName>. I nästa vecka borde ångbåtarne vara i gång. Dagen för vår resa har ej kunnat bestämmas, men troligen omkring d. 18:de. Derförinnan vänta vi nu <persName corresp="pe319">Thilda Häggström</persName>, som telegraferade 1:sta Maj, att hon skulle resa med första möjliga. Troligen har hon passerat <placeName corresp="pl1512">NyCarleby</placeName>, när detta framkommer. <persName corresp="pe875">Anna</persName> är skral, som förut, men icke tycka vi att hon nu på ett par veckor blifvit sämre. Hostan är ibland bättre, ibland svårare, men ännu har hon orkat sitta större delen af dagen i salen. Punsch tycks verka stärkande. Här är en karl hos <persName corresp="pe798">Rosenkampffs</persName>, som<pb/> var så eländig i lungsot, att han ej orkade ur sängen, och nu bär han ved. Underkuren var <anchor xml:id="start32360"/>skedvatten<anchor xml:id="end32360"/>, som han lärt af en sjökapten, men <persName corresp="pe500">Hjelt</persName> har skrattat deråt. Läkarne borde undersöka hellre än skratta. Skulle det finnas någon fond af krafter hos <persName corresp="pe875">Anna</persName>, så borde allt försökas, men den olyckliga bleksoten har liksom på förhand utsugit lifskrafterna – der är ingen botten att bygga på. Ibland är det liksom ett svagt hopp att <persName corresp="pe875">Anna</persName> möjligen kunde orka hem; ibland ser det åter mörkt ut. – Wi andra ha Gudilof fått vara temligen raska härtills. <persName corresp="pe272">Toini</persName> har emellanåt legat någon half dag i feber och hufvudvärk, om det nu varit något ros-aktigt eller annat. Nog behöfver <persName corresp="pe10">Mille</persName> resa, icke är det bara för nöjes skull. <persName corresp="pe2253">Helena Berger</persName> var här i går med <persName corresp="pe5541">Nybergs</persName> samt <persName corresp="pe607">Gusti Rpff</persName>, som skickar medföljande till <persName corresp="pe323">Fanny</persName>, hvaraf Mamma ser, att <rs corresp="pe140">Tant</rs> är nästan alldeles återställd och varit ute. Troligen skrifver ej <persName corresp="pe607">Gusti</persName> något om <persName corresp="pe619">Råberg</persName>, men vi börja nu tro att det är en aftalad sak mellan vederbörande; nog ser det så ut. <persName corresp="pe619">Råberg</persName> har nu fått Alexandersstipendium och reser ut på två år, för att sedan bli <persName corresp="pe564">Lilles</persName> efterträdare som professor i kyrkohistorien. <persName corresp="pe10">Mille</persName> funderar, om han möjligen skulle gifta sig redan i sommar och taga <persName corresp="pe318">Ninni</persName> med, men det tror jag ej Tant<pb/> går in på. Få nu se, det skall väl snart uppdagas. Nå, min gudson <persName corresp="pe574">Calle Synnerberg</persName> följer på sätt och vis gufars exempel: <anchor xml:id="start32361"/>blir lektor i <placeName corresp="pl2561">Wasa</placeName>, men stadnar i <placeName corresp="pl399">Hfors</placeName>.<anchor xml:id="end32361"/> För att behålla honom här, der han närmast behöfs att korrigera studenternes latinska ämnen, men också annars är ansedd såsom den bäste yngre latinaren, har nu konsistorium gått in till kansler och begärt åt <persName corresp="pe574">Synnerberg</persName> 3000 marks anslag från universitetets byggnadsfond, tilldess han kan komma i åtnjutande af ett högre docentarfvode till samma belopp. Detta beviljas troligen, och <persName corresp="pe574">Calle</persName> blir qvar som gufar, hvilket troligen äfven varit beräknadt. Skillnaden är, att gufar sökte sig bort, sedan han i 20 år varit vid universitetet utan något slags understöd eller uppmuntran, och gudson sökte sig bort, sedan han åtnjutit det ena stora stipendium efter det andra. Emellertid hoppas jag han gör universitetet heder, och det måste ju glädja en gufar. Diplomat och hofman hade dock varit hans rätta bestämmelse här i verlden.</p>
        <p>– Utaf slägten kommer jag ihåg, att <persName corresp="pe10">Emili</persName> hade ett ganska snällt och välskrifvet tacksägelsebref af <persName corresp="pe6672">Thilda W-m</persName> från <placeName corresp="pl2495">Utsjoki</placeName>, och på samma gång skref <persName corresp="pe9355">Lundbohm</persName> till<pb/> mig och skickade till <choice><abbr>univ:t</abbr><expan resp="EK">universitetet</expan></choice> ett silfvermynt från 30 åra kriget. Men sedan hade jag ett annat bref från honom, hvari han säger sig ha råkat i en <anchor xml:id="start32397"/>balans<anchor xml:id="end32397"/>, som skall betalas i Maj, och beder mig låna honom eller skaffa honom ett lån af 1,000 mk, mot ett blankt papper med hans namn och sigill, hvilket jag skulle fylla i. Derpå har jag ej svarat och kan ej svara något, som i alla fall ej hinner till <placeName corresp="pl2495">Utsjoki</placeName> i Maj. Hvar i all verlden skulle jag taga 1000 mark? Och om jag hade dem, så funnes väl andra hål för dem. Brefvet var annars väl skrifvet; men det vore sorgligt, om <persName corresp="pe6672">Thilda</persName> redan så snart skulle se sitt lilla bo gå under klubban och kanske tjensten riskeras. Detta skall Mamma för all del ej tala om för någon annan än <persName corresp="pe323">Fanny</persName>. – Här är tiggeri och sjukdom <anchor xml:id="start32401"/>öfver en bank<anchor xml:id="end32401"/> – arbetsinrättningen skummar öfver bräddarna, man märker knappt att den finns, så många tiggare färdas dessutom kring, och man frestas nästan att förhärda sitt hjerta, när man erfar huru många kringstryka bara af lättja, fastän de tagas emot vid arbetshuset, men nej, de drifva hellre sysslolösa och ljuga då det ena och andra. Två af stadens egna har jag anmält i poliskammaren för falska uppgifter:<pb/> den ena en s. k. häradsskrifvarenka, som lupit kring med diverse historier, den andra en f. d. byggmästare, som har egen gård, men dock står en<subst><del>da</del><add>a</add></subst> dagen och tigger vid kyrkdörren, för att andra dagen få supa. Ryktet om stora gåfvor och lotterier i <placeName corresp="pl399">Hfors</placeName> hitlockar folk från alla trakter, vanligtvis <subst><del>det</del><add>af</add></subst> sämsta sorten. I förra veckan anmäldes på en morgon 8 försök till inbrott, som skett under natten. En rysse <anchor xml:id="start32406"/>efterslås<anchor xml:id="end32406"/>, som skall vara <subst>otroligt</subst> djerf i sådana bedrifter – också hör man, att tjufvarne, såsom <add>hos</add> <persName corresp="pe6836">Granfelts</persName> och <persName corresp="pe10071" correspUncert="Y">A. Delachapelle</persName>, dyrkat sig <add>in</add> och med påtända ljus anställt den oförsyntaste husvisitation. – Stjernor ha regnat vid <choice><abbr>univ:tet</abbr><expan resp="EK">universitetet</expan></choice>, och <persName corresp="pe874">Brunér</persName> har blifvit kansliråd. Jag är glad att ej nu behöfva betala sådana syndapengar för fåfänga. <persName corresp="pe6834">Mamsell Grape</persName> och <persName corresp="pe6833">Verhein</persName> göra n<subst>o</subst>g hål ändå i min kassa, den ena för svarta kläder (inhemska af <placeName corresp="pl4820">Littois</placeName> kläde), den andra för nya framtänder, oundvikliga för att kunna hålla tal i <placeName corresp="pl1277">Lund</placeName>, – och denna gång bli de 8 i en rad, fästade med gummiplåt. <persName corresp="pe10">Mille</persName> behöfver ock litet hjelpa upp sin tarfliga <anchor xml:id="start32409"/>toilett<anchor xml:id="end32409"/>, men ingen <anchor xml:id="start32410"/>sidenkussa<anchor xml:id="end32410"/><!-- ordet "kussa" måste kollas, t.ex. i finl. sv. dialektordboken. I SAOB: "sv. dial. kusa, de kvinnliga yttre könsdelarna, med syftning på folktrons uppfattning om tånglaken ss. ålens hona". Ev. från franskans cuisse? --> kommer i fråga, hon är nog så rädd för alla depenser. – Inneliggande 3 mark är från <persName corresp="pe272">Toini</persName> och <persName corresp="pe13">Eva</persName>, med bön att farmor ville<pb/> vara så god och använda dem till förmån för fattiga barn. Det är nemligen våra pyrens första egna förtjenst: de ha sålt pappersdockor af egen fabrik hos <persName corresp="pe158">farbror Thunberg</persName> och fått 50 penni stycket (docka och 3 klädningar), så att de förtjenade 6 mark 50 penni, hvaraf återstoden användes här för <persName corresp="pe516">Finas</persName> fattiga systerbarn. – Wi skulle gerna afsända barnen till farmor, innan vi resa, och <persName corresp="pe324">Jeana</persName> vore färdig, men nu beror detta af ångbåtarne från <placeName corresp="pl2315">T:hus</placeName> och <placeName corresp="pl2299">T:fors</placeName>. Svårt är det också med <persName corresp="pe319">Thilda</persName> och <persName corresp="pe875">Anna</persName>; jag begriper ej huru vi skulle kunna fara ifrån dem, och likväl är dagen bestämd. Men Gud hittar väl på något råd. – I nästa vecka kommer <persName corresp="pe143">biskop Schauman</persName> hit, så att vi få psalmkomité midti resbestyren.</p>
        <p>– Nå, Mamma goda, <anchor xml:id="start32415"/>den 1 Maj skulle ju åter bli stor <anchor xml:id="start32411"/>tafel<anchor xml:id="end32415"/><anchor xml:id="end32411"/>; måtte det allt ha aflupit väl. Med ljus tid, bar mark och öppen sjö tycker man ändå att en stråle af hopp vaknar för vårt arma land. – Tack för berättelserna om hemtrakten; det är väl ej gladt att höra, men ändå af intresse. Visst brukar nu sjukligheten aftaga i Juni, om ej förr, i luft och ljus, blott något finnes till mats. Det gläder mig, att <persName corresp="pe451">Ezer</persName> reder sig. – Helsa vännerna från oss. Alla mina kyssa farmors händer. Ännu hoppas vi få ett bref på våren till Mammas egen</p>
        <closer>
          <signed>Z.</signed>
        </closer>
          <postscript>
            <p rend="place_leftMargin"><persName corresp="pe556">Z. Schalin</persName> mår väl och botaniserar på alla lediga stunder. <persName corresp="pe6628">Johansönernes</persName> bolag upplöses – Icke veta vi nu hvad vi rätt böra göra för nästa år med gossens logis; visst borde han flytta till oss, om någon möjlighet är.</p>
          </postscript>
        <postscript>
          <p rend="place_previousPage_leftMargin"><handShift new="#ET"/><!--skrivet i vänstra marginalen på sid. 5--><persName corresp="pe10">Emilie</persName> tillägger några rader:<lb/> I morgon eftermiddag skall jag ha <anchor xml:id="start32416"/>sytalko<anchor xml:id="end32416"/> här för att skarfva och förlänga barnens sommarklädningar. <persName corresp="pe2816">Deckers</persName> och de vanliga flickorna som bruka vara här och sjunga. De skola nog få göra skäl för sig.</p>
        </postscript>
        <postscript>
          <p rend="place_previousPage_leftMargin"><handShift new="#ZT"/><!--skrivet i vänstra marginalen på sid. 4-->I ett bref nyligen från <persName corresp="pe37">Dyhr</persName> säger han sig medsända 3 mark, som han var skyldig <persName corresp="pe561">Berndt</persName>, men ingen 3 mark var i det brefvet. Har han glömt den, eller ha de snattat den på posten?</p>
        </postscript>
        <postscript>
          <p rend="place_previousPage_leftMargin"><!--skrivet i vänstra marginalen på sid. 3-->I dag på morgonen kl. 9–10 företog <persName corresp="pe516">Fina</persName> sig att skura tamburen. Först kommo 4 studenter, som med nöd sluppo in, och så kom <persName corresp="pe6326">generalskan Indrenius</persName>, som hade ärende, och måste trippa<del>n</del> in öfver skurtrasorna. <persName corresp="pe10">Mille</persName> var mycket förlägen.</p>
        </postscript>
        <postscript>
          <p rend="place_previousPage_leftMargin"><!--skrivet i vänstra marginalen på sid. 2--><persName corresp="pe6816" correspUncert="Y">Damsten</persName> var här och presenterade sin fästmö i går. Lång och duktig såg hon ut, som han sjelf. Gubben <persName corresp="pe6961" correspUncert="Y">Danil</persName> fjeskade från <placeName corresp="pl418">klinikum</placeName> förr än han behöft och trodde sig kunna arbeta, men det går ej; han är svag i benen och bor nu hos sonen.</p>
        </postscript>
        <postscript>
          <p rend="place_previousPage_leftMargin"><!--skrivet i vänstra marginalen på sid. 1--><persName corresp="pe19">Oscars</persName> förlofning är bara prat. Icke vill han till <placeName corresp="pl2561">Wasa</placeName>, men här vill och kan han ej stadna på osäker fot som docent, sedan <persName corresp="pe514">Estlander</persName> blir professor. – Uniform behöfves lyckligtvis ej med till <placeName corresp="pl332">Sverige</placeName>.</p>
        </postscript>
      </div>
    </body>
  </text>
</TEI>