<?xml version='1.0' encoding='UTF-8'?><TEI xmlns:xsi="http://www.w3.org/2001/XMLSchema-instance" xmlns="http://www.tei-c.org/ns/1.0" xsi:schemaLocation="http://www.tei-c.org/ns/1.0 file:/T:/Instruktioner,%20manualer,%20scheman/TEI-scheman%20(AM)/tei_brevschema.xsd">
  <teiHeader>
    <fileDesc>
      <titleStmt>
        <title>Br2060</title>
        <respStmt>
          <resp>Ansvarig redaktör:</resp>
          <name>Laura Mattsson</name>
        </respStmt>
      </titleStmt>
      <publicationStmt>
        <publisher>Zacharias Topelius Skrifter</publisher>
      </publicationStmt>
      <sourceDesc>
        <p>Arkivsignum: se databas</p>
      </sourceDesc>
    </fileDesc>
    <profileDesc>
      <handNotes>
        <handNote medium="black-ink"/>
        <handNote/>
      </handNotes>
    </profileDesc>
  </teiHeader>
  <text>
    <body xml:space="preserve">
      <!-- – ” ’ -->
      <div type="letter">
        <opener>
          <dateline><placeName corresp="pl399">Helsingfors</placeName> måndag 30 Jan. 1865.</dateline>
          <salute>Min Älskade <rs corresp="pe14">Mamma</rs>!</salute>
        </opener>
        <p rend="noIndent">Dessa rader komma troligen fram <anchor xml:id="start28495"/>på fredag morgon<anchor xml:id="end28495"/> vid kaffebordet på <placeName corresp="pl963">Kuddnäs</placeName>, och om ingen annan än <placeName corresp="pl963">Kuddnäs</placeName>bor skulle råka i hågkomma den, så beder jag Mamma vara viss på att här äfven finnas några <placeName corresp="pl399">Helsingfors</placeName>bor, som hafva den i kärt minne och fira den vid sitt kaffebord i samma stund mamma läser detta. Ja, Gud välsigne Mamma på den dagen och alltid, det är trogna och tacksama barns bön! När jag dessa dagar skrifvit på begäran ett litet divertissement, att uppföras af <persName corresp="pe539">baron Muncks</persName> barn på hans sjuttionde födelsedag, som är just i dag, så har jag gjort det med varmt hjerta, emedan jag ihågkommit min älskade Mammas sjuttiofyra år, och jag kan endast upprepa några verser, som förekomma deri:</p>
        <pb/>
        <lg>
          <l>”Och så har jag rätt att önska:</l>
          <l>Gud välsigne vårens grönska!</l>
          <l>Gud välsigne sommarns skörd!</l>
          <l>Låte Han vår bön bli hörd</l>
          <l>Och förläne äfven hösten</l>
          <l>Rika frukter, samvetsro,</l>
          <l>Helsan, glädjen, friden, trösten,</l>
          <l>Sällheten i älskadt bo!”</l>
        </lg>
        <p rend="noIndent">Skada, att jag ej kan säga, som till den gamla herrn, när maka och alla barn stå omkring honom:</p>
        <lg>
          <l>”All din kärlek kring dig står,</l>
          <l>Bedjande med glädjens tår:</l>
          <l>Signe Gud ditt gråa hår,</l>
          <l>Dina ädla sjutti år!”</l>
        </lg>
        <p rend="noIndent">Men fastän den tysta önskan rör sig i hjertats djup, att också Mamma på hvarje sådan dag måtte få vara omgifven af sina käraste, så få vi dock finna oss i att icke alla önskningar i denna verld kunna uppfyllas, det vore för mycken lycka för det oförnöjda menniskohjertat, och det är lycka nog, om Mamma får vara rask och vi med Guds hjelp få hoppas att ännu<pb/> återse hvarandra, om också ej på den dagen. Vi omfamna vår älskade Mamma med våra böner och våra välönskningar. Af barnen skrifver i dag endast <persName corresp="pe11">Aina</persName>; de små skola väl efteråt komma med deras kråkfötter; det var minsann något roligt för dem att få ett eget bref af deras goda farmor, och de fira farmors födelsedag med oss samt skola, dagen till desto bättre prydnad i deras ögon, få en tredje rätt till middagen. – <persName corresp="pe11">Aina</persName> och <persName corresp="pe460">Aline</persName> äro nu ute och höra på studenterne, som tågat med deras fana i spetsen att sjunga för <persName corresp="pe539">baron Munck</persName>. <persName corresp="pe10">Emili</persName>, <persName corresp="pe11">Aina</persName> och jag skola dit kl. 12 för att se på divertissementet, och kl. 11 skall jag uppvakta gubben tillika med universitetets lärarekorps. Kl. 3 ha vi middag för gubben i <placeName corresp="pl4689"><persName corresp="pe3">Kleinehs</persName> hotel</placeName>, så att nog firas denna dag – men den 3 Febr. firas i tysthet.</p>
        <pb/>
        <p>Kl. ½ 11. Flickorna hemkommo nu, utan att ha fått höra studenterne, som tågat ut redan kl. 9 under full sång. <persName corresp="pe785">Felix Heikel</persName> hade burit fanan. – Emellertid gör nu detta, att jag får kasta uniformen på mig och skynda till min post. <persName corresp="pe10">Emili</persName> får skrifva om <persName corresp="pe42">Häggström</persName> och annat. Vi ha snö på snö, manshöga drifvor. En ny baron, <persName corresp="pe1742">Gripenberg</persName>, tror jag att jag redan skref om. Annars ej just något nytt af vigt. Inneliggande till <persName corresp="pe37">Dyhr</persName> innehåller en anvisning på honom för Mamma vid förefallande behof, och icke behöfver Mamma krusa dermed. I Mars får han sitt igen. – Helsa <persName corresp="pe323">Fanny</persName>, att <anchor xml:id="start28497"/>om ej fattigskolan uppslukar alla tillgångar, vore folkbibliotheket, som <persName corresp="pe573">Forsius</persName> börjat<anchor xml:id="end28497"/>, en nyttig och välgörande sak att tänka på. Jag skall hämta också några böcker i sommar.</p>
        <p>Må väl, älskade Mamma! Helsa vännerna, som ihågkomma Mamma, när detta framkommer; bland dem äfven <persName corresp="pe34">Moster Calamnius</persName> särskildt.</p>
        <closer>
          <salute>Mammas egnaste</salute>
          <signed>Z.</signed>
        </closer>
      </div>
    </body>
  </text>
</TEI>