<?xml version='1.0' encoding='UTF-8'?><TEI xmlns:xsi="http://www.w3.org/2001/XMLSchema-instance" xmlns="http://www.tei-c.org/ns/1.0" xsi:schemaLocation="http://www.tei-c.org/ns/1.0 file:/T:/Instruktioner,%20manualer,%20scheman/TEI-scheman%20(AM)/tei_brevschema.xsd">
  <teiHeader>
    <fileDesc>
      <titleStmt>
        <title>Br2042</title>
        <respStmt>
          <resp>Ansvarig redaktör:</resp>
          <name>Laura Mattsson</name>
        </respStmt>
      </titleStmt>
      <publicationStmt>
        <publisher>Zacharias Topelius Skrifter</publisher>
      </publicationStmt>
      <sourceDesc>
        <p>Arkivsignum: se databas</p>
      </sourceDesc>
    </fileDesc>
    <profileDesc>
      <handNotes>
        <handNote medium="black-ink"/>
      </handNotes>
    </profileDesc>
  </teiHeader>
  <text>
    <body xml:space="preserve">
      <!-- – ” ’ æ ½ -->
      <div type="letter">
        <opener>
          <dateline><placeName corresp="pl399">Helsingfors</placeName> måndag 2 dag pingst 1867.</dateline>
          <salute>Min Älskade <rs corresp="pe14">Mamma</rs>!</salute>
        </opener>
        <p rend="noIndent">Blott ett par ord, efter det ryms, egentligen för att fråga Mamma till råds om <persName corresp="pe561">Berndt</persName> och <persName corresp="pe11">Aina</persName>. Sedan jag sist skref, ha de fått höra att det skall vara så sjukligt i <placeName corresp="pl2656">Wirdois</placeName> och <placeName corresp="pl1922">Ruovesi</placeName>, och de fundera nu på, om det vore möjligt för dem att tillbringa sommaren i <placeName corresp="pl1512">NyCarleby</placeName>. Hos farmor ha de ej rum, det veta de nog, så mycket mindre, som de ämna taga två gossar med sig att läsa för <persName corresp="pe561">Berndt</persName>, nemligen <persName corresp="pe630">Leopolds Georg</persName> och en liten <persName corresp="pe6509">Streng</persName>. Det är ekonomi för dem, <persName corresp="pe561">Berndt</persName> får 150 mark för <persName corresp="pe6509">Strengens</persName> läsning och för besväret skall han väl också ha något, <add>så</add> att de få sin <anchor xml:id="start30995"/>sommardepens<anchor xml:id="end30995"/> ersatt. Men hvad tror nu Mamma, finns der någonstädes, antingen på andra sidan ån, eller hos <persName corresp="pe2245">mamsell Glansk</persName> eller någon två rum att hyra nära till <placeName corresp="pl963">Kuddnäs</placeName>? De skulle <hi rend="underline">i alla fall</hi> ha eget hushåll och ingalunda besvära farmor, om ej med att låna porslin och annat smått (men det få de nog ifrån <persName corresp="pe653">Lybecks</persName>); det<pb/> vore blott för trefnaden att vara oss alla nära, ty annars tänker <persName corresp="pe561">Berndt</persName> läsa flitigt i sommar. Vi ha tänkt på <placeName corresp="pl35">Alörn</placeName>, men det går ej för utskickningen; det vore bättre att de skulle städsla en bra menniska, som gick dem tillhanda på <foreign xml:lang="lat"><anchor xml:id="start30993"/>terra firma<anchor xml:id="end30993"/></foreign>. Dessa rader böra framkomma fredag morgon. Skulle Mamma möjligen hinna adressera några rader härom till <persName corresp="pe11">Aina</persName> med fredagsposten, så skulle <del>det</del> <add>svaret</add> ännu träffa dem här, ty de resa troligen först om thorsdag i nästa vecka. Wi ämna oss på väg tisdagen den 18:de, men äro beroende af ångbåtarne, så vi kunna ej säkert bestämma dagen. Här blir nu grönt, men långsamt. Jag for till <placeName corresp="pl109">Borgå</placeName> i fredags och var 23 timmar på vägen för mist. – Under tiden kom nyheten om <anchor xml:id="start30994"/>attentatet i <placeName corresp="pl1615">Paris<anchor xml:id="end30994"/></placeName><!-- mordförsök på kejsar Alexander II i Paris den 7 juni 1867 -->. Man vet ej ännu annat, än att det var en polack vid namn <persName corresp="pe6512">Beresovski</persName>, som sköt på två <persName corresp="pe661">kejsare</persName> och två <rs corresp="pe647">thronföljare</rs> från ett kastanjeträd, men försynens hand var åter emellan och lät ingen annan skadas, <!--brevet fortsätter i vänstra marginalen på sid. 2--><seg rend="place_leftMargin">än mördaren sjelf. Värst var detta nedriga tilltag för polackerne sjelfve. – Må väl, älskade Mamma. Mammas egnaste</seg></p>
        <closer rend="place_leftMargin">
          <signed>Z.</signed>
        </closer>
        <postscript>
          <p rend="place_previousPage_leftMargin"><!--skrivet i vänstra marginalen på sid. 1-->Har Mamma fått mitt bref af d. 5 Juni med 12 mark uti?</p>
        </postscript>
      </div>
    </body>
  </text>
</TEI>