<?xml version='1.0' encoding='UTF-8'?><TEI xmlns:xsi="http://www.w3.org/2001/XMLSchema-instance" xmlns="http://www.tei-c.org/ns/1.0" xsi:schemaLocation="http://www.tei-c.org/ns/1.0 file:/T:/Instruktioner,%20manualer,%20scheman/TEI-scheman%20(AM)/tei_brevschema.xsd">
  <teiHeader>
    <fileDesc>
      <titleStmt>
        <title>Br2078</title>
        <respStmt>
          <resp>Ansvarig redaktör:</resp>
          <name>Laura Mattsson</name>
        </respStmt>
      </titleStmt>
      <publicationStmt>
        <publisher>Zacharias Topelius Skrifter</publisher>
      </publicationStmt>
      <sourceDesc>
        <p>Arkivsignum: se databas</p>
      </sourceDesc>
    </fileDesc>
    <profileDesc>
      <handNotes>
        <handNote medium="black-ink"/>
      </handNotes>
    </profileDesc>
  </teiHeader>
  <text>
    <body xml:space="preserve">
      <!-- – ” ’ æ ½ -->
      <div type="letter">
        <div type="letterpart" part="i">
        <opener>
          <dateline><placeName corresp="pl2735">Åbo</placeName> 17 Februari 1868. Måndagsqväll kl. 11.</dateline>
          <salute>Min Älskade <rs corresp="pe14">Mamma</rs>!</salute>
        </opener>
        <p rend="noIndent">Sedan mitt förra bref har jag ej haft någon underrättelse från Mammma och har heller inga anspråk att hvar vecka få någon rad. Jag är glad om jag får det hvarannan vecka. Jag vill dock hoppas att Mamma befinner sig så väl, som man i dessa bistra tider kan hafva. Hvar gång jag lägger bort arbetet, flyga mina tankar på kärlekens telegraftrådar mellan <placeName corresp="pl399">Helsingfors</placeName> och <placeName corresp="pl963">Kuddnäs</placeName>. Jag undrar då ofta, huru det nu månde se ut i min älskade hembygd och hvilka uppträden af nöden som der kunna förefalla. Mången gång prisar jag Guds godhet, som just i denna tid lyftat de dagliga bekymren från Mamma på en yngre och starkare skuldra, och jag önskar innerligt att <persName corresp="pe451">Ezer</persName> må vara frisk och vid godt mod, både för Mammas skull och för hans egen, ty visst tog han sin nya befattning i en pröfningens tid.<pb/> De dagliga omsorgerna gå nu likväl med det bröd, som Gud i sin nåd har gifvit oss framför många andra stackare och för hvilket vi ej kunna vara nog tacksama. Jag önskade att kunna med samma förtröstan lägga uti Hans händer äfven all omsorg om helsan; men det klenmodiga hjertat vill så mången gång tvifla. Här på afstånd gör också osäkerheten ofta att man föreställer sig det ena och andra. Från de mina har jag ej haft något bref sedan i thorsdags, men hoppas få, innan detta afsändes. <persName corresp="pe11">Aina</persName> tycks nu Gudilof vara rask, men af de öfriga krasslar än <persName corresp="pe10">Mille</persName> sjelf, än <persName corresp="pe272">Toini</persName>, och <persName corresp="pe875">Annas</persName> lungor äro allt mera bekymmersamma. Sådant kommer nu för mig här i ensamheten, men hvad är det värdt att tala derom? Wår gode Gud sörjer väl äfven för det, och jag skulle vara temligen lugn, om jag bara sluppe den tanken, att Gud har sparat mig någon större pröfning efter allt det onödiga bråkandet med min stackars person. Jag biktar nu så der för Mamma mitt<pb/> hjertas ensliga tankar; för hvem skulle jag hellre göra det, än för min äldsta vän på jorden? Mamma skrifver också så moderligt och beder mig icke lägga detta verldsliga bråket på sinnet. Jag försöker visst, men det lyckas ej alltid, allraminst af min egen kraft. Der sitter dock alltid en afgud i hvarje menniskohjerta och är svår att utdrifva. Den besten har ofta var min plåga, efter Gud har gifvit mig mera kärlek och mera oförtjent lycka i lifvet, följaktligen också större frestelser, än otaliga andra. Jag ville så gerna alldeles kunna glömma mig sjelf och lefva för andra, men af frukterna känner man trädet, och det är just kärlekens verk emot andra, som jag märker mig sakna. När jag frågar mig just denna tid hvad jag gjort för de tusen, som lida, och när jag dervid tänker uppå huru jag alla dagar sitter vid fyra rätter och likväl ej torkat en enda tår, så måste jag ju blygas för min Gud och mig sjelf. Om jag dock kunde uträtta<pb/> något på den plats, dit jag blifvit kallad i en så underlig tid, – om min svaga hand med Guds andes kraft kunde uträtta något för själarnes spis, efter det är skrifvet, att menniskan lefver icke endast af bröd, utan af hvarje ord som utgår af Guds mun, så vore jag nöjd. Men här kommer också månget tvifvel; jag tycker mig vara, med mina femti på nacken, en skolgosse, som går och stafvar på lexan eller skrifver på sina första skol-krior. Af min förra poesi duger här så godt som ingenting, på sin höjd någon vana att smida språket. Mamma kan helsa <persName corresp="pe262">syster Sofi</persName> och bedja henne vara alldeles lugn för den saken: jag har ej satt och kommer ej att sätta några ljungblommor i <title corresp="ve129">psalmboken</title>. Det är ett alldeles nytt fält. I går vågade jag mig första gången på att skrifva något nytt, sedan jag förut försökt mig i några öfversättningar. Det var Davids 126 psalm, som icke förut varit bearbetad och som jag nu blef anmodad att skrifva i stället för <del>den</del><pb/> <add>psalmbokens</add> N<hi rend="raised">o</hi> 96, hvilken vi efter, mycket bråk, blefvo ense om att utmönstra från <title corresp="ve1212">gamla psalmboken</title><!-- LM lade till title. Har inte gjort det tidigare, men det är ju en verklig bok från 1695 -->, ehuru både <persName corresp="pe2">Runeberg</persName> och <persName corresp="pe148">Stenbäck</persName> bibehållit den. David 126 är oändligt vacker, och likväl blef detta mitt första försök så klent, att det icke dugde och måste omskrifvas. Detsamma händer mig ofta med små förslager till ändringar i <persName corresp="pe148">Stenbäcks</persName> psalmbok. Bäst jag tycker att jag just hittat på, så får jag höra af mina medbröder att det platt icke duger, och det är verkligen en god skola; jag är tacksam derför. När <del>de</del> <add>andra</add> inbillat den der poeten att han är någonting, så gör det honom oändligen godt att bli som en skolpojke slagen på fingrarna och hänvisas till det ena eller andra hufvudstycket i <title corresp="ve2915">lilla katekesen</title>. <persName corresp="pe143">Schauman</persName> är mycket sträng i sak och <persName corresp="pe564">Lille</persName> i ord; här komma inga snedsprång i fråga. På det sättet gå vi ytterst samvetsgrannt till väga, – derföre också så långsamt, att vi med ganska träget arbete ännu ej hunnit längre, än till N<hi rend="raised">o</hi> 184 i <title corresp="ve1212">gamla psalmboken</title>. Både ord<pb/> och anda vägas med <anchor xml:id="start31284"/>lodbessman<anchor xml:id="end31284"/>, men derföre behöfde vi också ett år, för att gå så noga till väga, som vi egentligen ville och borde. Tyvärr blir det oss icke möjligt, ty vi kunna hvarken försumma andra pligter, eller kosta kronan för dyra traktamenten; vi kosta den nog ändå. Derföre måste vi lemna åtskilligt ovidrördt, som vi ej äro nöjda med, särdeles i de nya förslagen, och så blir likväl denna <title corresp="ve129">psalmbok</title>, som alla de andra, ett mycket, ett mycket bristfälligt verk, som en annan tid åter får göra om. Men något bättre hoppas vi likväl få den, mest derföre, att vi hysa andra åsigter, än alla våra föregångare och, i motsats mot dem, lägga mycket mera vigt på andan och enkelheten, än på den korrekta och finhyflade yttre formen. Sjelfva <persName corresp="pe148">Stenbäck</persName> har gått långa krokvägar, för att undvika ett falskt rim, och så har han blandat bort de gamla psalmernas enfald med en hop klyftiga dogmatiska inpass. Men vår bok blir hvarken <persName corresp="pe818">Wallins</persName>, eller <persName corresp="pe2">Runebergs</persName>, eller <persName corresp="pe148">Stenbäcks</persName>, eller <persName corresp="pe143">Schaumans</persName>, eller <persName corresp="pe564">Lilles</persName> eller <persName corresp="pe614">Topelii</persName><pb/> psalmbok, utan om vi finge vår mening genomförd, skulle den rätt och slätt blifva den <title corresp="ve1212">gamla psalmboken</title> med de nödigaste förbättringar. – Nu har jag språkat bort en enslig afton med Mamma, likt och olikt, ty deraf hjertat är fullt, det talar munnen med sina käraste, och nu godnatt! Jag skall tillägga några ord i morgon bittida.</p>
        </div>
        <div type="letterpart" part="f">
        <opener>
          <dateline><hi rend="underline">Tisdag morgon</hi> kl. ½ 9.</dateline>
        </opener>
          <p>God morogn, söta Mamma! Jag hoppas Mamma har sofvit godt. Jag har latats så länge för det att jag var vaken ibland af små forsskänningar, men sådant bryr jag mig ej om, utan somnar igen om en stund. Jag har varit och är mycket frisk här i <placeName corresp="pl2735">Åbo</placeName>, skam få min tunga. Rummet är varmt och dragfritt; litet golfkyla får man ej räkna på. Wi ha nu åter blidvinter efter ett vildt yrväder i lördags. All trafik till torget går förbi våra fönster, så att här ser mycket lifligt ut. Så ha vi också nu en hel vecka lefvat alldeles tyst med vårt arbete utan en enda bjudning. I thorsdags slöt finska komitén sitt arbete, som blott gällde deras bihang. Det var just 50:de årsdagen af psalmbokskomiténs första sammanträde den 13 Febr. 1818.<pb/> Wi hade allmänt sammanträde i domkapitlet till kl. ½ 9 vidpass och gingo derefter till en gemensam sexa i <placeName corresp="pl662">societetshuset</placeName> (helt enkelt, bara komitén och <rs corresp="pe679">domprosten</rs>), och der höllos många tal och var ganska vänskapligt. Fredag f. m. lät komitén gemensamt porträttera sig hos <persName corresp="pe6751">Aune</persName>, och på e. m. reste våra finska medbröder till hemorterna. Få se huru länge vi andra få stadna här. <persName corresp="pe143">Schauman</persName> vill vara tillbaka i <placeName corresp="pl109">Borgå</placeName> i början af Mars, och vi hoppades redan att få göra honom sällskap, men <rs corresp="pe549">erkebispen</rs> vill att vi skola göra också vårt bihang i <placeName corresp="pl2735">Åbo</placeName>, och det vore värre. Kanske hittar man på en medelväg, så att större delen af bihanget kan utarbetas i <placeName corresp="pl399">Helsingfors</placeName> till Maj, när allt bör vara i ordning att tryckas. – <persName corresp="pe20">Selma</persName> reste igen i thorsdags, sedan hon fått sin mamsell frisk. Jag bjöd henne till <placeName corresp="pl399">Helsingfors</placeName>, när hon får lägenhet.</p>
        <p>Till <persName corresp="pe37">bror Albert</persName> hinner jag nu ej skrifva. Mamma är god och helsar honom från mig: nog har jag räntan i minnet. Helsa hjertligen <persName corresp="pe323">Fannina</persName> och <persName corresp="pe6544">Johanssons</persName> och <persName corresp="pe659">Stina</persName> och alla vännerna från Mammas egen</p>
        <closer>
          <signed>Z.</signed>
        </closer>
          <postscript>
            <p rend="place_leftMargin">Vid detta laget är <persName corresp="pe54"><anchor xml:id="start31285"/>Wilhelm</persName> på återväg från <placeName corresp="pl1042">Qveflax</placeName> och <persName corresp="pe262">Sofi</persName> troligen honom till mötes hos Mamma. Helsa dem hjerteligen. Jag längtar att höra något från dem. Icke får han väl <placeName corresp="pl1042">Qveflax</placeName>?<anchor xml:id="end31285"/></p>
          </postscript>
        <postscript>
          <p rend="place_previousPage_leftMargin"><!--skrivet i vänstra marginalen på sid. 7-->Det är skada med den herrliga <placeName corresp="pl2740">domkyrkan</placeName>, att hon är så kall. Man blir genomfrusen, om man sitter der i par timmars tid, och derföre har jag ej öfvervarit mer än två gudstjenster der.</p>
        </postscript>
        <postscript>
          <p rend="place_previousPage_leftMargin"><!--skrivet i vänstra marginalen på sid. 6-->Här äro spektakler och soiréer för nöden. Resande berätta från <placeName corresp="pl529">Ikalis</placeName> och <placeName corresp="pl1385">Mouhijärvi</placeName>, att der ätes mångenstädes ler, och fås en rågkaka, så malas hon sönder och bakas om till 6 eller 8 andra kakor. De stackrarne äro också bland det okunnigaste och handfallnaste folk i landet.</p>
        </postscript>
        <postscript>
          <p rend="place_previousPage_leftMargin"><!--skrivet i vänstra marginalen på sid. 4-->I dag skall jag till middag hos <persName corresp="pe838">doktor Avellan</persName>, gammal kamrat kunde ej undvikas. – Få se hvad der blir af <anchor xml:id="start31287"/>studenternes skrift emot <rs corresp="pe466">rektor<anchor xml:id="end31287"/></rs>, i synnerhet, när svenska tidningar få tag deruti. Det kunde hända att universitetet stänges för vårterminen.</p>
        </postscript>
        <postscript>
          <p rend="place_previousPage_leftMargin"><!--skrivet i vänstra marginalen på sid. 3-->P. S. kl. 12. Jag hade nyss bref från <persName corresp="pe10">Mille</persName>.<!-- LM ändrade streck till punkt med tanke på att följande bokstav är versal --> De tyckas må hjelpligt – men jag hinner ej läsa det – komitén sitter.</p>
        </postscript>
          </div>
      </div>
    </body>
  </text>
</TEI>