<?xml version='1.0' encoding='UTF-8'?><TEI xmlns:xsi="http://www.w3.org/2001/XMLSchema-instance" xmlns="http://www.tei-c.org/ns/1.0" xsi:schemaLocation="http://www.tei-c.org/ns/1.0 file:/T:/Instruktioner,%20manualer,%20scheman/TEI-scheman%20(AM)/tei_brevschema.xsd">
  <teiHeader>
    <fileDesc>
      <titleStmt>
        <title>Br2076</title>
        <respStmt>
          <resp>Ansvarig redaktör:</resp>
          <name>Laura Mattsson</name>
        </respStmt>
      </titleStmt>
      <publicationStmt>
        <publisher>Zacharias Topelius Skrifter</publisher>
      </publicationStmt>
      <sourceDesc>
        <p>Arkivsignum: se databas</p>
      </sourceDesc>
    </fileDesc>
    <profileDesc>
      <handNotes>
        <handNote medium="black-ink"/>
      </handNotes>
    </profileDesc>
  </teiHeader>
  <text>
    <body xml:space="preserve">
      <!-- – ” ’ æ ½ -->
      <div type="letter">
        <opener>
          <dateline><placeName corresp="pl2735">Åbo</placeName> 3 Februari 1868, Måndagsqväll.</dateline>
          <salute>Min Älskade <rs corresp="pe14">Mamma</rs>!</salute>
        </opener>
        <p rend="noIndent">Jag kan ej sluta denna Mammas födelsedag, utan att än engång nedkalla vår himmelske Faders välsignelse öfver Mamma och tacka Honom, som intill denna dag förunnat Mamma helsa och krafter samt oss den glädjen att få behålla Mamma. Våra lifsdagar, yngres som äldres, stå i Hans allsmäktiga hand. Dock skall Han kanske ännu förunna oss den hugnaden att återse hvarandra med helsan, hvilken glädje jag alltfrån mina skolresor varit van att efterlängta. – Mammas födelsedag har jag i största <subst><del>s</del><add>t</add></subst>ysthet firat med träget arbete på psalmerna 82–100 m. m. och dessutom med ett litet förmiddagskaffe för <persName corresp="pe143">Schauman</persName> och <persName corresp="pe564">Lille</persName>, medan vi sutto tillsammans och reviderade N<hi rend="raised">o</hi> 77–82. Skam att säga, var det <persName corresp="pe564">Lille</persName>, som hittade på en så naturlig sak. Han visste af dagen och föreslog att komma ihåg den på detta sätt, hvilket passade så mycket bättre, som <persName corresp="pe143">Schauman</persName> är en stor vän af f. m. kaffe. Ensligt var det väl att nu sitta här, i stället för <add>hos</add> Mamma eller de mina, men man får ej allt som man vill, jag är nöjd, <add>ja lycklig,</add> om Gud låter oss alla vara vid helsan.</p>
        <pb/>
        <p>I fredags fick jag bref, att <persName corresp="pe11">Aina</persName> var på bättring. Gud låte så fortfara samt att ej <persName corresp="pe10">Mille</persName> eller någon annan nu blir sjuk i sin tur. Jag var bra orolig, när jag sist skref till Mamma, det syntes väl också på brefvet. Lyckligt vore, om man alltid med full förtröstan kunde ställa allt i Guds händer. Samma bref medförde äfven Mammas kära rader af den 24 Januari; tack för dem! Ända till nu har jag sparat brefvet, för att än engång läsa om det, men nu skall jag efterkomma befallningen som en lydig son och <hi rend="underline">verkligen</hi> bränna upp det, så att Mamma kan vara lugn. Det har ock härtills varit väl undangömdt. Tack för firningen af den 14:de. Nog visste jag Mamma skulle komma ihåg den dagen, om också ingen annan gjort det. – Ja, de penninglapparna! Jag har nog varit rädd för att Mamma skulle komma i mellanhand. Goda Mamma var ej så onödigt grannlaga med ende sonens kassa, när Mamma är i större behof. Hvem är närmare, och hvem <add>är</add> skyldig Mamma så mycket som jag? Icke är det så klent, att ej litet kan fås ihop. Jag skäms nästan att tala om en så sjelffallen sak, det vore bättre att skicka utan vidare, när<pb/> jag vet att Mamma ändå har knappt, men det har Gudnås ej blifvit af utan särskild anledning. Här i <placeName corresp="pl2735">Åbo</placeName> tror jag alla utgifter ej borde stiga till mer än 6 à 7 mark om dagen, och jag har 12 af kronan, så att det blir också en liten besparing, bara jag engång får ut den; nu ligger jag i förskott för hela resekostnaden. – Jag undrar huru <persName corresp="pe451">Ezer</persName> slår sig ut i dessa fattiga tider. Här tycks hans förlofning vara känd af alla hans och brudens bekanta. – Så stor nöden än är mångenstädes i kustsocknarna, så tycks den vara betydligt värre i en del upplandssocknar, i synnerhet der de af dumhet och envishet icke samlade på hösten något slags nödbrödsämnen. Der hålla nu hela församlingar, såsom <placeName corresp="pl529">Ikalis</placeName>, <placeName corresp="pl1385">Mouhijärvi</placeName>, <placeName corresp="pl1616">Parkano</placeName> m. fl., att svälta ihjäl och dö ut. Här samlas också ifrigt på många håll, men icke lärer det märkas synnerligen på sällskapslifvet och soupéena. <del>Nog</del> <add>Icke</add> har psalmbokskomitén heller svultit i <placeName corresp="pl2735">Åbo</placeName>. Jag skäms att äta hvar dag 4 rätter till middagen, jag som vore nöjd med två eller en, men det är nu engång ställdt så dumt, när man äter på värdshus. Kalasat ha vi också mer än just skulle vara förenligt med tiden och psalmboken. Det var intet nödbröd vi fingo på<pb/> <rs corresp="pe549">erkebispens</rs> middag i fredags för 80 personer. Det var en <anchor xml:id="start31235"/>stortvätt<anchor xml:id="end31235"/> för psalmbokskomitén, illustrerad af allt hvad <placeName corresp="pl2735">Åbo</placeName> hade förnämt och lysande, herrar och fruntimmer. Talen började med ett till <persName corresp="pe143">Schauman</persName>, och så fingo alla sin lott, och så fick jag ett särskildt af <rs corresp="pe723">erkebiskopinnan</rs> och fruntimmerna. Mera lifligt var der; vi stadnade qvar till kl. ½&#x00A0;9 och drucko thé. Dagen derpå blef jag två gånger flat för ett dåligt minne. Kl. 1 blef jag påmint att jag <del>kl. 11</del> var bjuden på f. m. kaffe till <persName corresp="pe6698">prosten Indrén</persName> kl. 11, – och just när <persName corresp="pe564">Lille</persName> och jag höllo på med plättarna här vid vår vanliga middag, kom ett bud, som frågade om professorerne glömt att de voro bjudne i dag på middag till <persName corresp="pe679">domprosten Renvall</persName> (hvilket vi också ganska riktigt glömt). <persName corresp="pe564">Lille</persName> fick strax en <anchor xml:id="start31236"/>isvoschik<anchor xml:id="end31236"/> och for, men jag, <del>lät</del> <subst>som</subst> var uti ljusa byxor för tillfället, lät helsa och ursäkta. Icke var det så farligt, fast två biskopar och en domprost väntat på oss, det var bara en familjemiddag, men <persName corresp="pe293">C. Essen</persName> påstod sedan att saken ej kunde försonas utan en vers. Vi bry oss verkligen ej om<pb/> några bjudningar midt på dagen vi börja bli alltför snåla med tiden ty det beror till en stor del på vår flit huru snart vi slippa härifrån. Nog går arbetet mycket raskare nu, än i början, men minst 3 veckor till <unclear reason="endline" resp="MD">få</unclear> vi säkert dröja, innan vi ord för ord gått igenom de 413 psalmerna, jemfört alla olika upplagor och alla kritiker, utvaldt det bästa eller skrifvit nytt. <persName corresp="pe143">Schauman</persName> är allt mycket intresserad och vill stadna här lika länge som vi, men hans <rs corresp="pe723">biskopinna</rs> börja<unclear reason="endline" resp="LM">r</unclear> bli otålig. Måtte han och vi alla få vara så friska som härtills. Vi ha mera trefligt, tror jag än någon annan komité derföre att vi passa väl ihop. Jag är glad att få sluta denna närmare vänskap med en så utmärkt man som <persName corresp="pe143">Schauman</persName>. Äfven <persName corresp="pe564">Lille</persName> är beskedlig, så het och otålig och petig han stundom är, men han är mycket tillgifven och vänskapsfull, och han behöfs som tredje länken att komma fram med sina betänkligheter, när <persName corresp="pe143">Schauman</persName> och jag kanske äro för hastiga ibland att afgöra saken.</p>
        <p>– I thorsdags voro vi på en literär soirée med 500 personer, der <persName corresp="pe679">Renvall</persName> höll föredrag om hungersnöden 1695–97,<pb/> <add place="topMargin"><hi rend="underline">Måndagsmorgon kl. 9</hi></add> och i söndags voro vi på herrkalas med supér hos <persName corresp="pe3616">Magnus Essen</persName>, ölbryggaren (<persName corresp="pe3616">Oehlenschläger</persName>, som de kalla honom). De voro vänliga, och det var roligt att se hans barn, <persName corresp="pe6699">Celina Kjemmers</persName> efterlemnade. Äldsta flickan påminner mycket om modren. – I qväll skola vi efter komitémötet till <persName corresp="pe4894" correspUncert="Y">G. M. Armfelt</persName>. Flera andra bjudningar ha vi refurserat eller fått uppskjutna. – Jag hade ännu hvarjehanda att språka om, men <persName corresp="pe564">Lille</persName> blir otålig, vi ha ännu en del ogjordt till kl. 10, när <persName corresp="pe143">Schauman</persName> kommer. Må väl, älskade Mamma, helsa <persName corresp="pe323">Fanny</persName> och alla vännerna från Mammas egen gamla gosse</p>
        <closer>
          <signed>Z.</signed>
        </closer>
        <postscript>
          <p>P. S. Jag har glömt berätta en glad <anchor xml:id="start31237"/>surpris<anchor xml:id="end31237"/>, som fingo just vid afresan från <placeName corresp="pl399">Hfors</placeName>. Universitetets enke- och pupillkassa har småningom så förkofrats, att våra enkor och barn engång i verlden få ej mindre än 50 procent högre pension. Härtills 214 rubel silfver, hädanefter 320. Det är ju vackert så.</p>
        </postscript>
          <postscript>
            <p rend="place_leftMargin">Förlåt mina slarfviga bref i brådskan. Få se, om mamma kan läsa dem. Tag <persName corresp="pe323">Fanny</persName> till hjelp.</p>
          </postscript>
        <postscript>
          <p rend="place_previousPage_leftMargin"><!--skrivet i vänstra marginalen på sid. 5-->Här är åter mildt väder efter den starka kölden</p>
          <p rend="place_previousPage_leftMargin">P. S. kl. 12. Nyss fick jag bref, att <persName corresp="pe11">Aina</persName> sitter klädd i yttre rummet.</p>
        </postscript>
        <postscript>
          <p rend="place_previousPage_leftMargin"><!--skrivet i vänstra marginalen på sid. 4--><persName corresp="pe6711">Mamsell Chievitz</persName> har, på hennes egen begäran, fotograferat mig, men icke fått fram annat än knarriga gubbar.</p>
        </postscript>
        <postscript>
          <p rend="place_previousPage_leftMargin"><!--skrivet i vänstra marginalen på sid. 3-->I söndags hörde vi en vacker predikan af <persName corresp="pe6698">Indrén</persName>. – <persName corresp="pe3009">Tigerstedt</persName> blef ansatt af <persName corresp="pe293">C. Essen</persName> för <anchor xml:id="start31238"/>hans knappa vitsord åt <persName corresp="pe54">Schalin<anchor xml:id="end31238"/></persName> och var mycket flat. Han sade sig ha fordrat bara detsamma <!--fortsätter i vänstra marginalen på sid. 2--><seg rend="place_previousPage_leftMargin">som gymnasisterne kunna – men vi sade honom att det var orimligt, ty icke kunna gamla kaplaner inplugga nya skolböcker.</seg></p>
        </postscript>
        <postscript>
          <p rend="place_previousPage_leftMargin"><!--skrivet i vänstra marginalen på sid. 1-->Helsa <persName corresp="pe37">bror Dyhr</persName> – jag borde nog skrifva till honom, men har ytterst knappt om tid.</p>
        </postscript>
      </div>
    </body>
  </text>
</TEI>