<?xml version='1.0' encoding='UTF-8'?><TEI xmlns:xsi="http://www.w3.org/2001/XMLSchema-instance" xmlns="http://www.tei-c.org/ns/1.0" xsi:schemaLocation="http://www.tei-c.org/ns/1.0 file:/T:/Instruktioner,%20manualer,%20scheman/TEI-scheman%20(AM)/tei_brevschema.xsd">
  <teiHeader>
    <fileDesc>
      <titleStmt>
        <title>Br1824</title>
        <respStmt>
          <resp>Ansvarig redaktör:</resp>
          <name>Laura Mattsson</name>
        </respStmt>
      </titleStmt>
      <publicationStmt>
        <publisher>Zacharias Topelius Skrifter</publisher>
      </publicationStmt>
      <sourceDesc>
        <p>Arkivsignum: se databas</p>
      </sourceDesc>
    </fileDesc>
    <profileDesc>
      <handNotes>
        <handNote/>
        <handNote/>
      </handNotes>
    </profileDesc>
  </teiHeader>
  <text>
    <body xml:space="preserve">
      <!-- – ” ’ -->
      <div type="letter">
        <opener>
        <dateline><placeName corresp="pl399">Helsingfors</placeName> Urbanus, 2:dra dag Pingst, 1863.</dateline>
        <salute>Min Älskade <rs corresp="pe14">Mamma</rs>!</salute>
        </opener>
        <p rend="noIndent">I thorsdags hade vi af Mamma ett kärt bref, hvaraf vi se huru Mamma glömmer sitt eget bråk och bekymmer, för att deltaga i våra bekymmer och fröjder. Jag tänker alltid att allt har sin mening, och så var det väl ock med min sjukdom; om vi bara rätt skulle förstå Guds goda afsigter. För Mig och <persName corresp="pe10">Mille</persName> var detta visst också en maning att icke lägga så stor vigt på andra verldsliga vedermödor – och skulle Gud i sin nåd låta oss alla, när och fjerran, behålla eller återvinna helsan, så går nog det andra. <anchor xml:id="start27483"/>Pjåkig<anchor xml:id="end27483"/> är jag för sjukdom hos de mina och mig sjelf, det måste jag ärligt bekänna, – det öfriga här i verlden har jag sällan just lagt mycket på sinnet.</p>
        <p>Först då om det kapitlet. I mitt bröst känner jag numera nästan ingenting, hvarken tyngd eller hosta, på sin höjd litet heshet, om jag länge talar; – men i går läste jag med låg röst predikan för min munlösa<pb/> maka, utan att deraf märka minsta olägenhet. I fredags var jag första gången ut att åka med <persName corresp="pe10">Mille</persName>; i lördags gick jag med barnen att inspektera <anchor xml:id="start27484"/>nya gården<anchor xml:id="end27484"/> med dess präktiga uthus och dess stora, men alldeles vanvårdade trädgård, som jag så gerna ville sätta i stånd. I går pingstdagen promenerade vi före middagen hela sällskapet till <placeName corresp="pl665">Kajsaniemi park</placeName>, der det är full sommar, grönska och fågelsång, ack så herrligt! Det har nu varit en ruskigare mellantid med kyla och regn, men efter en liten frost i natt är det åter vackert, i morgse 14 gr. i skuggan, nu 11. Kanske var det för kylan i luften de förra dagarna, som jag åter haft frosskänningar hvarannan natt, men i dag på morgonen var jag sjelf till <persName corresp="pe500">Hjelt</persName>, som föreskref mig en ny regime med kininpulver i sju veckor och deremellan hvarannan dag ångbad, för att riktigt grundeligt få bugt på min gamla fiende. Jag <anchor xml:id="start27487"/>prutar<anchor xml:id="end27487"/> nog mot det otäcka kininet, men det får ej hjelpa, vattnet hoppas jag gör ändå hufvudsaken. För resten äro vi Gudilof vid godt mod, och jag har åter begynt arbeta några timmar om dagen – kan Mamma gissa med hvad?<pb/> Med min <title corresp="ve252">Läsebok</title>, som jag nu med all gevalt vill ha färdig, innan jag får fullt opp med <anchor xml:id="start27485"/>min nya tjenst<anchor xml:id="end27485"/>. Ja, om denna för oss vigtiga sak <anchor xml:id="start38918"/>har Mamma redan läst i tidningarna; det är nu <hi rend="underline">säkert</hi> och afgjordt, ehuru jag ej fått någon officiel notis,<anchor xml:id="end38918"/> och får ej heller, innan fullmakten, men utnämningen har nu varit före i konsistorium, och i dag bekräftades den af vår rektor, <persName corresp="pe466">Arppe</persName>, som jag träffade på gatan. Således kan jag nu ta emot gratulation, Gud gifve till sann båtnad både för den dyrbara salt jag fått att vårda och för oss alla! Jag fruktade mycket att, här som vid andra tjenster, få tjena första halfåret utan lön, men fick i dag höra att ej så är, utan jag får uppbära lön från 1 Juni – jag vet ej än huru mycket, ty en del är ställd på markegång, men som den är hög, så tror jag väl att <add>en</add> yngre professors lön nu gör omkr. 14 à 1500 rubel – och sedan avancerar man efter tur, så att de äldres löner stiga till omkring 2,000. Eget är att jag i konsistorium kommer att sitta mellan de två värsta fennomanerne, <persName corresp="pe480">Forsman</persName>, som redan<pb/> <add>är utnämnd</add> och <persName corresp="pe438">Ahlqvist</persName>, som i höst blir professor i finskan. Men detta bekymrar mig alldeles icke. Jag <anchor xml:id="start27488"/>slipper att installeras<anchor xml:id="end27488"/>, emedan jag är installerad förut för 9 år sedan; – som är en besparing på omkr. 100 <choice><abbr>rub.</abbr><expan resp="EK">rubel</expan></choice> utom besväret, men fullmakten kostar väl med tillbehör sina 80 <choice><abbr>rub.</abbr><expan resp="EK">rubel</expan></choice> – Vänliga äro alla som jag träffat, äfven af akademici, och gratulera, – <persName corresp="pe316">Carolina Borgström</persName> har bland andra vänner varit högst intresserad för denna befordran! – Men nu kan det vara nog om mig sjelf. Min <persName corresp="pe10">Mille</persName> <foreign xml:lang="fin"><anchor xml:id="start27486"/>rukka<anchor xml:id="end27486"/></foreign> går, som sagdt, för närvarande munlös. Det befanns neml. att hennes löständer efter 20 års tjenstgöring höllo på att alldeles falla bort och bli utan fäste, och då måste den länge på hushållning uppskjutna saken bli af, oaktadt hon sjelf i det längsta prutade emot. Nu går hon radikalt tom i mun, sedan hon låtit bortplocka de sex återstående <anchor xml:id="start27489"/>skrabborna<anchor xml:id="end27489"/>, och nog vet man hvad det är ovant, men om en vecka skall hon gå med två rader sköna hvita tänder, med hvilka hon kan äta det hårdaste bröd – liksom <persName corresp="pe316">Carol. Borgström</persName>, som ej nog kan prisa sina tänder, ty de tjena för lifstiden. Jag önskar<pb/> att Mamma och jag på samma sätt blefve barn på nytt. – Till <placeName corresp="pl2921">Marstrand</placeName> ha vi nu skrifvit om rum; vi veta ej säkert om <persName corresp="pe10">Mille</persName> blir färdig till det ångfartyg, som afgår härifrån d. 5 Juni – troligare är att hon måste dröja till d. 12:te – och derpå beror väl då också vår uppresa. <persName corresp="pe10">Mille</persName> är besvärad af unga fruar, som ställa sig under hennes beskydd. I förrgår anmälde sig åter en <placeName corresp="pl2921">Marstrand</placeName>sfararinna, <persName corresp="pe5255">fru Blomqvist</persName>. <persName corresp="pe10">M.</persName> kan naturligtvis ej åtaga sig annat än att vara förkläde och ge goda råd. <persName corresp="pe272">Toini</persName> är allt ännu vid godt humör, men nog tänker jag de i början få grufligt ledsamt. Alla våra fyra flickor slöto i thorsdags sin skola. Tredje och fjerde klasserna tillbragte sedan thorsdagsafton tillsammans i skolan. De hade salat ihop 10 kopek hvar till mandeltortor och mjöd, och så tillbragtes qvällen af somliga med att hoppa och sjunga, men af de flesta med att gråta – och så höllo de tillsammans bön på egen hand, och skildes (de som sluta skolan) med det löfte att träffas här den dagen efter fem år, om de lefva. <persName corresp="pe11">Aina</persName> och <persName corresp="pe460">Aline</persName> hemkommo med<pb/> förgråtna ögon kl. 10 på qvällen. Småttingarna deremot voro vid briljant humör. Om fredagen hemkommo de mycket vigtiga med deras betyg – berömligt uppförande, men flit och framsteg så der af <anchor xml:id="start35206"/>Melanders mellansort<anchor xml:id="end35206"/> – sjelfva tyckte de att det var utmärkt vackra betyg, och i den tron fingo de vara. De stora ha nu examen i onsdag – <persName corresp="pe464">William</persName> först i lördag. Nästa måndagsmorgon ämna sig både <persName corresp="pe460">Aline</persName> och <persName corresp="pe464">William</persName> att resa med Österbotten. – Jag skall tillägga det för oss glädjande, att icke på länge har i Frunt:s skolan varit en så väl ansedd fjerde klass och så utan alla historier, som i år, när <persName corresp="pe11">Aina</persName> råkat vara primus, hvilket naturligtvis icke är hennes förtjenst, med det är roligt emedan primus alltid får svara för klassen.</p>
        <p>Nu springa barnen ute mest hela dagen. Få se när vi få flytta. Allt står <persName corresp="pe7553">Chrons</persName> våning ledig. Troligen ta vi nu <persName corresp="pe530">Lotta</persName> med till farmor. Hon får väl också rensa fisk, när det behöfs, ehuru sömm är hennes starka sida. Hon sydde nyss<pb/> en klädning åt <persName corresp="pe272">Toini</persName> ensam <add>färdig</add> på en dag. – Icke vore jag så angelägen om <persName corresp="pe5258">Nuppa</persName> med hans matfriska lättja, om vi bara kunde få en passlig i stället. <persName corresp="pe5258">Nuppa</persName> har den förmån att vara någorlunda dresserad, att känna daggmaskställena o. s. v., som en fiskare behöfver; men hans största merit är de starka armarna i blåst, hvarföre jag under hans tid kunnat utsträcka mina kroklinier kring de fiskrika <placeName corresp="pl4671">Brudholmarna</placeName>. Skulle någon 16-18 års pojke med någorlunda <add>starka</add> armar fås, kunde han väl ersättas. – Förlåt att jag ökar Mammas myckna bråk med denna mindre vigtiga sak – men nog blir det nödvändigt för mig att andas sjöluft i sommar. Jag får väl också <persName corresp="pe594">Hindrik</persName> på några dar till <placeName corresp="pl402">Majniemi</placeName>, för att se om bryggan, som behöfver styttor, <add>och</add> uppsätta simmhuset. Simmhustrappan flöt bort 1861 och behöfs ny. – Jaså, är jag inte återigen der med mina bestyr? Nej, goda Mamma, – låt dem vara. Jag hoppas <persName corresp="pe11">Aina</persName> skall kunna vara farmor<pb/> till något biträde i sommar; hon önskar ingenting högre. På <persName corresp="pe10">Milles</persName> begäran undersökte <persName corresp="pe500">Hjelt</persName> hennes bröst och förklarade att ”nog är det allt i ordning.” Men tillika rekommenderade han åt henne motion i sommar, t. ex. att ro.</p>
        <p><anchor xml:id="start27490"/>Med theatern är det nu så slut, att alla resa bort<anchor xml:id="end27490"/> – Men brandstodsbolaget får betala en extra afgift. Jag tycker mången skall derföre harmas på theatern, – men icke rår den för allt – den lär kosta mellan 40 och 50,000 <choice><abbr>rub.</abbr><expan resp="EK">rubel</expan></choice> åt bolaget. – I politiken ser det <hi rend="underline">fredligt ut</hi> – d. v. s. inte kan man garantera fullt för mer än ett par månader, men det sannolikaste är fortfarande, att intet buller blir här uti detta år. Svenskarna ha redan stämt ned tonen betydligt. – Gubbarna <persName corresp="pe5257">Tigerstedt</persName> och <persName corresp="pe9447">tjocka Smith</persName> med alla sina historier ha gått till ankars. Annars just intet nytt. Jo, att <persName corresp="pe466">Arppe</persName> blef rektor, alla rabulister till trotts.</p>
        <p>Helsa hjertligt alla de våra, <persName corresp="pe5634">Schalins</persName> icke att glömma. Tacka <persName corresp="pe262">Sofi</persName> för hennes systerliga bekymmer. Och må väl, älskade Mamma. Ännu kommer väl ett bref från Mammas egnaste</p>
        <closer>
        <signed>Z. E. och barnen</signed>
        </closer>
        <!-- skrivet i vänstra marginalen på sid 8 -->
        <postscript><p rend="place_leftMargin"><anchor xml:id="start27491"/>Min svenska remiss<anchor xml:id="end27491"/> är ej kommen ännu. Jag väntar tåligt i denna vecka. – <persName corresp="pe506">Bonnier</persName> begär något nytt att trycka.</p></postscript>
        <!-- skrivet i vänstra marginalen på sid 7 -->
        <postscript><p rend="place_previousPage_leftMargin"><rs corresp="pe140">Tant</rs> blir öfver sommarn i staden.</p></postscript>
        <!-- skrivet i vänstra marginalen på sid 6 -->
        <postscript><p rend="place_previousPage_leftMargin">Ingen <persName corresp="pe41">Granholm</persName> eller <rs corresp="pe644">fru</rs> höras af.</p></postscript>
        <!-- skrivet i vänstra marginalen på sid 4 -->
        <postscript><p rend="place_previousPage_leftMargin"><persName corresp="pe10">Mille</persName> har ännu ej fått svar om bruna tyget.</p></postscript>
        <!-- skrivet i vänstra marginalen på sid 3 -->
        <postscript><p rend="place_previousPage_leftMargin"><anchor xml:id="start27492"/>Här äro stora auktioner: <persName corresp="pe5236">Oldenburgs</persName> och <persName corresp="pe99">Hernmarcks</persName>.<anchor xml:id="end27492"/> Vi spekulera på en matskänk. <persName corresp="pe656">Borgströms</persName> börja flytta in.</p></postscript>
        <!-- skrivet i vänstra marginalen på sid 2 -->
        <postscript><p rend="place_previousPage_leftMargin"><persName corresp="pe461">Johannes</persName> har visat sig och mår väl. <persName corresp="pe309">Julius</persName> tänker på en resa till <placeName corresp="pl1512">Nby</placeName> – <persName corresp="pe573">Forsius</persName> lär ämna sig bort på en månad.</p></postscript>       
      </div>
    </body>
  </text>
</TEI>