<?xml version='1.0' encoding='UTF-8'?><TEI xmlns:xsi="http://www.w3.org/2001/XMLSchema-instance" xmlns="http://www.tei-c.org/ns/1.0" xsi:schemaLocation="http://www.tei-c.org/ns/1.0 file:/T:/Instruktioner,%20manualer,%20scheman/TEI-scheman%20(AM)/tei_brevschema.xsd">
  <teiHeader>
    <fileDesc>
      <titleStmt>
        <title>Br1704</title>
        <respStmt>
          <resp>Ansvarig redaktör:</resp>
          <name>Laura Mattsson</name>
        </respStmt>
      </titleStmt>
      <publicationStmt>
        <publisher>Zacharias Topelius Skrifter</publisher>
      </publicationStmt>
      <sourceDesc>
        <p>Arkivsignum: se databas</p>
      </sourceDesc>
    </fileDesc>
    <profileDesc>
      <handNotes>
        <handNote/>
        <handNote/>
      </handNotes>
    </profileDesc>
  </teiHeader>
  <text>
    <body xml:space="preserve">
      <!-- – ” ’ -->
      <div type="letter">
        <opener>
        <dateline><placeName corresp="pl399">Helsingfors</placeName> måndag 13 Febr. 1860.</dateline>
        <salute>Min Älskade <rs corresp="pe14">Mamma</rs>!</salute>
        </opener>
        <p rend="noIndent">Den 3 Februari tänkte jag skrifva; vi kommo nog ihåg den dagen och önskade till Gud att den ännu månget år måtte randas med helsa för Mamma och oss alla. Den dagen och ett par följande postdagar blef jag likväl hindrad; nu tar jag ¾ timma för dessa rader; få se om jag får vara i fred. Vi må Gudilof bra, utom små krämpor, som man icke må räkna, deribland mina krångliga tänder. <persName corresp="pe10">Mille</persName> skrifver om <persName corresp="pe11">Ainas</persName> klädningar; det är ej det enda som långa flickan ger att tänka på. Hon har nu kommit in i läsvurmperioden, då man slukar likt och olikt, så att hon ibland ertappats med allehanda skräp, som råkat ligga framme. Det är nu förbjudet, och lyckligtvis är hon ett snällt och lydigt barn, som aldrig med afsigt gör pappa och mamma emot, så att nog är <persName corresp="pe11">Aina</persName> fattig af de lättstyrda. Med de 13, 14 åren följer också ett litet flickhjerta, Gudskelof barnsligt och oskyldigt ännu, men som dock ger litet att tänka på, och sådant är nytt för oss. Wi tacka Gud hvar dag för så goda barn som han skänkt oss, och tanken på andras förluster och möjligheten att sjelf bli pröfvad med dylika gör dem ännu kärare. Odygdiga äro pyringarna, som <rs corresp="pe14">farmor</rs> vet af erfarenhet, men sällan behöfs mer än ett allvarsamt ord att få dem på rätt igen. <persName corresp="pe13">Eva</persName> kunde nog bli bortskämd ändå, om hon länge fått vara den minsta,<pb/> men nu träder <persName corresp="pe274">Rosa</persName> allt hvad hon hinner in i den värdigheten. Mest rita och klippa de hela dagen, när de få sitta inne. <persName corresp="pe272">Toini</persName> läser så temligen innantill lättare ord; vi ha med flit ej brådskat, ty bästa hufvudet har hon af dem alla. Äfven präntar hon namn och ord på egen hand och fröjdar sig när jag kan läsa dem. Härom dagen sade hon: ”mamma, när <persName corresp="pe7510">Gustava</persName> kommer bort, skall jag bli jungfru åt mamma och städa så snyggt, så snyggt”– det <del>är</del> <add>blir</add> en praktisk menniska; men <persName corresp="pe13">Eva</persName> blir ungefär som <persName corresp="pe11">Aina</persName>, fast häftigare till lynnet; en smula tendens åt blåstrumpa. Hon går på och rimmar för sig sjelf och gör egna visor. På enträgen begäran tillsändes farmor medföljande egenhändiga och på egen hand komponerade bref af <persName corresp="pe13">Eva</persName>. – <persName corresp="pe10">Mille</persName> skrifver om tidningen. Mitt egentliga arbete för den är <anchor xml:id="start26531"/>måndags-, onsdags- och fredagsförmiddagar<anchor xml:id="end26531"/>. Deremellan endast korrektur, korrigering af insända uppsatser och någon gång egen uppsats. Mer än halfva tiden upptar ej tidningen, och likväl har <persName corresp="pe526">Edlund</persName> nu haft mycket mindre att göra, än jag efter öfverenskommelse kan pålägga honom. <persName corresp="pe158">Thunberg</persName> har lofvat tillskott, och det ger han utan allt tvifvel. Jag gissar att mamma får två numror på engång hvar thorsdagsqväll eller fredag. <anchor xml:id="start26533"/>Med <title corresp="tw254">Åbo Und:r</title> ligger jag nu i sträng polemik om ångfartygen,<anchor xml:id="end26533"/> men det gör ingenting. <placeName corresp="pl2735">Åbo</placeName> intresset skall ej utan protest åtminstone få minera <anchor xml:id="start26534"/>Österbottn. bolaget<anchor xml:id="end26534"/> som det har gjort med de förra ångbåtsbolagen.<pb/> För <placeName corresp="pl2735">Åbo</placeName>herrarna har alltsamman från början varit en <placeName corresp="pl2735">Åbo</placeName>affär, och derföre skriks det nu öfvermåttan, när man vågar säga dem att det finns andra intressen lika berättigade. <anchor xml:id="start26544"/>Med <persName corresp="pe203">Snellman</persName> ligger <persName corresp="pe68">Henr. Borgström</persName> i lika skarp polemik,<anchor xml:id="end26544"/> ty när har <persName corresp="pe203">Snellman</persName> tålt någon motsägelse? Mig och honom emellan har det varit <anchor xml:id="start38596"/>amicalt<anchor xml:id="end38596"/>, när vi träffas. Också <anchor xml:id="start26538"/>med gamla theaterhusdirektionen ligger jag i krig<anchor xml:id="end26538"/>, så att stoj är det på flera håll, men det är allt ett ringa duskväder emot de mycket värre krig jag kämpat igenom förut. Och förståndigt folk står <add>mest</add> på min sida. Låter Gud oss behålla helsan, är denna vinter så bra som någon annan. Och när vi tänka oss något gladt, tänka vi på farmor, <placeName corresp="pl963">Kuddnäs</placeName> och <placeName corresp="pl402">Majniemi</placeName>. Barnen tala ofta derom – det minnet står för dem så rosenderödt och sommargrönt. När man som vi ej har stadig boning i egen gård, står <placeName corresp="pl963">Kuddnäs</placeName> alltid i bakgrunden som ett barndomshem. – <title corresp="tw171">Läseboken</title> står mig alltid främst i hågen bland literära planer. Nu vilja de ha mig att skrifva något till <anchor xml:id="start26545"/>nya theaterns invigning<anchor xml:id="end26545"/>. Få se om det blir. <persName corresp="pe19">Oskar</persName> han vurmar för den blifvande theaterskolan, så jag har svårt att få honom tänka på något annat. Han och jag blefvo för en vecka sedan valde till hedersledamöter i handtverkarnes sångförening, de enda som icke höra till skrået.</p>
        <p>– <persName corresp="pe521">Gustaf Turdin</persName> är här, som jag sist skref, och bor nära <persName corresp="pe798">Rosenkampffs</persName>. Någon gång i veckan är han hos oss. <persName corresp="pe461">Johannes</persName> har ej kommit. – Wi ha funderat på <persName corresp="pe798">Rpffs</persName> nedra våning, ehuru 400 rub.<pb/> är något starkt. Troligast är likväl att <rs corresp="pe140">tant</rs> flyttar dit sjelf. Mera sällan ha vi nu träffat dem och <persName corresp="pe768">Leopolds</persName>. – <persName corresp="pe4141">Familjen Julin</persName> från <placeName corresp="pl237">Fiskars</placeName> var här i förra veckan, och de rika fröknarna kommo helt hjertligt och okonstladt till oss med helsningar från <persName corresp="pe360">Mina Julin</persName>. Sedan följde vi dem på <persName corresp="pe4472">Bonsdorffs</persName> museum. – Goda Mamma, nu kom jag ihåg i parenthes: helsa <persName corresp="pe37">Dyhr</persName>, att om de nu låta landthandeln i <placeName corresp="pl1132">Lappo</placeName> och <placeName corresp="pl747">Kauhava</placeName> samt <placeName corresp="pl788">Keppos</placeName> och <placeName corresp="pl781">Kemi</placeName> stockar gå sig ur händerna, så ha de försofvit sig på ett sätt, som de all sin tid skola ångra. <persName corresp="pe1837"><anchor xml:id="start26542"/>Otto Essen</persName> var här i förrgår; det är fråga om en association mellan <placeName corresp="pl2561">Wasa</placeName> och <placeName corresp="pl1512">NyCarleby</placeName> för att <anchor xml:id="start26541"/>kontrahera<anchor xml:id="end26541"/> med kronan om skogarna i <placeName corresp="pl781">Kemi</placeName>.<anchor xml:id="end26542"/> <persName corresp="pe3690">Levon</persName> är i spetsen för <placeName corresp="pl2561">Wasa</placeName>borna. – En annan stor nyhet, men oss emellan: <anchor xml:id="start26540"/>det är fråga om att inrätta en konstakademi i <placeName corresp="pl399">Helsingfors<anchor xml:id="end26540"/></placeName>: en professor i arkitektur, en i bildhuggeri, två i måleri och en i musik; statsanslag 10,000 <choice><abbr>rub.</abbr><expan resp="EK">rubel</expan></choice> silfver om året. Att det skall gå igenom hoppas vi, men fråga är om det kan ske nu genast i dessa fattiga tider. <persName corresp="pe75">Cygnæus</persName>, <persName corresp="pe152">Tallgren</persName> och jag äro närmaste anstiftarne. För resten intet nytt, utom den myckna snön. Wi betalade i dag 1 <choice><abbr>rub.</abbr><expan resp="EK">rubel</expan></choice> 30 <choice><abbr>kop.</abbr><expan resp="EK">kopek</expan></choice> för små björkvedlass, för det man ej slipper i skogarna.</p>
        <p>Helsa <persName corresp="pe33">Blank</persName>, <persName corresp="pe28">Moster Nena</persName> och flickorna.</p>
        <p>Har Mamma varmt helst i rummen?</p>
        <closer>
          <salute>Wi omfamna alla vår älskade Mamma och farmor</salute>
          <signed>Z., E., A., T., E. och Rosa, som också kallas fröken Lindros.</signed>
        </closer>
        <postscript><!-- skrivet i vänstra marginalen på sid 4 --> <p rend="place_leftMargin">Detta skrifver jag på ett nytt papper, enkom beställdt från <placeName corresp="pl2345">Tervakoski</placeName>. Vid tillfälle skall jag skicka Mamma brefmaterial deraf.</p></postscript>
        <postscript><!-- skrivet i vänstra marginalen på sid 3 --><p rend="place_previousPage_leftMargin">Ännu i går smakade oss <placeName corresp="pl402">Majniemi</placeName> gäddor godt – och ännu i dag mammas sik. Lakromm är det ondt om i vinter.</p></postscript>
        <postscript><!-- skrivet i vänstra marginalen på sid 2 --><p rend="place_previousPage_leftMargin">Icke har jag ännu sett extra <anchor xml:id="start26532"/>brandstodsafgift<anchor xml:id="end26532"/> annonserad, men det kan visst ske ännu. Glöm ej, goda Mamma, <anchor xml:id="start26543"/>uppsägningen<anchor xml:id="end26543"/>.</p></postscript>
      </div>
    </body>
  </text>
</TEI>