<?xml version='1.0' encoding='UTF-8'?><TEI xmlns:xsi="http://www.w3.org/2001/XMLSchema-instance" xmlns="http://www.tei-c.org/ns/1.0" xsi:schemaLocation="http://www.tei-c.org/ns/1.0 file:/T:/Instruktioner,%20manualer,%20scheman/TEI-scheman%20(AM)/tei_brevschema.xsd">
  <teiHeader>
    <fileDesc>
      <titleStmt>
        <title>Br2074</title>
        <respStmt>
          <resp>Ansvarig redaktör:</resp>
          <name>Laura Mattsson</name>
        </respStmt>
      </titleStmt>
      <publicationStmt>
        <publisher>Zacharias Topelius Skrifter</publisher>
      </publicationStmt>
      <sourceDesc>
        <p>Arkivsignum: se databas</p>
      </sourceDesc>
    </fileDesc>
    <profileDesc>
      <handNotes>
        <handNote medium="black-ink"/>
        <handNote/>
      </handNotes>
    </profileDesc>
  </teiHeader>
  <text>
    <body xml:space="preserve">
      <!-- – ” ’ æ ½ --> 
      <div type="letter">
        <opener>
          <dateline><placeName corresp="pl399">Helsingfors</placeName> måndag 16 Okt. 65.</dateline>
          <salute>Min Älskade <rs corresp="pe14">Mamma</rs>!</salute>
        </opener>
        <p rend="noIndent">Jag började förra måndags ett bref, som dock ej blef färdigt, och nu har jag åter varit hindrad, så att detta ej kan bli så ordentligt, som det borde, efter tre veckors tystnad. Tack hjertligen till en början för Mammas vänliga bref och skickningar: <anchor xml:id="start29296"/>nätingar<anchor xml:id="end29296"/>, sikromm, sik, gäddor m. m. som allt kommit fram och hållet hvar dag till godo, både vid thébord och middagar. I lördags afgingo ändtligen våra skickningar med Österbotten, neml. under Mammas adress två brädlådor: den ena med wassbuk etc., den andra med ljus, samt under <persName corresp="pe50">Lybecks</persName> adress <persName corresp="pe560">Mimmis</persName> kappsäck och två pappaskar innehållande <persName corresp="pe607">Gustis</persName> och <persName corresp="pe318">Ninnis</persName> muffar. <del>samt Augusta</del> <del>Lybecks skatt.</del> Jag har besvärat Mamma med att erlägga frakten, emedan det här föll sig litet krångligare, och på samma sätt var det med buskarna. Få nu se huru allt framkommer. Vi ha nu ändtligen äkta Oktober duskväder, storm och regn, efter den långa torkan. Pappaskarna få lita på <persName corresp="pe5588" correspUncert="Y">Gustaf Olsons</persName> hjelpsamhet; han skall ju vara mycket ordentlig och omtyckt. – Vi må Gudilof bra och önska eder detsamma.</p>
        <pb/>
        <p><persName corresp="pe5567">Betty Antman</persName> bor hos oss sedan i tisdag, när hennes pappa <del>och</del> <add>reste med</add> <persName corresp="pe464">William</persName> <del>reste</del> till <placeName corresp="pl2432">Tyskland</placeName>. Det tycktes vara påräknadt, och gerna gjorde vi dem den lilla tjensten, utan att just genera oss för den lilla – eller rättare långa Uleåborgskan, som är en half tum längre än <persName corresp="pe11">Aina</persName>. De tre äldre flickorna sofva i barnkammarn och de små i sängkammarn. <persName corresp="pe5568">Gubben Antman</persName> blir borta till början af November vidpass. Vi ha spatserat omkring med <persName corresp="pe5567">Betty</persName> och engång varit på <anchor xml:id="start29299"/>marksoirée<anchor xml:id="end29299"/>; det är allt. – <persName corresp="pe13">Evas</persName> axel har litet värkt dessa dagar, och det befanns att högra axeln är en smula lägre, hvarföre hon måste gymnasticera för <persName corresp="pe5589">mamsell Savander</persName>. För resten litet snufva m.&#x00A0;m: men annars trefligt. <persName corresp="pe560">Mimmi</persName> vinner allas hjertan både hemma och i skolan. Hon är flitig från morgon till qväll, lexorna gå som en dans, och ändå har hon tid att blinka så gladeligt med stora och små, att hon just är ett litet solsken i huset, eller rättare fullmåne, med sin lilla runda figur. <persName corresp="pe272">Toini</persName> och <persName corresp="pe13">Eva</persName> ha fått en ny lekkamrat. Det är <persName corresp="pe9189">Stafva</persName>, systerdotter till <persName corresp="pe516">Fina</persName> och 14 år gammal, men liten som ett möss; vi ha tagit henne på försök från de fattiga föräldrarnas jordkoja i <placeName corresp="pl396">Helsinge</placeName>, för att gå ärender m. m. mot mat och kläder. – <persName corresp="pe516">Fina</persName> har fått sin <persName corresp="pe5598">Grönros</persName> välbehållen till gäst uti kökskammaren; nog lär det blifva parti, och hvarför icke? Karlen tycks vara ordentlig.</p>
        <pb/>
        <p><persName corresp="pe11">Aina</persName> pian är tystlåten och arbetsam; hon sjunger nu mera sällan och har gått ifrån <anchor xml:id="start29331"/>Sylviaföreningen<anchor xml:id="end29331"/>. <persName corresp="pe561">Berndt</persName> har också fullt upp med arbete, så att ibland se vi ej till honom på halfva veckan. Glad och nöjd tycks han vara. En nyhet för flickorna vid <placeName corresp="pl963">Kuddnäs</placeName> kaffebord är att <persName corresp="pe2580">mag. Rancken</persName>, den hyggliga unga karlen, som engång spekulerade på <persName corresp="pe11">Aina</persName>, blef i lördags förlofvad med sin äldre flamma <persName corresp="pe5585">Ninni Jägerhorn</persName>. Det lär ha suttit litet hårdt för slägten. Skada att ej <persName corresp="pe607">Gusti</persName> och <persName corresp="pe318">Ninni</persName> äro till hands – Efter de nu engång tyckas ha afsagt sig sina förhoppningar på öfverstar, adjutanter och friherrar, så kunde här finnas ännu en och annan hygglig ung lärare vid Normalskolan <foreign xml:lang="fre"><anchor xml:id="start29332"/>à prendre<anchor xml:id="end29332"/></foreign>. Här rustas till <anchor xml:id="start29334"/>bröllop hos <persName corresp="pe7730">Lindroosens<anchor xml:id="end29334"/></persName>, och det unga paret åker alla dagar ut i vagn. <persName corresp="pe5559">Augusta Ramsays</persName> lilla flicka skall ha fått sina ögon i behåll, som är roligt att höra. Deremot har <persName corresp="pe2400">gumman Appelgrén</persName> hållit på att mista sina för andra gången just som hon fått dem åter. Det var något oklart qvar efter första operationen, och så gjorde <persName corresp="pe568">Becker</persName> om det, men sedan har gumman varit ganska skral. – <persName corresp="pe360">Mina Julin</persName> är här och nomadiserar mellan <rs corresp="pe2400">systern</rs>, <persName corresp="pe656">Borgströms</persName>, <persName corresp="pe2816">Deckers</persName> och oss.</p>
        <pb/>
        <p><persName corresp="pe416">Max</persName> gossen i sin ensamhet var här i förrgår och har nu inflyttat från <placeName corresp="pl4701">Tallholmen</placeName>. <persName corresp="pe521">Gustaf</persName> är med honom, på lös fot tyvärr, och icke törs han hit med sin fot. Icke vet jag hvad det skall bli af honom, om här ej regnar en tjenst, ty han gör ingenting. <persName corresp="pe309">Julius</persName> tycks nu arbeta. <persName corresp="pe19">Oskar</persName> var nyss här och beder mycket helsa till hela kaffebordet. <persName corresp="pe24">Fanny</persName> kom för litet mer än en vecka sedan och talar redan om att resa tillbaka till <persName corresp="pe22">Gustaf</persName> i <placeName corresp="pl255">F:hamn</placeName>. <persName corresp="pe768">Leopolds</persName> må bra, men <placeName corresp="pl2099">Skatudden</placeName> börjar denna årstid bli ofarbar. Jag vet knappt något nytt, som ej tidningarna redan sqvallrat om. <persName corresp="pe143">Biskop Schauman</persName> har varit en <hi rend="underline">dyrbar</hi> gäst på <anchor xml:id="start29350"/>tre stora fester för hans skull<anchor xml:id="end29350"/>. Vid universitetsmiddagen druckos 32 but. Champagne och kalaset kostade 7 <choice><abbr>rub.</abbr><expan resp="EK">rubel</expan></choice> 77 kopek per man. Det var dock ett intet mot sista kalaset i fredags, der ostron, hummer och champagne flödade, så att der kommer minst 15 rubel per man (icke var jag der). Studenternes fest kostade 700 rubel, eller 3 ½ <choice><abbr>rub.</abbr><expan resp="EK">rubel</expan></choice> per man. Det är frånsidan af medaljen. Annars var det glada, lyckade fester och visst i sin ordning, endast att <persName corresp="pe143">Schauman</persName> säkert varit nöjd med mindre öfverflöd. Bland studenterne var ett parti af skandinaviska nylänningar, som ej ville bjuda <persName corresp="pe203">J. V. Snellman</persName>, och när han bjöds, blevfo 30 borta. Förlåt detta slarf! Tusen helsningar från Mammas egen</p>
        <closer>
          <signed>Z.</signed>
        </closer>
        <postscript><p rend="place_leftMargin"><!-- skrivet i väsnter marginal på sid 4 --><anchor xml:id="start29353"/>Jag läser nu åter för fullt hus.<anchor xml:id="end29353"/> Vet du, <persName corresp="pe607">Gusti</persName>, i afton skola vi gå att höra på <persName corresp="pe250">Stein</persName>. Vattnas det ej i munnen? Jag bjöd honom i lördags till Konstnärsgillet, och nu var han så artig och skickade 2 biljetter.</p></postscript>
        <postscript><p rend="place_previousPage_leftMargin"><!-- skrivet i väsnter marginal på sid 3 -->Huru är det nu med <persName corresp="pe607">Gustis</persName> piano? Hvad jag önskar att något må fås! <persName corresp="pe11">Aina</persName> sjunger med på <persName corresp="pe250">Steins</persName> andra konsert. – Sådan förtret på Gillet i lördags! <persName corresp="pe250">Stein</persName> ville spela, och så dämde vårt enkom ditflyttade pianino så illa, att han ej kunde spela!</p></postscript>
        <postscript><p rend="place_previousPage_leftMargin"><!-- skrivet i väsnter marginal på sid 2 -->Man berättade att fåren hemväntades och skulle emottagas vid bryggan. Jag hoppas det gått lyckligt. – Helsa <persName corresp="pe37">bror Albert</persName> och säg att vexelaffären i Föreningsbanken icke för denna gång behöfver vidare omgång, ty vexeln duger.</p></postscript>
        <postscript><p rend="place_previousPage_leftMargin"><!-- skrivet i väsnter marginal på sid 1 --><persName corresp="pe5587">Gumman Kullmans</persName> frånfälle var ju beklagligt. <rs corresp="pe2059">Gubben</rs> fattig har nu ingen som sköter om sig. – Helsa alla vännerna i staden!</p></postscript>
      </div>
    </body>
  </text>
</TEI>