<?xml version='1.0' encoding='UTF-8'?><TEI xmlns:xsi="http://www.w3.org/2001/XMLSchema-instance" xmlns="http://www.tei-c.org/ns/1.0" xsi:schemaLocation="http://www.tei-c.org/ns/1.0 file:/T:/Instruktioner,%20manualer,%20scheman/TEI-scheman%20(AM)/tei_brevschema.xsd">
  <teiHeader>
    <fileDesc>
      <titleStmt>
        <title>Br2084</title>
        <respStmt>
          <resp>Ansvarig redaktör:</resp>
          <name>Laura Mattsson</name>
        </respStmt>
      </titleStmt>
      <publicationStmt>
        <publisher>Zacharias Topelius Skrifter</publisher>
      </publicationStmt>
      <sourceDesc>
        <p>Arkivsignum: se databas</p>
      </sourceDesc>
    </fileDesc>
    <profileDesc>
      <handNotes>
        <handNote id="ZT" medium="black-ink">Zacharias Topelius</handNote>
        <handNote id="ET" medium="black-ink">Emilie Topelius</handNote>
      </handNotes>
    </profileDesc>
  </teiHeader>
  <text>
    <body xml:space="preserve">
      <!-- – ” ’ æ ½ -->
      <div type="letter">
        <opener>
          <handShift new="#ZT"/>
          <dateline><placeName corresp="pl399">Helsingfors</placeName> andra dag påsk 1868.</dateline>
          <salute>Min Älskade <rs corresp="pe14">Mamma</rs>!</salute>
        </opener>
        <p rend="noIndent">Helsningar från <placeName corresp="pl2735">Åbo</placeName>! I tisdags försummade jag min norra post, men det kom sig deraf att jag satt på landsvägen mellan snödrifvorna. – Sista veckan i <placeName corresp="pl2735">Åbo</placeName> hade vi nästan hvar eftermiddag sammanträden hos <rs corresp="pe549">erkebispen</rs>. Gubben var outtröttelig, vi arbetade till kl. ½ 12 på natten, och så fingo vi arbetet i yttre måtto så långt, att det kunde rapporteras till senaten som färdigt. Det var det gubben ville. Men färdigt är det visst icke, det behöfver ännu mycken rensning, som vi få göra här efteråt. I måndags d. 6 April underskrefvo vi hemställan till senaten, hvarmed <anchor xml:id="start32143"/>svenska komitén afslöt si<subst><del>n</del><add>tt</add></subst> 14 åriga arbete<anchor xml:id="end32143"/> från 1854, då den sammanträdde. I tisdags kl. 6 på morgonen afreste <persName corresp="pe564">Lille</persName> och jag från <placeName corresp="pl2735">Åbo</placeName>, der vi rönt mycken både artighet och hjertlighet och der jag blef så god vän med en hop barn, att de helsade och nickade på gatorna, när jag kom. I <persName corresp="pe871">Mamsell Heurlins</persName> flickskola var jag de sista dagarna på besök; der hurrade alla barnen.</p>
        <pb/>
        <p>Wi togo öfra vägen, emedan strandvägen sades vara bar; men just natten mot tisdag kom snö i massa med yrväder, och snart råkade vi i så hiskeliga drifvor, att jag deras make aldrig mins. I en del tåg fingo hästarne ordentligt simma fram, och vi med, vi måste ur och kafva oss fram bredvid. I andra tåg var en så smal ränna uppmåkad mellan snövällarne, att <persName corresp="pe564">Lilles</persName> sufflett fastnade med vingarne och suflettjernen och ficks ej fram. Ena gången hjelptes vi af tre ryska soldater, andra gången måste folk med spadar efterskickas till byn. På det sättet hunno vi <anchor xml:id="start32170"/>8 mil<anchor xml:id="end32170"/> på 18 timmar och kommo på natten till <placeName corresp="pl2127">Somero</placeName>, men derifrån gick det om onsdagen bättre. <persName corresp="pe564">Lille</persName> for till <placeName corresp="pl2091">Sjundeå</placeName>, der en af hans prester dött och de två öfriga lågo sjuke, så att han sjelf får tjenstgöra under helgen. Jag for genom <placeName corresp="pl2625">Wichtis</placeName> hit och anlände oväntad kl. ½ 11 på afton, just när de höllo på <add>att</add> lägga sig. <persName corresp="pe10">Mille</persName> väntade mig först om thorsdag med bantåget; <persName corresp="pe11">Aina</persName> och <persName corresp="pe561">Berndt</persName> lågo här öfver natten, för att mottaga mig andra morgonen. Det var mycket godt att åter vara<pb/> hemma och träffa dem friska, så när som <persName corresp="pe875">Annikka</persName> fattig: – hon har mycket fallit af, sen jag for, och tyvärr har man ej mycket att hoppas. Måtte hon <anchor xml:id="start32171"/>helst<anchor xml:id="end32171"/> komma väl hem till föräldrarna! Det är svårt att frukta för egna barn, men ändå värre att mista andras; <anchor xml:id="start32173"/>vi ha pröfvat den saken!<anchor xml:id="end32173"/> – Ja, Gudskelof, att vi för öfrigt äro <anchor xml:id="start32181"/>helbregda<anchor xml:id="end32181"/> tillsammans i dessa sjukliga tider. Alla de tre andra flickorna hade blifvit feta som paltar; <persName corresp="pe10">Mille</persName> sjelf och <persName corresp="pe11">Aina</persName> ha någorlunda repat sig. – Nå, kära Mamma, nu är det ju fråga om <anchor xml:id="start32174"/>att resa till <placeName corresp="pl332">Sverige<anchor xml:id="end32174"/></placeName>. Det fick jag veta i bref från <persName corresp="pe466">Arppe</persName> d. 1 April, dagen efter mitt sednaste bref; det let som ett Aprilnarri. Oväntadt var det, men jag svarade genast ja med telegrafen. Icke kan jag säga att jag önskat det, eller just blef glad deröfver, ty jemte mycket intressant, är det kanske ännu mera tråkigt och bråkigt att stå och skyllra och hålla tal, som är det värsta jag vet. Jag har derföre tagit saken helt enkelt som en skickelse, hvilken jag underkastar mig, i hopp att min kamrat <persName corresp="pe6689">Lindelöf</persName> tager brorslotten af talen. Men nu är det ej så visst, om<pb/> han reser, ty hans unga fru är mycket dålig i barnsängsfeber, sedan hon blef skrämd att ett skott, som en lättsinnig fågeljägare afskjöt utanför hennes fönster. – Min plan var genast att taga <persName corresp="pe10">Mille</persName> med, och så gör jag, om annars Gud vill, ty icke är det värdt att göra upp långa planer på förhand; helsa och lif stå i Guds hand. Men förunnas det oss att vara friska, så händer det väl att vi omkring den 20 Maj resa på första ångbåt och skicka barnen med <persName corresp="pe324">Jeana</persName> till farmor. Från <placeName corresp="pl2157">Stockholm</placeName> resa vi då på jernväg till <placeName corresp="pl1277">Lund</placeName>, och sedan beror det på kassa och omständigheter, om vi fara på några veckor att bada i <placeName corresp="pl2921">Marstrand</placeName>. <persName corresp="pe10">Mille</persName> skulle behöfva det, och äfven mig skulle det göra godt. Vännerne säga här, att det vore en dårskap, om vi icke gjorde det, när vi äro så nära, ty sjelfva resan fram och åter är ändå den, som kostar mest. Nu består universitetet bara 500 mark, så det räcker ej långt, men det som nu hjelper till är att <placeName corresp="pl2735">Åbo</placeName> resan lemnar ett öfverskott af cirka 500 mark och att <anchor xml:id="start32196"/>Juni qvartalet<anchor xml:id="end32196"/> kanske blir ograveradt på förhand, utom hyran.<pb/> Men åter, när jag tänker på Mammas bekymmer och de många nödlidande, är jag villrådig om hvad som vore det rätta. Så har jag dessutom kommit i mellanhand för <persName corresp="pe6806">Hinrik Bergsten</persName>; jag trodde mig göra en god gerning med att hjelpa en flitig och hoppfull gosse, som han äfven i början var, men tyvärr föll det på ovärdig hand; det befinns nu att han spelat, att han tre gånger förfalskat <persName corresp="pe6338">Kihlmans</persName> namn och slutligen rymt till <placeName corresp="pl43">Ryssland</placeName>, hvarefter han blef relegerad från universitetet. Emellertid fick jag i julas först betala för honom 207 mark och står ännu i borgen för 800, utom ränta; så att det var tacken. Det är ledsamt att ännu som gammal karl få betala så dryga lärpengar, och kanske bli de icke de enda. Men det må nu vara; ger Gud helsan, så nog reder sig detta, och jag skall försöka se bättre upp. Det blir tids nog att uppgöra resplaner, om vi orka en månad framåt. I händelse vi resa till <placeName corresp="pl2921">Marstrand</placeName>, torde vi ändå komma i medlet af Juli till Mamma; vi ha hvarken råd eller lust att dröja längre.<pb/> Huru det nu ställs med <persName corresp="pe875">Annikka</persName> fattig, vet jag ej ännu; hon tål väl ej skaka på hjul, utan måste resa på ångbåt; kanske <persName corresp="pe6548">Agnes</persName> gör sällskap. – Jag har nu talt med <rs corresp="pe549">erkebiskopen</rs> och <rs corresp="pe679">domprosten</rs> hvad jag förmått för <placeName corresp="pl1512">NyCarleby</placeName>. De erkänna båda att behofvet der är mycket stort och skicka visst någon, om der någon kan fås i dessa tider, när så många församlingar slitas om prester. Der är en ung <persName corresp="pe6812">Mikander</persName> i <placeName corresp="pl2735">Åbo</placeName>, som skall ordineras dessa dagar, en hygglig och kristligt sinnad ung man, och han vill sjelf till <placeName corresp="pl1512">NyCarleby</placeName>, så nog skickas han, om det är möjligt och om han icke rycks bort till någon annan ort, som är platt utan. Han kom till <placeName corresp="pl2735">Åbo</placeName> i Januari att prestvigas, men sjuknade och är nu först återställd. <persName corresp="pe848">Essen</persName> och <persName corresp="pe564">Lille</persName> berömma honom mycket.</p>
        <p>Nå, Mamma goda, det är väl allt bara fattigdom hos eder? April är en svår månad i menföret; Gud hjelpe vårt arma land nu till en tidig vår, så blir ändå någon utsigt, om ej annat så att få mossa och blomvass. Här beundras ännu Mammas blomvassprofver. <persName corresp="pe3854">Julin</persName> skickar omkring flera tusen små konvolut med hömjöl af välbergadt timothei. Det ser ganska aptitligt ut och smakar som spenat.<pb/> Före 1 Maj hoppas jag kunna skicka Mamma några korn för Mammas fattiga, nemligen markar. Här invandra dagligen stora skaror nya tiggare – fullt i arbetshuset, fullt i alla trappor. <persName corresp="pe538">Fru Karamsin</persName> har inrättat en stor soppkokning; det är bara skada att pojkar och slarfvar drifva kommers med <anchor xml:id="start32197"/>polletterna<anchor xml:id="end32197"/> och väl stundom spela kort om dem. <persName corresp="pe10">Mille</persName> har lånat ut några små poster, som väl aldrig komma igen, bland annat åt två karlar från <placeName corresp="pl4819">Flatanabban</placeName>, slägt med <persName corresp="pe9175">Danil</persName> vid <placeName corresp="pl2762">Åminne</placeName>. De infunno sig i går att få mera af mig, men jag gaf ej. <persName corresp="pe9175">Danil</persName> lär ligga i tyfus på ett lasarett; sonen <persName corresp="pe6816" correspUncert="Y">Damsten</persName> är åter frisk. – <anchor xml:id="start32198"/>Vid jernvägen<anchor xml:id="end32198"/> lär vara en röra – dagspenningen 60 penni, och derifrån afdragas 4 p. för familjerna och 2 p. för lasarettet. – Här har varit ett halloh om lefveransen af jernvägsskenorna. Engelska, tyska och belgiska agenter voro här och champagnerade i kapp för jernvägsdirektionen – <persName corresp="pe2579">Örn</persName> isynnerhet höll till godo och lät fotografera sig med de herrarne och med jernvägskartan framför sig – men gynnade i hemlighet belgiern <persName corresp="pe6818">Dorlodot</persName>, som också fick lefveransen på 2 ½ million mark – och de andra reste grufligt förbittrade på sin gode vän <persName corresp="pe2579">Örn</persName>, som lurat dem alla.</p>
        <pb/>
        <p><persName corresp="pe556">Zache S.</persName> var hos oss thorsdag och fredag, men kom ej till påskäggen och i går. Han skall nu fortsätta nästa år, men ej bo med <persName corresp="pe6628">Johanssönerne</persName>, som skingras, utan pappa <persName corresp="pe54">Wilhelm</persName> har skrifvit att <rs corresp="pe614">morbror</rs> skall utse qvarter åt honom. Vi tänkte först på <persName corresp="pe6819">mamsell Häggblom</persName>, efter det är så illa ställdt med våra rum, ty nästa år skall<!-- LM ändrade från skulle --> <persName corresp="pe10">Mille</persName> bo i det rum, som nu bebos af <persName corresp="pe875">Anna</persName> och <persName corresp="pe6548">Agnes</persName>, hon behöfver det nödvändigt, den lilla skrubben, som nu varit hennes sängkammare, är för mörk och för täppt. Nu ha vi ändå funderat, att <persName corresp="pe556">Zache</persName> kunde bo i samma skrubb eller alkov, der moster <persName corresp="pe10">Emili</persName> fått hålla till godo, och efter der är mörkt, kunde han läsa i matsaln. En svårighet är, att i ändan af samma alkov är husets väggfasta klosett, luft-tät, så att den ej generar alls, men hur skall den då begagnas? Både <persName corresp="pe10">Mille</persName> och jag ha nu fått skräcken i oss för att mottaga andras barn, ty det är grufligt, om de bli sjuka; men båda tycka vi också, att <persName corresp="pe556">Z.</persName> är oss så nära, att vi gerna ville erbjuda honom ett hem hos oss. Vi få nu fundera. <persName corresp="pe556">Z.</persName> har blifvit fetare och tycks se friskare ut.</p>
        <p>Må väl, älskade Mamma och <persName corresp="pe323">Fanny</persName>! Gud beskydde eder och oss alla. Helsa hjertligt <persName corresp="pe6544">Johanssons</persName>, <persName corresp="pe658">Dyhrns</persName>, <persName corresp="pe653">Lybecks</persName> och alla vännerna från Mammas</p>
        <closer>
          <signed>Z.</signed>
        </closer>
          <postscript>
            <p rend="place_leftMargin">Frön åt Mamma och <persName corresp="pe323">Fanny</persName> skola sändas med posten. Icke lär det ännu brådska. Här voro 6 frostnätter efter d. 6 April – men nu åter blida och solsken – en del gator bara, men mycket snö på andra.</p>
          </postscript>
        <postscript>
          <p rend="place_previousPage_leftMargin"><handShift new="#ET"/><!--skrivet i vänstra marginalen på sid. 7-->Efter här är godt om rum så måste äfven <persName corresp="pe10">E.</persName> få helsa litet till er båda Det var en glädje när gubben kom hem! Ja, Gud vare innerligen lofvad! Nog vore det påkostande att låta honom fara igen bort öfver hafvet, men hvad kan <!--fortsätter i vänstra marginalen på sid. 6-->det hjelpas om det så skall vara. Nog far jag gerna med, men visst är jag rädd att det är orätt då så mycken nöd är öfverallt. Om Gud ville visa mig sin vilja i det som i allt annat! Men ingalunda blir det någon längre vistelse i <placeName corresp="pl332">Sverige</placeName>. Nog kunde <persName corresp="pe614">Z.</persName> behöfva få bort frossan och all den chinin han äter, men inte blir det råd till bad i år.</p>
        </postscript>
        <postscript>
          <p rend="place_previousPage_leftMargin"><!--skrivet i vänstra marginalen på sid. 5--><persName corresp="pe614">Z-s<!-- LM ändrade från Z.s --></persName> vistelse i <placeName corresp="pl2735">Åbo</placeName> kostade precist så mycket som hushållet här i <placeName corresp="pl399">Hfors</placeName> under tiden. I <placeName corresp="pl2909">Hamburg</placeName> samlas in otroligt för <placeName corresp="pl62">Finland</placeName>, 5,000 mk äro komna, 10,000 komma snart och en stor konsert beredes der, sångare från <placeName corresp="pl77">Berlin</placeName> äro reqvirerade dit till den. Om det sen skulle fördelas på rätta ställen. I <placeName corresp="pl1009">Kuopio</placeName> finns ej mjöl att köpa heller.</p>
        </postscript>
        <postscript>
          <p rend="place_previousPage_leftMargin"><handShift new="#ZT"/><!--skrivet i vänstra marginalen på sid. 4-->I dag kom en <placeName corresp="pl2961"><anchor xml:id="start32199"/>Halmstad</placeName>lax<anchor xml:id="end32199"/>, som vägde 112 riksdaler 24 skilling. Den sparas till resan och kommer väl tillpass. – <persName corresp="pe10">Mille</persName> har hushållat mycket <anchor xml:id="start32200"/>snällt<anchor xml:id="end32200"/> här under min frånvaro.</p>
        </postscript>
        <postscript>
          <p rend="place_previousPage_leftMargin"><handShift new="#ET"/><!--skrivet i vänstra marginalen på sid. 3-->Jag fick bref från <persName corresp="pe6672">Thilda Lundbom</persName> i <placeName corresp="pl2495">Utsjoki</placeName>, och ett rigtigt trefligt och godt bref, så hyggligt och allvarsamt vi tyckte alla att det var så roligt att se huru hon tar sitt lif nu rigtigt på allvar. Helsa <persName corresp="pe34">moster Calamnius</persName>.</p>
        </postscript>
        <postscript>
          <p rend="place_previousPage_leftMargin"><!--skrivet i vänstra marginalen på sid. 2-->Just nyss kom ett långt bref till mig från <persName corresp="pe6822">Fru Kjerrulf</persName> i <placeName corresp="pl269">Gamla Carleby</placeName> hon begär hjelp! Stackarn är 73 år, och ingen af hennes barn kan hjelpa henne det minsta. Inte vet jag huru jag skall få ihop något åt henne.</p>
        </postscript>
      </div>
    </body>
  </text>
</TEI>