﻿<?xml version="1.0" encoding="UTF-8"?>
<TEI xmlns:xsi="http://www.w3.org/2001/XMLSchema-instance" xmlns="http://www.tei-c.org/ns/1.0" xsi:schemaLocation="http://www.tei-c.org/ns/1.0 file:/T:/Instruktioner,%20manualer,%20scheman/TEI-scheman%20(AM)/tei_brevschema.xsd">
  <teiHeader>
    <fileDesc>
      <titleStmt>
        <title>Br1855</title>
        <respStmt>
          <resp>Ansvarig redaktör:</resp>
          <name>Laura Mattsson</name>
        </respStmt>
      </titleStmt>
      <publicationStmt>
        <publisher>Zacharias Topelius Skrifter</publisher>
      </publicationStmt>
      <sourceDesc>
        <p>Arkivsignum: se databas</p>
      </sourceDesc>
    </fileDesc>
    <profileDesc>
      <handNotes>
        <handNote />
        <handNote />
      </handNotes>
    </profileDesc>
  </teiHeader>
  <text>
    <body xml:space="preserve">
      <!-- – ” ’ -->
      <div type="letter">
        <opener>
        <dateline><placeName corresp="pl399">Helsingfors</placeName> måndag 12 Sept. 1864.</dateline>
        <salute>Min Älskade <rs corresp="pe14">Mamma</rs>!</salute>
        </opener>
        <p rend="noIndent">Nu sitta vi, Gudilof, åter välbehållna uti vårt lilla bo och tänka tillbaka på den flydda sommaren såsom på en angenäm dröm. Ja, Gud vare tack också för denna förflutna tiden, som Han förunnat oss tillsammans med vår älskade Mamma och farmor, vi arma, ostadiga <anchor xml:id="start28020" />resvackar<anchor xml:id="end28020" />, som gerna sutte i ro på <placeName corresp="pl963">Kuddnäs</placeName> i all vår tid, men som nu engång äro bestämde att delas emellan tvenne hem och öfvergifva fader och moder för att ”blifva när<del>a</del> <del>h</del>vår hustru”. Så skola kanske våra barn också göra en dag, och vi skola, som mamma, vända ensamma tillbaka från grinden. Det kan kännas tungt; men Gud gifve vi kunde <del>så</del> faderligt och moderligt uppfylla våra pligter mot <hi rend="underline">våra</hi> barn, som Mamma har älskat oss och försakat för vår skull och funnit i vår sällhet en tröst för ensamheten! Gud välsigne Mamma för all kärlek och moderlig ömhet all tid och äfven nu denna förflutna, korta och kära sommaren! Wi alla, stora och små, kyssa så hjerteligen farmors älskade hand.</p>
        <pb />
        <p>Klockan är 9 på måndagsmorgonen, vädret dimmigt och regnigt. De små äro nyss på fötter och fjäska från det ena till det andra med deras bestyr, ty de måste få sofva ut i dag och gå först i eftermiddag till skolan. <persName corresp="pe10">Mille</persName> skrifver rader till Mamma, men efter jag tagit resebeskrifningen på min lott, så delar hon sig i dag och skrifver äfven till systrarna. <persName corresp="pe11">Aina</persName> städar och packar upp, <persName corresp="pe516">Fina</persName>, som sofvit ut, lägger in i lådorna, och jag har slagit nytt bläck i mitt bläckhorn, för att här vid mitt gamla skrifbord börja min nya literärar verksamhet med dessa rader till Mamma.</p>
        <p><hi rend="underline">Onsdagen</hi> hade vi regn hela dagen, varierande mellan fint och groft med korta uppehåll. Vägarna voro mycket dåliga ända förbi <placeName corresp="pl747">Kauhava</placeName>, och så kommo vi kl. 7 först till nya <placeName corresp="pl4685">Alasaari</placeName> i <placeName corresp="pl1132">Lappo</placeName>, der vi funno för godt att krypa in. Mammas präktiga vägkost smakade förträffligt, derpå sofvo vi godt och reste ut <hi rend="underline">thorsdag</hi> kl. 6 uti regn samt ännu mycket dåliga vägar. Fram på f. m. blef uppehåll, vackert och lugnt, ja det allra bästa mulna fiskväder, och så kommo vi kl. ½ 4 e. m. till <persName corresp="pe6536">Stenbäcks</persName>, der vi blefvo hjertligt emottagna.<pb /> Vi tänkte visst resa vidare, men efter vi ej varit der på sju år och de kanske hade misstyckt, om vi gjort en så fransk visit, så stadnade vi öfver natten och promenerade ut med dem alla uti den vackra qvällen, då vi besökte <persName corresp="pe58">Carl Stenbäcks</persName> nya hus derbredvid, som gubben ämnat till enkesäte åt sin beskedliga gumma. Derpå besöktes kyrkogården, och så öfverlades om ett monument, som flickorna ämna tillställa att uppresas öfver de stupades graf från <anchor xml:id="start28033" />den 17 Aug. 1808<anchor xml:id="end28033" />. <persName corresp="pe5504">Alma Strömmer</persName>, två <persName corresp="pe3381">mamseller Nyberg</persName> och en dito <persName corresp="pe9427">Packalén</persName> voro densamma qvällen hos <persName corresp="pe6536">Stenbäcks</persName>. Gubben är åldrad och krasslig, annars sig lik. <hi rend="underline">Fredagsmorgonen</hi> väcktes hela huset kl. 5, och kl. 6 sutto vi, efter kaffedoppet, i vagnen. Den dagen var mulen, men annars mild, lugn och vacker. Kl. 7 togo vi nattqvarter på <placeName corresp="pl681">Kallenautio</placeName>. <hi rend="underline">Lördag</hi> voro vi kl. 4 på fötterna, vid ljus, och reste kl. 5. Det stormade hiskligt och hällregnade nästan hela dagen, men den enda genomblötta var <persName corresp="pe516">Fina</persName>. Vagnen läkte också in, ty qvällen förut hände sig att en vårdslös pojke körde vagnen mot ett framstående loft vid <placeName corresp="pl4674">Ruhala</placeName> och massakrerade hela sufletten upptill. Tråkigast var ändå, att vi fingo vänta på hästar öfverallt, stundom en timma,<pb /> och mamma kan tänka huru stora <placeName corresp="pl2299">Tammerfors</placeName>vägen såg ut efter marknaden och fem eller sex veckors oupphörligt slask! Den var på sina ställen så grym, att man körde i gyttjan nästan till hjulaxeln. Så blefvo de 11½ milen till <placeName corresp="pl2315">Tavastehus</placeName> mycket segslitna, vi födde oss med kaffe och smörgåsar medan vi väntade, och ändå var klockan 10 på qvällen, när vagnen kom i mörkret till <placeName corresp="pl2315">Tavastehus</placeName>. Jag säger vagnen, ty <del>sch</del> <anchor xml:id="start28034" />kurirkärran<anchor xml:id="end28034" /> med <persName corresp="pe516">Fina</persName> och mig kom först kl. 11 på qvällen, vår utkörda häst tröttnade, och sedan vi i <del>fyra</del> <add>tre</add> gårdar begärt en annan, fingo vi häst i den fjerde samt en pojke, som satt på mitt knä och körde öfver stockar och stenar. Håll, mina jern! tänkte jag, och de höllo. En liten thésouper smakade sedan godt hos <persName corresp="pe5549">Nordins</persName>. Der lemnades ekipagerna, liksom förut; – Kl. ¾&#x202F;8 om <hi rend="underline">söndagsmorgonen</hi> hade vi det oskattbara nöjet att åter sitta i en beqväm ångvagn, och kl. en qvart öfver 11 voro vi lyckligt i <placeName corresp="pl399">Helsingfors</placeName>, något utskakade, men alla raska, och möttes af vår <persName corresp="pe566">Amalia</persName>, som hade allt i behåll och förökat familjen med fyra höns. Om våra husliga affärer får nu <persName corresp="pe10">Mille</persName> skrifva samt huru vi tillbragte en treflig qväll hos de hjertliga vännerna <persName corresp="pe2816">Deckers</persName>.<pb /> <persName corresp="pe401">Calle Engströms</persName> bröllopp får hon äfven berätta! Vi ha ej träffat många ännu, men jag skall nu på f. m. ut på notvarp efter nyheter. <persName corresp="pe798">Rosenkampffs</persName> äro på landet. <persName corresp="pe316">Fru Borgström</persName> och <persName corresp="pe2816">Deckers</persName> ha flera dagar väntat oss. I lördags voro de alla att taga emot oss på jernvägen med <persName corresp="pe656">Borgströms</persName> vagn till vår disposition, men så kommo vi ej. – I hela södra och en del af medlersta <placeName corresp="pl62">Finland</placeName> har det sedan Augusti månads början regnat nästan oupphörligt, och mycket mer än hos oss i <placeName corresp="pl1512">NyCarleby</placeName>. Skörden fås ej in och sådden kan ej verkställas, så att det annars goda året får ett ledsamt streck i räkningen. Vi mötte på flera ställen höbergare, som ännu så sent kommo med trumpna miner från deras våta hökopor. Alla potäter stodo ofrusna från och med <placeName corresp="pl1922">Ruovesi</placeName>. – När vi anlände, voro våra saker med Oulu redan här hemma, och dessutom en packlåda med 100 buteljer <anchor xml:id="start28036" />Gambrinus<anchor xml:id="end28036" /> från <placeName corresp="pl574">Jakobstad</placeName>, förärade af <persName corresp="pe3441">Hjalmar Nordgren</persName> och afsände med Oulu af <persName corresp="pe2225" correspUncert="Y">Krohn</persName>. Jo jag tackar. Wi fundera nu på att lefva mycket husligt och hushållsaktigt. Salsgolfvet måste målas, fähuset repareras. Trädgården är helt vacker med sitt frodiga gräs, några blommor, två <add>stora</add> almar, fyra lindar och en rad acacier i behåll ifrån bättre dagar.</p>
        <pb />
        <p><hi rend="underline">Kl. 2¼.</hi> Jag kommer nu hem från mitt notvarp. Intet större nytt nuförtiden. Alla klaga öfver kursen och regnet. Rubeln gäller utrikes bara 80 kopek, orsakerna financiela, ej politiska. Kursdifferensen kostar finska staten 50,000 rubel ensamt i räntor på statslånet. <persName corresp="pe203">Snellman</persName> skall vara mycket bekymrad. Ondt om pengar och kredit. – Om <anchor xml:id="start28038" />Porthanfesten<anchor xml:id="end28038" /> tala nu alla tidningar, utom <title corresp="tw98">Hfors Tidn.</title>, som försofvit sig. Allt präktigt. Härifrån voro mera få ditresta, och bara 4 professorer eller 5. Många fråga hvarför jag ej for. Svar: hvarför for inte ni, som hade så nära? – <persName corresp="pe520">Otto Donner</persName> med <rs corresp="pe5263">fru</rs> far utrikes i vinter. –</p>
        <p>Nå, kära <persName corresp="pe323">Fanny</persName>, jag har ännu ej helsat dig och tackat för all din vänskap i sommar. Tack, kära vän, och måtte vi få höra att både faster och du äro raska! Vi önskade så i dag att ha er med vid vårt kaffebord här, likasom vi sutto hos er. Vi skulle, liksom ni, bulla upp hvad huset förmår. Tänk på den saken, Mamma kära! – Måväl, helsa <persName corresp="pe555">Emmi</persName> och <persName corresp="pe556">Zache</persName> och <persName corresp="pe659">Stina</persName> och alla våra, <persName corresp="pe658">Dyhrns</persName> äfvenså, från</p>
        <closer>
          <salute>Mammas egnaste</salute>
          <signed>Z.</signed>
        </closer>
        <postscript><p rend="place_leftMargin">Jag har lyftat <anchor xml:id="start28016" />qvartalet<anchor xml:id="end28016" />, men timmen att rekommendera är förbi. Troligen skickar jag litet med nästa post.</p></postscript>
        <postscript><p rend="place_leftMargin"><persName corresp="pe574">Synnerberg</persName> träffades på jernvägen – Var på besök hos <persName corresp="pe10044">Muncks</persName>.</p></postscript>
        <postscript><p rend="place_leftMargin"><persName corresp="pe640">Franz Dyhr</persName> är således <hi rend="underline">icke</hi> här, som befarats. Hans vänner ha ej fått utslag i <anchor xml:id="start28039" />examen<anchor xml:id="end28039" /> ännu. <persName corresp="pe3671">E Benzelstjerna</persName> är ej nöjd med sin skrifning.</p></postscript>
        <postscript><p rend="place_leftMargin">I natt väcktes vi af en hiskelig mängd krypande röda – jag låg länge och förundrade mig öfver hur man efter en resa kan känna så märkvärdiga stickningar – ”nervösa”, trodde jag. <persName corresp="pe10">Mille</persName> har gjort narr af mig. Nu är sällskapet utrotadt.–</p></postscript>
        <postscript><p rend="place_leftMargin" /></postscript>
      </div>
    </body>
  </text>
</TEI>