<?xml version='1.0' encoding='UTF-8'?><TEI xmlns:xsi="http://www.w3.org/2001/XMLSchema-instance" xmlns="http://www.tei-c.org/ns/1.0" xsi:schemaLocation="http://www.tei-c.org/ns/1.0 file:/T:/Instruktioner,%20manualer,%20scheman/TEI-scheman%20(AM)/tei_brevschema.xsd">
  <teiHeader>
    <fileDesc>
      <titleStmt>
        <title>Br1775</title>
        <respStmt>
          <resp>Ansvarig redaktör:</resp>
          <name>Laura Mattsson</name>
        </respStmt>
      </titleStmt>
      <publicationStmt>
        <publisher>Zacharias Topelius Skrifter</publisher>
      </publicationStmt>
      <sourceDesc>
        <p>Arkivsignum: se databas</p>
      </sourceDesc>
    </fileDesc>
    <profileDesc>
      <handNotes>
        <handNote/>
        <handNote/>
      </handNotes>
    </profileDesc>
  </teiHeader>
  <text>
    <body xml:space="preserve">
      <!-- – ” ’ -->
      <div type="letter">
        <opener>
        <dateline><placeName corresp="pl399">Helsingfors</placeName> måndag 11 Nov. 61.</dateline>
        <salute>Goda <rs corresp="pe14">Mamma</rs>!</salute>
        </opener>
        <p rend="noIndent">Emedan mitt sednaste bref torde gjort Mamma bekymrad för oss, vill jag i korthet göra redo för huru här nu ser ut.</p>
        <p><persName corresp="pe535">Oskar Granberg</persName> är hårdt sjuk, och Gud allena kan ännu förutsäga hvad vändning det tar, men visst vilja vi ännu hoppas, att han nådigt förskonar gossens föräldrar och oss från en bitter pröfning. Ända sedan i fredags på morgonen, då utslaget begynte, har det varit i tilltagande; han yrar mycket och ligger i beständig och stark feber. Wår skrämsel var ej liten, kan Mamma tro, när det befanns att en svår halsröta följde med sjukdomen, så att der äro två farliga gäster på engång anlända till huset. Jag vet ej om vi töras tro det, men vi tycka nu, att fastän den stackarn annars är dålig och ej haft ro på hela natten, så är det<pb/> som om halsen vore lite grand bättre. Få nu se hvad <persName corresp="pe178">Willebrand</persName> säger.</p>
        <p>Och barnen, barnen? frågar Mamma – alla de andra sex, hur är det med dem? Jo, af dem är blott <persName corresp="pe464">William Antman</persName> qvar i huset – han har haft sharlakansfeber <add>förut</add> och bor nu i matsaln. <persName corresp="pe11">Aina</persName> och <persName corresp="pe460">Aline</persName> äro hos <persName corresp="pe656">Borgströms</persName> och börja i dag åter sin afbrutna skolgång. <persName corresp="pe272">Toini</persName>, <persName corresp="pe13">Eva</persName> och <persName corresp="pe274">Rosa</persName> äro med <persName corresp="pe6981">Sofi</persName> hos <persName corresp="pe2816">Deckers</persName> – hvad det är godt att äga vänner i nödens stund! I lördags strax på eft. middagen flyttade sällskapet ut – glada och muntra, de stackarne, emedan de alltid brukat ha roligt hos <persName corresp="pe2816">Deckers</persName>. <persName corresp="pe656">Borgströms</persName>, <persName corresp="pe360">Mina Julin</persName> och <persName corresp="pe2141">Therese</persName> erbjödo sig alla sjelfmant och nästan trugade oss att låta dem flytta. <persName corresp="pe10">Mille</persName> ville i början ej; vi skulle ju hålla karantän, och stänkte chlorvatten öfverallt. Men jag märkte redan första dagen att det blef omöjligt; när ha nånsin pigor förstånd att iakttaga sådant? I köket var mötesplat<pb/>sen för dem som hörde till sjukrummet och dem som hörde hit in. Emellanåt lemnades också dörrarna öppna. Kort sag<del>g</del>dt, det blef oundvikligt att antaga vännernas tillbud – jag bör tillägga, att <persName corresp="pe798">Rosenkampffs</persName> visste ej af vår ställning. Gråtfärdiga voro vi, när qvittret blef tyst här, och likväl var det en lättnad och tillika en fördel att kunna egna oss mer åt den sjuka stackarn. Samma lördag flyttade <persName corresp="pe516">Fina</persName>, som tjent oss troget i fem år, så att den dagen var lång.</p>
        <p><persName corresp="pe10">Mille</persName> har, som vanligt, burit den värsta bördan. Hon sof de första nätterna i matsaln, d. v. s. att ingen sömn just blef af, men i går aftse togo vi en sköterska, som förut tjenstgjort på <placeName corresp="pl418">klinikum</placeName>, så att i natt har <persName corresp="pe10">Mille</persName> fått sofva.</p>
        <p>På Suomi svarades att der var ingen skickning åt oss, men till <rs corresp="pe140">Tant</rs> har det kommit en bytta romm, sades det. Wi ha ej hunnit höra efter ännu, men nu före middagen går jag till tant att fråga. Tack, gulle Mamma, för hvad vi få eller inte få – kanske har allt kommit till tant.</p>
        <pb/>
        <p>Jag glömde sist nämna, i fall Mamma anser det genom <persName corresp="pe37">Dyhr</persName> kunna komma till <persName corresp="pe5461">Häggströms</persName> kunskap, att vid <anchor xml:id="start27003"/>omröstningen i senaten fick <persName corresp="pe7550">Erikson</persName> 5 röster och <persName corresp="pe5461">Häggström<anchor xml:id="end27003"/></persName> 4; men emedan <persName corresp="pe125">Nordenstam</persName>, som af <persName corresp="pe569">Wænerberg</persName> värfvats till <persName corresp="pe5461">Häggströms</persName> förmån, inte då var med, utan först vid justeringen kom att votera, så ha rösterna fallit lika, 5 på hvar, och då beror det alldeles på <persName corresp="pe661">hans majestäts</persName> mening. Så mycket mer anledning har gubben att anse det ena eller andra vara en Guds skickelse.</p>
        <p><persName corresp="pe949">Porthans</persName>festen gick här med stor ståt – endast <persName corresp="pe460">Aline</persName> och jag voro der ifrån oss.</p>
        <p>Wi måste nu afsända detta och skola väl snart åter låta höra af oss. Här är full vinter och skarp köld, men snö ett helt litet tunnt täcke.</p>
        <p>Må väl, älskade Mamma, och Gud beskydde Mamma och oss alla.</p>
        <closer>
        <salute>Mammas egnaste</salute> <signed>Z. och E.</signed>
        </closer>
      </div>
    </body>
  </text>
</TEI>