<?xml version='1.0' encoding='UTF-8'?><TEI xmlns:xsi="http://www.w3.org/2001/XMLSchema-instance" xmlns="http://www.tei-c.org/ns/1.0" xsi:schemaLocation="http://www.tei-c.org/ns/1.0 file:/T:/Instruktioner,%20manualer,%20scheman/TEI-scheman%20(AM)/tei_brevschema.xsd">
  <teiHeader>
    <fileDesc>
      <titleStmt>
        <title>Br1784</title>
        <respStmt>
          <resp>Ansvarig redaktör:</resp>
          <name>Laura Mattsson</name>
        </respStmt>
      </titleStmt>
      <publicationStmt>
        <publisher>Zacharias Topelius Skrifter</publisher>
      </publicationStmt>
      <sourceDesc>
        <p>Arkivsignum: se databas</p>
      </sourceDesc>
    </fileDesc>
    <profileDesc>
      <handNotes>
        <handNote/>
        <handNote/>
      </handNotes>
    </profileDesc>
  </teiHeader>
  <text>
    <body xml:space="preserve">
      <!-- – ” ’ -->
      <div type="letter">
        <opener>
        <dateline><placeName corresp="pl399">Helsingfors</placeName> måndag 3 Februari 1862.</dateline>
        <salute>Min Älskade <rs corresp="pe14">Mamma</rs>!</salute>
        </opener>
        <p rend="noIndent">Gud välsigne Mamma på denna födelsedagen och gifve Mamma helsa och nåd och låte oss ännu långe få behålla hvarandra under Hans Allmakts beskärm!</p>
        <p>Mitt förra bref anländer till Mamma i dag, men jag kom ej att räkna ut det, när jag då skref. Nu får <rs corresp="pe14">farmor</rs> en liten oskyldig gratulation af två bland pullorna. Af de två andra är den ena i skolan, den andra för smalbent ännu att rita annat än krumilurer, så att farmor visst ursäktar deras tystnad och nöjer sig med deras kärliga helsning genom oss.</p>
        <p><persName corresp="pe10">Mille</persName> skrifver både om kragen och om våra husliga angelägenheter; vi tänka att Mamma möjligen denna tiden raskar upp sig till en <placeName corresp="pl2464">Uleåborg</placeName>svisit. <persName corresp="pe19">Oskar</persName> anlände i går; vi träffades blott som hastigast, så att vi ej genom honom veta något om Mammas planer.</p>
        <pb/>
        <p><persName corresp="pe461">Johannes</persName> är fortfarande på bättring, ehuru mycket långsamt, så att han ännu är svag och sömn och aptit ombytliga. Vi hoppas dock det går bra. <persName corresp="pe574">Calle Synnerberg</persName> ligger i någon sorts bröstsjukdom, men icke lär det vara farligt.</p>
        <p>Nå, <anchor xml:id="start27073"/>i fredags gick första jernvägståget till <placeName corresp="pl2315">Tavastehus</placeName>,<anchor xml:id="end27073"/> hvarom Mamma får läsa i dagens tidning. <persName corresp="pe141">Schauman</persName> var med. I går var jernvägsdirektionen ditrest, och der var kalas och ofantlig nyfikenhet. Bönderna på vägen ha i det längsta betviflat att det skulle bli något af och stodo nu gapande med öppen mun, när ångvagnen rusade förbi med en fart, som stundom gick ända till 6 mil i timman. Man känner uppå sig , att en ny framtid begynner för <placeName corresp="pl62">Finland</placeName>. <anchor xml:id="start27076"/>Simeon Levis tidehvarf<anchor xml:id="end27076"/> begynner att dagas.</p>
        <p><anchor xml:id="start27077"/>Utskottsherrarna<anchor xml:id="end27077"/> disputera alla dagar. De kunna ingenting besluta, men taga likasom fasta på de förestående stora reformerna. Om qvinnans myndighet<pb/> äro alla ense, men lika arfsrätten möter något motstånd, ehuru den dock torde gå igenom. Deportationen till <placeName corresp="pl2057">Siberien</placeName> afskaffas; husbehofsbränningen lär få stryka flagg ändå, fast bönderna ej vilja släppa den. <persName corresp="pe3706"><anchor xml:id="start27078"/>Hagman</persName>, så kasserad han är,<anchor xml:id="end27078"/> har hitkommit och medför, säges det, en petition med icke mindre än 14,000 underskrifter i åtskilliga utskottsfrågor, särdeles till förmån för husbehofsbränningen, för hvilken han lofvade att fäkta till sista blodsdroppen, när han blef vald. <persName corresp="pe537">Qvisten</persName>, också kasserad, utgjuter sitt hjerta i <title corresp="tw2613">Borgåbladet</title> och hviskar utskottsbönderna goda råd uti örat. Hemman på landet skola få styckas än mera, blott skogen aktas (om det blir möjligt). Den af senaten projekterade extra bevillningen kommer utskottet att afstyrka, såframt ej statens utgifter ställas under ständernas kontroll. I allmänhet vill man lätta den skatt, som tynger på jordegendomen, så att om vi<pb/> lefva några år till, torde vi slippa både hållskjutsen, största delen af vägarnas underhåll och taxeringarna för <placeName corresp="pl1512">NyCarleby</placeName> bro. I <placeName corresp="pl43">Ryssland</placeName> äro de finska reformerna nu uti hvar mans mun och åberopas af ryssarna som föredömen. <placeName corresp="pl62">Finland</placeName> går framåt med stora steg, säga de; hvarföre skola vi stå tillbaka? Annars är det en bedröflig tid i <placeName corresp="pl43">Ryssland</placeName>, de lifegne vilja ej mera arbeta, adeln är rasande, finanserna så förstörda, att de största handelshus ramla och stora egendomar säljas eller utarrenderas för en spottstyfver. Penningen har mycket försvunnit derigenom att de lifegne lägga allt hvad de äga på kistbottnen, för att genast kunna köpa sig fria. Under en så kritisk period skall ryska rikets tusenåriga jubileum firas nästa Augusti i <placeName corresp="pl1488">Novgorod</placeName>. – Detta nu i hast om de s. k. stora frågorna. Det är roligt att Mamma är intresserad äfven för dem. Här i <placeName corresp="pl399">Helsingfors</placeName> är stor rumbrist, folkmängden vexer med hvar dag. Man säger att här i förra veckan var 600 resande. En mellansorts vinter ha vi. Dessa dagar hitkomma 1000 famnar ved på jernvägen för gasverkets behof. Men nu har jag pratat papperet till slut. Gud välsigne Mamma än engång och låte oss återse hvarandra med helsan, önskar Mammas egen</p>
        <closer>
        <signed>Z.</signed>
        </closer>
        <postscript><!-- skrivet i vänstra marginalen på sid 4 --><p rend="place_leftMargin">Förra måndags hade vi för första gången på mycket länge ett litet herrkalas för <persName corresp="pe293">Essen</persName> och <placeName corresp="pl539">Ilmola</placeName> <persName corresp="pe3707">Forsman</persName>, bara sex personer. Hos <persName corresp="pe656">Borgströms</persName>, <persName corresp="pe798">Rosenkampffs</persName> och <persName corresp="pe768">Leopolds</persName> ha vi ej varit på tre månader. – Jag skrifver de revyer i <title corresp="tw98">Hfors Tidn.</title>, som äro undertecknade <hi rend="underline"><anchor xml:id="start27081"/>Undecumque<anchor xml:id="end27081"/></hi>. <anchor xml:id="start27082"/>Sednast om <persName corresp="pe181">Wulfferts</persName> goda råd till mig.<anchor xml:id="end27082"/></p></postscript>
        <postscript><!-- skrivet i vänstra marginalen på sid 3 --><p rend="place_previousPage_leftMargin"><persName corresp="pe360">Mina Julin</persName> helsar. Hon kommer troget hit att hålla <persName corresp="pe10">Mille</persName> sällskap om qvällarna, men <add>då</add> somnar hon vanligen klockan 8 i soffhörnet. Hon och <persName corresp="pe2298">Therese Decker</persName> ha varit de enda, som hållit oss sällskap.</p></postscript>
        <postscript><!-- skrivet i vänstra marginalen på sid 2 --><p rend="place_previousPage_leftMargin">Nej, farmor skulle höra huru mun går på <persName corresp="pe274">Rosa</persName>. Hon berättar sagor och låts läsa högt, och när hon pratade en lång ramsa häromdagen för <persName corresp="pe460">Aline</persName>, sade hon till slut: ”bediper <persName corresp="pe460">Inna</persName>?”</p></postscript>
        <postscript><!-- skrivet i vänstra marginalen på sid 1 --><p rend="place_previousPage_leftMargin">Jag föreslog i mitt koncept till petitionen om <placeName corresp="pl2561">Wasa</placeName>namnet att <placeName corresp="pl2561">Wasa</placeName> skulle återköpa sitt ärliga namn med löftet om en minnesvård åt <persName corresp="pe964">kejsar Nikolai</persName> – annars tror jag ingenting vinns – men få se hvad de säga derom i <placeName corresp="pl2561">Wasa</placeName>.</p></postscript>
          </div>
    </body>
  </text>
</TEI>