<?xml version='1.0' encoding='UTF-8'?><TEI xmlns:xsi="http://www.w3.org/2001/XMLSchema-instance" xmlns="http://www.tei-c.org/ns/1.0" xsi:schemaLocation="http://www.tei-c.org/ns/1.0 file:/T:/Instruktioner,%20manualer,%20scheman/TEI-scheman%20(AM)/tei_brevschema.xsd">
  <teiHeader>
    <fileDesc>
      <titleStmt>
        <title>Br1795</title>
        <respStmt>
          <resp>Ansvarig redaktör:</resp>
          <name>Laura Mattsson</name>
        </respStmt>
      </titleStmt>
      <publicationStmt>
        <publisher>Zacharias Topelius Skrifter</publisher>
      </publicationStmt>
      <sourceDesc>
        <p>Arkivsignum: se databas</p>
      </sourceDesc>
    </fileDesc>
    <profileDesc>
      <handNotes>
        <handNote/>
        <handNote/>
      </handNotes>
    </profileDesc>
  </teiHeader>
  <text>
    <body xml:space="preserve">
      <!-- – ” ’ -->
      <div type="letter">
        <opener>
        <dateline><placeName corresp="pl399">Helsingfors</placeName> fredag 16 Maj 62.</dateline>
        <salute>Goda <rs corresp="pe14">Mamma</rs> kära!</salute>
        </opener>
        <p rend="noIndent">Mottag, fastän en dag för sent, vår kärliga lyckönskan och gratulation på <anchor xml:id="start27239"/>Sofiadagen<anchor xml:id="end27239"/>! Gud uppehålle och bevare Mamma ännu till mången Sofiedag åt barn och barnabarn! – Vi fingo i går mammas sednaste kära bref till namnsdagsgåfva. På morgonen kl. 7 var <persName corresp="pe11">Aina</persName> med sina vänner och sjöng för <persName corresp="pe2141">fru Decker</persName>. Undertiden lagade vi ett litet bord här hemma, just ej rikt försedt, men dock med en bagarekrans och några småsaker, hvaribland <persName corresp="pe143">prof. Schaumans</persName> porträtt i fotografi. Kl. 8 kom hon hem för att gratuleras, och på qvällen hade hon fyra eller fem flickor hos sig.</p>
        <pb/>
        <p>Mera bullersamt firades dagen ute i staden. Det var <anchor xml:id="start27240"/>festen för <persName corresp="pe122">Lönnrot<anchor xml:id="end27240"/></persName>. Studentkorpsen tågade från <placeName corresp="pl442">universitetet</placeName> till <placeName corresp="pl404">brunnshuset</placeName> i procession, med studentfanan i spetsen, densamma som förärades af <placeName corresp="pl2735">Åbo</placeName> fruntimmer 1860 och då väckte ett sådant halloh i <persName corresp="pe475">Bergens</persName> rapporter. Femhundra personer trängdes i <placeName corresp="pl404">brunnssalen</placeName>, och en af tillställarne bad herrarne ”sätta sig till bords”, – utan stolar, ty det var en stående middag. Bland 9 eller 10 tal var bara ett svenskt, alla de andra finska. Äfven <persName corresp="pe203">Snellman</persName> och <persName corresp="pe75">Cygnæus</persName> talade på finska. Jag drack Mammas skål i tankarna, kom hyggligt hem kl. 8, men var ännu sedan bjuden till <persName corresp="pe178">Willebrand</persName>,<pb/> der också <persName corresp="pe122">Lönnrot</persName> var på qvällen, fryntlig och anspråkslös liksom alltid. – Wi ha nu den allravackraste Majdag, och när helsan Gudilof är bättre, är sinnet också gladare. <persName corresp="pe10">Mille</persName> är ute med <persName corresp="pe284">Lina</persName> på bodhandel och åker i vagn, de stora barnen i skolan, de små på promenad till <persName corresp="pe530">Lotta Schultz</persName> med brefvet. <rs corresp="pe14">Farmors</rs> underrättelse om den <anchor xml:id="start27241"/>Najska familjens förökning<anchor xml:id="end27241"/> har mycket förtjust dem. De tvifla icke på att ju alla fyra nykomlingarna äro dem till mötes i sommar, hvarföre de också redan varit så omtänksama, och gifvit dem namn. Nog kan det nu hända att vi skicka dem med <persName corresp="pe7738" correspUncert="Y">gumman Linsén</persName>, för att få vår vagn till<pb/> <placeName corresp="pl1512">NyCarleby</placeName>, men det är en svårighet att <persName corresp="pe6981">Sofi</persName> (eller <persName corresp="pe516">Fina</persName>) då ej får plats i vagnen. Kanske på ångfartyg. <rs corresp="pe140">Tant</rs> far väl knappt före midsommar. Hon är nu bättre och sitter upp, men visst hostar hon något ännu. – Kan nu inte bror <persName corresp="pe37">Albert</persName> skutta upp till <placeName corresp="pl2464">Uleåborg</placeName>? Jag tycker det är både besvärligt och dyrt för mamma att resa allena! Hvad tiden angår, så icke behöfver Mamma för tants eller än mindre för barnens skull fara i Maj, om det passar bättre att fara i Juni. Anlända <persName corresp="pe11">Toini</persName> och <persName corresp="pe13">Eva</persName> medan farmor och <persName corresp="pe323">Fanny</persName> äro i <placeName corresp="pl2464">Uleåborg</placeName>, så gör det ju ingenting, de<pb/> kunna ju vara någon vecka hos <persName corresp="pe653">Lybecks</persName>. Hvarken <persName corresp="pe162">Sofi</persName> eller <persName corresp="pe161">Jenny</persName> ämna sig upp dit i sommar, det är ju så obestämdt med deras män, <persName corresp="pe160">Leopold</persName> har åter afrest till <placeName corresp="pl1792">Päjäne</placeName>. Wisst tro de likväl att något blir afgjordt i sommar. <persName corresp="pe160">Leopold</persName> är en af de få, som sakna <persName corresp="pe475">grefve Berg</persName>, ty den herrn blef afsatt midti sina planer, innan han fick dem på klar fot, och dit hörde äfven hans omstöpning af sjöekipaget. Emellertid ha <persName corresp="pe768">Leopolds</persName> sålt alla sina möbler i <placeName corresp="pl40">Anianpeldo</placeName>, så att de ej kunna flytta dit. – <persName corresp="pe309">Julius</persName> tänker sig ej åt norden, han måste bli här på sin doktorslära. – Huru <persName corresp="pe460">Aline</persName> och <persName corresp="pe464">William</persName><pb/> bege sig hemåt, är ännu ej bestämdt, kanske <persName corresp="pe460">Aline</persName> med <persName corresp="pe7738">Linséns</persName> och <persName corresp="pe464">W.</persName> med <persName corresp="pe7281">Pentzins gossar</persName>. <persName corresp="pe11">Aina</persName> är lycklig att få titta ut i verlden, det förstås; nog ämna vi låta henne gå genom fjerde klassen. Jag svarar på mammas frågor: så der omkring den 5-8 Juni, ämna vi oss på väg; så dröja vi en vecka i <placeName corresp="pl2157">Stockholm</placeName> och resa sedan kanalvägen till <placeName corresp="pl304">Götheborg</placeName>, derifrån är blott 4 timmars väg till <placeName corresp="pl2921">Marstrand</placeName>. Det sägs att en stor del af svenska jernvägen blir färdig i Juli; – det kommer då an på om vi begagna den för återresan eller fara sjöledes öfver <placeName corresp="pl1100">Köpenhamn</placeName> till <placeName corresp="pl2157">Stockholm</placeName>, och sedan<pb/> till <placeName corresp="pl2735">Åbo</placeName> eller <placeName corresp="pl2561">Wasa</placeName>, huru det bäst passar. Andra delen af <title corresp="ve252">Läseboken</title> skall betala resan. – <anchor xml:id="start27242"/>Vattenpolemiken<anchor xml:id="end27242"/>? Ja, den är nu tyst tillsvidare, sedan <persName corresp="pe178">Willebrand</persName> och <persName corresp="pe2149">Forselles</persName> slagit ihjäl hvarandra. Vattenfolket ämnar nu bygga på <placeName corresp="pl4895">Sparbanksudden</placeName>. Nya vattendoktorn har några <anchor xml:id="start27244"/>husackord<anchor xml:id="end27244"/>, men fasligt bråksamt skall det vara med de många baden. <persName corresp="pe2149">Forselles</persName> har skadat sin sak genom sitt trakasseri med <persName corresp="pe406">Gustafson</persName>, som står att läsa i <title corresp="tw508">Allm. Tidningen</title>. – Annars grälas nu om <persName corresp="pe3566"><anchor xml:id="start27245"/>Schantz</persName> orkester<anchor xml:id="end27245"/>; en smula slarf på ena och högfärd på andra sidan, nemligen <persName corresp="pe3566">Schantzens</persName>. Intet annat nytt, utom <anchor xml:id="start27246"/>krigshamnen<anchor xml:id="end27246"/>, som med rätta väckt alarm.<pb/> I <placeName corresp="pl1957">Petersburg</placeName> utdelas ännu alltemellanåt tryckta proklamationer af ”centralkomitén”, som ingen känner. Sist har en sådan proklamation funnits utströdd i kasernerna med uppmaning till soldaterne att ej skjuta på folket. – <persName corresp="pe544">Thilda Evert Wasastjerna</persName> har varit här med sina två söta barn, det var roligt att se dem. Min öfversättning af ”<title corresp="tw220">Barndomsbilderna</title>” är hitkommen <add>från <placeName corresp="pl1170">Leipzig</placeName></add>; utmärkt vackra bilder och tryck. – Nu kom <persName corresp="pe10">Mille</persName> hem med <persName corresp="pe284">Lina</persName>. Hon grufvar sig för <anchor xml:id="start27247"/>toiletten<anchor xml:id="end27247"/> till resan. Jag har lofvat henne <anchor xml:id="start27248"/>kuddan till kappa<anchor xml:id="end27248"/>. Nog är helsan passabel, inte hostar hon alls, jag tror ej bröstet har fel, det är mera blodlöshet <seg rend="place_leftMargin">nervsvaghet och hjertklappning. Hon är rask nog, när hon ej tröttar ut sig, men det gör hon så ofta. Må väl, älskade Mamma, helsa <persName corresp="pe323">Fanny</persName> och alla vännerna.</seg></p>
        <closer rend="place_leftMargin">
          <salute>Mammas egnaste</salute><signed>Z., E. och barnen.</signed>
        </closer>
        <!-- skrivet i vänstra marginalen på sid 7 -->
        <postscript><p rend="place_previousPage_leftMargin"><persName corresp="pe3711">Fru Chydenius</persName> tog ingenting för ärterna. De gå lätt och äro mycket gifvande, men behöfva mycket långa störar.</p></postscript>
        <!-- skrivet i vänstra marginalen på sid 6 -->
        <postscript><p rend="place_previousPage_leftMargin"><persName corresp="pe272">Toini</persName> skref åt <persName corresp="pe11">Aina</persName> en ”önskevers” på prosa till namnsdagen. <persName corresp="pe10">Mille</persName> tycker det är ingenting, men jag tycker det är mera ovanligt af ett barn. Jag skickar den med för att roa farmor. Den kan ju gömmas för ro skull.</p></postscript>
        <!-- skrivet i vänstra marginalen på sid 5 -->
        <postscript><p rend="place_previousPage_leftMargin">Här kom i förrgår en brigg fullastad med kaffe. En herrlig vår, fast senare än vanligt. Våra rum äro bra glada, när helsan bor der.</p></postscript>
        <!-- skrivet i vänstra marginalen på sid 4 -->
        <postscript><p rend="place_previousPage_leftMargin">P. S. <persName corresp="pe460">Aline</persName> far med <persName corresp="pe316">Carolina Borgström</persName>.</p></postscript>
      </div>
    </body>
  </text>
</TEI>