<?xml version='1.0' encoding='UTF-8'?><TEI xmlns:xsi="http://www.w3.org/2001/XMLSchema-instance" xmlns="http://www.tei-c.org/ns/1.0" xsi:schemaLocation="http://www.tei-c.org/ns/1.0 file:/T:/Instruktioner,%20manualer,%20scheman/TEI-scheman%20(AM)/tei_brevschema.xsd">
  <teiHeader>
    <fileDesc>
      <titleStmt>
        <title>Br1844</title>
        <respStmt>
          <resp>Ansvarig redaktör:</resp>
          <name>Laura Mattsson</name>
        </respStmt>
      </titleStmt>
      <publicationStmt>
        <publisher>Zacharias Topelius Skrifter</publisher>
      </publicationStmt>
      <sourceDesc>
        <p>Arkivsignum: se databas</p>
      </sourceDesc>
    </fileDesc>
    <profileDesc>
      <handNotes>
        <handNote/>
        <handNote/>
      </handNotes>
    </profileDesc>
  </teiHeader>
  <text>
    <body xml:space="preserve">
      <!-- – ” ’ -->
      <div type="letter">
        <opener>
        <dateline><placeName corresp="pl399">Helsingfors</placeName> fredag 4 Mars 64.</dateline>
        <salute>Min Älskade <rs corresp="pe14">Mamma</rs>!</salute>
        </opener>
        <p rend="noIndent">Jag hinner nu – upptagen af min föreläsning – endast skicka en kärlig helsning, åtföljd af inneliggande 200 mark, att disponeras för de många utgifter Mamma denna tid har för vårt gemensama bästa. Måtte den nye landbonden göra Mamma så mycken nytta och så liten förtret som möjligt. Hans bosättning etc. gifver nog bekymmer, kan jag förstå. Det var vänligt af <persName corresp="pe54">Schalin</persName> att han hjelpte till i den saken. – Mamma skrattar visst, men jag har tänkt fråga, om det ej vore skäl att vid detta nya omskifte småningom öfvergå till det jordbruk, som för våra trakter erkännts vara det riktigaste, nemligen att bruka endast den bästa åkern och stöda i hufvudsaken på äng och ladugård. Kanske kunde <placeName corresp="pl1142">Larsmo</placeName>bon fås att bättre sköta ängarna och att ladugården kunde något ökas. Sådant der<pb/> menar visst Mamma, är kammarfunderingar af en professor, som borde hålla sig till sin läst, men jag hemställer också allt till Mammas praktiska erfarenhet. – Vi må Gudilof bra nog, ehuru här varit denna tid sjukligt i staden. Jag satt nära två veckor i arrest för katarrh, men kunde i måndags åter begynna mina föreläsningar. Min gumma är åter raskare, fast hon ej tror det sjelf, för det att hon är mager och svag på benen emellanåt. Hon är alla dagar ute någon stund och dricker nu porter. Nog blir det nödvändigt att hon undergår en riktig badkur i sommar. Det vore väl bäst att lega en person enkom för att biträda dermed på bestämda timmar, eller hur tycker Mamma? Derom få vi sednare rådgöra, äfvensom om Mamma anser att vi kunna medtaga <persName corresp="pe516">Fina</persName>. Emellertid är det så uppfriskande att tänka på <placeName corresp="pl963">Kuddnäs</placeName> och då och då äfven på <placeName corresp="pl402">Majniemi</placeName> och bryggan etc. Månne<pb/> <persName corresp="pe594">Hindrik</persName> får tänka på stock med vinterföre? – Om <rs corresp="pe140">Tants</rs> beslut veta vi ingenting, hon har ej knyst ett ord derom.</p>
        <p>– Barnen äro raska, emellanåt odygdiga, men kanske det ger sig. Stora flickorna äflas alla dagar med finska, franska och sång. – <persName corresp="pe2744">Fru Heikel</persName> afreser i söndag e. m. till <placeName corresp="pl574">Jakobstad</placeName>. <persName corresp="pe11">Aina</persName> har nu blifvit så vän och förtrolig med den familjen.</p>
        <p>– Här är skarp vinter 12 à 18 grader och mycket snö. – Landtdagen håller nu på med jordbruksfunderingar. Allt skulle bli bra, om bara bönder och possessionater kunde förmås att släppa <anchor xml:id="start27771"/>det olycksaliga bränvinet<anchor xml:id="end27771"/>, men se det sitter hårdt. – Intet krig hörs af i våra trakter, men <anchor xml:id="start39185"/>alla tänka på de stackars Danskarne<anchor xml:id="end39185"/> och anse att Svenskarne grymt skämma ut sig. – I går var lotteri för <persName corresp="pe145">Sjöstrands</persName> skulptur till nya theatern. Fruntimmerna fingo ihop ej mindre än 2,200 rubel. Som vanligt, vunno vi ingenting, – men små flickorna ha ej öppnat sina lottrullor ännu.</p>
        <pb/>
        <p><persName corresp="pe10">Mille</persName> helsar, hon skrifver några rader till <persName corresp="pe320">Augusta L.</persName>, nästa gång till Mamma. – <persName corresp="pe24">Fanny</persName> har blifvit opererad af <persName corresp="pe568">Becker</persName> för att få litet ljus i det mörka ögat. Få se om det lyckas, stackars flicka – Operationen har ej varit smärtsam, men efteråt har hon legat och haft nervös värk. Det otäcka är att han vill operera engång till – nej, nog skall det vara något att vinna, innan man släpper någon i ögat. – Nu vet jag ej vidare för tillfället, än käraste helsningar från oss alla och från Mammas</p>
        <closer>
        <signed>Z.</signed>
        </closer>
        <postscript>
          <p>P. S. <persName corresp="pe10">Emili</persName> hinner ej alls skrifva. Så att <persName corresp="pe320">Augusta</persName> helsas, om hon träffas. – <persName corresp="pe7697">Flickorna Kyntzell</persName> (<persName corresp="pe7718">Artemjeffs</persName>) äro här för att viga sin <rs corresp="pe10043">syster</rs>.</p>
        </postscript>
      </div>
    </body>
  </text>
</TEI>