﻿<?xml version="1.0" encoding="UTF-8"?>
<TEI xmlns:xsi="http://www.w3.org/2001/XMLSchema-instance" xmlns="http://www.tei-c.org/ns/1.0" xsi:schemaLocation="http://www.tei-c.org/ns/1.0 file:/T:/Instruktioner,%20manualer,%20scheman/TEI-scheman%20(AM)/tei_brevschema.xsd">
  <teiHeader>
    <fileDesc>
      <titleStmt>
        <title>Br2079</title>
        <respStmt>
          <resp>Ansvarig redaktör:</resp>
          <name>Laura Mattsson</name>
        </respStmt>
      </titleStmt>
      <publicationStmt>
        <publisher>Zacharias Topelius Skrifter</publisher>
      </publicationStmt>
      <sourceDesc>
        <p>Arkivsignum: se databas</p>
      </sourceDesc>
    </fileDesc>
    <profileDesc>
      <handNotes>
        <handNote medium="black-ink" />
      </handNotes>
    </profileDesc>
  </teiHeader>
  <text>
    <body xml:space="preserve">
      <!-- – ” ’ æ ½ -->
      <div type="letter">
        <opener>
          <dateline><placeName corresp="pl2735">Åbo</placeName> 25 Februari 1868, Fettisdag.</dateline>
          <salute>Min Älskade <rs corresp="pe14">Mamma</rs>!</salute>
        </opener>
        <p rend="noIndent">Jag föreställer mig, att jag sitter vid Mammas kaffebord nu på fet-tisdagsmorgon. En mager fet-tisdag är det. Gudnåde för mången och för hela vårt land. Den, som har helsa och bröd, kan icke vara nog tacksam. Det som finns ymnigast, är snö. För en vecka sen var ett yrväder, så att <persName corresp="pe438">prof. Ahlqvist</persName>, som for till <placeName corresp="pl399">Helsingfors</placeName>, måste vänta ett helt dygn på en gästgifvargård, emedan han ej <anchor xml:id="start31290" />slapp<anchor xml:id="end31290" /> fram. I går var ungefär ett dylikt; i dag är det bättre, men snögar i alla fall ganska tjockt. Det är fastlagsmarknad i <placeName corresp="pl2735">Åbo</placeName> af gammal vana och gatorna fulla med folk, men göra ha de att slippa fram. Jag satt i går afton <subst>och</subst> lagade om N<hi rend="raised">o</hi> 273 om werldens fåfänglighet och förakt, och i går på e. m. hunno vi vid det formliga sammanträdet med <rs corresp="pe549">erkebispen</rs> till N<hi rend="raised">o</hi> 250. Deraf kan Mamma se huru långt vi avancerat. <persName corresp="pe143">Schauman</persName> dröjer till nästa veckas slut, och till dess skola vi ha <title corresp="ve129">psalmboken</title> genomgången. Sedan beror vår hemresa på bihanget. Erkebispen vill nödvändigt ha allt färdigt, när vi resa, och jag undrar ej derpå, när man, som han, är 70 år och redan i 14 år har hållit på med den saken. Men<pb /> <persName corresp="pe564">Lille</persName> och jag äro af annan mening. Vi tycka det är mera onödigt och dessutom kostsamt för kronan att sitta här och skrifva sådant som kan göras i <placeName corresp="pl399">Helsingfors</placeName> lika bra. Få nu se, om vi kunna drilla så, att vi få någon del af <del>regi</del> <add>bi</add>hanget färdig och register på resten, så att bispen kan berätta för senaten att det är komplett. Det är mera svårt för oss att vara så länge bort. Der vänta flera på mig, för att tentera till kandidatexamen, och så är <persName corresp="pe10">Mille</persName> stackare ensam med sina bekymmer, fastän hon har så många omkring sig. <persName corresp="pe6639">Fru Candelin</persName> var nu der och fick af <persName corresp="pe559">Estlander</persName> den domen, att hon kom för sent, hon skulle bara resa hem och vänta något år på sitt slut. Det var ej någon glad nyhet. Och så är <persName corresp="pe10">Mille</persName> bekymrad för <persName corresp="pe875">Anna</persName>. Hade vi vetat att hon var så skral, hade vi visst ej bedt flickan stackare till oss, ty <placeName corresp="pl399">Helsingfors</placeName> klimat är ej bra för bröstlidanden, isynnerhet de skarpa vårvindarna, och jag skref i går åt <persName corresp="pe10">Mille</persName>, att hon skulle rådgöra med <persName corresp="pe500">Hjelt</persName>, om <persName corresp="pe875">Anna</persName> borde resa hem på vinterföret. <persName corresp="pe1994">Onkel Adam</persName>, som jag skref till, rådde att begagna <anchor xml:id="start31291" />luftklockan<anchor xml:id="end31291" />, men nu råkar den vara i olag. Ja måtte<pb /> vår gode Gud bevara oss alla. Det tycks nu vara sjukligt i <placeName corresp="pl399">Helsingfors</placeName>. Här i <placeName corresp="pl2735">Åbo</placeName> hörs just icke af sådant mer än vanligt, men hvad vet heller en eremit i sin enslighet? Det har nu blifvit, till all lycka, mera tyst omkring oss, så att vi ibland arbetat mest hela veckan, utan att se andra än vederbörande och de vanliga middagsgästerne. Flitiga ha vi varit, utan att arbetet just lidit fortare framåt för det. Vore här litet mera motion, skulle jag trifvas så bra man kan trifvas långt från de sina. Har jag ej särskild anledning till oro, så brukar jag aldrig ha ledsamt. Jag undrar ej på, att gamla ungkarlar bli egoister. Vid ett sådant lif för sig sjelf vänjer man sig snart vid den tanken, att andras väl eller ve mera litet angår en. Och dock borde nu alla lefva för andras väl mer än någonsin. Här äro få variationer i nödens sorgespel. Höbrödet sprides allt mera genom <persName corresp="pe3854">Julins</persName> ifver, och han påstår att det välsignas af alla, som gjort bekantskap dermed. Det är två delar hö och en del rågmjöl. Vällingen deraf skall vara utmärkt. – Här ätes i <placeName corresp="pl2735">Åbo</placeName> temligen som förut. Förra tisdags var jag på stor middag hos <persName corresp="pe838">doktor Avellan</persName>, i onsdags på liten<pb /> hos <persName corresp="pe6698">prosten Indrén</persName> och i söndags på blinimiddag hos <persName corresp="pe6766">statsrådet Gripenberg</persName>; bara fint folk den gången, d. v. s. utom värdsfolket bara erkebispen, <persName corresp="pe2135">grefvinnan Creutz</persName> och två professorer. Här bos och lefves och ätes grannare, än i <placeName corresp="pl399">Helsingfors</placeName>. Stora ämnen för menniskors lif och tankar är här mera ondt om, men mycken artighet, här och der också hjertlighet, har jag funnit i <placeName corresp="pl2735">Åbo</placeName>. Det bästa jag sett här, är gubben <persName corresp="pe839">Procopé</persName>, <persName corresp="pe2135">grefvinnan Creutz</persName> och <persName corresp="pe730">fru Reuter</persName>.</p>
        <p>Jag hade nyligen bref af bror <persName corresp="pe37">Albert</persName> i affärer, och skulle han vara återkommen, beder jag Mamma helsa honom och säga, att han kan vara lugn för <anchor xml:id="start31289" />brandstodsräntan<anchor xml:id="end31289" />. Han skrifver att Mamma mår väl. Gud vare lofvad derför. Måtte ni alla få vara friska. Jag gissar att Mamma nu skrifvit till <persName corresp="pe10">Emili</persName>, så att hon skickar väl brefvet till mig. Helsa hjertligt <persName corresp="pe323">Fannina</persName> och alla vännerna, <persName corresp="pe659">Stina</persName> ej att förglömma. Jag drömde mig nyss vid mammas kaffebord. Låt oss hoppas, att vi ännu få den glädjen att sitta med mamma der, det är min ljusa förhoppning under hela den långa vintern.</p>
        <closer>
          <salute>Mammas egen</salute>
          <signed>Z.</signed>
        </closer>
          <postscript>
            <p rend="place_leftMargin"><!--skrivet i vänstra marginalen på sid. 4-->Jag skickar för ro skull ett koncept till min första Davidspsalm, som nu är godkänd. Utom början och slutet, är allt efter bibeltexten, om det roar Mamma att jemföra.</p>
          </postscript>
        <postscript>
          <p rend="place_previousPage_leftMargin"><!--skrivet i vänstra marginalen på sid. 3--><persName corresp="pe451">Ezer</persName> har väl läst i tidningarna huru man planterar brödtallen. Jag hoppas han gör försök dermed. Det vore roligt att se huru det lyckas. Och så hoppas jag han ej krusar att beställa frön genom oss.</p>
        </postscript>
        <postscript>
          <p rend="place_previousPage_leftMargin"><!--skrivet i vänstra marginalen på sid. 2-->Helsa <persName corresp="pe34">moster Calamnius</persName>, äfvensom <persName corresp="pe653">Lybecks</persName> alla. – <persName corresp="pe6758">Eugenie Leuchtenberg</persName>, numera <persName corresp="pe6758">fru Oldenburg</persName>, har ställt sig i spetsen för en bazar, som inbragt 35,000 rubel åt <placeName corresp="pl62">Finland</placeName>. <persName corresp="pe743">Dagmar</persName> har hindrats af opasslighet att göra det.</p>
        </postscript>
        <postscript>
          <p rend="place_previousPage_leftMargin"><!--skrivet i vänsta marginalen på sid. 1--><persName corresp="pe466"><anchor xml:id="start31288" />Arppes</persName> sentida svar i <title corresp="tw508">Allmänna Tidningen<anchor xml:id="end31288" /></title> var ett nytt misstag. Det ref åter upp det som redan höll på att glömmas.</p>
        </postscript>
      </div>
    </body>
  </text>
</TEI>