<?xml version='1.0' encoding='UTF-8'?><TEI xmlns:xsi="http://www.w3.org/2001/XMLSchema-instance" xmlns="http://www.tei-c.org/ns/1.0" xsi:schemaLocation="http://www.tei-c.org/ns/1.0 file:/T:/Instruktioner,%20manualer,%20scheman/TEI-scheman%20(AM)/tei_brevschema.xsd">
  <teiHeader>
    <fileDesc>
      <titleStmt>
        <title>Br2055</title>
        <respStmt>
          <resp>Ansvarig redaktör:</resp>
          <name>Laura Mattsson</name>
        </respStmt>
      </titleStmt>
      <publicationStmt>
        <publisher>Zacharias Topelius Skrifter</publisher>
      </publicationStmt>
      <sourceDesc>
        <p>Arkivsignum: se databas</p>
      </sourceDesc>
    </fileDesc>
    <profileDesc>
      <handNotes>
        <handNote medium="black-ink"/>
      </handNotes>
    </profileDesc>
  </teiHeader>
  <text>
    <body xml:space="preserve">
      <!-- – ” ’ æ ½ -->
      <div type="letter">
        <opener>
          <dateline><placeName corresp="pl399">Helsingfors</placeName> onsdag 15 Jan. 68.</dateline>
          <salute>Min Älskade <rs corresp="pe14">Mamma</rs>!</salute>
        </opener>
        <p rend="noIndent">Med hjertat uppfylldt af tacksamhet för Guds nåd, af hvilken jag har <hi rend="underline">allt</hi> och af mig sjelf <hi rend="underline">intet</hi> annat än synd och vanmakt, kysser jag Mammas kära hand och tackar för det moderliga brefvet i går på min födelsedag, – tackar Mamma för den moderliga välsignelsen, som ”bygger barnen bo” och som äfven, med Guds bistånd, har byggt mitt bo – och som följde mig i går, liksom alla dessa femtio åren genom! Jag prisar Guds nåd äfven derföre att jag intill denna dag och, om Gud behagar, än vidare fått behålla denna dyra moderliga hand, som ledt mina första steg i lifvet och som, jemte den trogna makan och de kära barnen, är det dyrbaraste jag på jorden äger! – Hvad skall jag säga om gårdagen? Mitt hjerta är fullt af en stor förödmjukelse, ty hvad kan det annat vara, när man ser sig så uppburen,<pb/> likasom det vore egen förtjenst, och jag vet dock, ja, jag känner det nu mer än någonsin, att jag har inför den barmhertige Guden intet annat än synd och fåfängelighet att frambära! – Långt hellre, än att bäras så på armarna, hade jag suttit i den gömdaste vrå – och likväl kunde jag ej draga mig undan – men <anchor xml:id="start31212"/>nu far jag till <placeName corresp="pl2735">Åbo<anchor xml:id="end31212"/></placeName>, att i veckor och månader umgås blott med Guds ord – må det vara en motvigt mot all den frestelse, som kan ligga i menniskors vanskliga hyllning! – Jag hinner nu ej mera, än tillägga, att bland fem telegrammer och tre bref, som jag mottog i går på aftonen, voro äfven två från eder, undertecknade <persName corresp="pe320" rend="underline">Augusta</persName> och <persName corresp="pe37" rend="underline">Dyhr</persName> samt dessutom bref och sändning med <persName corresp="pe5521">Oskar Heikel</persName>. Tack, tack, äfven till vännerna! Gud välsigne Mamma och eder alla mina käraste!</p>
        <closer>
          <salute>Mammas egen</salute>
          <signed>Z.</signed>
        </closer>
        <postscript>
            <p>P. S. Just nu inträder <persName corresp="pe556">Zache</persName> och skrifver.</p>
          </postscript>
        
      </div>
    </body>
  </text>
</TEI>