﻿<?xml version="1.0" encoding="UTF-8"?>
<TEI xmlns:xsi="http://www.w3.org/2001/XMLSchema-instance" xmlns="http://www.tei-c.org/ns/1.0" xsi:schemaLocation="http://www.tei-c.org/ns/1.0 file:/T:/Instruktioner,%20manualer,%20scheman/TEI-scheman%20(AM)/tei_brevschema.xsd">
  <teiHeader>
    <fileDesc>
      <titleStmt>
        <title>Br2054</title>
        <respStmt>
          <resp>Ansvarig redaktör:</resp>
          <name>Laura Mattsson</name>
        </respStmt>
      </titleStmt>
      <publicationStmt>
        <publisher>Zacharias Topelius Skrifter</publisher>
      </publicationStmt>
      <sourceDesc>
        <p>Arkivsignum: se databas</p>
      </sourceDesc>
    </fileDesc>
    <profileDesc>
      <handNotes>
        <handNote id="ZT" medium="black-ink">Zacharias Topelius</handNote>
        <handNote id="ET" medium="black-ink">Emilie Topelius</handNote>
      </handNotes>
    </profileDesc>
  </teiHeader>
  <text>
    <body xml:space="preserve">
      <!-- – ” ’ æ ½ -->
      <div type="letter">
        <opener>
          <dateline><handShift new="#ZT" /><placeName corresp="pl399">Helsingfors</placeName> måndag 30 Dec. 1867.</dateline><handShift new="#ET" />
          <salute>Min älskade <rs corresp="pe14">Mamma</rs>!</salute>
        </opener>
        <p rend="noIndent">En hjertinnerlig lyckönskan till vår kära Mamma och <persName corresp="pe323">Fanny</persName> på det nya år som ingått då ni bryta detta bref! Gud beskydde och bevare Mamma <del>på</del> alla dagar och gifve vår älskade, dyra Mamma sin nåd och välsignelse!</p>
        <p>Jag skrifver nu på vår brölloppsdag. Ack huru obegripligt mycket ha vi icke att tacka Herren för under dessa 22 år! – Då jag börjar tänka på det så tar det aldrig något slut, och nu skall jag skrifva. Ja, jag kan icke annat säga än Herren vare lof och pris i all evighet.</p>
        <p>I går aftons voro vi hos <persName corresp="pe798">Rosenkamff</persName>, <persName corresp="pe11">A</persName> och <persName corresp="pe561">B</persName> voro bjudna dit till middag med <persName corresp="pe619">Mag: Råbergh</persName> och vi på aftonen. Der var ingen annan, vi hade mycket trefligt, jag tog med mig ”<title corresp="tw2625">Korsblomman</title>” som jag fick till julklapp och vi läste högt ur den några små stycken. <persName corresp="pe324">Jeana</persName> mår bra och har sin innerliga lust med att gå<pb /> på torget som hon förr brukade. Inte hade hon någon brådska att komma hit i förrgår var hon första gången här sen hon kom. <persName corresp="pe318">Ninni</persName> var med. Sen början af Oktober har ingen af dem varit här. Inte är jag ledsen <add>på dem</add> öfver det, men visst vore det litet slägtkärt om de någon gång skulle komma. Men så berättar jag det också alltid för mamma, och det är dumt.</p>
        <p>Juldagen skickade <persName corresp="pe768">Leopolds</persName> <persName corresp="pe571">Olga</persName> hit och bad oss komma dit på qvällen. <rs corresp="pe140">Tant</rs> och <rs corresp="pe6547">flickorna</rs> voro der, vi pratade och åto konfekt från julträdet.</p>
        <p>Andra dag jul blefvo vi bjudna till <persName corresp="pe656">Borgströms</persName> som vi alltid brukat i många år. Der var <persName corresp="pe6678" correspUncert="Y">Boehmens</persName> och <persName corresp="pe6677">Leonards</persName>, och mera muntert, stort folk lekte och bullrade som de varit barn. <persName corresp="pe272">Toini</persName> och <persName corresp="pe13">Eva</persName> voro hemma ensamma, <persName corresp="pe272">Toini</persName> var så hes att hon ej fick ett ljud fram och då tordes vi icke taga henne ut. Men nu har hesheten gått förbi. <handShift new="#ZT" />– Jag fortsätter, emedan vi få salen full med gratulanter till brölloppsdagen: <persName corresp="pe6673">gamla Nybergs</persName> och deras flickor <add>med</add> <persName corresp="pe561">Berndt</persName> (<persName corresp="pe11">Aina</persName> blef hemma för att det är 25 graders köld och hon haft litet ondt i halsen).<pb /> Nu kom <persName corresp="pe2141">Therese Decker d. ä.</persName> med sina flickor. Ja, Gudilof för Hans stora nåd under 22 år och för en bra hustru! – Jag tror <persName corresp="pe10">Mille</persName> ej skrifvit något om vår julafton. Vi voro hemma för oss, bara <persName corresp="pe561">Berndt</persName> och <persName corresp="pe11">Aina</persName>. <persName corresp="pe640">Frans Dyhr</persName> hade vi bedt, jemte <persName corresp="pe7750" correspUncert="Y">Sandström</persName>, men de voro bjudna till sitt värdsfolk. <persName corresp="pe561">Berndt</persName> och <persName corresp="pe11">A.</persName> lagade julträdet med flaggor och en stor remsa från toppen med <title corresp="vd41">1 Joh. ep. 2:8</title> i vackra gula bokstäver utskrifvet på ljusbrun botten. Två af <persName corresp="pe516">Finas</persName> fattiga systerbarn och gårdsvaktens lilla pilt dansade med kring julträdet. Ett par psalmer sjöngos också af <persName corresp="pe561">B.</persName>, <persName corresp="pe11">A.</persName> och <persName corresp="pe6548">Agnes</persName> (<persName corresp="pe272">Toini</persName> var hes). Jag upprepar detta, fast jag skref derom till <persName corresp="pe54">bror Wilhelm</persName>, ifall Mamma ej var der, när <anchor xml:id="start31187" />hans fullmakt<anchor xml:id="end31187" /> kom. Tre julgubbar visade sig också, och klappar kommo, mindre både till antal och värde än förr, men dock mer än vi sjelfva trott i dessa tider. Den första, en sparbössa för de nödlidande, var adresserad till alla. <persName corresp="pe10">Mille</persName> fick 14 småsaker, men deribland en gungstol af <persName corresp="pe561">Berndt</persName>, som han köpt för billigt på torget. Och så fick hon ”en okänd general, förmodligen en rysse”, densamme tappre krigaren, som äfven infann sig hos Mamma, ifall han ej spruckit på vägen. Jag fick 7, hvaribland en handdukshållare af <persName corresp="pe6548">Agnes</persName> och <persName corresp="pe122">Lönnrots</persName> medaljong af <persName corresp="pe875">Anna</persName>, ylletröja af <persName corresp="pe10">Mille</persName> etc. <persName corresp="pe272">Toini</persName> fick 17, <persName corresp="pe13">Eva</persName> 14, smått skräp. Båda <placeName corresp="pl119">Braista</placeName>flickorna fingo en hop saker hemifrån och smått härifrån. <persName corresp="pe11">Aina</persName> fick 22, hvaribland<pb /> en Åländsk shavl, som Mamma <persName corresp="pe10">Emili</persName> köpt för 14 mark, rätt vacker, samt en stor oljetafla, som <persName corresp="pe561">B.</persName> redan i somras beställt af <persName corresp="pe6675">Emma Gyldén</persName> och som kostat 80 mark – den enda dyrbara julklappen – han skulle väl ej ha kostat ut sig, om det ej varit från hans barndomsvän. <persName corresp="pe561">B.</persName> fick också 11, tror jag, och <persName corresp="pe6555">Calle</persName> och <persName corresp="pe6674">Clara</persName> i köket kläddes i aflagda kläder. Vid qvällsvarden ihågkommo vi, som vanligt, Farmor och alla frånvarande kära. Jag är nu nyfiken att veta, om Mamma varit i <placeName corresp="pl1142">Larsmo</placeName>.</p>
        <p>– Intet särdeles nytt är för resten. Sjukligt är här bland de många invandrarne och i en del trakter af staden. Vi h<subst><del>ade</del><add>a</add></subst> Gudilof härtills sluppit med små krämpor. <persName corresp="pe272">Toini</persName> har haft en flussfeber, <persName corresp="pe11">Aina</persName> likaså, <persName corresp="pe10">Mille</persName> snäfvar af frossen, och <persName corresp="pe875">Anna</persName> hostar. – <anchor xml:id="start31189" />Antingen d. 13 eller 15 Jan. ämnar jag mig till <placeName corresp="pl2735">Åbo</placeName>.<anchor xml:id="end31189" /> – Nej, nu kommer här mera främmande, <persName corresp="pe5649">Otto Nyberg</persName>, så jag får lof att sluta. Må väl, min älskade Mamma! Ett fridfullt godt nytt år med Herrens välsignelse öfver eder alla önskar</p>
        <closer>
          <salute>Mammas egen</salute>
          <signed>Z.</signed>
        </closer>
        <postscript>
          <p>P. S. Barnen skola väl snart skrifva till farmor. – Helsa <persName corresp="pe323">Fannina</persName>, <persName corresp="pe6544">Johanssons</persName>, <persName corresp="pe658">Dyhrns</persName>, <persName corresp="pe659">Stina</persName>, <persName corresp="pe34">Moster Calamnius</persName>, <persName corresp="pe653">Lybecks</persName> och alla vännerna!</p>
        </postscript>
      </div>
    </body>
  </text>
</TEI>