<?xml version='1.0' encoding='UTF-8'?><TEI xmlns:xsi="http://www.w3.org/2001/XMLSchema-instance" xmlns="http://www.tei-c.org/ns/1.0" xsi:schemaLocation="http://www.tei-c.org/ns/1.0 file:/T:/Instruktioner,%20manualer,%20scheman/TEI-scheman%20(AM)/tei_brevschema.xsd">
  <teiHeader>
    <fileDesc>
      <titleStmt>
        <title>Br2105</title>
        <respStmt>
          <resp>Ansvarig redaktör:</resp>
          <name>Laura Mattsson</name>
        </respStmt>
      </titleStmt>
      <publicationStmt>
        <publisher>Zacharias Topelius Skrifter</publisher>
      </publicationStmt>
      <sourceDesc>
        <p>Arkivsignum: se databas</p>
      </sourceDesc>
    </fileDesc>
    <profileDesc>
      <handNotes>
        <handNote medium="black-ink"/>
        <handNote/>
      </handNotes>
    </profileDesc>
  </teiHeader>
  <text>
    <body xml:space="preserve">
      <!-- – ” ’ -->
      <div type="letter">
        <opener>
          <dateline><placeName corresp="pl399">Helsingfors</placeName> 5 Dec. 1864.</dateline>
          <salute>Min Älskade <rs corresp="pe14">Mamma</rs>!</salute>
        </opener>
        <p rend="noIndent">Vännen <persName corresp="pe37">Dyhr</persName>, som medför detta, är ett lefvande bref, men jag kan ej underlåta att tillägga några rader, jemte det jag beder Mamma icke försmå medföljande lilla bidrag till julutgifterna.</p>
        <p>I förrgår lördag fingo vi genom telegramm till <persName corresp="pe768">Leopolds</persName> underrättelse om <rs corresp="pe21">farbrors</rs> bortgång ur detta timliga. Slumre han i frid efter sina långa mödor! <anchor xml:id="start28368"/>Hans vänlighet i mina unga år<anchor xml:id="end28368"/> förvarar jag städse i tacksamt minne.</p>
        <p>Underrättelsen synes mycket ha gripit i synnerhet <persName corresp="pe19">Oscar</persName>. Likväl ser det ut som om ingen af sönerna skulle resa till begrafningen. <persName corresp="pe19">Oskar</persName> är ej rätt frisk och anser sig sjelf ha mycket brådtom med en disputation för bibliothekarietjensten efter <persName corresp="pe104">Ingelii</persName> död, ehuru detta ej kommer i fråga förrän i nästa Maj månad. <anchor xml:id="start38967"/>Om <persName corresp="pe24">Fanny</persName> ha vi planerat hos <persName corresp="pe768">Leopolds</persName>,<anchor xml:id="end38967"/> att hon, efter affärernas utredning, bör flytta till <persName corresp="pe19">Oskar</persName> och hushålla för honom, hvilket å båda sidor vore lämpligast, men ingalunda till Mamma, hvilket jag hör ha varit i fråga från hennes sida. <persName corresp="pe19">Oskar</persName> behöfver henne; han blir annars, som alla gamla ungkarlar, fången i sin vanor och beroende af madammer. – <persName corresp="pe160">Leopold</persName> säger att affärerna de senare åren blifvit nog försummade, så att gubben efterlemnar öfveråriga reverser och obetalda räntor, som han ej velat utkräfva under missvextåren.</p>
        <pb/>
        <p>Jag lemnar åt <persName corresp="pe10">Emili</persName> att skrifva mera om våra vänner och oss sjelfva och tager på min lott att gratulera Mamma till <anchor xml:id="start28371"/>en liten julklapp uti pensionen<anchor xml:id="end28371"/>, såsom Mamma väl sett. Beloppet har jag glömt efterfråga, men det är lätt uträknadt . ”Bättre en half rättvisa, än ingen”, skref jag i dag i <title corresp="tw98">Hfors Tidningar</title>. <anchor xml:id="start28372"/>Jag kunde ej låta bli att lätta mitt hjerta,<anchor xml:id="end28372"/> <anchor xml:id="start28373"/>sedan jag 1859 förgäfves gjorde det i <title corresp="tw98">Hfors Tidn.<anchor xml:id="end28373"/></title> De måtte ändtligen ha skämts, de herrarna i civilstaten, <del>sedan</del> <add>eller</add> också har någon <anchor xml:id="start38966"/>högmögende<anchor xml:id="end38966"/> af de förfördelade drifvit saken igenom. Det har inom några dagar omvexlat både vått och torrt i våra financiela utgifter. Ena dagen fick jag af <persName corresp="pe75">Cygnæus</persName> höra att en annan, en fattig student, skulle behöfva det omtalade statspremium mycket bättre än jag, och det vill jag ingalunda missunna honom. Andra dagen får jag höra att vår finska kurs tänker stiga med ens 25 procent, hvilket är mycket glädjande, men har den lilla olägenhet för mig, att <anchor xml:id="start38968"/>de 1000 riksdaler<anchor xml:id="end38968"/> jag skall få af <persName corresp="pe506">Bonnier</persName>, från 450 rubel, som de skulle ha gjort efter den låga kursen, kanhända krypa ihop till 350 efter den höga – d. v. s. att riksdalern den 1 Jan. och 1 April, när jag skall få mina pengar, gäller endast 35 kopek, i stället för att den en tid gällt 45. Men likasom till ersättning för denna<pb/> betydliga missräkning får jag tredje dagen åter höra, att jag <del>fo</del> kanske förrän jag kunnat hoppas får räkna löneförhöjning från 1 Maj nästa år, emedan det går efter tur och vår vän <persName corresp="pe104">bibliothekarien Ingelius</persName> gått undan på det sorgliga sätt Mamma kanske hört. Han blef sinnessvag och reste ut att söka bot till <placeName corresp="pl1615">Paris</placeName> med <persName corresp="pe536">professor Sirelius</persName>, men hoppade der i sin yrsel ut genom ett fönster i andra våningen och skadade sig så emot stenläggningen, att han dog några dagar derefter. Här är bokstafligen den enas död den andras bröd. Löneförhöjningen gör 220 rubel om året.</p>
        <p><hi rend="underline">Tisdag middag kl. ½ 3.</hi> I går blef jag afbruten, och när ej heller min maka fått tid att skrifva, får mamma i dag ett knapphändigt bref. <persName corresp="pe10">Emili</persName> var först<del>e</del> ute på språng med <persName corresp="pe673">Rosa</persName>, och sedan skulle <persName corresp="pe673">Rosa</persName> se <placeName corresp="pl666">Kajsaniemi</placeName>, så att der åto vi f. m. kaffe. Nu ha vi ätit resmiddag. <persName corresp="pe6547">Flickorna Rosenkampff</persName> äro här, <rs corresp="pe140">Tant</rs> krasslar med ondt i bröstet och ondt i halsen, hvilket hon fått af kalla rum och kalla golf. – Äfven <persName corresp="pe162">Sofi Leopold</persName> har åter haft en skralare tur, men är nu bättre. <persName corresp="pe19">Oskar</persName> var här i går. Jag tycker att båda sönerna bordt resa till <placeName corresp="pl2464">Uleåborg</placeName>, men svårt var att råda så bestämdt, emedan <persName corresp="pe19">Oskar</persName> ej var rätt frisk. Han hade feberkänningar och svullen näsa.</p>
        <pb/>
        <p><persName corresp="pe272">Toini</persName> har nu två veckor och <persName corresp="pe13">Eva</persName> snart en vecka måst vara borta från skolan för en gängse ögonsjukdom, så de gått med skygglappar, men annars äro de glada och raska. – Ja, <persName corresp="pe37">Albert</persName> får nu berätta nyheter. <persName corresp="pe3132">Tull-Born</persName> smider alla möjliga ränker för att blifva <persName corresp="pe203">J. V. Snellmans</persName> efterträdare och göra hela <anchor xml:id="start28374"/>myntregleringen<anchor xml:id="end28374"/> om intet. Måtte det <hi rend="underline">icke</hi> lyckas honom! – <title corresp="tw178"><anchor xml:id="start28375"/>Hufvudstadsbladet</title> begynte kringskickas i går;<anchor xml:id="end28375"/> nog är det beqvämt att få alla nyheter skickade till sig kl. 8-9 på morgonen: kanske ger detta lif åt det annars dödfödda bladet.</p>
        <p>– <anchor xml:id="start28352"/>I fredag slutar jag mina föreläsningar<anchor xml:id="end28352"/> med slaget vid <placeName corresp="pl1288">Lützen</placeName>. Allt hålla mina åhörare ut, men nu resa många studenter sin kos; det är 2 graders värme och regn.</p>
        <p>– Vi skrifva troligen i måndag, och då mera nyheter. Får <persName corresp="pe10">Mille</persName> vara så rask som härtills, vore det roligt. Och från Mamma vänta vi snart några rader. Gud gifve Mamma vore rask. Nog vet jag Farbrors frånfälle äfven rör Mamma nära. – <persName corresp="pe19">Oskar</persName> trodde i går att <persName corresp="pe24">Fanny</persName> skulle komma till honom. Från <persName corresp="pe22">Gustaf</persName> ha de ej hört något, om han far eller ej. Måväl, älskade Mamma! Muntliga helsningar sändas från Mammas allraegnaste</p>
        <closer>
          <signed>Z. E. och barnen.</signed>
        </closer>
        <postscript>
          <p>– P. S. <persName corresp="pe673">Rosa</persName> var syrpris för oss. Nog hade vi gerna sett <persName corresp="pe323">Fanny</persName> också!</p>
        </postscript>
        <postscript><p rend="place_leftMargin">Bror <persName corresp="pe37">Albert</persName> har gifvit <persName corresp="pe11">Aina</persName> ett vackert Album och diverse åt <persName corresp="pe10">Emili</persName>. Nog har han velat betala för sig. Skada att jag denna tid haft så mycket arbete!</p></postscript>
        <postscript><p rend="place_leftMargin"><persName corresp="pe673">Rosa</persName> har varit snäll och ej <add>haft</add> mycken hemlängtan.</p></postscript>
      </div>
    </body>
  </text>
</TEI>