<?xml version='1.0' encoding='UTF-8'?><TEI xmlns:xsi="http://www.w3.org/2001/XMLSchema-instance" xmlns="http://www.tei-c.org/ns/1.0" xsi:schemaLocation="http://www.tei-c.org/ns/1.0 file:/T:/Instruktioner,%20manualer,%20scheman/TEI-scheman%20(AM)/tei_brevschema.xsd">
  <teiHeader>
    <fileDesc>
      <titleStmt>
        <title>Br1781</title>
        <respStmt>
          <resp>Ansvarig redaktör:</resp>
          <name>Laura Mattsson</name>
        </respStmt>
      </titleStmt>
      <publicationStmt>
        <publisher>Zacharias Topelius Skrifter</publisher>
      </publicationStmt>
      <sourceDesc>
        <p>Arkivsignum: se databas</p>
      </sourceDesc>
    </fileDesc>
    <profileDesc>
      <handNotes>
        <handNote/>
        <handNote/>
      </handNotes>
    </profileDesc>
  </teiHeader>
  <text>
    <body xml:space="preserve">
      <!-- – ” ’ -->
      <div type="letter">
        <opener>
        <dateline><placeName corresp="pl399">Helsingfors</placeName> fredag 3 Jan. 1862.</dateline>
        <salute>Min Älskade <rs corresp="pe14">Mamma</rs>!</salute>
        </opener>
        <p rend="noIndent">Ehuru <persName corresp="pe10">Mille</persName> skrifver i dag, vill jag dock tillägga några ord, efter Gud i sin nåd låtit oss behålla vår <persName corresp="pe272">Toini</persName>, så att jag kan gifva Mamma någon ersättning för de två bekymmersama brefven de förra posterna. Jag måste likväl strax säga, att äfven detta bref är ej alldeles bekymmerfritt, emedan vi ännu äro <anchor xml:id="start27046"/>oroliga för <persName corresp="pe461">Johannes</persName>, hvilken juldagen fick lägga sig i ett recidiv af sin tyfus<anchor xml:id="end27046"/>. Med Guds bistånd hoppas vi dock att han skall gå igenom, ty sjukdomen är nu lindrigare; det är nu tionde dygnet och han har ej alls yrat, endast lidit af feber och sömlöshet. Efter en kylslagen dusch i förrgår<pb/> fick han sofva i går nära tolf timmar. Han lider nu af bröstvärk, så att duscherna ej kunna fortsättas tillsvidare, men vi hafva dock hopp att han skall småningom blifva bättre. Han vore det troligen redan, om han ej i början trott sig hafva frossa och ätit kinin mer än godt gjorde. Mamma är god och underrättar <persName corresp="pe323"><anchor xml:id="start27160"/>Fanny</persName> härom samt att jag i dag skrifvit till <persName corresp="pe741">Lisette<anchor xml:id="end27160"/></persName> på <placeName corresp="pl744">Kauhajoki</placeName>.</p>
        <p><anchor xml:id="start27047"/>Detta var ännu en qvarlefva af förra årets många bekymmer.<anchor xml:id="end27047"/> Men alltsedan detta års början är det liksom vi skulle känna Guds nådes hand synbarligen öfver oss till tröst och lättnad. Gud låte oss ock förstå hans nådiga mening och söka Hans rike i detta år!</p>
        <pb/>
        <p>Hvad jag är ledsen att jag så utan skonsamhet oroade Mamma med mina bekymmer uti de förra brefven! Men jag var så bedröfvad, jag trodde ju att vi skulle mista vårt älskade barn! Redan samma dag mot qvällen tog sjukdomen en så lycklig vändning, att <persName corresp="pe178">Willebrand</persName> kunde, till gåfva på vår brölloppsdag – som våra vänner, men icke vi kommo ihåg – skänka oss den trösten att halsen höll på att läkas. Och sedan gick det snabbt framåt, medicin minskades redan i tisdags till hälften och upphörde i går alldeles, utom att <persName corresp="pe272">Toini</persName> nu får medicinera för ett rosartadt utslag i ansigtet, hvilket vi hoppas snart går öfver. Ja, kära <rs corresp="pe14">farmor</rs>, nog var hon bra sjuk. När man såg henne i halsen, var allt hvitt och gult och på venstra sidan af tungan en hvit fläck som en mindre böna, och körtlarna så svullna, att <persName corresp="pe178">Wbd</persName> förundrade sig hur hon alls kunde andas. Omslagen voro så bra. Ack, om<pb/> vi vetat af dem och af istersmörjningen, när <persName corresp="pe12">Micha</persName> var sjuk – men det var väl Guds vilja, och vi ha sett att också den nyare konsten kan arbeta förgäfves! – Nu leka de båda med hvar sitt bord uppradadt vid sängen och pocka bara på flera julklappar, så vi bli rådlösa.</p>
        <p>De andra äro ännu på fötter och <persName corresp="pe274">Rosa</persName> munter och pratig. Farmor skulle höra henne sjunga: en liten fågel – och ”sta ja flyda på Tronses tate då?” – ”Sta ja trypa under sännen då” – och mun går på henne. –</p>
        <p>Intet nytt af vigt – Vi längta efter bref. <persName corresp="pe2123">Fru Barck</persName> är ännu här, men vi ha ej träffat henne. Helsa <persName corresp="pe262">Sofi</persName> och <persName corresp="pe54">Wilhelm</persName> – vi skola väl snart skrifva till dem. Men hvar håller Mamma hus nuförtiden?</p>
        <closer>
        <salute>Mammas egnaste</salute> <signed>Z.</signed>
        </closer>
      </div>
    </body>
  </text>
</TEI>