<?xml version='1.0' encoding='UTF-8'?><TEI xmlns:xsi="http://www.w3.org/2001/XMLSchema-instance" xmlns="http://www.tei-c.org/ns/1.0" xsi:schemaLocation="http://www.tei-c.org/ns/1.0 file:/T:/Instruktioner,%20manualer,%20scheman/TEI-scheman%20(AM)/tei_brevschema.xsd">
  <teiHeader>
    <fileDesc>
      <titleStmt>
        <title>Br2021</title>
        <respStmt>
          <resp>Ansvarig redaktör:</resp>
          <name>Laura Mattsson</name>
        </respStmt>
      </titleStmt>
      <publicationStmt>
        <publisher>Zacharias Topelius Skrifter</publisher>
      </publicationStmt>
      <sourceDesc>
        <p>Arkivsignum: se databas</p>
      </sourceDesc>
    </fileDesc>
    <profileDesc>
      <handNotes>
        <handNote id="ZT" medium="black-ink">Zacharias Topelius</handNote>
        <handNote id="ET" medium="black-ink">Emilie Topelius</handNote>
      </handNotes>
    </profileDesc>
  </teiHeader>
  <text>
    <body xml:space="preserve">
      <!-- – ” ’ æ ½ -->
      <div type="letter">
        <div type="letterpart" part="i">
          <opener>
        <dateline><handShift new="#ZT"/><placeName corresp="pl399">Helsingfors</placeName> fredag 6 April 1866.</dateline>
        <salute>Goda <rs corresp="pe14">Mamma</rs>!</salute>
        </opener>
          <p rend="noIndent">Jag skickar några rader för att underrätta dels att <rs corresp="pe140">Tant</rs> rest och dels att <persName corresp="pe272">Toini</persName> är bättre.</p>
          <p>Sedan nära en vecka ha vi haft ständig stark blida, ofta med regn, och föret tog så hastigt af, att både Tant sjelf och vi blefvo bekymrade för hennes återresa. Hon hade uppgjort ressällskap med <persName corresp="pe25">Ludvig L.</persName>, och han blef ej färdig förrän i <hi rend="underline">onsdags</hi>, så att då först afreste Tant och <persName corresp="pe318">Ninni</persName> på bantåget, med beslut att vända om från <placeName corresp="pl2315">Tavastehus</placeName>, i fall de der skulle få höra att vägarna voro <anchor xml:id="start30245"/>inpraktikabla<anchor xml:id="end30245"/>. Då de emellertid ej vändt om, så hafva de fortsatt resan, troligen med två hästar, och jag önskar uppriktigt att de må komma med mammas suflett helst till <placeName corresp="pl2798">Östermyra</placeName>, hvarifrån de i nödfall torde få låna vagn. Här äro gatorna nu nästan bara, och vi ha haft ett sådant slask,<pb/> att vattnet rann in i gårdsvaktens kammare under köket, så att hela familjen måsta sofva en natt i vårt kök. – Tisdagen var tant här till middag och qväll med <persName corresp="pe656">Borgströms</persName> på qvällen (<persName corresp="pe768">Leopolds</persName> kunde ej komma för slasket) och vårföreningen sjöng för dem. Två eller tre middagar förut hade <persName corresp="pe10">Mille</persName> förgäfves väntat tant med våra renstekar, som vi fått både från <del><persName corresp="pe645">Häggströms</persName></del> <add><persName corresp="pe653">Lybecks</persName></add> och <persName corresp="pe37">Dyhr</persName>. <persName corresp="pe416">Max</persName> for i måndags, efter ömt afsked af sin mamma och – <persName corresp="pe5279">Laura Frenckell</persName>. Påskafton åto <persName corresp="pe10">Mille</persName>, <persName corresp="pe272">Toini</persName> och <persName corresp="pe13">Eva</persName> sina ägg hemma, men jag, <persName corresp="pe11">Aina</persName>, <persName corresp="pe561">Berndt</persName> och <persName corresp="pe560">Mimmi</persName> foro på bjudning till <persName corresp="pe768">Leopolds</persName>. Tant var den qvällen mycket missmodig, men sedan <persName corresp="pe416">Max</persName> var rest, var hon mycket gladare och trefligare hos oss. Måtte hon nu komma väl fram!</p>
          <p><persName corresp="pe272">Toini</persName> <anchor xml:id="start30242"/>pian<anchor xml:id="end30242"/> låg, som jag sist skref, på femte dygnet i brinnande feber, och rosen utbredde sig öfver hela ansigtet, tilldess att den ändtligen natten mot påsklördagen stadnade litet ofvanom hårfästet<pb/> och utan att ha hunnit på öronen. Sedan hon fick kinin, upphörde febern med ens, och hon går nu ute i rummen, men är ännu temligen svullen mellan och under ögonen. <persName corresp="pe500">Hjelt</persName> säger att det är vatten och har föreskrifvit ångbad, om det ej går bort af sig sjelf. Vi voro ganska oroliga ännu långfredagsqväll, och jag var lika orolig för <persName corresp="pe10">Mille</persName> som för pian, men Gudskelof, det har haft sin öfvergång och <persName corresp="pe10">Mille</persName> har mot förmodan ej haft några efterkänningar. Kalflungan tycks vara en god sak. Min gumma kommer just nu promenerande hem ända från <persName corresp="pe3500">Rudolfine W.</persName> vid ändan af <placeName corresp="pl2745">Nylandsgatan</placeName>, den en liten pilt arriverat ett par veckor före påsk. – Ett sorgligt dödsfall inträffade när unga <persName corresp="pe6197">fru Sirelius</persName> (pastorskan) född <persName corresp="pe6197">Wænerberg</persName> dog uti barnsängsfeber. – För öfrigt intet nytt. Till <persName corresp="pe2166">Inga</persName> har jag ej hunnit ännu. Helsa alla de våra! I hast</p>
          <closer>
            <salute>Mammas egen</salute> <signed> Z.</signed>
          </closer>
        <postscript><p>Nog måste Mamma så mera korn än vanligt i vår – Alla hoppas ett gifvande år. – Jag skall bestå Mamma ett par tunnor extra.</p></postscript>
        </div>
        <div type="letterpart" part="f">
          <p><handShift new="#ET"/>Nu vill jag sluta brefvet, <persName corresp="pe614">Z.</persName> stackare har <anchor xml:id="start30247"/>sin föreläsning<anchor xml:id="end30247"/> i bläckhornet än, och nu skrifver han till <persName corresp="pe37">Dyhr</persName>. – <persName corresp="pe3500">Rudolfine</persName> bad helsa till <persName corresp="pe323">Fanny</persName> så mycket, jag kommer just derifrån en duktig <persName corresp="pe6198">Lars Gustaf</persName> har hon, på en qvart timme var allt expedierat, och nu är hon i full rörelse. Det är roligt att se huru väl vårdade hennes barn äro.</p>
          <p><persName corresp="pe272">Toini</persName> är så olik sig att man ej skulle känna henne, hon var bra sjuk! Ledsamt att hon har det der anlaget för ros, hur skall man kunna akta henne rigtigt.</p>
          <p>I går köpte jag ett stycke <placeName corresp="pl245">Forssa</placeName> <anchor xml:id="start30272"/>shirting<anchor xml:id="end30272"/>, tre bomulls tygs klädningar ligga och vänta på att bli färdiga, så nog kommer maskin i gång. Jag har lappat lakan på den nu i två dagar, det går som en dans, och man får vara så mycket ledig ändå. Sju lakan <anchor xml:id="start30273"/>stadvändes<anchor xml:id="end30273"/> och lappades åt barnen på två dagar. Man orkar ej sitta jemnt. <persName corresp="pe11">Aina</persName> syr <persName corresp="pe2166">Inga Wennerholms</persName> hatt som hon bad henne <anchor xml:id="start30274"/>beställa<anchor xml:id="end30274"/>, vi tyckte efter <persName corresp="pe11">Aina</persName> lagar sina och mina hattar så skulle det duga åt <persName corresp="pe2166">Inga</persName>, men inte vet jag om hon törs säga att hon gjort den. Förestånderskan gaf <persName corresp="pe11">Aina</persName> ett nytt blått klädningstyg som hon tagit af <persName corresp="pe2166">Inga</persName> för att hon ej skulle förstöra det ty hon kan inte alls <del>l</del>göra något handarbete ordentligt. Det ligger nu här tills vi få höra om hon skall hem eller accorderas ut någonstans på landet. <persName corresp="pe614">Zachris</persName> lär ha svarat på frågorna om <persName corresp="pe2166">Ingas</persName> pengar. Tack <persName corresp="pe323">Fanny</persName> för brefvet, snart skrifver jag till dig. <persName corresp="pe6200">Levons</persName> som äro här ha fått telegram att föret är slut<!--fortsätter i vänstra marginalen på sid. 4 och 2. MD--> i <placeName corresp="pl855">Österbotten</placeName> och de blefvo qvar här och vänta på hjulföre. Fåse huru Tant haft. Voj voj den <persName corresp="pe640">Frans Dyhr</persName> hvad det är ledsamt med honom, han blir så precist som vår <persName corresp="pe309">Julius</persName>, opp och ut lika. Han har begärt 1200 mark nu af fadern för att slippa hem.<!-- sid. 2--> Jag vet icke hvad som är rättast att köpa <placeName corresp="pl2299">Tamerfors</placeName> lärft till lakan etc eller försöka få hemväfvadt. Det hörs nu så dåliga rykten om det, <persName corresp="pe6199" correspUncert="Y">Fru Ilmoni</persName> sade köp för all del ej af det, garnet till och med, duger ej sade hon. Och många säga detsamma. Nej nu måste jag sluta kl. är mycket. Hjertliga helsningar från oss alla.</p>
          <closer><salute>Mammas</salute><signed>Emilie</signed></closer>
        </div>
      </div>
    </body>
  </text>
</TEI>