<?xml version='1.0' encoding='UTF-8'?><TEI xmlns:xsi="http://www.w3.org/2001/XMLSchema-instance" xmlns="http://www.tei-c.org/ns/1.0" xsi:schemaLocation="http://www.tei-c.org/ns/1.0 file:/T:/Instruktioner,%20manualer,%20scheman/TEI-scheman%20(AM)/tei_brevschema.xsd">
  <teiHeader>
    <fileDesc>
      <titleStmt>
        <title>Br2085</title>
        <respStmt>
          <resp>Ansvarig redaktör:</resp>
          <name>Laura Mattsson</name>
        </respStmt>
      </titleStmt>
      <publicationStmt>
        <publisher>Zacharias Topelius Skrifter</publisher>
      </publicationStmt>
      <sourceDesc>
        <p>Arkivsignum: se databas</p>
      </sourceDesc>
    </fileDesc>
    <profileDesc>
      <handNotes>
        <handNote medium="black-ink"/>
      </handNotes>
    </profileDesc>
  </teiHeader>
  <text>
    <body xml:space="preserve">
      <!-- – ” ’ æ ½ -->
      <div type="letter">
        <opener>
          <dateline><placeName corresp="pl399">Helsingfors</placeName> 20 April 1868. Måndag</dateline>
          <salute>God morgon, min Älskade <rs corresp="pe14">Mamma</rs>!</salute>
        </opener>
        <p rend="noIndent">Det är en vacker aprilmorgon, 6 graders värme, sydlig vind, strömoln, drifvor och bara fläckar om hvarandra i parken. <persName corresp="pe556">Zache</persName> kom i går med en knoppande blåsippa; i går körde man ej mera på isarna, om två, högst tre veckor vänta vi sjöfart. Detta är ungefär normalt, men 5 à 6 veckor tidigare än i fjol. I dag är Amalia, som firats i köket på morgonen med kaffe och en <add>marks</add> krans, subskriberad af <persName corresp="pe516">Fina</persName> och barnen. – Wi må Gudilof bra, utom <persName corresp="pe875">Anna</persName> fattig, hvilken är klen som förut. Ibland tycka vi att hon är sämre och tröttare, ibland åter oförändrad. När hon svettas om nätterna, är hon tröttare på dagen. Hon tager nu tre gånger om dagen kinin, det enda som visar någon verk<gap reason="damage" extent="3" unit="words"/> nattsvetten. Och så<gap reason="damage" extent="4" unit="words"/> i mjölken. En d<gap reason="damage" extent="4" unit="words"/> den och tyckte at<gap reason="damage" extent="4" unit="words"/> <persName corresp="pe875">Anna</persName> borde <gap reason="damage" extent="5" unit="words"/> och gick ett <gap reason="damage" extent="5" unit="words"/> efteråt, att <gap reason="damage" extent="5" unit="words"/> gå ut, fast <gap reason="damage" extent="5" unit="words"/> hjelpe henne <gap reason="damage" extent="5" unit="words"/> hem, stac<gap reason="damage" extent="6" unit="words"/><pb/> I går voro <persName corresp="pe656">Borgströms</persName> och <persName corresp="pe2816">Deckers</persName> och <persName corresp="pe9353">F. Snellmans</persName> och <persName corresp="pe9508" correspUncert="Y">Heikellerna</persName> och <persName corresp="pe6829">Holstierna</persName> här på afton – det var en lång rad, och <persName corresp="pe516">Fina</persName> hade fått lof att gå till en bekant, men <persName corresp="pe6548">Agnes</persName> och <persName corresp="pe272">Toini</persName> hjelpte mamma och <persName corresp="pe566">Amalia</persName>, så att allt gick bra, så enkelt som här var, bara thé med litet kallt uppskuret. De gamla vännerna äro så välmenta. Häromdagen kom <persName corresp="pe284">Lina</persName> och tog <persName corresp="pe13">Eva</persName> med sig till <persName corresp="pe6828">mamsell Zirk</persName>, som kunde en konst att surra sneda axlar med bukgjordsstroppar, och <persName corresp="pe6828">Zirkan</persName>, var så snäll och surrade <persName corresp="pe13">Majo</persName>, så att <persName corresp="pe10">Mille</persName> lärde sig konsten. Det tycks icke alls genera; om det nu hjelper, få vi se. Annars gymnasticerar <persName corresp="pe13">Maj<subst>o</subst></persName> tre dagar i veckan. Jag har i förra veckan skrifvit några nya psalmförslager, under väntan <unclear reason="damage" resp="MD">på</unclear> <persName corresp="pe564">Lille</persName>, som måst blifva i <placeName corresp="pl2091">Sjundeå</placeName> <gap reason="damage" extent="3" unit="words"/>en, för att predika. – <gap reason="damage" extent="3" unit="words"/> vi ej brytt oss om att <gap reason="damage" extent="3" unit="words"/> för en oviss framtid, <gap reason="damage" extent="4" unit="words"/>a veta Mammas tanke, <gap reason="damage" extent="5" unit="words"/>ler icke taga någon <gap reason="damage" extent="5" unit="words"/> <placeName corresp="pl1512">NyCarleby</placeName>. Mamma <gap reason="damage" extent="5" unit="words"/> vi få göra som vi <gap reason="damage" extent="6" unit="words"/>i villrådiga. Litet <gap reason="damage" extent="6" unit="words"/> låta <persName corresp="pe566">Amalia</persName> någon <gap reason="damage" extent="6" unit="words"/> <persName corresp="pe3">Kleinehs</persName> kök<pb/> och sedan i medlet af Juli komma med Österbotten<!-- ångbåten Österbotten --> till <placeName corresp="pl1512">NyCarleby</placeName>. Då skulle Mamma först få besvär med <persName corresp="pe272">Toini</persName> och <persName corresp="pe13">Eva</persName> utan domestik. – Ja, hur må det nu vara hos eder? Kanske få vi denna vecka några rader af Mammas kära hand. Fröna skola vi skicka med posten, kanske i fredag. Jag såg i en <placeName corresp="pl2561">Wasa</placeName> korrespondens, att folket i <placeName corresp="pl1512">NyCarleby</placeName> trakten börjat göra nödbröd af björkbark. Må det vara så bra? Och har Mamma och <persName corresp="pe451">Ezer</persName> roffrö, eller skall jag skicka sådant senare? </p>
        <p>– Här gå hungern och vällefnaden, lazaretterna och soiréerna bredvid hvarandra, liksom förut. I dag är det stora <persName corresp="pe611">Adlerbergska</persName> lotteriet för arbteshuset – 1000 vinster och 20,000 lotter à 1 mark. Vi ha tagit bara 6, deribland en åt <persName corresp="pe323">Fanny</persName>. Om nu <persName corresp="pe323">Fanny</persName> skulle vinna en af de stora kejserliga vinsterna, så vore det en liten uppmuntran: vi andra bruka aldrig vinna något. Präktiga saker finns der; också mycken inhemsk slöjd. Apropos deraf, så gör <anchor xml:id="start32251"/>vårt slöjdbolag<anchor xml:id="end32251"/> ändå mer än mången tror. Det har bland annat fått beställning på <anchor xml:id="start32252"/>8,000 alnar<anchor xml:id="end32252"/> lärft, 400 ylletröjor, en hop färdiga skjortor etc., och dessa beställningar har det sedan fördelat till <placeName corresp="pl539">Ilmola</placeName>, <placeName corresp="pl28">Alavo</placeName> m. fl. orter, som skickat<pb/> profver. I <placeName corresp="pl2299">Tammerfors</placeName> ha några fruntimmer begynt göra <anchor xml:id="start32281"/>trådknappar<anchor xml:id="end32281"/> af olika storlek, starkare än de utländska och till samma pris. En österbottning gör här utmärkta pappersknifvar för 25 penni stycket. – Nå, Mamma, <persName corresp="pe203"><anchor xml:id="start32282"/>J. V. Snellman</persName>, som tröttnat! Han begär nu för tre månaders tjenstledighet, emedan han derefter får pension, och så tar han afsked.<anchor xml:id="end32282"/> Kanske är det bra, ty med alla sina stora förtjenster, har hans envishet och sjelfklokhet gjort mycken skada vid undsättningsåtgärderna, emedan han ansett sig förstå allt bättre än andra. Ändå skall en framtid förstå att uppskatta honom bättre än hans samtid.</p>
        <p>Frågan om <placeName corresp="pl1513">Lappo elf</placeName> förföll i senaten, när <persName corresp="pe6824">kapten Willebrand</persName> uträknat, att der behöfdes så många slussar, att arbetet skulle kosta 400,000 mark. Det der är nu vidskepelse. <placeName corresp="pl1512">NyCarleby</placeName> måste gifva sig litet till tåls, tills tiderna litet ljusna, men ingalunda lemna saken derföre. Der borde i sommar anställas en ny undersökning. – <persName corresp="pe556">Zache</persName> mår bra och funderar på hvem han skall resa hem med, när <persName corresp="pe8663" correspUncert="Y">Jonathan Ingman</persName> far från honom. <rs corresp="pe140">Tant</rs> har dragits med oordningar i magen, men är annars i hufvudsaken på bättring. Må väl, älskade Mamma! Helsa så hjerteligt <persName corresp="pe323">Fanny</persName> och alla vännerna från Mammas egen</p>
        <closer>
          <signed>Z.</signed>
        </closer>
          <postscript>
            <p rend="place_leftMargin"><persName corresp="pe323">Fanny</persName> har lotten N<hi rend="raised">o</hi> 14,351 – sök efter den nummern i tidningarna! Kejserliga servisen anses vara värd 1000 rubel – <persName corresp="pe6826">fru Sinebrychoff</persName> bjuder strax 2,400 mark åt den som vinner den. Så finnas der, bland annat, sex hundrarubels obligationer med del i ryska statslotteriet och möjlighet att vinna 200,000 rubel.</p>
          </postscript>
        <postscript>
          <p rend="place_previousPage_leftMargin"><!--skrivet i vänstra marginalen på sid. 3-->Nå, hvad säger mamma om <persName corresp="pe561">Berndts</persName> ädla handling? Det var en stor uppoffring af honom – han hade så gladt sig åt resan – och han skulle ha fått stipendiet – men han sökte ej. Jag håller dubbelt af honom derför – Mamma skall få se, att det medför välsignelse!</p>
        </postscript>
        <postscript>
          <p rend="place_previousPage_leftMargin"><!--skrivet i vänstra marginalen på sid. 2--><persName corresp="pe564">Lille</persName> var just här på besök, nyss återkommen. <gap reason="damage" extent="5" unit="words"/>dera vårt <placeName corresp="pl2735">Åbo</placeName> arbete. – <persName corresp="pe466">Arppe</persName> har i dag en för<gap reason="damage" extent="5" unit="words"/> ömtålig sak, <subst><del>som</del><add>på</add></subst> hvilken enda rätta svaret hade varit <gap reason="damage" extent="5" unit="words"/></p>
        </postscript>
      </div>
    </body>
  </text>
</TEI>