﻿<?xml version="1.0" encoding="UTF-8"?>
<TEI xmlns:xsi="http://www.w3.org/2001/XMLSchema-instance" xmlns="http://www.tei-c.org/ns/1.0" xsi:schemaLocation="http://www.tei-c.org/ns/1.0 file:/T:/Instruktioner,%20manualer,%20scheman/TEI-scheman%20(AM)/tei_brevschema.xsd">
  <teiHeader>
    <fileDesc>
      <titleStmt>
        <title>Br2057</title>
        <respStmt>
          <resp>Ansvarig redaktör:</resp>
          <name>Laura Mattsson</name>
        </respStmt>
      </titleStmt>
      <publicationStmt>
        <publisher>Zacharias Topelius Skrifter</publisher>
      </publicationStmt>
      <sourceDesc>
        <p>Arkivsignum: se databas</p>
      </sourceDesc>
    </fileDesc>
    <profileDesc>
      <handNotes>
        <handNote medium="black-ink" />
      </handNotes>
    </profileDesc>
  </teiHeader>
  <text>
    <body xml:space="preserve">
      <!-- – ” ’ æ ½ -->
      <div type="letter">
        <opener>
          <dateline><placeName corresp="pl2735">Åbo</placeName> 28 Jan. 1868, Tisdagsmorgon.</dateline>
          <salute>Min Älskade <rs corresp="pe14">Mamma</rs>!</salute>
        </opener>
        <p rend="noIndent">Posten går härifrån norrut om tisdagar, thorsdagar och lördagar, således hoppas jag få språka litet med mamma hvar tisdag. Icke har jag hört knäpp eller kny af mamma, sedan jag kom hit, men jag har ju ej ännu varit två veckor borta från de mina; jag tycker det är fyra. Tiden vore ej så lång<del>,</del> och skulle flyga hastigare än jag ville för arbetets skull, om jag blott kunde vara lugn för de mina i <placeName corresp="pl399">Helsingfors</placeName>, men som Mamma vet, ligger <persName corresp="pe11">Aina</persName> svårt sjuk i lunginflammation, och om Gud låter oss behålla det kära barnet, vår förstfödda, som ju äfven är farmors älskling, så fruktar jag mycket, att <persName corresp="pe10">Mille</persName> sedan lägger sig att bli sjuk, ty hvad skall det annat blifva för henne stackare, efter nattvak, oro och ansträngningar? Det är icke roligt att vara borta från de sina under sådana omständigheter och ej kunna vara dem till någon tröst eller hjelp. Jag längtar eftre hvarje bref och bryter det ändå med klappande hjerta, – jag är så rädd, att Gud vill, efter menniskors onödiga <anchor xml:id="start31228" />fjäs<anchor xml:id="end31228" />, kasta mig alldeles ned i stoftet med någon svår pröfning. Han har gifvit oss <del>så</del> ovärdige så mycken kärlek och så mycken sällhet, att jag fruktar<pb /> <subst><del>h</del><add>H</add></subst>an vill taga sina rika gåfvor tillbaka, för att rätt ödmjuka oss. Ske Hans vilje! Jag kan ju icke annat, än ställa oss alla under Hans allmakts och barmhertighets hand, som ända härtills så nådigt bevarat oss. Det som också tröstar mig, är att jag denna gång icke lemnat de mina af egen vilja eller för någon vanlig saks skull, utan likasom på Guds egen kallelse, för att med det pund Han gifvit mig, ringe tjenare, arbeta för Hans rike på jorden. Om och hvad jag kan uträtta, är osäkert, men min Gud vet att jag hafver viljan, och Hans helige Ande skall göra resten. – Jag ville nu så gerna muntra Mamma med ett gladt bref, men min stackars <persName corresp="pe10">Mille</persName> och <persName corresp="pe11">Aina</persName> ligga mig för mycket i hågen. Jag har ännu icke lärt den svåra konsten att, som <persName corresp="my236">Abraham</persName>, med frimodigt hjerta offra <subst><del>s</del><add>m</add></subst>itt käraste åt Gud. <del>Och så</del> Men det har jag märkt, att med Guds ord följer likväl en förunderlig tröst, så att när man dermed umgås från morgon till qväll, så går det bättre än någonsin annars att kasta alla sina sorger på Herren vår Gud. Att skrifva psalmer, fordrar en mycket stor sjelfförsakelse, der duger ingenting af vårt eget, sjelfva poesins<pb /> fagraste blomster blifva så lätt förvissnade jordiska blommor inför den Högstes ansigte, och deraf kommer det, att få eller inga i vår tid riktigt lyckats dermed, ty i vår tid tränger sig menniskans syndiga Jag mer än förr uti förgrunden och bortskymmer Guds herrlighet. <persName corresp="pe2"><anchor xml:id="start31229" />Runebergs</persName> och <persName corresp="pe148">Stenbäcks</persName> omarbetningar<anchor xml:id="end31229" /> hafva visst fört saken ett godt stycke framåt, och jag begriper nu hvilk<subst><del>en</del><add>a</add></subst> årslånga mödor det kostat dem. Men ändå finnes der ännu mycket, mycket ogräs att bortrensa i Herrens lustgård, och en revision har varit oundgängligt nödvändig, så mycket än <persName corresp="pe148">Stenbäck</persName> är deremot. Det är nu dermed vi hålla på. Hvar eftermiddag kl. 4 kommer <persName corresp="pe143">Schauman</persName> hit till <persName corresp="pe564">Lille</persName> och mig, och så arbeta vi tillsammans, ibland längre, ibland kortare in på aftonen, allteftersom vännerna låta oss vara i fred. På förmiddagarna och deremellan gå vi hvar för sig igenom psalmerna, jemföra dem med hvarandra och med originalerna o. s. v. När vi då äro ense om ett antal psalmer, har komitén formeligt sammanträde med <rs corresp="pe549">erkebiskopen</rs> i domkapitlets rum, då ändringarne ytterligare granskas och godkännas. Det gläder mig mycket, att <persName corresp="pe143">Schauman</persName> och jag äro i de<pb /> flesta frågor af samma tanke, med den skilnad naturligtvis, att han har mångfaldt större insigt och erfarenhet i trosläran och upptäcker brister eller gör rättelser, om hvilka jag ej skulle haft någon aning, så att nog är det han, som gör hufvudsaken. <persName corresp="pe564">Lille</persName> har på sin lott att bena med ord och meningar, jag åter att redigera det nya vi vilja sätta i stället, äfvensom att öfversätta sådana anderika psalmer, som <persName corresp="pe143">Schauman</persName> valt ut och som icke förr funnits uti vår <title corresp="ve1212">psalmbok</title>, men äro en stor vinst att införa i stället för några mycket skrala gamla psalmer, som mönstras ut. Emellertid ha vi alla en sådan kärlek för <title corresp="ve1212">gamla psalmboken</title>, att vi endast då sätta någon ändring eller något nytt i stället, när vi sorgfälligt öfvertygat oss om att det nya är bättre. Följden har varit den, att vi redan på en hel mängd ställen återgått från <persName corresp="pe2">Runebergs</persName> och isynnerhet från <persName corresp="pe148">Stenbäcks</persName> förslag tillbaka till <title corresp="ve1212">gamla psalmbokens</title> kraftigare och anderikare ord eller ordställningar, tillochmed när de varit knaggliga i formen, ty vi anse andens kraft för hufvudsak<pb /> och formen för mindre vigtig, i motsats mot våra föregångare, som varit så ängslige för ett falskt rim eller en stafvelse för mycket, att de derföre uppoffrat månget gammalt guldkorn. Jag vet ej om Mamma har <title corresp="tw2347"><persName corresp="pe148">Stenbäcks</persName> psalmbok</title>. Han har t. ex. omarbetat trosartiklarna, som läsas från altaret, och vi ha återställt dem nästan alledeles efter <title corresp="ve1212">gamla psalmboken</title>, utom ett par helt obetydliga rättelser. Jag hoppas detta skall gläda <persName corresp="pe262">syster Sofi</persName> och <persName corresp="pe54">broder Wilhelm</persName>. Det är klart, att vårt verk blir ofullkomligt, som alla de andra, <del>och</del> skall kritiseras som alla de andra och åter efter en tid få sina förbättrare. Men närmare <title corresp="ve1212">gamla psalmboken</title> står det i alla fall, och mer kan ingen göra, än handla efter sitt bästa samvete, under bön att Guds ande vill upplysa vårt mörker och nedslå vår egen vilja, för att kunna verka i och genom oss, svaga, bristfulla redskap. – När vi komma till slut med detta arbete, veta vi ännu icke, blott att så snart lärer det icke bli möjligt. Jag längtar till de mina, men hvad hjelper det, jag får gå min Guds ärender och endast bedja att vara en trogen tjenare.<pb /> En svårighet ha vi här med vänner och bjudningar, som redan tagit från oss mer än en dyrbar stund och blanda bort våra tankar. Vi ha varit bjudne till <persName corresp="pe9291" correspUncert="Y">Malmströms</persName>, <persName corresp="pe6687">Creutz</persName> och <persName corresp="pe6686">Renvalls</persName> på soupéer samt ryckts äfven på andra håll i rocken. Artiga och vänliga ha många varit, det vore otacksamt att misskänna, och långa tal ha hållits och visor sjungits för oss m. m., men jag sutte<!-- satte? LM --> långt hellre i fred med mitt kära arbete, det trifs jag bäst med, och det lägger sig som en lugnande hand öfver alla oroliga tankar. Det som mest behagat mig af <placeName corresp="pl2735">Åbo</placeName>bornas artighet var en frisk vacker bukett af liljor, neglikor och camelior, som jag en morgon fick mig tillsänd, jag vet ej af hvem, med några ord af en okänd fruntimmershand. Sådana fina artigheter behöfver man ej stå och skämmas för, men att stå i ett stort sällskap och höra på långa grannlåter, är det värsta jag vet – hellre hör jag mig kallas en fähund och <anchor xml:id="start31231" />stympare<anchor xml:id="end31231" />.<pb /> Hos <persName corresp="pe9297" correspUncert="Y">Malmströms</persName> voro vackra barn, hos <persName corresp="pe6686">Renvalls</persName> vackra visor, hos <persName corresp="pe6687">Creutzens</persName> en treflig värd och isynnerhet en älskvärd <rs corresp="pe2135">grefvinna</rs>, omgifven af 10 barn hemma, utom två borta och utom trettonde lilla grefven eller fröken, som väntas till våren. Det var mycket behagligt att se den raden af snälla barn, den äldsta 16 år, och den ännu unga modren med hennes uttryck af godhet och vänlighet, förenade med hållningen af en verklig grefvinna. Oaktadt två biskopinnor sutto jemte grefvinnan i soffan, kände man sig i det huset helt otvungen och frimodig. Hos <persName corresp="pe6688">Bergenheims</persName> lärer ännu en större bjudning förestå. Jag önskar den måtte torka in.</p>
        <p>En dag i förra veckan kl. 4 e. m., just när jag tände min brasa, inträdde ett långt fruntimmer och frågade om hon var igenkänd. Jag svarade nej, och hon sade: <anchor xml:id="start31232" />Jag heter <persName corresp="pe20">Selma Toppelius</persName>.<anchor xml:id="end31232" /> Nå, jag kysste min goda <persName corresp="pe20">Selma</persName>, och så sutto vi en timma och språkade framför brasan. Hon var inne på några timmar<pb /> i staden med qvarter hos <persName corresp="pe9329">Lindelöfs</persName> och helsade från sin <rs corresp="pe741">Mamma</rs>, som mådde väl, utom små känningar af rheumatism efter kalla kyrkan om trettondagen. Helsningen skickar jag nu vidare till vår <persName corresp="pe323">Fanny</persName>. Det var roligt att träffa <persName corresp="pe20">Selma</persName>, hon liknade mycket <persName corresp="pe461">Johannes</persName> och var glad och språksam. Hade jag en dag ledig, skulle jag gerna resa till <placeName corresp="pl1531">Nådendal</placeName>, men det lär knappt kunna ske, vi behöfva hvar timma för vårt långa arbete. – I lördags hörde jag att gubben <persName corresp="pe7336">Z. T.</persName>, min gamle vän i <placeName corresp="pl119">Brahestad</placeName>, vandrat af från denna verldens mödor och från sitt trogna, obemärkta arbete i sin mästares tjenst. Gud löne den beskedlige gubben. Jag undrar huru affärerna äro för hans efterlefvande. <rs corresp="pe3340">Sonen</rs>, provisorn, är ej mera i <placeName corresp="pl2735">Åbo</placeName>. – Annat nytt vet jag ej, utan omfamnar min älskade Mamma sonligen och kärligen samt beder om mina vänliga helsningar till <persName corresp="pe323">Fanny</persName>, <persName corresp="pe6544">Johanssons</persName>, <persName corresp="pe659">Stina</persName> och alla våra vänner i staden. Mammas egen</p>
        <closer>
          <signed>Z.</signed>
        </closer>
        <postscript>
            <p rend="place_leftMargin">Jag längtar att höra något om Mamma och huru det nu är hos eder i dessa fattiga tider.</p>
          </postscript>
        <postscript>
          <p rend="place_previousPage_leftMargin"><!--skrivet i vänstra marginalen på sid. 7-->Här i <placeName corresp="pl2735">Åbo</placeName> synas ej många tiggare, men yttersta fattigdom råder i norra delen af länet, och <persName corresp="pe195">Creutz</persName> har händerna fulla.</p>
        </postscript>
        <postscript>
          <p rend="place_previousPage_leftMargin"><!--skrivet i vänstra marginalen på sid. 6-->Nu har jag stulit två timmar från <title corresp="ve129">psalmboken</title>, men jag skall söka taga dem igen. Gud kan ej vara afundsjuk på en älskad moder.</p>
        </postscript>
        <postscript>
          <p rend="place_previousPage_leftMargin"><!--skrivet i vänstra marginalen på sid. 5-->Jag mår Gudilof godt och har ett varmt och bra rum bredvid <persName corresp="pe564">Lilles</persName>. Mat och betjening äro också bra, utom kaffet, som är efter ångbåtsmethod.</p>
        </postscript>
        <postscript>
          <p rend="place_previousPage_leftMargin"><!--skrivet i vänstra marginalen på sid. 4-->Den 3 Februari skall jag hafva i kärt minne. Gud välsigne Mamma då och i alla tider för all Mammas moderliga kärlek. Gud låte årens snö hvila lätt öfver Mammas älskade hufvud.</p>
        </postscript>
        <postscript>
          <p rend="place_previousPage_leftMargin"><!--skrivet i vänstra marginalen på sid. 3--><persName corresp="pe10">Mille</persName> skickade till <persName corresp="pe3854">Julin</persName> några af blomvassprofverna<!-- LM tog bort unclear -->, och han lofvade bjuda mig någon dag på blomvasskaffe. <persName corresp="pe451">Ezer</persName> borde försöka att skära roten i bitar och plantera den som potäter.</p>
        </postscript>
        <postscript>
          <p rend="place_previousPage_leftMargin"><!--skrivet i vänstra marginalen på sid. 2-->Har något skickats från <placeName corresp="pl1512">NyCarleby</placeName> till <anchor xml:id="start31233" />slöjdaktiebolaget<anchor xml:id="end31233" />? Pjexorna bland annat vore bra att försöka med. Helsa de kära <rs corresp="pe5634">syskonen i <placeName corresp="pl1142">Larsmo</placeName></rs>. Hur är det med dem?</p>
        </postscript>
      </div>
    </body>
  </text>
</TEI>