<?xml version='1.0' encoding='UTF-8'?><TEI xmlns:xsi="http://www.w3.org/2001/XMLSchema-instance" xmlns="http://www.tei-c.org/ns/1.0" xsi:schemaLocation="http://www.tei-c.org/ns/1.0 file:/T:/Instruktioner,%20manualer,%20scheman/TEI-scheman%20(AM)/tei_brevschema.xsd">
  <teiHeader>
    <fileDesc>
      <titleStmt>
        <title>Br2016</title>
        <respStmt>
          <resp>Ansvarig redaktör:</resp>
          <name>Laura Mattsson</name>
        </respStmt>
      </titleStmt>
      <publicationStmt>
        <publisher>Zacharias Topelius Skrifter</publisher>
      </publicationStmt>
      <sourceDesc>
        <p>Arkivsignum: se databas</p>
      </sourceDesc>
    </fileDesc>
    <profileDesc>
      <handNotes>
        <handNote id="ZT" medium="brown-ink">Zacharias Topelius</handNote>
        <handNote id="ET" medium="brown-ink">Emilie Topelius</handNote>
      </handNotes>
    </profileDesc>
  </teiHeader>
  <text>
    <body xml:space="preserve">
      <!-- – ” ’ æ ½ -->
      <div type="letter">
        <opener>
          <dateline><handShift new="#ZT"/><placeName corresp="pl399">Helsingfors</placeName> 28 Januari 1866.</dateline>
          <salute>Min Älskade <rs corresp="pe14">Mamma</rs>!</salute>
        </opener>
        <p rend="noIndent">Just nu, söndag på e. m., fingo vi Mammas kära bref och skickningar med <persName corresp="pe640">Frans</persName>. Många tusen tack både för den vackra såsskeden åt vår pia och för de rara strumporna åt mig! <persName corresp="pe11">Aina</persName> får egenhändigt tacka sin älskade farmor – och för min del tillägger jag att knappt någon magnat i <placeName corresp="pl399">Hfors</placeName> är så bra försedd med strumpor som jag, och alla äro de Mammas kära händers verk! Det är bestämdt just strumporna och damaskerna jag har att tacka för att mina frossa varit så hygglig i långa tider, – skam få min tunga! Lakromm ha vi dessutom fått både af <persName corresp="pe416">Max</persName> och <persName corresp="pe320">Augusta Lybeck</persName>, så att vi haft godt både för munnen och benen. Hvarken strumpor eller lakromm fås här för pengar, om vi än hade mer af den sorten än vi råka ha. – <persName corresp="pe416">Max</persName> kom i thorsdags, mycket nöjd med sin julkampanj och sade sig ha sofvit godt i vindskammaren, fast det blåste mot fönsterna. Ej undrar jag om <rs corresp="pe140">tant</rs> och <rs corresp="pe6547">flickorna</rs> saknat den glada gossen, likasom Mamma sjelf, när han for. Han har nu ryska planer, hvarom han skrifvit och som ej äro särdeles välkomna.</p>
        <pb/>
        <p><hi rend="underline">Fredag 2 Februari</hi>. Af allehanda bestyr blef detta i måndags fördröjdt, och jag fortsätter nu der jag slutade. <persName corresp="pe640">Frans Dyhr</persName> inträffade i måndags, efter att ha kört genom en natt för att ej försumma tants bref. Goda Mamma, helsa tant och säg att allting är riktigt uträttadt, så att hon kan vara utan bekymmer. Jag är skyldig Tant ett trefligare bref än det sednaste, till tack för hennes vänliga rader, och jag skall bjuda till att ihågkomma min föbindelse. Vi höra nu att der är sjukligt på den kära hemorten. Gud gifve eder, dyra vänner, helsan på <placeName corresp="pl963">Kuddnäs</placeName>! Äfven från <placeName corresp="pl119" correspUncert="Y">Braista</placeName> höra vi att <persName corresp="pe319">Thilda</persName> är illa sjuk i <unclear reason="overwritten" resp="MD">rheumatisk</unclear> feber; Gud låte det hafva en god öfvergång! Här i <placeName corresp="pl399">Helsingfors</placeName> är visst en hop små krämpor, dock mera få af svårare art. Vattkopporna och messlingen äro i allmänhet lindriga. Gamla <persName corresp="pe4717">Peron</persName> vandrade af, 88 år gammal, och <persName corresp="pe6098">presidentskan Richter</persName>, äfven 80, tror jag; hon hade varit länge sjuk. Ett sorgligare dödsfall var <persName corresp="pe173">Anna Kuhlefelt</persName>, född <persName corresp="pe173">Wasenius</persName>, som dog af svaghet efter en barnsäng. Apropos af gamla, så kan Mamma berätta <persName corresp="pe28">Moster Nena</persName>, att <persName corresp="pe7726">gumman Nervander</persName>, som är 90 år gammal och var alldeles blind för ett par, tre år sedan, när<pb/> <persName corresp="pe568">Becker</persName> opererade henne, sitter mest hela dagen och läser romaner högt för sina barnabarn. Wi ha Gudilof haft helsan. <persName corresp="pe10">Mille</persName>, som en tid varit skralare af sömnlöshet och hjertklappning, har nu åter fått bättre sömn, sedan hon återfått sin porter och tagit bort slaglodet till nätterna från matsalsklockan, som hänger på väggen bakom hennes hufvudgärd. <persName corresp="pe13">Eva</persName> har haft utslag på munnen af sina jernpiller, men är annars bättre, och de andra <anchor xml:id="start39024"/>grassera<anchor xml:id="end39024"/> som förr. – Nu kommer jag ihåg, att i morgon den 3:dje är Mammas födelsedag. Gud välsigne Mamma då och alltid och låte årens börda vara så lätt, som det för oss svaga dödliga är möjligt! Vi skola alla i morgon med hjertats innersta kärlek ihågkomma vår älskade Mamma och farmor! – Jag skulle önska till den dagen att vi hade både <placeName corresp="pl3170">Frill</placeName> och <placeName corresp="pl963">Kuddnäs</placeName> sålda, utom ena byggningen för Mamma, men Gudnås, det ser ej så ut nu i denna öfvergångstid, när <anchor xml:id="start30039"/>penningsjukdomen<anchor xml:id="end30039"/> bryter ut och kliar i hela landet, fastän jag säkert hoppas att det är en kris, som leder till bättre helsa än förr, helst om Gud gifver en bättre årsvext, hvartill nu är mycken förhoppning, ty 1822 var ju efter en dylik vinter ett utmärkt godt år, säga alla här, och <persName corresp="pe1355">gubben Bonsdorff</persName> berättade mig nyligen huru han då fick en otrolig kornvext. Vore det ej skäl att så mera korn i vår?</p>
        <pb/>
        <p><persName corresp="pe85">Falander</persName> har haft många sådana sinnesjuka som <persName corresp="pe2166">Inga</persName>, det är ingenting ovanligt för svaga, bortklemade flickor med häftigt temperament och öfverretad fantasi. Det kan ju försökas, efter andra blifvit bra; men nog tror jag en stärkande diet, och en lugn omgifning är dervid en hufvudsak.</p>
        <p>– Tack, goda Mamma, för modejournalen från <placeName corresp="pl1132">Lappo</placeName>. Nog tycker Mamma det är pjosk, och icke fästa vi heller annan vigt dervid, än att få den kuriösa drägten räddad från glömskan. <anchor xml:id="start30054"/>Nu blir <persName corresp="pe11">Aina</persName> en af tärnorna,<anchor xml:id="end30054"/> således bara i hvit klädning med blått skärp och på axeln en lång blå bandros, fästad med lyra. Men <persName corresp="pe3483">Hilda Olsson</persName> har ställt till ungefär samma kostym för två flickor af Österbottniska gruppen, som blir den bästa af alla. De ha enkom förskrifvit drägter från <placeName corresp="pl1126">Lappfjärd</placeName> och <placeName corresp="pl1535">Nerpes</placeName> mot hyra; de ha en äkta bondspelman från <placeName corresp="pl958">Kronoby</placeName> och dansa äkta menuett och polska m. m. – Dernäst är karelska gruppen, 12 par, i deras kostymer, eftergjorda, och sedan vestfinska gruppen 12 par af <persName corresp="pe11">Ainas</persName> närmaste vänner i eftergjorda <placeName corresp="pl2255">Säkylä</placeName> kostymer. Alla dansa de folkdanser. Här är ett krig om biljetter! <persName corresp="pe5582">Fru Linder</persName> står i en tablå med den vackra <persName corresp="pe7659" correspUncert="Y">Lagermark</persName>, som nog flickorna känna: det blir Dante och Beatrice. Så bli der tre tablåer ur <title corresp="ve127">Fänrik Stål</title> med 14 kompletta uniformer af finska armén 1808 och slutligen finska folket kring <persName corresp="pe2">Runebergs</persName> byst. Nog ha andra bråk dermed, men jag<!--fortsätter i vänstra marginalen på sid. 4. MD--> <seg rend="place_leftMargin">bland de minsta, och <persName corresp="pe10">Mille</persName> är alldeles passiv. En enda gång ha vestfinnarne repeterat hos oss. – Må väl, älskade Mamma! Helsa alla de våra! Gud skydde eder!</seg></p>
        <closer rend="place_leftMargin">
          <salute>Mammas egen</salute>
          <signed>Z. och E.</signed>
        </closer>
        <postscript><p rend="place_leftMargin"><!-- skrivet i vänster marginal sid 3 -->En afton var jag bjuden på stor herrsupér hos <persName corresp="pe203">J. W. Snellman</persName>. Der var halfva senaten, fint och tråkigt, tills efter supérn när vi fingo röka och tungornas band lossades med några få vänner.</p></postscript>
        <postscript><p rend="place_previousPage_leftMargin"><!-- skrivet i vänster marginal sid 2 -->Det kan roa flickorna att <persName corresp="pe5560">Jägerschöld</persName> bygger och brassar för sin <persName corresp="pe5559">Augusta</persName> på <placeName corresp="pl1340">Mejlans</placeName>. <persName corresp="pe76">Theodor Decker</persName> frestar hans snålhet med vackra villor.</p></postscript>
        <postscript><p rend="place_previousPage_leftMargin"><!-- skrivet i vänster marginal sid 1 --><handShift new="#ET"/>Jag stoppar med den lappen jag skref i måndags efter där står om <persName corresp="pe468">Alexandras</persName> bröllopp. Jag trodde så visst att <persName corresp="pe614">Zachris</persName> skref ända tills jag gick och såg och då var det för sent.</p></postscript>
      </div>
    </body>
  </text>
</TEI>