<?xml version='1.0' encoding='UTF-8'?><TEI xmlns:xsi="http://www.w3.org/2001/XMLSchema-instance" xmlns="http://www.tei-c.org/ns/1.0" xsi:schemaLocation="http://www.tei-c.org/ns/1.0 file:/T:/Instruktioner,%20manualer,%20scheman/TEI-scheman%20(AM)/tei_brevschema.xsd">
  <teiHeader>
    <fileDesc>
      <titleStmt>
        <title>Br2027</title>
        <respStmt>
          <resp>Ansvarig redaktör:</resp>
          <name>Laura Mattsson</name>
        </respStmt>
      </titleStmt>
      <publicationStmt>
        <publisher>Zacharias Topelius Skrifter</publisher>
      </publicationStmt>
      <sourceDesc>
        <p>Arkivsignum: se databas</p>
      </sourceDesc>
    </fileDesc>
    <profileDesc>
      <handNotes>
        <handNote medium="black-ink"/>
        <handNote/>
      </handNotes>
    </profileDesc>
  </teiHeader>
  <text>
    <body xml:space="preserve">
      <!-- – ” ’ æ ½ -->
      <div type="letter">
        <opener>
          <dateline><placeName corresp="pl399">Helsingfors</placeName> måndag 15 Oktob. 1866.</dateline>
          <salute>Min Älskade <rs corresp="pe14">Mamma</rs>!</salute>
        </opener>
        <p rend="noIndent">Vi ämnade skrifva i fredags, men narrade oss på den nya post-timman, så att det blef för sent. <anchor xml:id="start30516"/>Det lär väl nu vanligen blifva om måndagarna,<anchor xml:id="end30516"/> som vi härifrån språka med mamma. Denna gång medfölja bref från alla tre barnen till deras älskade farmor. Det hade bordt ske förr, men förlåt de små slarfvorna! <persName corresp="pe10">Emili</persName> skrifver ej denna gång, utan helsar hjertligt. Hon håller nu på med <persName corresp="pe11">Ainas</persName> lakan. – Det har sin trefnad att sitta lugn och oberoende af det kulna höstvädret, som tyckes båda en tidig vinter. Ack, om vi hade Mamma och <persName corresp="pe323">Fanny</persName> med oss nu, hvad det vore trefligt! Dubbelfönsterna äro nyss insatta, utom i sängkammaren, der vi tapetserat på eget bevåg och der de insättas i eftermiddag. Det är grön – och hvita tapeter, bara till 1 mark 20 för våden, och 16 våder, nätta nog, tycker jag, fastän <persName corresp="pe10">Mille</persName> påstår att de blifvit uppochnedvända af en pojke, som bjöd ut sig och som uppsatte för 40 penni våden i stället för det vanliga 60 penni. Affären gör 28 mark, som vi tänka afskrifva på hyran, om så ske kan, ty det var lofvadt redan för tre år sedan. <persName corresp="pe10">Mille</persName> har undertiden sofvit i mitt rum. – Salen är tillsvidare arbetsrum, der klippas lakanen, och der pickar symaskinen så innerligt trefligt, att Mamma skulle blifva förtjust i den. På ett par dar sydde <persName corresp="pe11">Aina</persName><pb/> nya grön- och svartrutiga yllekjolar och tröjor åt båda barnen, och i dag syr hon åt sig en brun halfylleklädning. Det går så nätt och behändigt som taskspeleri; jag tror Mamma och <persName corresp="pe323">Fanny</persName> måste enkom resa hit för att se på det underverket. Med helsan har det varit behjelpligt. <persName corresp="pe10">Mille</persName> har frosskänningar emellanåt och är stundom trött med orolig mage, men nog tycks det vara på öfvergående. Hon tar kinin i kapslar, men har efter vanligheten just ej skonat sig, utan varit ute i alla sorts väder. En afton voro vi hos <persName corresp="pe798">Rosenkampffs</persName>, en annan qväll hos <persName corresp="pe768">Leopolds</persName> och i lördags hos <persName corresp="pe656">Borgströms</persName>, bjudne på <persName corresp="pe250">Stein</persName>. För resten hemma. <persName corresp="pe560">Mimmi</persName> har haft ondt i halsen, men nu äro alla tre i skolan igen. Vi ha funderat att försöka den s. k. <hi rend="underline">lifsväckaren</hi> för <persName corresp="pe272">Toinis</persName> öron. Det är ju en ny tysk universalkur, som praktiseras här af <persName corresp="pe7668">leksaksfabrikanten Elfström</persName>. Är hälften sannt af hvad som berättas, så vore det redan mycket. De säga sig ha kurerat tillochmed blinda. <persName corresp="pe6315">Augusta Bäck</persName> hos <persName corresp="pe768">Leopolds</persName> nyttjar som bäst för en långvarig halssjukdom och säger sig bli bra. Medlet består i ett slags koppning med nålsuddar, och deri ingnides en olja, som utgör hemligheten. <persName corresp="pe500">Hjelt</persName> skrattar åt saken.</p>
        <p>Jag håller på med <title corresp="ve252">läseboken</title><!-- Läsebok för de lägsta läroverken i Finland --> och har min glädje af att se den för hvar dag gå litet framåt. Som ingen himmel alltid är molnfri, så ha vi visst också våra bekymmer, nemligen den stora, <anchor xml:id="start30517"/>allmänna penningeknipan<anchor xml:id="end30517"/>, som gör att vi få<pb/> knappa in, som alla andra, men den gode Guden drar väl försorg också för det. Vi ha nu köpt vårt vedförråd, <anchor xml:id="start30518"/>11 famnar<anchor xml:id="end30518"/>, för billigare än förr, och ströming och torsk för vintern, och så få vi väl hjelpa oss med sparmiddagar emellanåt. Utom <anchor xml:id="start39043"/>theaterinvigningen<anchor xml:id="end39043"/>, som jag måste vara med om, ha vi blifvit riktigt snåla på onödiga depenser. En enda gång har jag sedan varit på theatern, och då på snålskjuts i direktionens loge. En frestelse har jag råkat ut för; <persName corresp="pe9206 ">Åhman</persName> var här och begärde en pjes af mig. Det vore att förtjena 1,000 à 1200 mark, och jag har flera planer i bläckhornet. I alla fall går dock <title corresp="ve252">läseboken</title> nu framför alla andra arbeten. <persName corresp="pe158">Thunberg</persName> stackare är illa fast, få se huru jag der får ut mitt saldo. Han har fått betala ut sin svågers slarfvige son, <persName corresp="pe9204">boktryckaren Widerholm</persName>, och <anchor xml:id="start30521"/>tidningen går med stor förlust<anchor xml:id="end30521"/>. Dess fortsättande som härtills blir omöjligt för nästa år. Det är nu fråga, antingen att sälja den åt <title corresp="tw172">Dagbladet</title>, eller att för nästa år låta den utkomma bara två dagar i veckan. Jag vore böjd för det sednare, för att ej <title corresp="tw172">Dagbl.</title> skall bli allrådande under <anchor xml:id="start30525"/>landtdagen<anchor xml:id="end30525"/>. Jag tänker, att när <title corresp="tw98">Hfors Tidn.</title> skulle nästa år kosta bara 10 mark i landsorten och ändå har alla nyheter, så skulle många hellre ta dem, än <title corresp="tw172">Dagbl.</title>, som kostar 25 och <title corresp="tw178">Hufvudstadsbladet</title>, som kostar 15, fastän de finge bara två numror i veckan. Från <placeName corresp="pl332">Sverige</placeName> har jag fått anbud att skrifva i ”<title corresp="tw170">Familjejournalen</title>” för 200 riksdaler arket och <anchor xml:id="start30526"/>har frågat mig före hos <persName corresp="pe506">Bonnier<anchor xml:id="end30526"/></persName>, om det tål tänka på.</p>
        <pb/>
        <p>Med Österbotten<!-- ångbåten Österbotten --> skickade vi tre <anchor xml:id="start30527"/>kaggar<anchor xml:id="end30527"/> <placeName corresp="pl4906">Baggby</placeName> ströming, en åt <persName corresp="pe653">Lybecks</persName>, en åt <persName corresp="pe37">Dyhrn</persName> och en åt <persName corresp="pe573">Forsius</persName>, men åt <rs corresp="pe14">Mamma</rs> bara litet thé, emedan <rs corresp="pe140">tant</rs> skulle skicka <anchor xml:id="start39045"/>wassbuk<anchor xml:id="end39045"/>. Det kan nu vara osäkert huru <placeName corresp="pl4906">Baggby</placeName>fisken anses i <placeName corresp="pl1512">NyCarleby</placeName>; här gäller den för en stor raritet. Det är så ondt om wassbuk, att vi ej fått inlägga en stjert. Matvaror är mera billiga nu, alla priser falla, utom värdshuspriserna. Den som nu hade pengar, skulle få goda gårdar för godt pris. Tyst och sparsamt är här öfverallt och ovanligt tomt i butikerna. Theatern skall dock haft goda hus; den är så vacker och så beqväm, att alla som ha råd gå dit. – Med <persName corresp="pe656">Borgströms</persName> obestånd hängde så ihop, att <persName corresp="pe7730">Lindrosens</persName> med ens fordrade in 40,000 rubel, som de hade att få af <persName corresp="pe656">Borgströms</persName>, emedan unga <persName corresp="pe5584" correspUncert="Y">Lindros</persName> skall bli bankir (på värdshusen, befaras det). För denna fordran råkade verkligen hela firman i fara, men hjelptes af <persName corresp="pe203">Snellman</persName> i nödens stund. <hi rend="underline">Detta oss emellan!</hi> Det är underbart, huru ingen god gerning blir obelönt. Icke trodde <persName corresp="pe656">Borgström</persName><del>,</del> det, när han tog den redlöse <persName corresp="pe203">rektor Snellman</persName> på sitt kontor. – Den nye <rs corresp="pe611">gen.guvernören</rs> anses vara välment, men har tasslare omkring sig, och deraf blef <anchor xml:id="start30528"/>buller vid theaterns invigning, emedan de ej ville tillåta att sjunga Wårt Land utan att tillika sjunga ryska folksången.<anchor xml:id="end30528"/> – Må väl, älskade Mamma och <persName corresp="pe323">Fanny</persName> i eder ensamhet! Gud vare med eder och oss alla, önskar Mammas</p>
        <closer>
          <salute>tillgifne, lydige son</salute>
          <signed>Z.</signed>
        </closer>
        <postscript><p rend="place_leftMargin"><!--skrivet i vänstra marginalen på sid. 4-->Vill Mamma vara god och fråga <persName corresp="pe37">Dyhr</persName>, om han riktigt bekommit den i förra måndags i orekommenderadt bref afsända vexeln på 91 <choice><abbr>rub.</abbr><expan resp="EK">rubel</expan></choice> 56 kopek. – Helsa <persName corresp="pe653">Lybecks</persName>, <persName corresp="pe658">Dyhrns</persName>, <persName corresp="pe34">Moster Calamnius</persName>, <persName corresp="pe659">Stina</persName> och <persName corresp="pe6224">Fredrik</persName>. – <persName corresp="pe6224">Fredrik</persName> kunde på de långa qvällarna tälja pollare och lillflöten åt mig.</p></postscript>
        <postscript><p rend="place_previousPage_leftMargin"><!--skrivet i vänstra marginalen på sid. 3-->Nå, nu är det ”han tiin”; det vore godt att vara med om sikar och sikromm. Jag undrar om mina nät blifvit upphängda torra. – Här är också mycket grönt ännu, och georginerna blomma. <persName corresp="pe11">Aina</persName> fick mycket blommor på sin födelsedag, och våra bästa sångare sjöngo här hela qvällen. Det hade <persName corresp="pe323">Fanny</persName> och <persName corresp="pe119">Lotta</persName> bordt höra.</p></postscript>
        <postscript><p rend="place_previousPage_leftMargin"><!--skrivet i vänstra marginalen på sid. 2--><persName corresp="pe19">Oskar</persName> var här i går. När han i förrgår skulle ha sin första föreläsning och klef upp i kathedern, uppstod en af åhörarne och sade: det måste vara ett misstag, vi ha kommit hit för att höra <persName corresp="pe224">professor Lagus</persName>. Nej, sade <persName corresp="pe19">Oskar</persName>, nog har jag auditorium, har ingen af herrarne kommit hit att höra på mig? Nej, sade de, och gingo sin väg. <persName corresp="pe19">Oskar</persName> hade rätt, men det blef ingen föreläsning af.</p></postscript>
        <postscript><p rend="place_previousPage_leftMargin"><!--skrivet i vänstra marginalen på sid. 1--><persName corresp="pe19">Oskar</persName> har varit i <placeName corresp="pl332">Sverige</placeName> och studerat theatern under <persName corresp="pe866">Gustaf III:s</persName> tid. <persName corresp="pe798">Rosenkampffs</persName> och <persName corresp="pe768">Leopolds</persName> må bra. De äro ledsna på <persName corresp="pe24">Uleå Fanny</persName>, som ej kommer. Här har <persName corresp="pe19">Oskar</persName> hyrt rum för henne, och <persName corresp="pe22">Gustafs</persName> <persName corresp="pe629">Jenny</persName> ville ha henne dit, emedan hon väntar en liten i November.</p></postscript>
      </div>
    </body>
  </text>
</TEI>