<?xml version='1.0' encoding='UTF-8'?><TEI xmlns:xsi="http://www.w3.org/2001/XMLSchema-instance" xmlns="http://www.tei-c.org/ns/1.0" xsi:schemaLocation="http://www.tei-c.org/ns/1.0 file:/T:/Instruktioner,%20manualer,%20scheman/TEI-scheman%20(AM)/tei_brevschema.xsd">
  <teiHeader>
    <fileDesc>
      <titleStmt>
        <title>Br2058</title>
        <respStmt>
          <resp>Ansvarig redaktör:</resp>
          <name>Laura Mattsson</name>
        </respStmt>
      </titleStmt>
      <publicationStmt>
        <publisher>Zacharias Topelius Skrifter</publisher>
      </publicationStmt>
      <sourceDesc>
        <p>Arkivsignum: se databas</p>
      </sourceDesc>
    </fileDesc>
    <profileDesc>
      <handNotes>
        <handNote medium="brown-ink"/>
        <handNote/>
      </handNotes>
    </profileDesc>
  </teiHeader>
  <text>
    <body xml:space="preserve">
      <!-- – ” ’ -->
      <div type="letter">
        <opener>
        <dateline><placeName corresp="pl399">Hfors</placeName> 16 Jan. 1865.</dateline>
        <salute>Min Älskade <rs corresp="pe14">Mamma</rs>!</salute>
        </opener>
        <p rend="noIndent">Är det nu intet skam, att det ingenting blir af mina goda föresatser att skrifva ett rätt ordentligt bref engång igen? Förra måndags kom <persName corresp="pe443">Beskov</persName> emellan och nu <choice><abbr>Frunt. föreningen</abbr><expan resp="EK">Fruntimmersföreningen</expan></choice>. Icke veta vi nu heller om Mamma är på en ö eller på <foreign xml:lang="lat"><anchor xml:id="start28439"/>terra firma<anchor xml:id="end28439"/></foreign>.</p>
        <p>– <persName corresp="pe10">Mille</persName> beskrifver våra kalaser, och Mamma tycker visst det är för mycket af sorten. Men engång skulle det ske, ty först var personalen från theatern främlingar, sedan voro de gamla bekanta, som varit förr hos oss, och slutligen hade de gjort visite. Och när det engång blef, säger jag som <persName corresp="pe613">Gustaf Adolf</persName>, att när man engång kommit i badet, är det bäst att tvätta sig ren. Nu blir visst intet kalas på<pb/> länge, det förbjuder sig sjelf, när <persName corresp="pe645">Hæggströms</persName> komma, och så ha vi gjort undan våra skyldigheter. – Jag är nyfiken att höra om Mammas pension utfallit förstärkt för December-halfåret. Det skulle glädja mig, och med några små afbetalningar på mina ungdomsskulder till Mamma, skulle det ännu mera glädja mig, om Mamma icke hädanefter behöfde ha så många bekymmer som härtills. – Och så hoppas vi få höra något om <persName corresp="pe5634">Schalins</persName>.</p>
        <p>– Här talas allt om <anchor xml:id="start28442"/>den stora penningfrågan, utan att något är afgjordt<anchor xml:id="end28442"/>. <persName corresp="pe203">Snellman</persName> skall i <placeName corresp="pl1957">Petersburg</placeName> haft sådant förtroende, att han äfven blifvit kallad<pb/> till komitén för <hi rend="underline">ryska</hi> finanserna. <persName corresp="pe5509">Finansministern Reutern</persName> har sagt om honom: ”jag har aldrig sett en så envis menniska, men ändå måste jag respektera honom.” – <anchor xml:id="start28479"/>Här bygga vi Barnhem<anchor xml:id="end28479"/> – bidrag komma från alla håll. – <title corresp="tw98">Hfors Tidn.</title> börja, fastän långsamt, repa sig ur sitt djupa lägervall. Prenumeranterne ha något litet ökats. Här i staden äro de 60 à 70 mindre, emedan en del tycker det är så begvämt att <anchor xml:id="start28441"/>få <title corresp="tw178">Hufvudstadsbladet</title> hemskickadt på morgnarna<anchor xml:id="end28441"/>. – Jag skrifver nu om <anchor xml:id="start28478"/>Starka baron<anchor xml:id="end28478"/>. Mamma har väl fått tidningen?</p>
        <p>Nu hinner jag ej mera,<pb/> klockan blir tre. – <rs corresp="pe21"><anchor xml:id="start28440"/>Farbrors</rs> biografi<anchor xml:id="end28440"/> kommer i denna eller nästa vecka. Jag hade bordt fråga mamma till råds. En hop af gubbens egna anteckningar har jag fått.</p>
        <p>Må väl!</p>
        <closer>
        <salute>Mammas egen</salute> <signed>Z.</signed>
        </closer>
        <postscript>
          <p>Vi ha en veckas slask. –</p>
        </postscript>
      </div>
    </body>
  </text>
</TEI>