<?xml version='1.0' encoding='UTF-8'?><TEI xmlns:xsi="http://www.w3.org/2001/XMLSchema-instance" xmlns="http://www.tei-c.org/ns/1.0" xsi:schemaLocation="http://www.tei-c.org/ns/1.0 file:/T:/Instruktioner,%20manualer,%20scheman/TEI-scheman%20(AM)/tei_brevschema.xsd">
  <teiHeader>
    <fileDesc>
      <titleStmt>
        <title>Br1794</title>
        <respStmt>
          <resp>Ansvarig redaktör:</resp>
          <name>Laura Mattsson</name>
        </respStmt>
      </titleStmt>
      <publicationStmt>
        <publisher>Zacharias Topelius Skrifter</publisher>
      </publicationStmt>
      <sourceDesc>
        <p>Arkivsignum: se databas</p>
      </sourceDesc>
    </fileDesc>
    <profileDesc>
      <handNotes>
        <handNote/>
        <handNote/>
      </handNotes>
    </profileDesc>
  </teiHeader>
  <text>
    <body xml:space="preserve">
      <!-- – ” ’ -->
      <div type="letter">
        <opener>
        <dateline><placeName corresp="pl399">Helsingfors</placeName> fredag 9 Maj 1862.</dateline>
        <salute>Min Älskade <rs corresp="pe14">Mamma</rs>!</salute>
        </opener>
        <p rend="noIndent">Jag har just ej något särdeles att skrifva, men alltid är det roligt att språka litet. Och så ha vi ju en kommission, som vi ej förr kommit att tänka på, nemligen att be <persName corresp="pe323">Fanny</persName> vara så vänlig och lägga ihop ett litet bylte, bestående af mina <hi rend="underline">gula</hi> sommarkläder, rock vest och byxor, jemte några de helaste af mina bomullsstrumpor samt dito <persName corresp="pe10">Emilis</persName> och äfven om der funnes af <persName corresp="pe11">Ainas</persName>. Vill då <persName corresp="pe323">Fanny</persName> vara snäll och skicka det byltet hit på posten, så borde det väl ej väga många <anchor xml:id="start27212"/>skålpund<anchor xml:id="end27212"/> – vi få köpa oss bomullsstrumpor, om de väga för mycket. Förlåt detta besvär, <anchor xml:id="start27213"/>vi äro ju nu uti resbestyr,<anchor xml:id="end27213"/> jag sysslar som bäst med pass och pengar. <persName corresp="pe10">Mille</persName> är bekymrad för kostnaden, men Han som spisat femtusende<pb/> män, Han gifver väl oss också det nödvändiga. Så förunderligt har det härtills gått, att jag knappt förstår huru allt räckt till. Nyligen fick jag en räkning från <persName corresp="pe3715">Lindroos</persName> och hade ingenting att betala den med. Samma dag kom <persName corresp="pe19">Oskar</persName> och betalade flera års plockskulder, så var det hålet stoppadt. En annan gång var jag just i <anchor xml:id="start38780"/>beknip<anchor xml:id="end38780"/> och tänkte, fast ogerna, gå till <persName corresp="pe158">Thunberg</persName>: då får jag med posten 52 rubel för <title corresp="tw169">Eos</title>, som jag alldeles glömt. Och så hoppas jag det nu går med resan också, när det är en sak hvarken för nöje eller högfärd, utan för helsan. Om också större delen göres på skuld, så torde kanske någon förlagsartikel för <placeName corresp="pl332">Sverige</placeName>, <del>bet</del> som annars ej blifvit af, betala affären.</p>
        <p>– Jag hittar ännu några frågor i Mammas förra bref. <persName corresp="pe521">Gustaf Turdin</persName> fattig är beskedlig och ordentlig, det är allt hvad jag kan säga, han dricker ej ens öl eller kaffe, långt mindre något annat. Huru läsningen går, vet jag ej,<pb/> troligen bättre än förr, om också ej med stor fart. Härom dagen var han och ville ha mig i borgen, men jag gick ej, ty han tog sådana saker så lätt som pojkar bruka – Hellre må han vara en tid i knipa för att lära sig hushålla. Med små poster har jag stundom hjelpt honom kontant, och det mesta har han betalt, så att icke är han mera skyldig, än 6 rubel åt mig. Af <persName corresp="pe1278" correspUncert="Y">Numers</persName> har han löfte på pengar i höst. Han spatserar alla dagar nära en mil, och helsan har åter varit bättre, fastän ej pålitlig. Här skickar han ju nu sitt lyckade <anchor xml:id="start27214"/>konterfej<anchor xml:id="end27214"/>. Ofta har jag påmint honom att skrifva till sin mamma, men jag tror knappt att det blifvit något af. – Icke tror jag att <persName corresp="pe11">Aina</persName> blir bortskämd af porträttet, om det också blir smickradt; hon är mera barnslig och oskyldig än vanligt bland flickor nuförtiden. <persName corresp="pe3702">Löfgren</persName> har nu ej varit här sedan påsk. – Så frågar Mamma om <persName corresp="pe2141">fru Decker</persName>: hennes nordiska utflygt blir ej af, hon har hyrt sig ett landtställe för sommaren.<pb/> <anchor xml:id="start27220"/>Deremot far <persName corresp="pe316">Carolina Borgström</persName>.<anchor xml:id="end27220"/> –</p>
        <p>Ändtligen ha vi sen i förrgår öppen sjö, men drif-is i hafvet, så att intet fartyg sluppit in, fast här kryssa 30 utanför. Nästa thorsdag blir en <anchor xml:id="start27216"/>stor fest för <persName corresp="pe122">Lönnrot</persName> i <placeName corresp="pl405">Brunnsparken<anchor xml:id="end27216"/></placeName>. – Om <placeName corresp="pl1708">Polens</placeName> konstitution hörs nu åter ingenting; den tycks tillsvidare vara ett rykte. <persName corresp="pe505">Federley</persName> tar afsked, och oviljan är åter stor emot <persName corresp="pe2729">Langensköld</persName>, som intrigerat bort honom ur ekonomiedepartementet, för att slippa en sjelfständig man och få dit en nolla, <persName corresp="pe3713">Furuhjelm</persName>. – För resten träts om <persName corresp="pe3566">Schantz</persName> kapell, och <persName corresp="pe130">Pacius</persName> är helt olycklig att vara inblandad deri, men jag bryr mig icke derom. –</p>
        <p><persName corresp="pe10">Mille</persName> har varit något bättre dessa tider och vågat sig ut en smula, en afton till <persName corresp="pe768">Leopolds</persName>. – <rs corresp="pe140">Tant</rs> är bättre och ligger nu på täcket i matsalen (förra sängkammarn mot torget). Matt är hon och otålig, det förstås, och tänker som barn på hvad hon skall få äta. – <persName corresp="pe461">Johannes</persName> spatserar utan käpp helt hurtig och rask. – Om <persName corresp="pe272">Toini</persName> skrifver <persName corresp="pe10">Emili</persName>, så att Gudskelof att sjukrapporterna denna gång lyda bättre. Måtte nu Mamma kära vara rask! Jag har <placeName corresp="pl1957">Petersburgs</placeName> <anchor xml:id="start27217"/>vattenkinin<anchor xml:id="end27217"/> åt <persName corresp="pe323">Fanny</persName>, men kan ej skicka den på posten.</p>
        <closer>
        <salute>Mammas egnaste</salute> <signed>Z.</signed>
        </closer>
        <!-- skrivet i vänstra marginalen på sid 4 -->
        <postscript><p rend="place_leftMargin">Wi fingo nyss en stor präktig fågelbur, ett helt torn med nät, från <persName corresp="pe230">Wegelius</persName> på <placeName corresp="pl1401">Mustiala</placeName>. – <persName corresp="pe160"><anchor xml:id="start27219"/>Leopold</persName> far åter till <placeName corresp="pl1792">Päjäne</placeName>.<anchor xml:id="end27219"/> De äro mycket ledsna att vara på så osäker fot.</p></postscript>
        <!-- skrivet i vänstra marginalen på sid 3 -->
        <postscript><p rend="place_previousPage_leftMargin">Wi skrifva i dag till <persName corresp="pe7579">Antmans</persName>. Det är bra osäkert, om vi nästa höst kunna ta emot <persName corresp="pe464">William</persName>, för <persName corresp="pe10">Milles</persName> helsa.</p></postscript>
          </div>
    </body>
  </text>
</TEI>