<?xml version='1.0' encoding='UTF-8'?><TEI xmlns:xsi="http://www.w3.org/2001/XMLSchema-instance" xmlns="http://www.tei-c.org/ns/1.0" xsi:schemaLocation="http://www.tei-c.org/ns/1.0 file:/T:/Instruktioner,%20manualer,%20scheman/TEI-scheman%20(AM)/tei_brevschema.xsd">
  <teiHeader>
    <fileDesc>
      <titleStmt>
        <title>Br1805</title>
        <respStmt>
          <resp>Ansvarig redaktör:</resp>
          <name>Laura Mattsson</name>
        </respStmt>
      </titleStmt>
      <publicationStmt>
        <publisher>Zacharias Topelius Skrifter</publisher>
      </publicationStmt>
      <sourceDesc>
        <p>Arkivsignum: se databas</p>
      </sourceDesc>
    </fileDesc>
    <profileDesc>
      <handNotes>
        <handNote id="ET" medium="black-ink">Emilie Topelius</handNote>
        <handNote id="ZT" medium="black-ink">Zacharias Topelius</handNote>
      </handNotes>
    </profileDesc>
  </teiHeader>
  <text>
    <body xml:space="preserve">
      <!-- – ” ’ -->
      <div type="letter">
        <opener>
        <dateline>Sönd. afton d: 14 December 62.</dateline>
        <salute>Min älskade <rs corresp="pe14">Mamma</rs>!</salute>
        </opener>
        <p rend="noIndent"><handShift new="#ET"/>Hjerteligen tack för Mammas bref i veckan! Vi blefvo så glada då det kom, vi väntade ej så bestämdt den dagen. Men då vi vänta och längta efter bref, och ej få, då är det inte roligt.</p>
        <p>Ack om vi kunde lindra Mammas bekymmer med landbönderna och hemmanet, hvad det vore roligt. Nog vill <persName corresp="pe614">Z.</persName> gerna, allt hvad i hans förmåga står. För den saken vore det bra att komma till <placeName corresp="pl963">Kuddnäs</placeName>, men utan inkomster går det heller ej an, och i längden skulle ej <persName corresp="pe614">Zache</persName> trifvas, nog är det säkert, fast han nu längtar derefter. Så att, kan han få en ordinarie tjenst så visst är det bättre för säkerhets skull, fast våra lynnen bättre skulla passa för det stilla, lugna lifvet på <placeName corresp="pl963">Kuddnäs</placeName>. <persName corresp="pe614">Z.</persName> får nu sjelf tala om sina planer efter han tänker skrifva till Mamma i morgon.</p>
        <p>Han var och talade med <persName corresp="pe466">Arppe</persName> och han tycktes nog vara vänlig och sade att han<pb/> skulle skrifva till <persName corresp="pe512">Armfelt</persName> och be att den omtalade <anchor xml:id="start27371"/>nordiska professionen skulle få anslås till ny ansökning<anchor xml:id="end27371"/>. Det var just det som <persName corresp="pe614">Z.</persName> ville, inte tänker han begära något till skänks, utan han begär en öppen täflan.</p>
        <p>Frossan skulle nog ha <anchor xml:id="start27372"/>lemnat<anchor xml:id="end27372"/> i <placeName corresp="pl2921">Marstrand</placeName> om han bara skulle ha badat och simmat der ordentligt, men dertill var gubben för lat. Nu har han golfkallt i sin kammare, det han och göra sitt till, men det allravärsta är att han går med gummigaloscher ännu. Nog har han haft yllebenena på ända sen i höstas. Inte blir det bra förrän han får andra galoscher, jag skall väl skaffa honom efter han ej sjelf vill. Han påstår att det är lika varmt med gummi som med andra galoscher.</p>
        <p><persName corresp="pe5153"><anchor xml:id="start27373"/>Julia</persName> reser härifrån i onsdag och tar Mammas släda. Hon fick så godt sällskap i <persName corresp="pe5222">kapten Böckelman</persName>, <persName corresp="pe5222">Petter Gustaf</persName>, som nu efter 27 år är hemma en jul. Han tänker taga sin famille med sig till <placeName corresp="pl14">London</placeName> der han nu är bosatt. Gubben var här en afton och satt och pratade ensam med oss två, och det har han tyckt så fasligt om, att han berättat det för <persName corresp="pe6678">Böhmarna<anchor xml:id="end27373"/></persName> och berömdt oss så mycket. Det var roligt, för gubben är mera hygglig, och har sett mycket slags folk.</p>
        <pb/>
        <p>I går var hela <persName corresp="pe656">Borgströmska famillen</persName> här och en hel hop ungherrar, <persName corresp="pe574">Synnerberg</persName> bland dem. <persName corresp="pe4131">Tengströms</persName> voro och sökte oss i veckan men då var jag på bestyr om rum. Nu hade de bordt bjudas men jag var så lat och trött till den saken, så det får nu bli till efter julen. Inte ha vi fått någon våning än fast vi nog sökt, och en utmärkt nätt ha vi varit på vägen att få, men kom för sent. <persName corresp="pe614">Z.</persName> tänker säga opp den här då han nu betalar hyran. Nog finns det både i <persName corresp="pe656">Borgströms</persName> 3<hi rend="raised">dje</hi> och <persName corresp="pe4097">Wallens</persName> fjerde våning nätta passande för oss, men det är för högt upp. Och fukten är värst. Ofvanför <persName corresp="pe3653">Paciuses</persName> med utsigt öfver <placeName corresp="pl423">norra hamnen</placeName> finns äfven en våning, 310 <choice><abbr>rub.</abbr><expan resp="EK">rubel</expan></choice> men den är så illa inredd, och kall, och kanske skulle musiken nerifrån genera <persName corresp="pe614">Zachen</persName>. Nog är utsigten bra lockande. <persName corresp="pe500">Professor Hjelt</persName> bygger på nedra hälften af <persName corresp="pe5212">Sjömans</persName> gård, som <persName corresp="pe7183">Falcken</persName> hade då de bodde här. Han bygger tre barnkamrar, men jag gissar han har ej något förmak eller öfverflödsrum i stället. Om man hade egen gård ändå!</p>
        <p><persName corresp="pe140">Tant Rosenkampff</persName> har jag ej träffat på länge, hon väfver mattor för närvarande, de hade mammas <anchor xml:id="start38820"/>fjoliga<anchor xml:id="end38820"/> till prof härifrån. <persName corresp="pe160">Leopolds</persName> skola vara hos <rs corresp="pe140">Tant</rs> om julafton, <persName corresp="pe162">Sofie</persName> var en stund här i går aftse, hon berättade då det. Men vi ha våra enslingar och äro så<pb/> många, så att om Tant ber oss så nog säga vi att vi hellre bli hemma. <persName corresp="pe360">Mina Julin</persName> kommer hit om julafton. Då de bad henne till <persName corresp="pe656">Borgströms</persName> så sade hon helt upprigtigt: Nej tack, vet ni, nog går jag hellre till <persName corresp="pe739">Topeliuses</persName>. Och då hade vi ännu ej bedt henne. Hon är så snäll och vänlig den <persName corresp="pe360">Mina</persName>, nog är hon bra treflig att ha här, och hvad jag kommer att sakna henne då hon lemnar <placeName corresp="pl399">Hfors</placeName>.</p>
        <p><handShift new="#ZT"/><hi rend="underline">Z:s postscriptum.</hi> Wi ha i dag skickat <placeName corresp="pl2464">Uleåborg</placeName>sklappar, beställda af <persName corresp="pe25">Ludvig</persName>, men blefvo ej färdiga med småsakerna till <persName corresp="pe54">Schalins</persName> och <persName corresp="pe323">Fannys</persName> <anchor xml:id="start27374"/>koltar<anchor xml:id="end27374"/>. Om möjligt skicka vi dem i morgon med <persName corresp="pe2254">Konon Falck</persName> – annars med posten i fredag. Det är bara tokigt, att vi ej veta om Mamma och <persName corresp="pe323">Fanny</persName> resa till <placeName corresp="pl1142">Larsmo</placeName> till jul. – Kommer ej något med <persName corresp="pe2254">Konon</persName>, så kanske Mamma ber <persName corresp="pe54">Schalin</persName> taga ut från posten, tisdag före jul<del>e</del> – icke för det att det är mycket värdt, bara smått åt barnen.</p>
        <p>Om mina affärer är blott att säga, att jag skrifver till <persName corresp="pe512">Armfelt</persName> – och ber att få täfla om finska professionen – får jag, så har jag mitt ämne gifvet – får jag ej, så har jag gjort hvad jag bör för hederns skull – och så är jag lugn – icke kunna de, för skam skull, lemna mig utan ersättning. – Jag har redan fått uppmaning att söka historiska profession, om den anslås ånyo ledig, som troligt är, ifall <persName corresp="pe480">Forsman</persName> får den finska – Vi få allt se – Mammas gosse reder sig nog. – Gud gifve Mamma, <persName corresp="pe323">Fanny</persName> och eder alla en god jul, önskar Mammas egnaste</p>
        <closer>
        <signed>Z.</signed>
        </closer>
        <!-- skrivet i vänstra marginalen på sid 4 -->
        <postscript><p rend="place_leftMargin">Finska kronan har lånat 3½ millioner af <persName corresp="pe3183">Rothschild</persName> – <persName corresp="pe2729">Langenskiöld</persName> är sjuk – har kräfta i magen –</p></postscript>
      </div>
    </body>
  </text>
</TEI>