<?xml version='1.0' encoding='UTF-8'?><TEI xmlns:xsi="http://www.w3.org/2001/XMLSchema-instance" xmlns="http://www.tei-c.org/ns/1.0" xsi:schemaLocation="http://www.tei-c.org/ns/1.0 file:/T:/Instruktioner,%20manualer,%20scheman/TEI-scheman%20(AM)/tei_brevschema.xsd">
  <teiHeader>
    <fileDesc>
      <titleStmt>
        <title>Br2032</title>
        <respStmt>
          <resp>Ansvarig redaktör:</resp>
          <name>Laura Mattsson</name>
        </respStmt>
      </titleStmt>
      <publicationStmt>
        <publisher>Zacharias Topelius Skrifter</publisher>
      </publicationStmt>
      <sourceDesc>
        <p>Arkivsignum: se databas</p>
      </sourceDesc>
    </fileDesc>
    <profileDesc>
      <handNotes>
        <handNote medium="black-ink"/>
      </handNotes>
    </profileDesc>
  </teiHeader>
  <text>
    <body xml:space="preserve">
      <!-- – ” ’ æ ½ -->
      <div type="letter">
        <opener>
          <dateline><placeName corresp="pl399">Helsingfors</placeName> fredag 11 Jan. 1867. kl. ½ 11 f. m.</dateline>
          <salute>Älskade <rs corresp="pe14">Mamma</rs>!</salute>
        </opener>
        <p rend="noIndent">Jag vill midti stöket endast med ett par ord skicka vår <rs corresp="pe11">pias</rs> allravarmaste helsning till sin goda, i går så mycket saknade och ihågkommna Farmor. Ja, nu är hon <persName corresp="pe11">fru Nyberg</persName>; Gud gifve att det skett under Guds allsmäktiga hägn och välsignelse!</p>
        <p>Jag hinner ej berätta om brölloppet vidare än att allt gått efter önskan, utom att en hufvudperson, <persName corresp="pe143">biskop Schauman</persName>, ej kunde komma, af orsak att en af hans söner ligger illa sjuk i <placeName corresp="pl109">Borgå</placeName>. Vi hade på e. m. ett hjertligt telegram ifrån honom. När så var, kunde vi ej förbigå <persName corresp="pe146">Frans Snellman</persName>, som döpt <persName corresp="pe11">Aina</persName>, och det var således han som vigde – litet mer vältalighet var der, än just efter vårt sinne, men det gick dock! <persName corresp="pe272">Toini</persName> och <persName corresp="pe13">Eva</persName> stodo på hvar sin sida och lyste presten; sedan på hvardera sidan 9 marskalkar och 9 tärnor. Marskalka voro bröderne<pb/> <persName corresp="pe5540">Frans</persName> och <persName corresp="pe719">Klas Nyberg</persName>, enkom hitresta från <placeName corresp="pl1957">Pburg</placeName>, <persName corresp="pe426">Georg Borgström</persName> samt <persName corresp="pe561">Berndt</persName> närmaste ungdomsvänner <persName corresp="pe6903">Vik</persName>, <persName corresp="pe6900">Brenner</persName>, <persName corresp="pe6902">Sackléen</persName>, <persName corresp="pe619">Råberg</persName>, <persName corresp="pe6899">Ahnger</persName> och <persName corresp="pe2112">Unonius</persName>. Tärnorna voro: <persName corresp="pe318">Ninni</persName>, <persName corresp="pe571">Olga Leopold</persName>, <persName corresp="pe560">Mimmi</persName>, <persName corresp="pe2113">Fanny Decker</persName>, <persName corresp="pe517">Fatima Serenius</persName>, <persName corresp="pe673">Rosa Dyhr</persName>, <persName corresp="pe460">Aline H.</persName>, <persName corresp="pe680">Mina Nyberg</persName> och <persName corresp="pe425">Adele Borgström</persName>. Omkring 90 personer voro här – flera bjudna kunde ej komma. Af <persName corresp="pe656">Borgströms</persName> 10 kommo blott 2, emedan <rs corresp="pe68">gubben</rs> ännu är sjuk – <persName corresp="pe316">Lina</persName> krasslig, <persName corresp="pe423">Emil</persName> med en smula halsröta, <persName corresp="pe70">Leonard</persName>, <persName corresp="pe422">Emili</persName> och <persName corresp="pe519">Lindfors</persName> bortresta, <persName corresp="pe3227">Alice</persName> illamående. <persName corresp="pe316">Carolina</persName> och <persName corresp="pe284">Lina</persName> voro likväl här en stund förut och kysste <persName corresp="pe11">Aina</persName>. – De ha varit så hjertligt vänliga – allt hvad i deras hus fanns stod till vår disposition. Trångt var här blott under vigseln – sedan fördelades sällskapet – vi hade flyttat undan några större möbler och fått stolar från <persName corresp="pe656">Borgströms</persName>, så att vi hade 67 sittplatser utom matsaln.<pb/> Något varmt var här – mycken ungdom, bara en 12 eller 15 äldre – blommor och tyll och märkvärdiga hår – nätta flickor – förtjusta målare. Bruden sjelf var söt och anspråkslös, som Farmor känner sin <persName corresp="pe11">Aina</persName> – krans, krona, slöja. Under vigseln sjöngs af en utvald sångkör <anchor xml:id="start39053"/>141<anchor xml:id="end39053"/>, första och sista versen. Båda utsade mycket bestämdt och klart sitt vigtiga löfte. Sedan omvexlade den ena kören med den andra, vi hade ju de bästa sångare och sångerskor. Ingen dans. Ett glas efter vigseln. Super kl. 11 – utmärkt konstverk af <persName corresp="pe7766">jungfru Kristine</persName> – <persName corresp="pe10">Mille</persName> får sedan beskrifva den – stor krokan - <persName corresp="pe6903">Vik</persName><!-- ändrade från krokan-Vik. IK --> föreslog brudparets skål – <persName corresp="pe619">Råberg</persName> föräldrarnas (kristligt varmt), <persName corresp="pe6902">Sackléen</persName> för tärnorna. Bruden visades – Allt gick ordentligt – vi hade två poliser utanför samt mareschaller. – Sist sjöngs Vårt Land, anfördt af <persName corresp="pe130">Pacius</persName>. Klockan blef ändå 2, när vi åtskildes. Sedan följde<pb/> <persName corresp="pe10">Mamma Mille</persName> och jag de unga till villan, helsade på <persName corresp="pe4561">gumman Nyberg</persName>, som låg sjuk (fast på bättring) och sist läste vi några böner och välsignelsen deruppe hos de unga. De ha så nätt och trefligt. Nu skola vi dit på f. m. kaffe och barnen <anchor xml:id="start30780"/>kälta<anchor xml:id="end30780"/>. Middag äta föräldrar och syskon samt <persName corresp="pe658">Dyhrns</persName> hos oss i dag, och på qvällen äro tärnor, marskalkar och sångare bjudne – De få då dansa litet efter piano – helt enkelt. – <persName corresp="pe323">Fanny</persName> får nu berätta om deras resa. Välkomna voro de, fastän <hi rend="underline">en</hi> saknades. Stökigt ha de nu – men hvad gör det? – Hos <persName corresp="pe5649">O. Nyberg</persName> är bjudning i måndag. En stor lycka är att vi ej behöft oroa oss för <persName corresp="pe68">gubben Borgström</persName> och <persName corresp="pe4561">gumman Nyberg</persName> – de voro ju några dagar förut så sjuka, att de sjelfva uppgifvit allt hopp. – Guds englar ha stått när oss. Måtte de alltid göra det. Må väl, vi omfamna alla, alla vår älskade Farmor.</p>
        <closer>
          <signed>Z.</signed>
        </closer>
          <postscript>
            <p rend="place_leftMargin"><!-- skrivet i vänster marginal på sid 4 -->Det var så väl i går, mellan <persName corresp="pe318">Ninni</persName> och <persName corresp="pe619">Råberg</persName>, så få se! <persName corresp="pe141">Aug. Schauman</persName> är förlofvad i går med <persName corresp="pe6419">fröken Kuhlman</persName> och <persName corresp="pe684">Thilda Snellman</persName> (<persName corresp="pe361">Johns</persName>) med <persName corresp="pe445">doktor Bolin</persName>.</p>
          </postscript>
      </div>
    </body>
  </text>
</TEI>