﻿<?xml version="1.0" encoding="UTF-8"?>
<TEI xmlns:xsi="http://www.w3.org/2001/XMLSchema-instance" xmlns="http://www.tei-c.org/ns/1.0" xsi:schemaLocation="http://www.tei-c.org/ns/1.0 file:/T:/Instruktioner,%20manualer,%20scheman/TEI-scheman%20(AM)/tei_brevschema.xsd">
  <teiHeader>
    <fileDesc>
      <titleStmt>
        <title>Br2047</title>
        <respStmt>
          <resp>Ansvarig redaktör:</resp>
          <name>Laura Mattsson</name>
        </respStmt>
      </titleStmt>
      <publicationStmt>
        <publisher>Zacharias Topelius Skrifter</publisher>
      </publicationStmt>
      <sourceDesc>
        <p>Arkivsignum: se databas</p>
      </sourceDesc>
    </fileDesc>
    <profileDesc>
      <handNotes>
        <handNote medium="black-ink" />
      </handNotes>
    </profileDesc>
  </teiHeader>
  <text>
    <body xml:space="preserve">
      <!-- – ” ’ æ ½ -->
      <div type="letter">
        <opener>
          <dateline><placeName corresp="pl399">Helsingfors</placeName> måndag 14 Oktober 1867.</dateline>
          <salute>Min älskade <rs corresp="pe14">Mamma</rs>!</salute>
        </opener>
        <p rend="noIndent">Godmorgon! Det är en vacker, något frostig höstmorgon. Solen skiner på klar himmel, men på den gröna gräsplanen i skuggan ligger ännu hvit rimfrost. Sen i onsdags ha vi haft det allra vackraste väder, lugnt, klart och 10–12 graders värme ända på sena qvällen. Men i natt har det frusit. Måtte det ej bebåda tidig vinter, ty min <anchor xml:id="start31053" />aneroide<anchor xml:id="end31053" /> (lyckligen återkommen) visar 6½ grader öfver <foreign xml:lang="fre"><anchor xml:id="start31052" />Beau Temps<anchor xml:id="end31052" /></foreign>. Om Gud vore så nådig och läte mjölmattorna hinna sjövägen ända till <placeName corresp="pl2464">Uleåborg</placeName>, vore det dock en lättnad. Alla våra ångbåtar ligga och vänta i <placeName corresp="pl1957">Petersburg</placeName>; <persName corresp="pe3441"><anchor xml:id="start31057" />H. Nordgren</persName> är icke heller återkommen ännu.<anchor xml:id="end31057" /> Det finns mjöl i massa – 700,000 mattor ha legat och väntat 7 mil från <placeName corresp="pl1957">Petersburg</placeName> – det lär ha varit så lågt vatten i kanaler och floder. Se, der kom jag strax på det ett och samma kapitlet. Här talas ej om annat än understöd, <anchor xml:id="start31058" />slöjdbolag<anchor xml:id="end31058" />, besparingar. <placeName corresp="pl399">Helsingfors</placeName> tål nog vid att lära sig spara. <persName corresp="pe3">Kleineh</persName> annonserade ännu för i går, böndagen, att ”vänner af delikat kalfstek m. m.” skulle för all del icke glömma bort <placeName corresp="pl4812">operakällaren</placeName>. Och sådana vänner finnas en hel hop. Men här finnas ock många af annan sort. Fruntimmerna äro, som vanligt, både de varmaste och de kallaste. <persName corresp="pe6576">Fru Leinberg</persName> kom härom dagen till oss med ett förslag till en nationaldrägt för fruntimmer, för att emancipera dem från modets nycker. Det skulle vara svart lif, svart kjol, hvita ärmar, röda strumpor.<pb /> Det der är nu opraktiskt och går icke, men jag tviflar ej alls, att vi få en mängd fruntimmer, som öfverenskomma att gå bara i inhemska tyger, blott vi vore säkra att ha sjelfva tygerna. Derföre skall slöjdbolaget inrätta en depot här och en annan i <placeName corresp="pl1957">Petersburg</placeName>. Aktieteckningen går ännu mera trögt. Många teckna, men teckna smått, <del>rika</del> <add>fattiga</add> <persName corresp="pe5584" correspUncert="Y">Lindroos</persName> bara 2 aktier, medan rika <persName corresp="pe614">Topelius</persName> tecknade 4. <persName corresp="pe6580">Sinebrychoff</persName> tecknade 20. Det kommer mycket deraf, att inga affärsnamn stå i spetsen, och så cirkulera de direkta understödslistorna på samma gång. Emellertid hoppas vi att det skall gå, och vi tänka på <persName corresp="pe171">Adolf Wasenius</persName> till verkställande direktör, men depoten skall skötas af ett fruntimmer. Från många håll ha profver med pris införskrifvits. Tack, goda Mamma, för svaret på mina frågor. Jag misströstar allsicke, att ju mången slöjd skall uppstå, som man nu ej vet af, när det blir bekant, att afsättning finnes. Hvem har härtills haft råd och kurage att arbeta, för att få tigga om köpare och ändock missbjudas?</p>
        <p>En finne, som varit i <placeName corresp="pl43">Ryssland</placeName>, berättade, att i vintras år sedan beställdes till ett ryskt jernvägsarbete <del>sip</del> simpla skottkärror för 60,000 rubel från <placeName corresp="pl249">Frankrike</placeName>. En annan gång skickades samma person till <placeName corresp="pl1384">Moskva</placeName> att köpa simpla trädskoflar och dylikt<pb /> för 12,000 rubel och fick betala plumpt för bara skräp. Goda Mamma, fråga <persName corresp="pe37">Albert</persName> om de tänka inrätta någon undsättningskomité och om vi genom den kunna få hit profver och priser på sådana slöjdartiklar, som <anchor xml:id="start31061" />bära<anchor xml:id="end31061" /> transport. Säg honom äfven, att <persName corresp="pe3409">Harff</persName> m. fl. äro i rörelse för att anskaffa marknad åt finska <anchor xml:id="start31059" />takpertor<anchor xml:id="end31059" /> i <placeName corresp="pl2432">Tyskland</placeName>: det kunde blifva en nätt export nästa vår; jag vet att <persName corresp="pe37">Albert</persName> har tänkt på detsamma förr. Med sådant befattar sig icke slöjdbolaget; det vill ingalunda gå handeln i förväg med sådant som får afsättning direkt genom köpmännen. Dess verksamhet torde blifva att uppköpa alla slags väfnader, stickningar, virkningar, jernsmider, gjutgods, små träd-, näfver- och korgarbeten, bär och bärsylter med mycket annat, som jag nu ej mins och som bär transport. Hade <subst><del>bl</del><add>vi</add></subst> blott bleckdosor, så skulle lättrökt bökling och <anchor xml:id="start31051" />näting<anchor xml:id="end31051" /> troligen få afsättning, äfvensom lakromm. De der billiga <hi rend="underline">pjexorna</hi> t. ex. skulle bestämdt kunna säljas; kort sagdt, nog finns det, bara det finns afsättning och drift. –</p>
        <p>I går hörde vi en sträng straffpredikan af <persName corresp="pe619">Råberg</persName> i aftonsången. Af <persName corresp="pe619">R.</persName> kommer jag ihåg mammas lilla fråga: icke ha vi försport någon följd af segelfärden. Han har ännu ingenting att bjuda en hustru på. Härom afton var jag hos <persName corresp="pe767">prof. Granfelt</persName>. De vilja ha mig med i redaktionen för <title corresp="tw1603">Kyrkligt Weckoblad</title>, som nästa år får en verldslig och en kyrklig afdelning, dock allt i kristlig anda. Kanske går jag in derpå.</p>
        <pb />
        <p>– Huru theatern skall gå i dessa tider, ser mörkt ut. Jag har lyckligtvis ingen befattning dermed. Litet flat är jag, att <anchor xml:id="start31062" />de börja med <title corresp="ve505">Brita Skrifvars</title><!-- LM ändrade från persName. Han avser pjäsen, inte rollfiguren i den --> i onsdag<anchor xml:id="end31062" />. Det rår jag ej för, hon är nio år gammal, och i våras skref jag ut henne till pjes på en vecka; derför att jag behöfde pengar, men då hunno de ej med henne, utan öfvade in henne under sommarn. – <persName corresp="pe506">Bonnier</persName> har nu fått <anchor xml:id="start31063" />båda böckerna<anchor xml:id="end31063" />, och de börja bli färdiga. Jag borde få cirka 1,300 riksdaler för dem, eller 1800 mark, som nog är bra att stoppa i <anchor xml:id="start31065" />björnarna, bland andra i Fruntimmersföreningen,<anchor xml:id="end31065" /> som är på bara backen. Ingen har kräft mig, fastän reversen blef i April tio år gammal, men det är detsamma, jag hoppas åtminstone kunna betala hälften och ett års obetald ränta. Hos <persName corresp="pe6323">Ferlman</persName><!-- tyska köpmannen Friedrich August Ferlman? Se Hiski --> återstå ännu 476 mark, mest för <persName corresp="pe11">Ainas</persName> utstyrsel. Af mina fyra metkrokar har härtills blott en gifvit en mört, nemligen <title corresp="ve252">Läseboken</title><!-- Läsebok för de lägsta läroverken i Finland -->: jag har fått 100 mark af de 200, <add>som</add> <persName corresp="pe158">Thunbergs</persName> kompagnon skulle betala. <persName corresp="pe4314">Hedberg</persName> fattig skrifver att han vill sälja sin sista råg, för att betala. – Nå <persName corresp="pe54">bror Wilhelm</persName> har bara <anchor xml:id="start31064" />tredje rummet till <placeName corresp="pl1042">Qveflax<anchor xml:id="end31064" /></placeName>, det förundrar mig. <persName corresp="pe548">Nordman</persName> får väl det. – <persName corresp="pe556">Zache</persName> var här i går, munter och fördomsfri. Eftermiddagen tillbragte han med att läsa <title corresp="ve2580">gamla baron på Rautakylä</title> högt för <persName corresp="pe272">Toini</persName> och <persName corresp="pe13">Eva</persName>. Vinet slutar han upp med. – I thorsdags voro sångarne här och <anchor xml:id="start31066" />Vårföreningen<anchor xml:id="end31066" />; ingen soupér, bara smörgås till théet. Vi knappa in på staten, men för närmare vänner kunna vi ej stänga vårt thébord. <persName corresp="pe9508" correspUncert="Y">Heikellerna</persName> gå ofta här och äro<pb /> som egna; allvarsama hyggliga gossar. <persName corresp="pe24">Fanny</persName> var här i lördags med lilla <persName corresp="pe754">Gösta</persName>, men ville ej stadna, ”för att hon varit här så nyss.” Hos <persName corresp="pe768">Leopolds</persName> voro vi en qväll i förra veckan med all vår ungdom i grymt regn och slask. De må bra. <persName corresp="pe160">Leopold</persName>, som alltid är driftig, tänker exportera till <placeName corresp="pl1724">Preussen</placeName> huggen gatsten för 20,000 rubel. Han skulle bli rik, om det ville lyckas. Hans ångbåtar ha gjort <anchor xml:id="start31067" />snälla<anchor xml:id="end31067" /> turer, men frakterna sitta hårdt att få ut. <persName corresp="pe162">Sofi</persName> hade i somras bland de svenska officerarne träffat en af sina gamla kadetter, och det var så väl, att han sedan skref och skickade henne sitt porträtt, men <persName corresp="pe160">Leopold</persName> och <persName corresp="pe571">Olga</persName> hade den tiden varit vid <placeName corresp="pl544">Imatra</placeName>, och i stället tycks lille <persName corresp="pe671">Aline</persName> ha varit mycket <anchor xml:id="start31068" />fjäsad<anchor xml:id="end31068" />. Fadren tyckte med skäl att det var något för tidigt. <persName corresp="pe160">Leopold</persName> hade äfven varit rest till <placeName corresp="pl3969">Memel</placeName> i sommar. – <persName corresp="pe19">Oskar</persName> har nu sökt grekiska lektorstjensten i <placeName corresp="pl2735">Åbo</placeName><del>,</del> och skall dit att <anchor xml:id="start31069" />speciminera<anchor xml:id="end31069" />, men ogerna gör han det, han vill ej bort härifrån. Han har här 2,600 mark om året, och med det skulle han stå sig, säger han, om det vore säker inkomst, men docentarfvodet, 2000 mark, gifves bara på 5 år i sender, och yngre <persName corresp="pe514">Estlander</persName> tar professionen efter <persName corresp="pe75">Cygnæus</persName>. – Hos <persName corresp="pe656">Borgströms</persName> voro <persName corresp="pe10">Mille</persName> och jag en afton. <rs corresp="pe316">Gummans</rs> venstra hand är ännu svullen, och för en tid sedan hade <persName corresp="pe426">Georg</persName> vrickat sitt ben, så att de ha då bråk med armar och ben <persName corresp="pe284">Lina</persName> är ännu borta, gubben bråkar med <placeName corresp="pl3120">Thölö park</placeName>.<pb /> <persName corresp="pe798">Rosenkampffs</persName> ha vi nu ej träffat på snart två veckor. <persName corresp="pe317">Carl</persName> är ännu qvar; <persName corresp="pe272">Toini</persName> och <persName corresp="pe13">Eva</persName> både spela och läsa för <persName corresp="pe607" correspUncert="Y">Gutti</persName> och <persName corresp="pe318">Ninni</persName>. – <persName corresp="pe11">Aina</persName> går här mest alla dagar sina modiga <anchor xml:id="start31070" />2 verst<anchor xml:id="end31070" /> och är nöjd och glad med sin <persName corresp="pe561">Berndt</persName>. I November hoppas han få sin pedagogiekandidatexamen af stapeln. <persName corresp="pe5541">Gamla Nybergs</persName> återvände i veckan från <placeName corresp="pl4751">Rauhala</placeName>. – Här är mera tyst nuförtiden, det kan man tänka. Tillochmed <persName corresp="pe611">Adlerbergs</persName> få afsäga sig alla baler i vinter. Grefven blef ju sjuk i <placeName corresp="pl1615">Paris</placeName>, när han ville ”skynda hit, för att ställa sig i spetsen för insamlingarna”, sedan han låtit plåta många tusen rubel för att få riktigt grannt i guvernörshuset. – <anchor xml:id="start31071" />Indelta militären skall tillsvidare indragas,<anchor xml:id="end31071" /> – just som torpen äro färdiga. Många tro på ett stort krig mellan <placeName corresp="pl1724">Preussen</placeName> och <placeName corresp="pl249">Frankrike</placeName> nästa vår. Måtte vi få vara i fred. <rs corresp="pe3507">Påfven</rs> tros komma att stryka på foten.</p>
        <p>– <persName corresp="pe10">Mille</persName> har stundom haft känning af sitt onda i luftstrupen. <persName corresp="pe500">Hjelten</persName> har föreskrifvit tvättningar om qvällarna och <anchor xml:id="start31072" />Emsvatten<anchor xml:id="end31072" /> med mjölk, men det senare har ännu blifvit ogjordt. <persName corresp="pe13">Eva</persName> borde gymnasticera för sin snedhet, men det vill vara mera svårt att betala 20 mark i månaden bara för det.</p>
        <p>Må väl, älskade Mamma! Många helsningar till <persName corresp="pe323">Fannina</persName> och alla de andra. Barnen äro ännu skyldiga bref åt farmor. Förlåt de slarfvarna! Mille och jag kyssa Mammas händer!</p>
        <closer>
          <signed>Z. och E.</signed>
        </closer>
          <postscript>
            <p rend="place_leftMargin"><persName corresp="pe5306"><anchor xml:id="start31060" />Olga Nummelin</persName> gör oss bekymmer.<anchor xml:id="end31060" /> Hon kan ej bo hos bröderne längre. <persName corresp="pe10">Mille</persName> var och talte för henne hos en symamsell, men det kostade 360 mark om året, och sedan var <persName corresp="pe10">Mille</persName> i den nya diakonissanstalten, hvarom hon skrifver till <persName corresp="pe320">Augusta</persName>. <persName corresp="pe538">Fru Karamsin</persName> har till dess inrättande skänkt 10,000 rubel.</p>
          </postscript>
        <postscript>
          <p rend="place_previousPage_leftMargin"><!--skrivet i högra marginalen på sid. 5-->Ett mjölfartyg har strandat här nära båken. De hålla nu på att lossa lasten. Mjölmattan kostar här 46 mark, eller 1 mark mer, än prima hvetmjöl i somras, men tros komma att falla. Hvetmjöl N<hi rend="raised">o</hi> 3 är billigare än rågmjöl.</p>
        </postscript>
        <postscript>
          <p rend="place_previousPage_leftMargin"><!--skrivet i vänstra marginalen på sid. 4-->Brita Skrifvars börjar theatern ganska tidsenligt med en utmätning och med att sälja väfvar. – En ryssinna sade häromdagen åt <persName corresp="pe317">Carl Rpff</persName>: jag kan ej förstå hvad de prata om nöden. De kunna ju äta kött och fisk. Jag äter nästan aldrig bröd.</p>
        </postscript>
        <postscript>
          <p rend="place_previousPage_leftMargin"><!--skrivet i vänstra marginalen på sid. 3--><persName corresp="pe640">Frans Dyhr</persName> har ej varit här. – Helsa <persName corresp="pe5634">Schalins</persName>. Jag väntar på <persName corresp="pe54">Wilhelms</persName> qvitto från <placeName corresp="pl2735">Åbo</placeName>, för att utlösa <anchor xml:id="start31073" />hans fullmakt<anchor xml:id="end31073" />.</p>
        </postscript>
        <postscript>
          <p rend="place_previousPage_leftMargin"><!--skrivet i vänstra marginalen på sid. 2-->Det har lysts för <persName corresp="pe6581">Jenny Pacius</persName> med <persName corresp="pe6582">Geitlin</persName>. – I går på morgonen voro vi alla utom <persName corresp="pe272">Toini</persName> på en lång promenad kring <placeName corresp="pl2443">Thölöviken</placeName> herrligt väder. Frivilliga brandkorpsen sjöng <anchor xml:id="start31074" />sin nya marsch af <persName corresp="pe73">Collan</persName> och mig<anchor xml:id="end31074" />.</p>
        </postscript>
      </div>
    </body>
  </text>
</TEI>