﻿<?xml version="1.0" encoding="UTF-8"?>
<TEI xmlns:xsi="http://www.w3.org/2001/XMLSchema-instance" xmlns="http://www.tei-c.org/ns/1.0" xsi:schemaLocation="http://www.tei-c.org/ns/1.0 file:/T:/Instruktioner,%20manualer,%20scheman/TEI-scheman%20(AM)/tei_brevschema.xsd">
  <teiHeader>
    <fileDesc>
      <titleStmt>
        <title>Br2090</title>
        <respStmt>
          <resp>Ansvarig redaktör:</resp>
          <name>Laura Mattsson</name>
        </respStmt>
      </titleStmt>
      <publicationStmt>
        <publisher>Zacharias Topelius Skrifter</publisher>
      </publicationStmt>
      <sourceDesc>
        <p>Arkivsignum: se databas</p>
      </sourceDesc>
    </fileDesc>
    <profileDesc>
      <handNotes>
        <handNote id="ZT" medium="black-ink">Zacharias Topelius</handNote>
        <handNote id="ET" medium="black-ink">Emilie Topelius</handNote>
      </handNotes>
    </profileDesc>
  </teiHeader>
  <text>
    <body xml:space="preserve">
      <!-- – ” ’ æ ½ -->
      <div type="letter">
        <opener>
          <handShift new="#ZT" />
          <dateline><placeName corresp="pl2921">Marstrand</placeName>, lördag 27 Juni 1868.</dateline>
          <salute>Min älskade <rs corresp="pe14">Mamma</rs> och <persName corresp="pe323">Fanny</persName> och <persName corresp="pe272">Toini</persName> och <persName corresp="pe13">Eva</persName>!</salute>
        </opener>
        <p rend="noIndent">Jag ämnade skrifva till någon af eder, men efter Mamma <persName corresp="pe10">Emili</persName> redan gjort det, lägger jag nu bara till några rader; och så få ni ännu ett bref, antingen från <placeName corresp="pl2921">Marstrand</placeName> eller <placeName corresp="pl2157">Stockholm</placeName>, när vi kunna bestämma resdagen, hvilken beror af huru vi slippa med ångbåtarne upp till <placeName corresp="pl1512">NyCarleby</placeName>. Få se om vi få veta det i ert nästa bref. Mycket kärt var det att få höra något om eder, våra allrakäraste; jag önskar vi nu sutte alla kring farmors kaffebord, det vore präktigare än att sitta hos kungen. – I går afton kl. ½ 8 kom jag i storm från <placeName corresp="pl304">Götheborg</placeName>, det gick rätt bra på krypvägar mellan klipporna, ångbåten blef alldeles öfverstänkt af vatten, men jag sof middag i hytten och vaknade när <placeName corresp="pl137">Carlstens fästning</placeName> redan syntes. Mamma <persName corresp="pe10">Emili</persName> var ännu på <placeName corresp="pl4828">Backudden</placeName>, men kom en stund efteråt. <persName corresp="pe1994"><anchor xml:id="start32769" />Onkel Adam</persName> var mig strax till möte<anchor xml:id="end32769" /> med vagn vid <placeName corresp="pl304">Götheborgs</placeName> brygga och tog hand om mig hela tiden; jag fick ej betala annat än öfverresan. Och så kamperade vi tillsammans, ute och inne, från onsdag qväll till fredag f. m., då han måste resa. Han är en ståtelig gubbe, storvext, gladlynt och god som guld, och det var så roligt att höra en så stor menniskokännare beskrifva <placeName corresp="pl332">Sverige</placeName> och Svenskarne och deras framstående personer. – När jag for från <placeName corresp="pl304">Götheborg</placeName>, låg der åter ett stort ångskepp färdigt att afgå till <placeName corresp="pl1189">Amerika</placeName> med <del>me</del> 4 eller 500 emigranter. Med dem lär det vara omkring 12,000 svenskar, som emigrerat nu på tre månader. Det är hiskeligt. Der voro gamla gubbar och gummor och små dibarn, men ändå mest ungt och raskt folk. Svenskarne äro ett oförnöjsamt folk; bara något<pb /> går dem emot, såsom att de ej få arbete, fastän de ej lida nöd heller, äro de färdige att öfvergifva sitt fädernesland. Det skulle ej våra Finnar göra. Här har nu varit en svår torka i hela södra <placeName corresp="pl332">Sverige</placeName>, så att höskörden och vårsädet mångenstädes anses förlorade, fastän regn ändtligen kom till midsommar. Ändå åto vi körsbär den 10 Juni och nypotäter den 12 och smultron den 16:de, men körsbären voro tyska. I <persName corresp="pe5230">Widells</persName> trädgård, <anchor xml:id="start32766" />som <persName corresp="pe272">Toini</persName> mins,<anchor xml:id="end32766" /> stå körsbärs, plommon och äppleträd fulla med kart. Här är en snäll magister <persName corresp="pe886">Eneroth</persName>, som skrifvit många böcker om blommor och frukter: Han rekommenderar åt <persName corresp="pe323">Fanny</persName> en ros, som skall vara den skönaste bland de sköna, och hon heter <hi rend="underline">Madame Hardy</hi>. Ja, den som hade den på <placeName corresp="pl963">Kuddnäs</placeName> under fönsterna! Och humle skulle vi så gerna låta klänga upp på segelgarn långs <anchor xml:id="start32767" />hvita byggningen<anchor xml:id="end32767" /> och på <placeName corresp="pl402">Majni</placeName>. Af <persName corresp="pe5230">Widell</persName> har jag fått löfte på profpotäter af en mycket tidig engelsk sort. Af sådana kunna vi i höst reqvirera någon kappe från <placeName corresp="pl190">England</placeName>. Om vi hade bara en hundradedel af hvad <persName corresp="pe887">Dickson</persName> kostat på sin villa utanför <placeName corresp="pl304">Götheborg</placeName>, hvad vi skulle laga <placeName corresp="pl963">Kuddnäs</placeName> fint! Den har kostat 500,000 riksdaler. – Af våra landsmän hörde vi att Ryssarne skickat 120,000 rubel åt <placeName corresp="pl62">Finland</placeName>. Ja, måtte nu vår gode Gud välsigna landet med <hi rend="underline">sina</hi> gåfvor, andeliga och lekamliga! – För Mamma skall jag berätta, att <anchor xml:id="start32768" />jag hade en novell med <subst><del>s</del><add>m</add></subst>ig och fick 100 riksdaler för den af <title corresp="tw170">Familjejournalen<anchor xml:id="end32768" /></title>, hvilket gör att vi hoppas komma från denna resa utan all skuld. Annars gå nog pengar åt här, fastän vi sällan kosta annat extra på oss, än den goda och billiga portern. Jag önskar vi kunde traktera <persName corresp="pe323">Fanny</persName> med. – <persName corresp="pe1994">Onkel Adam</persName> helsade så vänligt åt <persName corresp="pe272">Toini</persName> och <persName corresp="pe13">Eva</persName>, liksom åt <persName corresp="pe11">Aina</persName> och <persName corresp="pe561">Berndt</persName>. Han tyckte så om att <persName corresp="pe561">Berndt</persName> sjelf gjort trappa och brygga vid deras sommarstuga. – Mån väl, mina allrakäraste! Helsa alla vännerna, <persName corresp="pe658">Dyhrns</persName> och <persName corresp="pe653">Lybecks</persName> och <persName corresp="pe34">Moster Clam</persName> och <persName corresp="pe6776">Granholms</persName> och <persName corresp="pe6544">Ezers</persName> och <persName corresp="pe2881">Wennerholms</persName> och alla! Gud vare med eder och oss alla! Jag kysser eder alla, och farmor på handen!</p>
        <closer>
          <signed>Z.</signed>
        </closer>
          <postscript>
            <p rend="place_leftMargin"><handShift new="#ET" /><anchor xml:id="start36617" />Ack huru är det nu med farmor?<anchor xml:id="end36617" /> Den frågan gör våra oroliga hjertan många gånger på dagen men får intet svar. Gud har svaret i sina händer. Jag har varit så skral på vägen måtte det nu bli bättre. Vi träffas snart! Gud vare hos er!</p>
          </postscript>
        <postscript>
          <p rend="place_previousPage_leftMargin"><!--skrivet i vänstra marginalen på sid. 1--><placeName corresp="pl2735"><anchor xml:id="start36618" />Åbo</placeName> d. 1 Juli.<anchor xml:id="end36618" /> – Så äro vi nu på hemvägen och ha rest lika fort som brefvet skulle ha gjort om vi lemnat det på posten i <placeName corresp="pl2921">Marstrand</placeName>. Fåse om det nu hinner före oss. <rs corresp="pe614">Pappa</rs> vill att vi skola afsända det härifrån. Vi måste resa landvägen.</p>
        </postscript>
      </div>
    </body>
  </text>
</TEI>