﻿<?xml version="1.0" encoding="UTF-8"?>
<TEI xmlns:xsi="http://www.w3.org/2001/XMLSchema-instance" xmlns="http://www.tei-c.org/ns/1.0" xsi:schemaLocation="http://www.tei-c.org/ns/1.0 file:/T:/Instruktioner,%20manualer,%20scheman/TEI-scheman%20(AM)/tei_brevschema.xsd">
  <teiHeader>
    <fileDesc>
      <titleStmt>
        <title>Br2081</title>
        <respStmt>
          <resp>Ansvarig redaktör:</resp>
          <name>Laura Mattsson</name>
        </respStmt>
      </titleStmt>
      <publicationStmt>
        <publisher>Zacharias Topelius Skrifter</publisher>
      </publicationStmt>
      <sourceDesc>
        <p>Arkivsignum: se databas</p>
      </sourceDesc>
    </fileDesc>
    <profileDesc>
      <handNotes>
        <handNote medium="black-ink" />
      </handNotes>
    </profileDesc>
  </teiHeader>
  <text>
    <body xml:space="preserve">
      <!-- – ” ’ æ ½ -->
      <div type="letter">
        <opener>
          <dateline><placeName corresp="pl2735">Åbo</placeName> tisdag 17 Mars 1868.</dateline>
          <salute>Min Älskade <rs corresp="pe14">Mamma</rs>!</salute>
        </opener>
        <p rend="noIndent">Hur skall jag nu kunna skrifva så redig stil, att Mamma kan läsa den utan svårighet? Ack de kära ögonen, som tjenat så troget i många Herrans år, skola de nu säga upp tjensten? Men vet Mamma, att jag liksom icke vill tro det. Ty sådana fördunklingar komma ofta hos äldre och yngre af blodkongestioner, som åter bero af tillfälliga orsaker och kunna försvinna. Mamma har ju också förut haft då och då känning deraf. Nu har Mamma varit nedstämd af <persName corresp="pe659">Stinas</persName> bortgång, det har verkat på blodcirkulationen och den åter på ögonen. Derföre skola vi hoppas, att när det ena kommer på rätt igen, så kommer också det andra. En <placeName corresp="pl1142">Larsmo</placeName>resa, under skydd af de blå glasögonen mot snön, tror jag skulle bekomma Mamma väl. Men vill Mamma ha nya glasögon, så fås de ju lätt genom <persName corresp="pe10">Emili</persName>, bara hon får veta nummern. – Ja, tack för det kära brefvet, som jag fick i går e. m., men <persName corresp="pe323">Fannys</persName> bref till <persName corresp="pe10">Emili</persName> måste dröja här till i morgon, ty i dag går ingen post till <placeName corresp="pl399">Hfors</placeName>. Det var ju rätt att <anchor xml:id="start31938" />den gamla vännen fick plats med slägten<anchor xml:id="end31938" /> och att mamma höll begrafningen. Trogen tjenst bör ju hedras äfven för exemplets skull. Kanske får jag utväg att bestå <subst>åt</subst> den gamla vännen ett enkelt jernkors.<pb /> Mamma frågar hvad vi böra göra med qvarlåtenskapen. Det är nog svårt, att Mamma haft så stora utgifter, och derföre ber jag, att åter få bilägga ett litet (alltför litet!) bidrag af 25 mark. Men jag tycker, att begrafningen måste vi taga på vår del utan ersättning. Men om nu Mamma för andra kostnader vill hålla stugan och badstugan, som stå på vår mark, så borde äfven snåla arfvingar finna detta naturligt, och Mamma skulle åtminstone ha den fördelen att kunna disponera dem åt beskedligt folk efter eget val. Det öfriga tycker jag slägtingarna kunna taga, så <subst>s</subst>lipper man allt prat och kanske processer; men har <persName corresp="pe5229" correspUncert="Y">BritaKajsa</persName> skött <persName corresp="pe659">Stina</persName>, så borde hon få något af det ringa bohaget. Icke kan något bevisas med lösa yttranden af <persName corresp="pe659">Stina</persName> i lifstiden; det skall ju vara formligen tillkallade vittnen. Så att slägten må nu få reverserna, att roa sig med, och öfrigt löst.</p>
        <p>Ledsamt är det med en så klen själavård. Nog skall jag säga åt <rs corresp="pe549">erkebispen</rs>, men jag fruktar det föga hjelper; han har ingen att skicka. Det enda vore, att <persName corresp="pe6951">Simelius</persName> skulle få förordnande att biträda <persName corresp="pe2059">Kullman</persName>; men det borde åter <persName corresp="pe2059">Kullman</persName> sjelf begära, och han är väl rädd för arfvodet. Om ett par år bli prester i mängd, ty nu ha många åter vändt sig ditåt, men äro ej färdiga än. <pb />– Just nu har jag varit hos <persName corresp="pe848">M. Essen</persName> och fått ziffrorna för <placeName corresp="pl1042">Qveflax</placeName> prestval. Det gick som man kunde förutse. <persName corresp="pe548">Nordman</persName> fick <anchor xml:id="start31964" />18⁶⁴⁹⁄₈<hi rend="sub">,</hi>₆₄₀<!-- skall stå 649/8,640 --> <anchor xml:id="start31965" />mantal<anchor xml:id="end31965" />, <persName corresp="pe54">Schalin</persName> 1⁵⁷⁷⁄₆₇₂<!-- skall stå 577/627 --> och <persName corresp="pe4156">Finelius</persName> bara ¹⁰⁹⁄₁₆₈<!-- skall stå 109/168 --> mantal<anchor xml:id="end31964" />. Således skjutspengar åt alla, och broder <persName corresp="pe54">Wilhelm</persName> var ej den sämste. Det är väl bäst som sker, Man får säga som räfven om rönnbären, att <del>det</del> <add><placeName corresp="pl1042">Qveflax</placeName></add> lär dock vara en sur församling att sköta. De måste väl ännu en tid dväljas på sin ö, syskonen kära. Det sägs här, att <placeName corresp="pl1627">Pederse</placeName>borna ämna <anchor xml:id="start31958" />begära <persName corresp="pe450">O. Helander</persName> till fjerde<anchor xml:id="end31958" />. Då kniper han det från <persName corresp="pe852">Sohlberg</persName>, som annars anses sjelfskriven. Det sägs också, att <placeName corresp="pl2204">Sunds</placeName> församling begär en ung prest till fjerde, så att det brödstycket går den fattiga <persName corresp="pe4314">Hedberg</persName> ur händerna, och på samma gång mina 200 mark, som jag fått betala för <rs corresp="pe2008"><anchor xml:id="start31952" />Skäggarn<anchor xml:id="end31952" /></rs>. – Från <persName corresp="pe10">Mille</persName> har jag nu haft några gladare bref. Bekymret med <persName corresp="pe875">Anna</persName> fortfar, och hon har skrifvit till <persName corresp="pe645">Häggströms</persName>, så få se, om de nu låta flickan stackare resa med <persName corresp="pe324">Jeana</persName>. <persName corresp="pe875">Anna</persName> lärer dock nu hosta mindre, sedan hon hållits inne. <persName corresp="pe10">Mille</persName> sjelf lär nu vara mera mager och ombytlig till helsan, men barnen Gudilof härtills friska, och <persName corresp="pe272">Toinis</persName> födelsedag<pb /> skulle firas med pappersdockorna. <persName corresp="pe11">Aina</persName> skrifver också snällt; alla sakna de <persName corresp="pe659">Stina</persName>.</p>
        <p>– Nå, nu börja vi ändtligen se en dager att sluta vårt arbete här i <placeName corresp="pl2735">Åbo</placeName>. Vi hålla nu på med bihanget, och det går betydligt raskare, än att lappa hop gammalt, så att hade vi användt åtta veckor på det, skulle vi fått ihop en passabel psalmbok. Det är mest öfversättningar vi göra, stundom bearbetningar, och sådana har jag till en början snart dussinet på min lott. Kanske törs jag sedan försöka något enda original, t. ex. en barnpsalm. Från <title corresp="tw889">Nya Svenska psalmboken</title> låna vi som nödfallsutväg vidpass ett dussin psalmer, ej mer. Man måste beklaga den svenska kyrkan, som, i stället för enkelt och anderikt Guds ord, har fått en sådan bråte af tal på vers och iskalla reflexioner i konstigt tillsvarfvade fraser! Det var en högst olycklig tid för psalmer, när den boken skrefs; der skulle allt vara tillskuret efter den moderna franska snitten hos <persName corresp="pe2865">Leopold</persName> et cetera, och följden var, att så utmärkte män, som <persName corresp="pe818">Wallin</persName> och <persName corresp="pe341">Franzén</persName> omedvetet följde den stora hopen åt. <persName corresp="pe564">Lille</persName> har fallit i största<pb /> förundran. Han trodde, liksom erkebispen, att vi skulle få tre fjerdedelar af bihanget från <title corresp="tw889">nya svenska psalmboken</title>, och så har han knappt hunnit läsa två rader högt derur, innan jag säger: det der begriper ingen enfaldig menniska! – Men, kära vän, säger han, det är ju så vackra tankar och så vackert språk! – Ja, om de vore hundra gånger vackrare, säger jag, så förstå de det intet, och hvad tjenar det då till? – I den punkten är jag obeveklig, och följden är visst att vi få dubbelt mera arbete med bihanget, men för Guds rike få vi ju icke fråga derefter, vi måste ju handla efter samvete och öfvertygelse. Jag är så glad, att jag haft <persName corresp="pe143">Schauman</persName> på min sida, ty annars hade väl min ringa röst ej blifvit hörd, men nu drifva vi två igenom, att allt skrifves så enkelt och anderikt som möjligt och beräknas för enfaldiga kristnas fattningsförmåga. Det roliga är, att nu har också <persName corresp="pe564">Lille</persName>, som är en hjertans välmenande man, begynt komma på samma tankar och säger emellanåt: jag kan ej begripa hvad de svenskarne tänkt uppå!<pb /> Går det nu framåt, som det gått dessa dagar, så hoppas jag vi skola vara något så när färdiga till slutet af månaden och då ha ett bihang af cirka 100 nya psalmer, bland hvilka ett blifvande kyrkomöte sedan får göra ett urval för den definitiva psalmbok, som då kommer att påbjudas efter fyra eller fem år och efterhand införas, så att hvem som vill får under ännu ett visst antal år begagna sin gamla psalmbok i kyrkan. – Vi ha också denna vecka lefvat tyst och arbetsamt. En afton voro vi på en qvartettmusik uti litet sällskap, och i söndags på middag hos erkebispen, som, jemte hela familjen, fortfar att vara mycket vänlig mot oss. Hos <persName corresp="pe6686">Renvalls</persName> lära vi snart bli bjudne till fadder för hans nyfödde pilt. – Härom dagen var <persName corresp="pe741">Lisette</persName> från <placeName corresp="pl1531">Nådendal</placeName> inrest uti affärer och helsade på mig. Hon mådde väl och helsade till Mamma och <persName corresp="pe323">Fanny</persName>. Från <persName corresp="pe461">Johannes</persName> har hon ej på länge haft bref, men det är icke att undra på, när man flackar omkring i <placeName corresp="pl117">Lappmarken</placeName>.</p>
        <pb />
        <p>– Så hade jag i veckan bref af en gengångare, som kallar sig <persName corresp="pe3340">Zachris Topelius</persName> (med ett p), nemligen provisorn, ende son till <rs corresp="pe7336"><placeName corresp="pl119">Brasta</placeName><!-- Brahestad --> gubben</rs>. Gossen skref från <placeName corresp="pl2000">Salo köping</placeName> till <placeName corresp="pl399">Helsingfors</placeName> och bad mig rekommendera honom till en tjenst vid jernvägen. <persName corresp="pe10">Emili</persName> skickade brefvet, och jag svarade honom i går, att han gör klokast att hålla sig på den qvist, der han sitter, tilldess han får en bättre. Kanhända kommer han hit att helsa på mig. Det var eget att skrifva hans adress på brefvet: provisor Z. T. – jag tyckte jag skref till mig sjelf. <persName corresp="pe6558">Skata Simon</persName> brukade ju titulera mig provisorn. –</p>
        <p>Hos <persName corresp="pe3360">Appelgrens</persName> har jag varit på ett f. m. kaffe, objuden – annars ingen enda visit, utom något besök hos <persName corresp="pe80">Ekman</persName>. Det är högst oartigt, men utom den dyrbara tiden, så tycker jag mest om att sitta liksom alldeles gömd och glömd; det är mycket trefligare, än att behöfva skämmas ögonen ur sig för folks grannlåter.</p>
        <p>Nå, Mamma, som skall ha en så<pb /> stor middagsbjudning! Det aflöper ej heller utan kostnader, men måtte Han, som sprisade<!-- ?? --> tre tusen menniskor med några fiskar och bröd, äfven gifva sin välsignelse åt denna och alla dylika måltider! Jag ville den dagen vara med; om nu Mamma skulle riktigt berätta huru det var. Gud välsigne Mamma äfven för detta! Här sitter jag med fyra rätter vid middagsbordet, och mången gång vore jag färdig att gråta deråt. Också till <placeName corresp="pl2735">Åbo</placeName> börja nu allt större skaror inströmma; många sjukas och dö, men icke lär det vara mycket sjukligt i staden. – Ja, nog har <placeName corresp="pl1512">NyCarleby stad</placeName> äfven tunga bekymmer. Är det då platt omöjligt att få någon <anchor xml:id="start31963" />arbetsinrättning<anchor xml:id="end31963" /> i gång? Det är ju förskräckligt, att hela den svärmen skall dag ut och dag in gå sysslolös och vänjas vid lättja och alla laster! Nu i en mildare årstid kunde kanske den ryktbara rian på <placeName corresp="pl4818">Remalsbacken</placeName> inredas för ett sådant ändamål.</p>
        <p>– Må väl, älskade Mamma och <persName corresp="pe323">Fanny</persName>! Gud beskydde eder, våra kära, och oss alla. Mammas egen</p>
        <closer>
          <signed>Z.</signed>
        </closer>
          <postscript>
            <p rend="place_leftMargin"><!--skrivet i vänstra marginalen på sid. 8--><persName corresp="pe556">Zache S.</persName> lär vilja hem på ett år. – Han hade hellre bordt få vara hem ett år innan han for, men nu är det svårt att afbryta kursen.</p>
          </postscript>
        <postscript>
          <p rend="place_previousPage_leftMargin"><!--skrivet i vänstra marginalen på sid. 7-->Helsa syskonen i <placeName corresp="pl1142">Larsmo</placeName>; jag hoppas de taga saken lugnt. Vet <persName corresp="pe54">Wilhelm</persName>, att den nya kyrkolagen är stadfäst af <persName corresp="pe661">Kejsaren</persName> <!--fortsätter i vänstra marginalen på sid. 6--><seg rend="place_previousPage_leftMargin">men kommer ej att blifva gällande förrän 1870? – Här skyndar en hop prester att taga <anchor xml:id="start31966" />pastoralexamen<anchor xml:id="end31966" />, fastän de få lättare efter den nya lagen, men alla vilja nu fiska i de lediga notvarpen.</seg></p>
        </postscript>
        <postscript>
          <p rend="place_previousPage_leftMargin"><!--skrivet i vänstra marginalen på sid. 4-->Helsa vännerna i staden, <persName corresp="pe658">Dyhrns</persName>, <persName corresp="pe653">Lybecks</persName>, <persName corresp="pe34">moster Calamnius</persName> och alla bekanta – äfven <persName corresp="pe6776">Granholms</persName>.</p>
        </postscript>
        <postscript>
          <p rend="place_previousPage_leftMargin"><!--skrivet i vänstra marginalen på sid. 3-->Det var helt ynkligt att se två gamla gubbar stå som skolpojkar i pastoralexamen och förut i kathedern disputera med gymnasister.</p>
        </postscript>
        <postscript>
          <p rend="place_previousPage_leftMargin"><!--skrivet i vänstra marginalen på sid. 2-->Har <persName corresp="pe54">Wilhelm</persName> något psalmförslag, så bedes att få med det allra första.</p>
        </postscript>
      </div>
    </body>
  </text>
</TEI>