<?xml version='1.0' encoding='UTF-8'?><TEI xmlns:xsi="http://www.w3.org/2001/XMLSchema-instance" xmlns="http://www.tei-c.org/ns/1.0" xsi:schemaLocation="http://www.tei-c.org/ns/1.0 file:/T:/Instruktioner,%20manualer,%20scheman/TEI-scheman%20(AM)/tei_brevschema.xsd">
  <teiHeader>
    <fileDesc>
      <titleStmt>
        <title>Br2075</title>
        <respStmt>
          <resp>Ansvarig redaktör:</resp>
          <name>Laura Mattsson</name>
        </respStmt>
      </titleStmt>
      <publicationStmt>
        <publisher>Zacharias Topelius Skrifter</publisher>
      </publicationStmt>
      <sourceDesc>
        <p>Arkivsignum: se databas</p>
      </sourceDesc>
    </fileDesc>
    <profileDesc>
      <handNotes>
        <handNote medium="black-ink"/>
        <handNote/>
      </handNotes>
    </profileDesc>
  </teiHeader>
  <text>
    <body xml:space="preserve">
      <!-- – ” ’ æ ½ -->
      <div type="letter">
        <opener>
        <dateline><placeName corresp="pl399">Helsingfors</placeName> söndag 29 Okt. 65.</dateline>
        <salute>Min älskade <rs corresp="pe14">Mamma</rs>!</salute>
        </opener>
        <p rend="noIndent">Jag är nu skyldig ett litet ordentligare bref än sist, och för att ej <persName corresp="pe10">Mille</persName> och jag skola återigen skrifva precis detsamma, ha vi öfverenskommit att vara oförlikliga och ej skrifva båda på samma gång. Det är söndagsafton kl. 7–8. <persName corresp="pe10">Mille</persName> och jag hemkommo nyss från en promenad att se efter <persName corresp="pe2400">gumman Appelgren</persName>, som allt är skral, ehuru något bättre och gladare till mods, sedan <rs corresp="pe327">hennes gubbe</rs> och <rs corresp="pe3854">hennes bror kommerserådet</rs> i går hitkommit på kallelse med telegram. – Vid utgåendet hade vi klart, herrligt månsken och på hemvägen en störtskur med blåst. Vädret har varit högst stormigt hela detta månskifte och emellanåt så afskyvärdt, att man måste beklaga de stackare, som varit på sjön; men åtminstone har man efter den långa torkan fått tvätt- och dricksvatten. Ingen snö har här varit, knappt tecken till, och blott då och då en lindrig nattfrost, under det att man i hela det öfriga <placeName corresp="pl62">Finland</placeName> lärer ha haft en veckas slädföre. – I dag på f. m. voro vi i skilda kyrkor: <persName corresp="pe10">Mille</persName>, jag och <persName corresp="pe5567">Betty</persName> i nya, <persName corresp="pe11">Aina</persName> och <persName corresp="pe561">Berndt</persName> i gamla kyrkan för att höra <persName corresp="pe550">Sælan</persName>, som annonserades, men han predikade ej, troligen för det fula vädret, utan i stället <persName corresp="pe608">Sirelius</persName>. På e. m. har jag sedan tenterat <anchor xml:id="start39002"/>en kameralist<anchor xml:id="end39002"/>.</p>
        <pb/>
        <p><persName corresp="pe25">Ludvig</persName> var här till middagen, och i qväll sitter <persName corresp="pe5623">Hugo Holsti</persName> och lägger ord med flickorna i salen, men de små äro hos <persName corresp="pe2101" correspUncert="Y">Lillan Borgström</persName>. Det är vår korta dagkrönika: och huru gerna ville vi icke ha eder, käraste vänner, vid vårt thébord i qväll med rusket ute och trefnaden inne! <anchor xml:id="start29444"/>Allt är det tomt också efter <rs corresp="pe140">tant</rs> och <rs corresp="pe6547">flickorna</rs>.<anchor xml:id="end29444"/> Fastän vi ofta ej sågo hvarandra på långa tider, visste vi ändå att vi voro nära hvarandra, och nu tycker jag att <placeName corresp="pl415">kaserntorget</placeName> blifvit obegripeligt ödsligt, när jag ibland går deröfver och af gammal vana kastar en blick åt hörnet. Men så gläder jag mig att mamma har de kära vännerna, och när allt går omkring, kan det väl vara likaså trefligt på <placeName corresp="pl963">Kuddnäs</placeName>, som <anchor xml:id="start29445"/>fordom på <placeName corresp="pl2133">Sonnäs<anchor xml:id="end29445"/></placeName>. Skulle jag få ett års tjenstledighet, för att skrifva en historia eller en läsebok, så nog ville jag hellre äta mjölgröt på <placeName corresp="pl963">Kuddnäs</placeName>, än en brinnande gelée på <placeName corresp="pl666">Kajsaniemi</placeName>, som jag gjorde i går på <persName corresp="pe81">Elmgréns</persName> disputationsmiddag. Det gläder oss innerligt att Tant och flickorna tyckas vara nöjda i ensligheten. När det är fritt val, så kan man väl ena hösten dansa med <persName corresp="pe5267">Wladimir</persName> hos <persName corresp="pe307">Rokassovskis</persName> och andra hösten gå med <persName corresp="pe659">Stina</persName> och se efter fåren. Reträtten är alltid öppen för flickorna, antingen till en gardesbal eller till något ensligt statsråds längtande famn.</p>
        <pb/>
        <p>Nu borde jag väl sqvallra något nytt för <placeName corresp="pl963">Kuddnäs</placeName> kaffebord, men hvad? Jo, i tisdags var <anchor xml:id="start29446"/>bröllopp hos <persName corresp="pe7730">Lindroosens<anchor xml:id="end29446"/></persName>, helt litet i deras fyra rum, dock med <persName corresp="pe5388">Meissners</persName> kapell och någon extra polka. Men dagen derpå var middag, för en hop, som ej fått rum på första dagen, och de unga tu hade sett nöjda ut med hvarandra. Värre blir det nu för den <rs corresp="pe9190">unga frun</rs> att i detta väder resa utomlands bort från sin mamma. Jag har glömt fråga om <persName corresp="pe7722" correspUncert="Y">häradshöfding Frank</persName> var med på brölloppet – men det berättas att <persName corresp="pe7730">Lindroosens</persName> <persName corresp="pe3704" correspUncert="Y">Nyman</persName>, ”<persName corresp="pe3704">Skrufven</persName>”, som flickorna känna, är nu alldeles afsatt från thronen, sedan unga <persName corresp="pe5584">Hindrik</persName> hemkommit och tagit spiran. – Att <persName corresp="pe125">Nordenstam</persName> <hi rend="underline">icke</hi> blir kansler, har mamma sett i tidningarna. Han har vid ett besök hos <persName corresp="pe512">Armfelt</persName> frågat: ”nå, hvem skall bli vicekansler?” – hvarpå <persName corresp="pe512">Armfelt</persName> yttrade: ”behöfva vi någon vicekansler?” – ”Ja, det går kanske utan”, svarade <persName corresp="pe125">Nordenstam</persName>. – Så det står nu åter i vida fältet. <persName corresp="pe466">Arppe</persName> har så stort förtroende, att de tro honom kunna sköta hela affären. Han är nu äfven ordförande i press styrelsen, och när <persName corresp="pe81">Elmgren</persName> i går drack hans skål med den förhoppning att det hädanefter må bli böckerna och icke författarne, som komma i pressen, svarade <persName corresp="pe466">Arppe</persName> att ingen författare kommer i pressen, om han ej sjelf önskar det, ty hvarochen får nu<pb/> yttra sig fritt i alla grenar af vetandet. – Vi få se. Icke är jag någon beundrare af de<anchor xml:id="start29447"/>n nya presslagen<anchor xml:id="end29447"/>. – Det berättas att alla tidningar här skola försöka på att lefva och ställa caution. <persName corresp="pe65">Berndtson</persName> stackare lär, till hälften osynlig, vara i staden. Hvad han gör, vet jag ej, ty det är <persName corresp="pe9191">Heimbürger</persName> som skrifver <title corresp="tw508">Allm. Tidningen</title>. <persName corresp="pe5593">Fru Berndtson</persName> går ut med sin mamma, ej med sin man. Anledningen till <anchor xml:id="start29448"/>hans omyndighet<anchor xml:id="end29448"/> var att han hade i Föreningsbanken en förfallen vexel, som han ej kunde betala; – men det är en gammal historia. – <persName corresp="pe5627"><anchor xml:id="start29450"/>Tit. Öhman</persName> var ju och försökte att tutta på<anchor xml:id="end29450"/> för en vecka sedan i <persName corresp="pe5624">frih. Delachapelles</persName> gård. Nu sitter han fast och kommer ej mera lös. – <persName corresp="pe250">Stein</persName> har med sina två konserter väckt allmän förtjusning. Det har varit fråga om att söka fästa honom här, ty han lefver i <placeName corresp="pl1874">Reval</placeName> af bara lektioner, visserligen à 2 rubel i timman. Han är enkling med 5 barn, lika gammal som jag. <persName corresp="pe10">Mille</persName> satt i qväll och läste <anchor xml:id="start29451"/>min dagbok för våren 1839<anchor xml:id="end29451"/>. Der stod bland annat huru hon spelte en qväll hos <persName corresp="pe798">Rosenkampffs</persName>, och då sade <persName corresp="pe196">Essen</persName> till mig: ”jag tycker mera om att höra <persName corresp="pe10">Emili Lindqvist</persName> spela, än att höra <persName corresp="pe250">Stein</persName>.” – Och det roade obeskrifligt min goda maka att läsa nu, 26 år efteråt. I morgon ger <persName corresp="pe3651">Lindberg</persName> konsert, och efter nyåret låter han troligen höra sig i <placeName corresp="pl1512">NyCarleby</placeName>, ifall han annars har någon vänskap qvar för <persName corresp="pe607">Augusta</persName> och <persName corresp="pe2137">Hanna</persName>. Konserten blir väl hos <persName corresp="pe4492">Bergers</persName> med benäget biträde af <persName corresp="pe607">fröken v. Rosenkampff</persName>.</p>
        <p>– <persName corresp="pe2580">Rancken</persName> var nyligen här på visite med sin fästmö; de sågo glada och lyckliga ut. Ett annat ungt par är <persName corresp="pe5596">apothekar Salingre</persName> och hans unga fru <persName corresp="pe5597">Wilma Cadenius</persName>. På bröllopet var sång, och brudgummen såg ut som <foreign xml:lang="lat"><anchor xml:id="start29472"/>essentia dulcis<anchor xml:id="end29472"/></foreign>. – Af unga par mins jag flickornas och vår bekanta, <persName corresp="pe5625">Stintu Backman</persName>. Hon gifte sig i Augusti med en skräddargesäll och lärer kort efter brölloppet begynt visa några af sina hemseder, hvarpå mannen förde ut henne i farstun och sade: ”stå der nu, tills du blir beskedlig!” Häröfver lär vår goda <persName corresp="pe5625">Stintu</persName> ha fallit i en sådan förundran, att hon från den dagen blef spak som ett lamm. – <persName corresp="pe5598">Grönroos</persName> sitter och suckar i köket, han har fått korgen, fattig karl, men är seg som sulläder. Icke har <persName corresp="pe516">Fina</persName> skickat honom några respengar.</p>
        <p><hi rend="underline">Måndag</hi> kl. ¾ 2 e. m. Jag tillägger några ord, utan att just veta mera nytt, än att <persName corresp="pe284">Lina Borgström</persName> nyss <anchor xml:id="start29491"/>surprenerade<anchor xml:id="end29491"/> oss gladt med sin återkomst från <placeName corresp="pl332">Sverige</placeName>. Hon har varit 7 veckor att sköta sin helsa i <placeName corresp="pl2157">Stockholm</placeName> och hos <persName corresp="pe355">Bergers</persName> nära <placeName corresp="pl3458">Uddevalla</placeName> samt återvänder betydligt raskare, den goda, förträffliga <persName corresp="pe284">Lina</persName>, alltid varm och tillgifven. I slutet på veckan vänta vi <persName corresp="pe5568">Antman</persName>, som lemnat <persName corresp="pe464">William</persName> i <placeName corresp="pl1286">Lybeck</placeName>.<pb/> <persName corresp="pe5567">Betty</persName> tycks trifvas, fastän vi haft ganska få nöjen att bjuda henne utom konserterna. Flickan är vänlig och beskedlig, så att vid närmare bekantskap glömmer man det Uleåborgska, som vidlåder alla. Hon har mycket tryggat sig till <persName corresp="pe10">Emili</persName>, helst när <persName corresp="pe11">Ainas</persName> person och tankar ofta varit på annat håll: då har <persName corresp="pe5567">Betty</persName> berättat märkvärdiga händelser i <placeName corresp="pl2464">Uleåborg</placeName> och varit rätt trifsam. Jag glömde sist omtala, att <persName corresp="pe2995">Willgren</persName> fattig gjorde visit här i all sin prakt dagen innan han for att dö i <placeName corresp="pl1957">Petersburg</placeName>.</p>
        <p>– I dag är åter duskväder – och penningbrist. Man mins aldrig att här varit så ondt om pengar i <placeName corresp="pl399">Hfors</placeName>, och <anchor xml:id="start29442"/>myntreformen<anchor xml:id="end29442"/> ligger och sofver, man vet ej hvar. Jag har ej fått reda på hvad Tant är debiterad till i <anchor xml:id="start29514"/>bevillning<anchor xml:id="end29514"/>, ty det är en princip att ej sqvallra derom, fastän ryktet ej kunnat tiga med de storas kontributioner. Emedan <persName corresp="pe416">Max</persName> försummat att gifva någon uppgift, kan det nog hända att tant debiteras några rubel mer än tillbörligt, men icke kan skillnaden vara stor.</p>
        <p>Må väl, älskade Mamma och Tant och ungdom ni der! Vi sända eder på sydoststormens vingar flygande helsningar från</p>
        <closer>
          <signed>Z. och E. och ”hela brigalen.”</signed>
        </closer>
        <postscript><p rend="place_leftMargin"><!-- skrivet i väsnter marginal på sid 6 --><persName corresp="pe7724">Mamsell Malm</persName>, som blef bjuden åt oss, bor nu hos <persName corresp="pe2921">Linséns</persName> men lärer ha ledsamt. Hon har kommit hit för att roas, men <del>för</del> en flicka som ej sjunger eller spelar får sköta sig sjelf.</p></postscript>
        <postscript><p rend="place_previousPage_leftMargin"><!-- skrivet i väsnter marginal på sid 5 --><persName corresp="pe540"><anchor xml:id="start29439"/>Wrede</persName> har lofvat göra allt hvad han kan för <persName corresp="pe8898">fru Printz</persName>.<anchor xml:id="end29439"/> Om <persName corresp="pe7723">Holländer</persName> fråga, så var god och svara honom att hans ansökning kommit för sent, och utan fullmakt, men han skulle ändå ej vunnit något dermed.</p></postscript>
        <postscript><p rend="place_previousPage_leftMargin"><!-- skrivet i väsnter marginal på sid 3 --><persName corresp="pe5541">Gamla Nybergs</persName> med ungdom ha varit här – men annars ha vi ej haft på tre veckor mera främmande än en lördagsqväll, tror jag. <persName corresp="pe561">Berndt</persName> och <persName corresp="pe11">Aina</persName> bedja särskildt om deras helsning.</p></postscript>
        <postscript><p rend="place_previousPage_leftMargin"><!-- skrivet i väsnter marginal på sid 2 -->Fruntimmerna trafva med obegriplig kurage i dessa <anchor xml:id="start29441"/>duskiga<anchor xml:id="end29441"/> höstaftnar till universitetet. <persName corresp="pe24">Fanny</persName> och <persName corresp="pe571">Olga</persName> äro bland mina åhörarinnor.</p></postscript>
        <postscript><p rend="place_previousPage_leftMargin"><!-- skrivet i väsnter marginal på sid 1 --><persName corresp="pe768">Leopolds</persName> och <persName corresp="pe19">Oskar</persName> må väl. <persName corresp="pe521">Gustaf T.</persName> är osynlig. <persName corresp="pe25">Ludvig L.</persName> bor i <placeName corresp="pl3188">riddarhuset</placeName>, i prestaståndets tambur. – Vi ha föreslagit <persName corresp="pe416">Max</persName> att <del>han</del> göra sin cour hos <persName corresp="pe5567">Betty Antman</persName>, men hans tycks ej vara disponerad.</p></postscript>
      </div>
    </body>
  </text>
</TEI>