<?xml version='1.0' encoding='UTF-8'?><TEI xmlns:xsi="http://www.w3.org/2001/XMLSchema-instance" xmlns="http://www.tei-c.org/ns/1.0" xsi:schemaLocation="http://www.tei-c.org/ns/1.0 file:/T:/Instruktioner,%20manualer,%20scheman/TEI-scheman%20(AM)/tei_brevschema.xsd">
  <teiHeader>
    <fileDesc>
      <titleStmt>
        <title>Br2035</title>
        <respStmt>
          <resp>Ansvarig redaktör:</resp>
          <name>Laura Mattsson</name>
        </respStmt>
      </titleStmt>
      <publicationStmt>
        <publisher>Zacharias Topelius Skrifter</publisher>
      </publicationStmt>
      <sourceDesc>
        <p>Arkivsignum: se databas</p>
      </sourceDesc>
    </fileDesc>
    <profileDesc>
      <handNotes>
        <handNote medium="brown-ink"/>
      </handNotes>
    </profileDesc>
  </teiHeader>
  <text>
    <body xml:space="preserve">
      <!-- – ” ’ æ ½ -->
      <div type="letter">
        <opener>
          <dateline><placeName corresp="pl399">Helsingfors</placeName> Söndag morgon 10 Mars 67.</dateline>
          <salute>Goda <rs corresp="pe14">Mamma</rs>!</salute>
        </opener>
        <p rend="noIndent">Det är nu åter så länge sedan vi språkat, att jag måste passa på en ledig stund. Jag hoppas <persName corresp="pe54">bror Wilhelm</persName> vid detta laget närmar sig <placeName corresp="pl28">Alavo</placeName> och är hos eder i god tid i morgon. Han får nu beskrifva sin <placeName corresp="pl399">Hfors</placeName>resa, som var mera knapphändig, när man <anchor xml:id="start30806"/>ej varit ur boet på 25 år<anchor xml:id="end30806"/>. Under hela Åbo tiden hade vi ej minsta nys om honom eller när vi fick vänta honom, tilldess att <persName corresp="pe323">Fanny</persName> skref från <placeName corresp="pl1531">Nådendal</placeName>. Då hade vi just bjudit hela den unga sångareskaran att säga adjö åt <persName corresp="pe460">Aline</persName>, och min gode <persName corresp="pe54">Wilhelm</persName> regnade ned kl. 7 på fet-tisdagen midti visorna. Kärt var det ändå att få se honom med <anchor xml:id="start30804"/>pastoralexamen<anchor xml:id="end30804"/> bakom ryggen, fastän <anchor xml:id="start30805"/>obelåten med vitsordet<anchor xml:id="end30805"/>. Nog har jag hört flera säga, att <persName corresp="pe54">Wilhelm</persName> bordt få <foreign xml:lang="lat">cum laude</foreign>, men pastoralexamen är ett sådant otyg och en sådan skam för prestaståndet, att vitsordet kan vara detsamma. Här i <placeName corresp="pl399">Hfors</placeName> var min kära svåger som på heta stenar – utom <anchor xml:id="start30807"/>ett par stånds plena<anchor xml:id="end30807"/> (och han var ej alls och hörde på adeln)<pb/> så hvarken såg eller hörde han något af tidens framsteg sedan 25 år, utan de par dagarna gingo med att sinka än här, än der med småprat, och så råkade jag också vara mera upptagen de dagarna. Och så var jag ledsen att han ej var hos <persName corresp="pe768">Leopolds</persName>; med ett ord, jag var ej alls nöjd med <persName corresp="pe54">Wilhelms</persName> sejour här; icke fås bondkaplan ur en menniska på det sättet. – Nå af <persName corresp="pe323">Fanny</persName> hoppas jag Mamma haft bref; hon kom bättre fram, än vi trodde. I går reste <persName corresp="pe460">Inna</persName> också, och i dag känns det riktigt tomt, ty nu först märks saknaden efter <persName corresp="pe11">Aina</persName> dubbelt mer. – Nå, det var roligt för mig att af <persName corresp="pe54">Wilhelm</persName> få höra något om <persName corresp="pe451">Ezer Johansson</persName>. Han är ju bara gossen till ålder, men nog kan han vara förståndig för det. Jag tycker Mamma skulle taga honom på en mosterlig fot och inte alls genera sig för honom, utan vara från början just som <add>en</add> gammal tant för honom. Den moster han för med sig skall ju vara enkel och anspråkslös. Ledsamt att Mamma ändå flyttar ur sina rum! Låt mig tro, att det helst<pb/> blir bara till sommarn, när <anchor xml:id="start30808"/>nysaln<anchor xml:id="end30808"/> kan iståndsättas, annars blir jag riktigt ledsen på Mamma. Hvad betyder andra små olägenheter mot den, att Mamma skall umbära sina allra närmaste vanor och beqvämligheter? Nej, Mamma råder och styr visst efter eget godtfinnande, men om ej Mamma ställer annorlunda, så säger jag i sommar åt <persName corresp="pe451">Ezer</persName> huru det är, och då vill han visst ej göra ett sådant intrång. Jag tyckte på <persName corresp="pe54">Wilhelm</persName> att vår nya vän kommer att ställa affären så som jag länge tänkt: att göra äng och <anchor xml:id="start30811"/>ladugård<anchor xml:id="end30811"/> till hufvudsak, och sedan blott litet åker men väl gödd. <persName corresp="pe451">Ezer</persName> tänker göra ost, säger <persName corresp="pe54">Wilhelm</persName>. Mamma skall få se, att han utvägar sig till sådana inkomster, som <anchor xml:id="start30809"/>våra beskedliga landbönder<anchor xml:id="end30809"/> ej kunnat drömma om efter den gamla slentrianen. Men visst behöfver han ett rörelsekapital, t. ex. för <placeName corresp="pl4774">Nyåkerns</placeName> upptagande. Skrif, goda Mamma, huru nu hans första inträde varit och hur han tänker börja sin sak, det intresserar mig på det högsta. Gud gifve <add>att</add> Mamma<pb/> nu kommer öfver den första tiden utan för mycket bråk. – Här har jag nu fått ett nytt bestyr, men icke så brådskande just. Jag har blifvit ledamot i <anchor xml:id="start30810"/>komitén för <title corresp="ve129">svenska psalmboken</title><anchor xml:id="end30810"/>; det beslöts hos <rs corresp="pe549">erkebiskopen</rs> i thorsdags. Meningen är ej att ändra hvad de andra skrifvit förut, ty det skulle jag ej ha åtagit mig, utan att i ett särskildt bihang dels författa, dels öfversätta psalmer för sådana tillfällen, som blifvit bortglömda i <title corresp="ve1212"><anchor xml:id="start39054"/>gamla psalmboken<anchor xml:id="end39054"/></title> eller också behöfva tillägg. Först nästa höst eller vinter samlas komitén i <placeName corresp="pl2735">Åbo</placeName>.</p>
        <p>– Nu bråka vi med Konstföreningen. Ingenting vunno vi i thorsdags på konstlotteriet för <persName corresp="pe502">Walter Runeberg</persName>, men han får vidpass 10,000 mark för att resa till <placeName corresp="pl2978">Rom</placeName> och der utföra något arbete, som han sjelf får bestämma, för dessa pengar. Och så gifter han sig nu förut, sedan han varit förlofvad i sju år. Vi hade ingen andel i detta bestyr, utom att <persName corresp="pe10">Emili</persName> och <persName corresp="pe460">Inna</persName> sålde lotter, och ännu mindre andel hade vi i den stora maskraden, der ingen af oss var med. Här klagas <!--fortsätter i vänstra marginalen på sid. 4--><seg rend="place_leftMargin">mycket öfver att lyxen tilltar genom <persName corresp="pe611">grefve Adlerbergs</persName>. – Jag öfverlemnar åt <persName corresp="pe10">Mille</persName> att skrifva resten och beder om många helsningar till alla vänner, äfven <persName corresp="pe555">Emmi</persName> och <persName corresp="pe556">Zache</persName>, från Mammas egen</seg></p>
        <closer rend="place_leftMargin">
          <signed>Z.</signed>
        </closer>
      </div>
    </body>
  </text>
</TEI>