<?xml version='1.0' encoding='UTF-8'?><TEI xmlns:xsi="http://www.w3.org/2001/XMLSchema-instance" xmlns="http://www.tei-c.org/ns/1.0" xsi:schemaLocation="http://www.tei-c.org/ns/1.0 file:/T:/Instruktioner,%20manualer,%20scheman/TEI-scheman%20(AM)/tei_brevschema.xsd">
  <teiHeader>
    <fileDesc>
      <titleStmt>
        <title>Br1833</title>
        <respStmt>
          <resp>Ansvarig redaktör:</resp>
          <name>Laura Mattsson</name>
        </respStmt>
      </titleStmt>
      <publicationStmt>
        <publisher>Zacharias Topelius Skrifter</publisher>
      </publicationStmt>
      <sourceDesc>
        <p>Arkivsignum: se databas</p>
      </sourceDesc>
    </fileDesc>
    <profileDesc>
      <handNotes>
        <handNote id="ZT" medium="black-ink">Zacharias Topelius</handNote>
        <handNote id="ET" medium="brown-ink">Emilie Topelius</handNote>
      </handNotes>
    </profileDesc>
  </teiHeader>
  <text>
    <body xml:space="preserve">
      <!-- – ” ’ -->
      <div type="letter">
        <div type="letterpart" part="i">
          <opener>
        <dateline><handShift new="#ZT"/><placeName corresp="pl399">Helsingfors</placeName> 8 Okt. 63, thorsdag qväll.</dateline>
        <salute>Min Älskade <rs corresp="pe14">Mamma</rs>!</salute>
        </opener>
          <p rend="noIndent">Det är nu åter längesedan vi språkat tillsammans. Efter mina täta bref, blef jag stum som en fisk, men det kommer sig af att jag engång måste bli flitig igen, sedan jag så länge varit lat. Också från Mamma ha vi ej hört på länge, och nu vänta vi bref med <persName corresp="pe92">Grundfelt</persName>. Är <persName corresp="pe323">Fanny</persName> hemma på <placeName corresp="pl963">Kuddnäs</placeName> igen? fråga vi hvarandra alltemellanåt. Nog behöfver Mamma den trefnaden nu att få henne tillbaka. Tack, kära <persName corresp="pe323">Fanny</persName> – ifall du är med, när detta framkommer, – Tack för det att du kommer igen och ser efter Faster! Nog förstå vi att hålla af dig också för det!</p>
          <p>Jag sitter vid mitt skrifbord – <persName corresp="pe10">Emili</persName> på ena sidan och <persName corresp="pe25">Ludvig</persName> på andra sidan, så som vi nu lefvat för oss sjelfva alltsedan kejsarvefvan. <persName corresp="pe25">Ludvig</persName> är bra nog bättre, han går i rummen och har i dag för första gången tittat en smula ut. Det är ledsamt för dem, stackare, med deras resa så sent på hösten. Ingenting kan ännu med säkerhet afgöras derom. Tre månaders tjenstledighet har <persName corresp="pe25">Ludvig</persName> begärt, och så ha <persName corresp="pe10">Emili</persName> och <persName corresp="pe3497">Olga</persName> varit ute och sökt rum åt dem, men här begärs 10 rubel rummet i månaden, tillochmed uti <placeName corresp="pl63">Badhusförstaden</placeName>. Vi ha då bett dem att hellre intet hyra, tills resan blir afgjord, fastän de nog ha obeqvämt, som det nu är, då <persName corresp="pe3497">Olga</persName> dagligen, än med och än utan barnen, går häremellan och <persName corresp="pe302">Linséns</persName>. Klen är hon sjelf, och barnen låta henne sällan sofva i fred, hvarföre hon legat nästan hvarann natt hos oss. Nog tänka de nu på att resa om ett par veckor.<pb/> <persName corresp="pe10">Emili</persName> har nog varit trött ibland och sömnlös emellanåt, och inte har hon skonat sig heller. Jag hoppas ändå att det blir bra igen, när hon icke har det dagliga bekymret om brodren. Barnen äro raska och fasligt intresserade af sin skolgång, så att det är då ett dagligt samtalsämne vid bordet. <persName corresp="pe11">Aina</persName> pian är, liksom sin Mamma, en god ande med frid och trefnad omkring sig. Wi ha så mycket att tacka Gud för, så att små bekymmer och brister får man ej räkna så noga med. Till den hör en penningeknipa, som gjort att jag ej ännu kunnat skicka något åt Mamma, fastän jag dagligen haft och har den saken i minnet. Utom <anchor xml:id="start27569"/>fullmakten<anchor xml:id="end27569"/>, 119 rubel, har jag nu redan betalt 220 rubel, dels i utskylder och dels i reparationer för gården, och ännu har jag att innan kort betala takreparation 85 rubel, branstodsafgift 66 rubel samt målare och tapeter omkring 60 rubel. <anchor xml:id="start27568"/>Brandstodsafgiften<anchor xml:id="end27568"/> var jag och försummade af okunnighet; jag trodde att termin var sista September, men det var den 14:de, just i kejsarbestyret, och så får jag binda straffräntan med 6 rubel vid egen nacke. Men allt detta reder sig så småningom, bara vi få litet tid på oss. Jag har nu <anchor xml:id="start27570"/>uppgjordt med <persName corresp="pe158">Thunberg</persName>, så att jag derifrån har 800 rubel om året<anchor xml:id="end27570"/>, alltså med min lön litet öfver 2,000 rubel säkert för året. Kanske kan någon extra literär sparpenning komma dertill, och så slå vi oss med Guds hjelp ut<pb/> och kunna äfven hoppas att skicka litet för nyåkerslindan. Ännu är det <anchor xml:id="start27571"/>ej afgjordt hvem som tar tidningen<anchor xml:id="end27571"/> nästa år; inte blir det jag. I morgon ha vi en öfverläggning derom. – Jag vet ej om Mamma fäst sig vid att <anchor xml:id="start27572"/>jag skrifvit om <persName corresp="pe5381">Rénans</persName> bok<anchor xml:id="end27572"/>. Jag har blifvit tackad derför mer än jag förtjent af <persName corresp="pe569">Wænerberg</persName>, <persName corresp="pe143"><add>Franz</add> Schauman</persName> m. fl. De säga det är bättre att en som icke är prest har skrifvit derom. Från andra håll, gissar jag, äro omdömena helt andra, men det bryr jag mig inte om. Jag var tvungen att snusa upp min egen förläggare, <persName corresp="pe506">Alb. Bonnier</persName>, som utskickat en bland de fem svenska upplagorna af <persName corresp="pe5381">Rénans</persName> bok. Det är ett i <hi rend="underline">alla</hi> afseenden skralt arbete, men så stor är afvogheten mot kristendomen, att också det skralaste duger, bara det slår på den bogen. – Förra fredags begynte jag mina föreläsningar för fullt auditorium, äfven fruntimmer, och har nu fyra timmar i veckan, utom att jag i dag tog mig lof för marknaden. <persName corresp="pe11">Aina</persName> följer med mig att höra på. Två gånger har jag härtills <anchor xml:id="start27573"/>suttit och tigit i konsistorium<anchor xml:id="end27573"/>. Det är mera tyst vid universitetet. Studenterna ha genom landtdagen blifvit afsatte från högsta makten, och tillochmed <title corresp="tw172">Dagbladet</title> har funnit för godt att något nedstämma tonen. <anchor xml:id="start27574"/>Landtdagen<anchor xml:id="end27574"/> har ännu inte kommit riktigt till saken; det är ett faseligen tungrodt maskineri.<pb/> Hos ridderskapet och adeln har här ett par gånger varit en smula stormigt: första gången när det gällde de <anchor xml:id="start38932"/>ryska herrarnes <anchor xml:id="start27575"/>polletter<anchor xml:id="end38932"/><anchor xml:id="end27575"/>, och andra gången i går, när det gällde huru man borde begagna ständernas petitionsrätt. Våra liberala vilja <add>låta stånden</add> formligen rådpläga och besluta om petitionerna, och regeringen är rädd för att landtdagen då skall mera befatta sig med <placeName corresp="pl62">Finlands</placeName> neutralitet, minstrarnes ansvarighet o. s. v., än med <anchor xml:id="start27600"/>de egentliga landtdagsfrågorna<anchor xml:id="end27600"/>. Derföre fann <persName corresp="pe125">Nordenstam</persName> i går, när <persName corresp="pe2246">Silfversvan</persName> i en petition yrkade på <hi rend="underline">ständernas rätt</hi> att reglera tulltaxan, för godt att i tid afklippa sådana försök och visa hela petitionen tillbaka, i den form den nu framställdes. I går var <persName corresp="pe10">Emili</persName> och <persName corresp="pe11">Aina</persName> med för att höra på, men der äro så många åhörare och åhörarinnor på läktarne, att man hvarken hör eller ser, om man ej i god tid skaffar sig plats. – <anchor xml:id="start38934"/>Den fatala censurförordningen, som våra lurifaxar i högsta regionerna aflockade <persName corresp="pe661">kejsaren</persName> just innan han for, har mött så mycken motvind på alla håll, att den <anchor xml:id="start27577"/>bar vatten<anchor xml:id="end27577"/> från början. <persName corresp="pe307">Rokassovi</persName> har hos <persName corresp="pe661">H. M.</persName> begärt dess återtagande. Emellertid har den just tjenat <title corresp="tw184">Allehanda</title> och dess själafränder<anchor xml:id="end38934"/> till en riktig hjertelisa. I en hop utländska tidningar gå flera anekdoter i svang om kejsarbesöket i <placeName corresp="pl399">Helsingfors</placeName>. Bland annat har <persName corresp="pe5382">furst Dolgoruki</persName> mycket satiriskt omtalat huru han gjorde ett besök hos <rs corresp="pe549">erkebiskopen</rs>. När han ringde, kom en piga ut med ett ljus i handen och lyste in honom, och<pb/> när han gick, lyste erkebiskopen sjelf ut honom med detsamma ena ljuset i handen. Än mera har man i <placeName corresp="pl1957">Petersburg</placeName> skrattat åt huru <persName corresp="pe5308">furst Gortschakoff</persName> klef in genom <persName corresp="pe168">Walléens</persName> tamburfönster, och för att göra historien bättre, beskref en berliner tidning huru guvernören <add>dervid</add> beklagat sig för fursten att ”hans köksa” gått ut och tagit nyckeln med sig, så att han – guvernören – sjelf måst klifva in genom fönstret. – Nog kan<del>t</del> man tänka hvad de ryska magnaterna med deras många guldsmidda lakejer funno sådant vara barbariskt och löjligt! Eget också, att det skulle hända <persName corresp="pe549">Bergenheim</persName>, som är så ytterst mån om sin påfliga värdighet, och <persName corresp="pe168">baron Walleen</persName>, som ändå bor bland de <anchor xml:id="start27581"/>gentilaste<anchor xml:id="end27581"/> i <placeName corresp="pl399">Helsingfors</placeName>. ”Hvilket fattigt och enkelt folk!” utropar berliner Tidningen. – Annars har man i hela <placeName corresp="pl145">Europa</placeName> lagt en mycket stor vigt på <persName corresp="pe661">kejsarens</persName> besök här, och isynnerhet på hans throntal, emedan man anser det vara en inledning till införandet af konstitutionela former i hela <placeName corresp="pl43">Ryssland</placeName>. Måtte våra landtdagsmän begripa huru deras kall derigenom får en europeisk betydelse och akta sig för att skämma bort en så stor och god sak. Presterne och borgarne ha härtills<pb/> varit mycket fredliga. Den enda som der gjort en smula <anchor xml:id="start27582"/>rumor<anchor xml:id="end27582"/>, är vår gode granne <persName corresp="pe2740">Heikel</persName>. Bönderne prata alldeles fasligt, isynnerhet Savolaksarne. ”Det går med en fart, som när man häller ur en flaska”, säger <persName corresp="pe2107">Robert Stenroth</persName>, som hör till dannemännen. – <hi rend="underline">Fredag</hi> 9 Okt f. m. Nyss fingo vi Mammas kära bref af den 5:te med det glada budskapet om sikromm och <anchor xml:id="start27579"/>nätingar<anchor xml:id="end27579"/>. Tack, tack, goda Mamma; nog skola vi smörja oss utan kolik. Ännu i går middags var Österbotten ej anländ, men kanske i går afton; vi ha ej hört åt ännu. Om vi nu kunde skicka någon liten gengåfva i stället!</p>
          <p>– Jag håller på med <anchor xml:id="start27592"/>min föreläsning<anchor xml:id="end27592"/> och måste nu sluta. Måväl! Hvad det gläder oss att Mamma haft helsan denna ensama, mörka tid! Helsa barnen och <persName corresp="pe658">Dyhrns</persName> och <persName corresp="pe653">Lybecks</persName>, om de träffas, och <persName corresp="pe659">Stina</persName>! <persName corresp="pe10">Emili</persName> fortsätter.</p>
        <closer>
          <salute>Mammas egnaste</salute>
          <signed>Z.</signed>
        </closer>
        </div>
        <div type="letterpart" part="f">
          <p><handShift new="#ET"/>För att icke <anchor xml:id="start27578"/>haska<anchor xml:id="end27578"/> papper så börjar jag nu strax under gubbens epistel. – Tack kära goda Mamma för brefvet i dag! Vi väntade ej förrän med <persName corresp="pe92">Grundfelt</persName>. Tack för Mammas kärleksfulla omsorg om mig ochså! Nog har jag varit bra nog <anchor xml:id="start27583"/>skrabbig<anchor xml:id="end27583"/> igen, och magrat har jag mina <anchor xml:id="start27584"/>16 lod<anchor xml:id="end27584"/> bort åter, men det skall väl få vara. Hvad är det värdt med hela <placeName corresp="pl2921">Marstrand</placeName> inte kan det skydda för påkommande åkommor<pb/> längre än då man är der, väl hemkommen så infinna de sig igen. Och man kan ju ej begära att en långvarig ynklighet så fort skall botas. Kanske käns det efteråt mot jultiden så som i fjol.</p> 
          <p>Jag menar ochså det att <placeName corresp="pl2921">Marstrand</placeName> ej ensamt rår för den goda verkan på helsan som det har. Ett latmanslif, med tanke blott på sig sjelf och sin beqvämlighet, god mat, och dryck sedan, vin och porter, skulle väl hvar som helst <del>göra</del> vara stärkande för en svag kropp. Hvad luften kan stärka bröstet det kan man ej på stället märka men visserligen gjorde den det. Baden måste jag ändå tillstå att de liksom gaf ny kraft för hvargång, de kunna aldrig ersättas af andra. Men slutet på allt är att om Gud låter mig lefva till sommarn så inte far jag till <placeName corresp="pl2921">Marstrand</placeName> utan nog kommer jag till Mamma och jag tror det skall göra likaså godt.</p>
          <p><persName corresp="pe614">Z.</persName> har skrifvit om <persName corresp="pe25">Ludvig</persName>, stackars, stackars <persName corresp="pe25">Ludv.</persName> och <persName corresp="pe3497">Olga</persName>! Vet Mamma de äro först skrala de, hvad skall jag tala om mig heller. Nog tänka de resa hem i nästa vecka, och kanske det är Guds vilja efter <persName corresp="pe25">Ludvig</persName> inte fått rum här fast vi försökt så att skaffa. Då hjelper nog Gud dem fram. Lilla gossen <anchor xml:id="start27585"/>är så orimligt kurrig<anchor xml:id="end27585"/> om nätterna så att <persName corresp="pe3497">Olga</persName> är aldeles utvakad tillika. Mest ligger hon här, men för sin mammas skull så vill hon ibland vara hemma och sköta gossen. Troligen är det tandplågor.<pb/></p>   
          <p>Våra rum äro så trefliga, och gården så treflig jag skulle känna mig så hemma här om vi nu bara få vara friska. Jag tycker här är så fridfullt. Men jag måste berätta hvad <rs corresp="pe878">köksan</rs> sade som bodt här ensam i sommar. Hon säger att här är en mycket orolig ”gårdsråd,” ”han har ingen frid” säger hon. Här är ett så faseligt rammel och buller på vindar och skullar, och i rummena hörde hon stig och dörrars öppnande så hon ibland trodde det var tjufvar. – Och jag trifs så bra här.</p>
          <p><persName corresp="pe11">Aina</persName> tackar farmor så mycket för de hjertliga födelsadagsönskningarna! Här voro på f. m. några af hennes förra skolkamrater som kommo ihog den dagen. <persName corresp="pe11">Aina</persName> fick svart sidentyg till klädning som jag köpte i <placeName corresp="pl2157">Stockholm</placeName> då jag hade godt om pengar, vi behöfva båda en svart, men jag kan nog hjelpa mig utan som ingenstans går. På samma gång firades <persName corresp="pe13">Evas</persName> födelsedag och pappas namnsdag. <persName corresp="pe13">Eva</persName> fick hvarjehanda, bland annat sin Felix upplagad, och pappa fick <anchor xml:id="start27586"/>chemisetter<anchor xml:id="end27586"/>, manchetter, hängslen och en ny portemonnaie som jag köpte i <placeName corresp="pl2157">Stockholm</placeName>.</p>
          <p>Jag har nästan ej varit utom dörren sen jag kom hem, åtminstone ej till bekanta, engång hos <rs corresp="pe140">Tant</rs>, men ej hos någon annan. <persName corresp="pe2816">Deckers</persName> har väntat på <persName corresp="pe76">Theodor</persName> för att komma hit en afton, han kommer hem på några dagar men far igen till <placeName corresp="pl2157">Stockholm</placeName>, han har ej arbete här och vill ej lemna sig utan. Der är ochså en mor som har glädje af sin son, men det äro ej många som det ha. <!--skrivet i vänstra marginalerna på sid. 8--><seg rend="place_leftMargin">Nu har <persName corresp="pe11">Ainas</persName> <placeName corresp="pl2921">Marstrand</placeName>skamrat, <persName corresp="pe3716">Hilma Gråå</persName>, n<subst><del>y</del><add>u</add></subst>mera <persName corresp="pe3716">Ehrström</persName> varit här på visit. De omtalade en djerf stöld som skett hos dem om natten i samma rum der de sofde två guldur med kjeder och alla <persName corresp="pe9297">Ehrströms</persName> kläder stals bort. En rysse hade ena uret blef fast</seg> <seg rend="place_previousPage_leftMargin">tagen men rymde natten mot i går, så nu vet de lika litet igen.</seg></p>
          <!--skrivet i vänstra marginalerna på sid. 7--><p rend="place_previousPage_leftMargin"><persName corresp="pe530">Lotta</persName> fick <anchor xml:id="start27588"/>orlofssedel<anchor xml:id="end27588"/> i förrgår, hon lär taga tjenst på en egendom hos <persName corresp="pe3119">Auditör v. Becker</persName> nog är hon rask men hennes konstiga hymör få de nog göra med.</p>
      <closer rend="place_previousPage_leftMargin">
        <salute>Mamma helsas af sin</salute>
        <signed>Emilie.</signed>
      </closer>
      <!-- skrivet i vänstra marginalen på sid 3 -->
      <postscript><p rend="place_previousPage_leftMargin">I går var jag på ett ärende till <persName corresp="pe500">professor Hjelt</persName> från <persName corresp="pe25">Ludvig</persName>. Ack hvad de bo trefligt med utsigt öfver <placeName corresp="pl423">norra hamnen</placeName>, beqvämt och vackra rum ha de. Rigtigt fint.. Hon frågte så efter <persName corresp="pe262">Sofie</persName>. Jag kände på mig att jag så bra skulle trifvas hos dem om vi vore bekanta. Hvem vet huru det går, om inte <persName corresp="pe614">Zachris</persName> är emot det.</p></postscript>
          <!-- skrivet i vänstra marginalen på sid 2 -->
          <postscript><p rend="place_previousPage_leftMargin">Österbotten har inte kommit ännu. Barnen helsa sin kära farmor så innerligt. <persName corresp="pe11">Aina</persName> går på pappas föreläsningar och är så road, jag föreläser dem alltid sedan för <persName corresp="pe25">Ludvig</persName> som ochså är intresserad. – Ack, ack våra höst syslor och vår eländiga <anchor xml:id="start27589"/>stuga<anchor xml:id="end27589"/>. Jag vet inte huru vi skola kunna baka der. 12 kakor går in i ugnen.</p></postscript>
      <!-- skrivet i vänstra marginalen på sid 6 -->
      <postscript><p rend="place_previousPage_leftMargin"><handShift new="#ZT"/><persName corresp="pe2253">Helena Berger</persName> har bara ett par gånger varit hos oss. – Qvinnans myndighet vid 21 år går igenom tillochmed hos bönderna, så att hädanefter behöfva ej våra myndiga döttrar ens fråga pappa och mamma om lof, när de gifta sig. <persName corresp="pe10">Emili</persName> anmärkte ganska riktigt: det må de göra, när de äro så uppforstrade, att de ej tro sig behöfva föräldrarnas samtycke.</p></postscript>
      <!-- skrivet i vänstra marginalen på sid 5 -->
      <postscript><p rend="place_previousPage_leftMargin">Jordbrukets skjuts och vägar m. m. bli mycket lättade. Nio tiondelar af bönderne äro radikalt emot husbehofsbränningens afskaffande, ja högst förbittrade öfver hela förslaget, så få se hur det går i det ståndet. Nog äro tre stånd för saken. – <anchor xml:id="start27591"/>Stängselskyldigheten<anchor xml:id="end27591"/> stryker troligen flagg. Helsa <persName corresp="pe659">Stina</persName> att hädanefter måste vi ha <anchor xml:id="start27590"/>höling<anchor xml:id="end27590"/> åt kuddorna.</p></postscript>
      <!-- skrivet i vänstra marginalen på sid 4 -->
      <postscript><p rend="place_previousPage_leftMargin"><persName corresp="pe2740"><anchor xml:id="start27681"/>Heikel</persName> med <rs corresp="pe785" correspUncert="Y">son</rs> och <rs corresp="pe5521" correspUncert="Y">brorson</rs> ha varit två lördagsqvällar hos oss. Sist äfven <persName corresp="pe5383">Albert Heikel</persName>.<anchor xml:id="end27681"/> <persName corresp="pe80">Ekman</persName> har varit tre qvällar hos oss, hans fru engång. Hvarken <persName corresp="pe798">Rosenkampffs</persName> eller <persName corresp="pe656">Borgströms</persName> eller <persName corresp="pe2816">Deckers</persName> ha varit här annat än på korta f. m. visiter, ej heller vi hos dem. <persName corresp="pe162">Sofi Leopold</persName> är allt skral ännu, men tyckes befinna sig bra af sina sittningar uti <anchor xml:id="start38931"/>luftklockan<anchor xml:id="end38931"/> 1½ timme i sänder.</p></postscript>
        </div>
      </div>
    </body>
  </text>
</TEI>