<?xml version='1.0' encoding='UTF-8'?><TEI xmlns:xsi="http://www.w3.org/2001/XMLSchema-instance" xmlns="http://www.tei-c.org/ns/1.0" xsi:schemaLocation="http://www.tei-c.org/ns/1.0 file:/T:/Instruktioner,%20manualer,%20scheman/TEI-scheman%20(AM)/tei_brevschema.xsd">
  <teiHeader>
    <fileDesc>
      <titleStmt>
        <title>Br1691</title>
        <respStmt>
          <resp>Ansvarig redaktör:</resp>
          <name>Laura Mattsson</name>
        </respStmt>
      </titleStmt>
      <publicationStmt>
        <publisher>Zacharias Topelius Skrifter</publisher>
      </publicationStmt>
      <sourceDesc>
        <p>Arkivsignum: se databas</p>
      </sourceDesc>
    </fileDesc>
    <profileDesc>
      <handNotes>
        <handNote/>
        <handNote/>
      </handNotes>
    </profileDesc>
  </teiHeader>
  <text>
    <body xml:space="preserve">
      <!-- – ” ’ -->
      <div type="letter">
        <opener>
        <dateline><placeName corresp="pl399">Helsingfors</placeName> måndag 10 Oktob. 1859.</dateline>
        <salute>Min Älskade <rs corresp="pe14">Mamma</rs>!</salute>
        </opener>
        <p rend="noIndent">Jag skall börja med den glada nyheten att <persName corresp="pe10">Emili</persName> nu är märkbart på bättring, så att jag hoppas på Guds nåd att också <anchor xml:id="start26449"/>denna vådliga skjutsen<anchor xml:id="end26449"/> skall lyckligen aflöpa och jag får behålla min egen älskade gumma, – solskenet öfver mitt lif och vårt lilla hem!</p>
        <p>Jag skref förra brefvet under en oro, som fortfarit dag och natt, innan det deciderade sig åt ena eller andra hållet. <persName corresp="pe10">Mille</persName> var temligen tapper, men mycket nervös, i lindrig feber, det ena och det andra mankerade: sömnen, mjölken, vissa saker som ännu skulle gå bort, och hufvudet var alla förmiddagar, sednast ännu i går, så tungt som bly. Äfven hade hon natten mot i går haft frossbrytningar. I går och i dag får hon kinin och Valeriana, har sofvit godt i natt och känner sig lättare i hela kroppen. <persName corresp="pe178">Willebrands</persName> mulna blick ljusnade betydligt i går på aftonen och fortfor att vara klar i dag. Aptiten är bra, krafterna börja återkomma, och nu gäller det blott att vara försigtig. Ingen<pb/> får ännu komma in, jag törs ej gå ut, för att vänner och mostrar äro då <anchor xml:id="start26450"/>flux<anchor xml:id="end26450"/> på det förbjudna området. Mjölk finns nu som vanligt, mera litet, men det gör ingenting, vi fingo i går aftse en amma, en 23 års flicka, som både <persName corresp="pe178">Willebrand</persName> och <persName corresp="pe7494">fru Eklund</persName> <anchor xml:id="start26451"/>approberat<anchor xml:id="end26451"/>. <rs corresp="pe274">Lillan</rs> har varit <anchor xml:id="start26453"/>kurrig<anchor xml:id="end26453"/> för sin mage, men det gör heller ingenting, hon sofver i yttre rummet (matsalen), så att hon icke för mycket får störa modren.</p>
        <p>Ännu, gulle Mamma, har jag ej kunnat tala med <persName corresp="pe10">Emili</persName> om kommissionerna, så att de måste bero tillsvidare. I dag vänta vi Österbotten och tacka på förhand för remissen.</p>
        <p>Jag glömde sist berätta att jag var på <persName corresp="pe475"><anchor xml:id="start26452"/>grefve Bergs</persName> bal<anchor xml:id="end26452"/>, troligen första och sista gången. Der var som på ett hof, men mycket ogeneradt.</p>
        <p><persName corresp="pe11">Aina</persName> kommer just hem från skolan och ber helsa sin älskade <rs corresp="pe14">farmor</rs> och <persName corresp="pe673">Rosa</persName> och vännerna. Jag hinner ej mer, endast ett hjertligt famntag från</p>
        <closer>
        <signed>Z. och E. och A. och E. och T. och den lilla okända.</signed>
        </closer>
        <postscript><!-- skrivet i vänstra marginalen på sid 2 --><p rend="place_leftMargin">Helsa <persName corresp="pe320">Augusta</persName> att <persName corresp="pe10">Emili</persName> är bättre.</p></postscript>
      </div>
    </body>
  </text>
</TEI>