<?xml version='1.0' encoding='UTF-8'?><TEI xmlns:xsi="http://www.w3.org/2001/XMLSchema-instance" xmlns="http://www.tei-c.org/ns/1.0" xsi:schemaLocation="http://www.tei-c.org/ns/1.0 file:/T:/Instruktioner,%20manualer,%20scheman/TEI-scheman%20(AM)/tei_brevschema.xsd">
  <teiHeader>
    <fileDesc>
      <titleStmt>
        <title>Br1689</title>
        <respStmt>
          <resp>Ansvarig redaktör:</resp>
          <name>Laura Mattsson</name>
        </respStmt>
      </titleStmt>
      <publicationStmt>
        <publisher>Zacharias Topelius Skrifter</publisher>
      </publicationStmt>
      <sourceDesc>
        <p>Arkivsignum: se databas</p>
      </sourceDesc>
    </fileDesc>
    <profileDesc>
      <handNotes>
        <handNote/>
        <handNote/>
      </handNotes>
    </profileDesc>
  </teiHeader>
  <text>
    <body xml:space="preserve">
      <!-- – ” ’ -->
      <div type="letter">
        <opener>
        <dateline><placeName corresp="pl399">Helsingfors</placeName>, fredag 30 Sept. 1859.</dateline>
        <salute>Min Älskade <rs corresp="pe14">Mamma</rs>!</salute>
        </opener>
        <p rend="noIndent">Nu ha vi väntat och förundrat oss öfver Mammas långa tystnad, så bortskämda som vi äro med de kära raderna då och då. Men endast Mamma är vid helsan gör det ingenting, vi ge väl oss till tåls. <persName corresp="pe10">Emili</persName>, som allt ännu rultar omkring, ämnade skrifva i dag, men så kom <persName corresp="pe3500">syster Rudolfine</persName> med arbete, som hon är snäll och gör ibland, och i stället för bref till Mamma blir här förmiddagskaffe åt oss. Jag vill nu säga, innan jag glömmer, att med Suomi afgår i morgon bittida en till Mamma adresserad låda, innehållande litet <anchor xml:id="start36815"/>vassbuk<anchor xml:id="end36815"/> och krikon, som <persName corresp="pe10">Emili</persName> sjelf lagt in och ber Mamma hålla till godo. Måtte nu burkarna komma helskinnade fram. Troligen skickar jag <persName corresp="pe33">Blanks</persName> kläde med och lägger det i hans papperskorg, som <persName corresp="pe2085">Louise</persName> beställt till julklapp och som alltså ej får omtalas; men obeqvämt är det att nödgas emballera korgen i en hel äppeltunna. Mamma är god och underrättar <persName corresp="pe2085">Louise</persName> derom.</p>
        <p>Vi ha ej hört Mammas tanke om <persName corresp="pe107"><anchor xml:id="start26435"/>Hildegards</persName> förlofning<anchor xml:id="end26435"/>, ehuru vi kunna gissa dertill. Jag hade, som sagdt, endast<pb/> önskat att hon kunnat fatta sitt beslut uti full moralisk frihet, men det kan jag ej anse att hon gjort, så i mellanhand som hon nu varit från morgon till qväll mellan <persName corresp="pe28">Moster Nenas</persName> råd och min goda <persName corresp="pe37">Alberts</persName> efterhängsenhet. Hade det varit <foreign xml:lang="fre"><anchor xml:id="start26434"/>partie égale<anchor xml:id="end26434"/></foreign> på hufvudets vägnar, så hade risken varit mindre för andra förhållanden. Jag vill dock gerna hoppas det bästa och måste ju som gammal vän unna <persName corresp="pe37">Albert</persName> en så bra hustru och <persName corresp="pe300">Thildas</persName> barn den enda, som i någon mån kan ersätta dem deras oförgätliga mor. Jag tänkte skrifva till <persName corresp="pe37">Albert</persName> nu, men hinner ej denna gång. Mamma är god och helsar både honom och <persName corresp="pe107">Hildegard</persName> från <persName corresp="pe10">Emili</persName> och mig och säger dem att vi af hjertat önska dem allt godt. Särskildt ville vi hviska åt <persName corresp="pe107">Hildegard</persName> att vi fullkomligt inse motiverna till hennes beslut och, långt ifrån att mindre hålla af henne derföre, tvärtom respektera renheten af de bevekelsegrunder som förmått henne till denna uppoffring – efter det ändå är rätta ordet. <persName corresp="pe107">Hildegard</persName> har skrifvit till <persName corresp="pe3500">Rudolfine</persName> att hon nu fruktar att hon förlorat <persName corresp="pe3500">R:s</persName> vänskap och aktning.<pb/> Så illa är det väl ej, ehuru <persName corresp="pe3500">Rudolfine</persName> <del>är</del> blef både förvånad och ledsen öfver beslutet. Hon skrifver med nästa post. Jag skall också då skrifva till <persName corresp="pe37">Albert</persName> och, bland annat, lägga honom på hjertat att icke vidare komma fram med vissa gamla oseder. – Vännen <persName corresp="pe33">Blanks</persName> betéende tycker jag är en smula oförnuftigt i hela denna fråga, och det har jag skrifvit honom. – Intet särdeles nytt. Vi må Gudskelof alla bra. <persName corresp="pe13">Evas</persName> frossa, som vid första utbrottet skaffade både <persName corresp="pe10">Mille</persName> och mig kolik på halsen, gaf sig, tillsvidare åtminstone, ganska snart för kinin, och de leka nu muntra och raska med en svart- och hvit kattunge, som arriverat till huset som ny innevånare och är alldeles maken till <persName corresp="pe673" correspUncert="Y">Rosas</persName> förra. Här är nu höstlikt med gula löf, men annars milda och herrliga dagar. Söndag och måndag bli festiviteter för <anchor xml:id="start26439"/>senatens jubileum<anchor xml:id="end26439"/>. Bland andra är också jag inviterad till <persName corresp="pe475">grefve Bergs</persName> stora bal i söndag, och <anchor xml:id="start26440"/>den gången tänker jag gå<anchor xml:id="end26440"/>. – Kansliråderna <persName corresp="pe466">Arppe</persName> och <persName corresp="pe203">J. W. Snellman</persName> äro troligen med.</p>
        <pb/>
        <p><anchor xml:id="start26441"/>”Wår lön,” som <persName corresp="pe10">Mille</persName> säger, ha vi ännu ej fått ut<anchor xml:id="end26441"/> och äro i temmelig knipa, men det ger sig väl. – Mina föreläsningar begynte jag i onsdags.</p>
        <p>Vänner och bekanta må väl. <persName corresp="pe476">Carl Toppelius</persName> är återkommen, <persName corresp="pe8129">Hernmarks</persName> ha lemnat sig utan rum och måst tillsvidare stadna i <placeName corresp="pl2735">Åbo</placeName>.</p>
        <closer>
        <salute>Må väl, älskade Mamma! Tusen helsningar från oss alla,</salute><signed>Z., E., A., T. och Evamaja.</signed>
        </closer>
      </div>
    </body>
  </text>
</TEI>