<?xml version='1.0' encoding='UTF-8'?><TEI xmlns:xsi="http://www.w3.org/2001/XMLSchema-instance" xmlns="http://www.tei-c.org/ns/1.0" xsi:schemaLocation="http://www.tei-c.org/ns/1.0 file:/T:/Instruktioner,%20manualer,%20scheman/TEI-scheman%20(AM)/tei_brevschema.xsd">
  <teiHeader>
    <fileDesc>
      <titleStmt>
        <title>Br874</title>
        <respStmt>
          <resp>Ansvarig redaktör:</resp>
          <name>Laura Mattsson</name>
        </respStmt>
      </titleStmt>
      <publicationStmt>
        <publisher>Zacharias Topelius Skrifter</publisher>
      </publicationStmt>
      <sourceDesc>
        <p>Arkivsignum: se databas</p>
      </sourceDesc>
    </fileDesc>
    <profileDesc>
      <handNotes>
        <handNote medium="black-ink"/>
      </handNotes>
    </profileDesc>
  </teiHeader>
  <text>
    <body xml:space="preserve">
      <!-- – ” ’ æ ½ -->
      <div type="letter">
        <opener>
          <dateline>
            <placeName corresp="pl399">Helsingfors</placeName> måndag 16 Nov. 1857.</dateline>
          <salute>Min älskade <rs corresp="pe14">Mamma</rs>!</salute>
        </opener>
        <p rend="noIndent">Wi ha en klar och mild solskensdag och ingen vinter alls ännu. <anchor xml:id="start25604"/>Wår lilla <anchor xml:id="start38498"/>bröllopsvefva<anchor xml:id="end38498"/><anchor xml:id="end25604"/> är lyckligen öfverstånden; <persName corresp="pe10">Mille</persName> får nu berätta mera derom. Jag vill blott säga att allt var bra och brudfolk och gäster voro nöjda. Ochså voro gästerne, omkr. 50 närvarande, af hvilka jag ej kände hälften, ovanligt hyggligt folk, sådana man väl sällan träffar på andra orter i handtverksklassen. Marskalkerna voro fyra unga kavaljerer, som kunnat presenteras i hvilken kadrill som helst. I går voro de nygifta samt brudgumens mor och syster här på middag, och i dag skuras här.</p>
        <p>När <subst>v</subst>i få vara friska som nu, ha vi så trefligt här inom oss, att jag aldrig tycker mig ha varit så rik och lycklig – och der finns intet annat moln, än tanken på alla menskliga tings obeständighet. Dock Gud styr! Mamma skulle se de barnen! När vi dansa med dem alla fyra i skymningen eller qvällstunderna, ville vi ej byta den dansen mot en kejsarebal! Pyringarna äro så innerligt roliga. <persName corresp="pe11">Aina</persName> tar sina dansskolssteg, och de små göra efter. <persName corresp="pe272">Toini</persName> tycks dertill ha naturlig fallenhet; det är det oskyldigaste trippande man kan se. <persName corresp="pe13">Eva</persName> deremot vänder allt till löjligt – hon är sällskapets <anchor xml:id="start25739"/>pajazzo<anchor xml:id="end25739"/>, gör de befängdaste ställningar, och tumlar oupphörligt öfverända med sina svaga ben.<pb/> <persName corresp="pe273">Zache</persName> han ser på och dansar med <persName corresp="pe7408">Mala</persName> eller mig, när <persName corresp="pe10">Mille</persName> spelar. Han vet minsann vara road, han pratar och skriker af förnöjelse öfver de andras krumbugter. I thorsdags fyllde min kära son ett halft år och gör skäl för sin ålder, stark och liflig. I förrgår påstodo de att han tre gånger sagt pappa, men jag var ej inne då. Han sitter nu temligen för sig sjelf – att <anchor xml:id="start25740"/>grassera<anchor xml:id="end25740"/> med papper är hans käraste nöje. Han skall väl bli en papperskluddare, som far hans. <persName corresp="pe13">Eva</persName> är fet och präktig, mycket gladlynt och något positiv mot systern, när det gäller ingrepp i hennes lagliga rättigheter – men så lättböjd och känslig, att det bara behöfs en mulen min för att rätta henne, och då går hon på med ”låt mamma! inte <persName corresp="pe13">Eja</persName> mer!” Hvar dag fara de allt ännu till <persName corresp="pe14">Amuna</persName>. Deras souvenirer från farmor äro ibland af egen sort. ”Vet pappa, sade <persName corresp="pe272">Toini</persName>, häromdagen, <persName corresp="pe14">Amuna</persName> är så snäll, <persName corresp="pe272">Toini</persName> fick följa med <persName corresp="pe14">Amuna</persName> på huse” – ”och der är ett så litet hål, vet pappa!” – Jag ber om ursäkt för en så ogenerad konversation, men hvem kan låta bli att skratta deråt! De likna alltmera två tvillingssystrar, så mycket mer som <persName corresp="pe272">Toini</persName> visst talar mera, men ej mycket renare. Båda voro för roliga på ”<persName corresp="pe530">Lottas</persName> bjöllopp” – jag hade möda att hålla mig allvarsam, ty när bruden föll på knä, ville <persName corresp="pe272">Toini</persName> nödvändigt se ”hvad de gjorde åt <persName corresp="pe530">Lotta</persName>” och böjde sig ned och tittade henne i ansigtet. Nu hör jag henne åter ropa ”hvar är <persName corresp="pe530">Lotta</persName>” – och <persName corresp="pe530">Lotta</persName><pb/> var verkligen ovärderlig för <subst>att</subst> hon höll så af barnen – ja hon gret hvar dag i flera veckor vid tanken att skiljas från dem. <persName corresp="pe11">Aina</persName> kommer nu från skolan – hon har skrifvit till <persName corresp="pe460">Inna</persName> i dag – det är nu meningen att <persName corresp="pe460">Inna</persName> kommer hit efter jul. Vi ha hört af ojäfvigt folk att <persName corresp="pe11">Aina</persName> är mycket omtyckt som <anchor xml:id="start25741"/>primus<anchor xml:id="end25741"/>; det är mer än vi kunnat hoppas; hon har till och med haft mod att hålla sina vänner, <persName corresp="pe7409">flickorna Kellström</persName>, i tukt, och det har <anchor xml:id="start25742"/>mankerat<anchor xml:id="end25742"/> dem, så att de ej mera följa henne i skolan. <persName corresp="pe73">Collan</persName> och <persName corresp="pe3478">fru Bergstadi</persName> visa <persName corresp="pe11">Aina</persName> mycken välvilja. Nog är det en bra skola, åtminstone 1:sta klassen, icke undrar jag att <persName corresp="pe645">Hæggströms</persName> anse det bra för <persName corresp="pe460">Inna</persName> – blott ej hennes klena helsa skulle göra mycket bekymmer. – Om tidningen är ännu intet visst afgjordt. Jag bjöd <persName corresp="pe514">Estlander</persName> garanti för ett minimum af 500 <choice><abbr>rub.</abbr><expan resp="EK">rubel</expan></choice> och sedan 50 <choice><abbr>kop.</abbr><expan resp="EK">kopek</expan></choice> för hvar prenumerant öfver 1300, så att han, efter nuvarande antal skulle ha 810 rubel, och dessutom 100 spalter bidrag af mig om året. Derpå svarade han, att det visst vore tillräckligt för honom ensam, men ensam hade han ej tid, och <persName corresp="pe281">Ehrström</persName>, som han ville ha med, ansåg det för litet för två. Nu har jag gått så långt, att jag garanterat nuvarande prenumerantantal, d. v. s. garanterat 800 <choice><abbr>rub.</abbr><expan resp="EK">rubel</expan></choice>, och går antalet högre, få de 50 <choice><abbr>kop.</abbr><expan resp="EK">kopek</expan></choice> för hvarje. Högre kan jag<pb/> ej gå, utan att blotta mig sjelf och ha ingenting för allt hvad jag drifvit upp tidningen – men derpå har jag ännu ej fått svar. Säga de nej, så måste jag fortfara, men bjuder då <persName corresp="pe514">Estlander</persName> 150 <choice><abbr>rub.</abbr><expan resp="EK">rubel</expan></choice> och <persName corresp="pe19">Oskar</persName> 100 <choice><abbr>rub.</abbr><expan resp="EK">rubel</expan></choice> som medarbetare för ett visst antal spalter om året. <anchor xml:id="start25744"/>Så står den saken.<anchor xml:id="end25744"/> – Studenterne ha gått in med en petition till kansler och begärt att få afdelningarna tillbaka. I <placeName corresp="pl1384">Moskva</placeName> och <placeName corresp="pl3169">Kiev</placeName> ha varit studentbuller i större stil – slagsmål med polis och gensdarmer – i <placeName corresp="pl3169">Kiev</placeName> blefvo flera personer dödade och sårade – I <placeName corresp="pl1384">Moskva</placeName> relegerades 50, och listan med deras namn skickades äfven hit, i fall de skulle söka sig in här vid universitetet. – <anchor xml:id="start25745"/>På <title corresp="ve4">Aftonbladet</title> ha åter ett par artiklar stått om <placeName corresp="pl62">Finland</placeName>.<anchor xml:id="end25745"/> – I nästa <title corresp="tw98">Hfors Tidn.</title> gör jag försök med en insänd näsavis <anchor xml:id="start25746"/>artikel mot nya riddarhuset<anchor xml:id="end25746"/>; få se om den går igenom.</p>
        <p>Wåra vänner må bra. Hos <persName corresp="pe7415">Arnells</persName> gjorde vi bekantskap med blåstrumpan <persName corresp="pe3479">fröken Ehrenstam</persName>, förf. till ”<title corresp="tw2610">Gröna Lund</title>.” Jag skall helsa <persName corresp="pe323">Fanny</persName> från <persName corresp="pe255">Anderssons</persName> theater, nyss anländ, specielt <persName corresp="pe3480">hr Pulchau</persName>. Men bättre och flera helsningar från barnen och oss alla!</p>
        <closer>
          <salute>Mammas egnaste</salute>
          <signed>Z., E., A., T., E. och Z.</signed>
        </closer>
        <postscript>
          <p rend="place_leftMargin"><!--i vänstra marginalen på sid. 4-->Jag har betalt frakten för Mammas skickning med Öbotten, 1 <choice><abbr>rub.</abbr><expan resp="EK">rubel</expan></choice> 42 <choice><abbr>kop.</abbr><expan resp="EK">kopek</expan></choice></p>
        </postscript>
      </div>
    </body>
  </text>
</TEI>