﻿<?xml version="1.0" encoding="UTF-8"?>
<TEI xmlns:xsi="http://www.w3.org/2001/XMLSchema-instance" xmlns="http://www.tei-c.org/ns/1.0" xsi:schemaLocation="http://www.tei-c.org/ns/1.0 file:/T:/Instruktioner,%20manualer,%20scheman/TEI-scheman%20(AM)/tei_brevschema.xsd">
  <teiHeader>
    <fileDesc>
      <titleStmt>
        <title>Br882</title>
        <respStmt>
          <resp>Ansvarig redaktör:</resp>
          <name>Laura Mattsson</name>
        </respStmt>
      </titleStmt>
      <publicationStmt>
        <publisher>Zacharias Topelius Skrifter</publisher>
      </publicationStmt>
      <sourceDesc>
        <p>Arkivsignum: se databas</p>
      </sourceDesc>
    </fileDesc>
    <profileDesc>
      <handNotes>
        <handNote id="ZT" medium="black-ink">Zacharias Topelius</handNote>
        <handNote id="ET" medium="black-ink">Emilie Topelius</handNote>
      </handNotes>
    </profileDesc>
  </teiHeader>
  <text>
    <body xml:space="preserve">
      <!-- – ” ’ æ ½ -->
      <div type="letter">
        <opener>
          <handShift new="#ZT" />
          <dateline>
            <placeName corresp="pl399">Helsingfors</placeName> måndag 1 Mars 1858</dateline>
          <salute>Min älskade <rs corresp="pe14">Mamma</rs>!</salute>
        </opener>
        <p rend="noIndent">Wi ha en frostig vintermorgon och 22 graders köld. <persName corresp="pe33"><anchor xml:id="start25818" />Blank</persName> reste i lördags e. m.,<anchor xml:id="end25818" /> och är han lika qvick norrut som söderut, så bör han vara framme onsdags f. m. och före detta. Mera kallt resväder har han haft, gubben <foreign xml:lang="fin"><anchor xml:id="start25814" />rukka<anchor xml:id="end25814" /></foreign>. Det var rätt trefligt för oss att se honom här – likasom broder <persName corresp="pe37">Albert</persName> – helsa dem rätt hjerteligen. <persName corresp="pe33">Blank</persName> har nu redogjort för hvad som kan intressera Mamma om oss. Sedan han for, tycks <persName corresp="pe273">Zache</persName> fattig gudilof ha litet grand repat sig; åtminstone har han sofvit bättre de två sednare nätterna och ser piggare ut. Men febern fortfar. Han fick två gånger kinin i går, men kunde ej behålla det. Wi hade redan nästan tappat kuraget, ty så dålig såg han ut i fredags på morgonen – och en timma derefter<pb /> satt han och lekte! Så dålig som <persName corresp="pe272">Toini</persName> för två år sedan har <persName corresp="pe273">Z.</persName> ändå ej varit; Gud låte det nu ha en öfvergång! Ja de barnen, det ges ej en trefligare syn, än när de äro friska, men mamma vet hvad det vill säga när de <anchor xml:id="start25815" />sjukas<anchor xml:id="end25815" />.</p>
        <p>I dag är <persName corresp="pe262">Sofis</persName> födelsedag. Vi ha ej hört af dem på bra länge. Jag tror vi måste skrifva och gratulera i dag, ifall jag hinner, ty kl. före 11 <anchor xml:id="start25819" />skall jag ut att gräla i brandstodsbolagets stämma. Jag vet ej om min delaktighet i försäkringen N<hi rend="raised">o</hi> 1,714 berättigar mig till inträde, men jag har fullmakter från <placeName corresp="pl2299">Tamerfors</placeName> och <placeName corresp="pl2735">Åbo</placeName> och är sinnad att ställa mig på reformens sida. De äro galna med sina nedsättningar; <persName corresp="pe333">Hackman</persName> i <placeName corresp="pl2614">Wiborg</placeName> ville nyss försäkra ett hus för 40,000 <choice><abbr>rub.</abbr><expan resp="EK">rubel</expan></choice>; det hade kostat något mer;<pb /> men först nedsatte brandkomitén det till 36,000 och sedan direktionen till 24,000. Jag mins nog hur de gjorde med <placeName corresp="pl963">Kuddnäs</placeName>. Vi skola yrka på nya stadgar.<anchor xml:id="end25819" /> – <anchor xml:id="start25816" />Nå, <persName corresp="pe480">Forsman</persName> har <add>åter</add> två spalter i <title corresp="tw1477">Suometar</title><!-- Suometar 26.2.1858 --> och helsar <persName corresp="pe614">Z. T.</persName> från abborrarne vid <placeName corresp="pl963">Kuddnäs</placeName>, att nog skola de hållas qvar, om ock staden går under. Han åberopar <rs corresp="pe503">guvernören</rs> och säger att <persName corresp="pe258">Montin</persName> lofvat göra hvad han kunde för att det ej mera skulle bli någon stad. Jag tänker svara helt kort att frågan är afgjord.<anchor xml:id="end25816" /><!-- Helsingfors Tidningar 3.3.1858 --> Skada att man ej kan säga detsamma om byggnadslånen, som vår beskedlige <persName corresp="pe480">Koskinen</persName> afstyrker. Våra deputerade ha emellertid berättat om sakens gång – måtte de nu strax välja en nybyggnadskomité af klokt folk. – Något särdeles nytt vet jag ej sedan <persName corresp="pe33">Blank</persName> for, om ej att en sub<pb />skription är å bane till <persName corresp="pe2815">Pippings</persName> minne – man vill få ihop en fond, med hvars ränta man skall för evärdelig tid bekosta två ”Pippingska” frisängar på <placeName corresp="pl3172">Allmänna hospitalet</placeName>. – Två fångar mördade i förrgår en vaktknekt på <placeName corresp="pl2233">Sveaborg</placeName>. – <persName corresp="pe309">Julius</persName> är ej anländ ännu, men då vi af tidningarna se att han redan förra måndags, jemte <persName corresp="pe7433">Gottleben</persName>, ankom till <placeName corresp="pl2735">Åbo</placeName>, måste han väl snart vara här. – Apropos, mamma, visst böra vi gå in i <anchor xml:id="start25817" />nya brandstodsbolaget för landet<anchor xml:id="end25817" />, att börja med gula byggningen?</p>
        <p>
          <persName corresp="pe3231"><anchor xml:id="start25821" />Palmerston</persName> har ramlat i <placeName corresp="pl190">England</placeName>, hvad tycks? Och kommer han ej med god skjuts tillbaka, så råkar <placeName corresp="pl190">England</placeName> ihop med <placeName corresp="pl249">Frankrike</placeName>.<anchor xml:id="end25821" /></p>
        <p>Må väl! Vi omfamna Mamma och helsa hela sällskapet från Mammas egnaste</p>
        <closer>
          <signed>Z. E. &amp; Komp.</signed>
        </closer>
        <postscript>
          <p rend="place_leftMargin"><!--i vänstra marginalen på sid. 4-->Helsa <persName corresp="pe107">Hildegard</persName> att <persName corresp="pe97">Victor Hackman</persName> var här i går och frågade efter henne – Det var en liten flamma förr från hans sida.</p>
        </postscript>
        <postscript>
          <p rend="place_previousPage_leftMargin"><handShift new="#ET" /><!--i vänstra marginalen på sid. 1-->Älskade Mamma! hjerteliga helsningar! <persName corresp="pe273">Zachris</persName> liten tycks nu börja repa sig, Gud vare lofvad, jag var i en sådan ångest redan.</p>
        </postscript>
      </div>
    </body>
  </text>
</TEI>