<?xml version='1.0' encoding='UTF-8'?><TEI xmlns:xsi="http://www.w3.org/2001/XMLSchema-instance" xmlns="http://www.tei-c.org/ns/1.0" xsi:schemaLocation="http://www.tei-c.org/ns/1.0 file:/T:/Instruktioner,%20manualer,%20scheman/TEI-scheman%20(AM)/tei_brevschema.xsd">
  <teiHeader>
    <fileDesc>
      <titleStmt>
        <title>Br1687</title>
        <respStmt>
          <resp>Ansvarig redaktör:</resp>
          <name>Laura Mattsson</name>
        </respStmt>
      </titleStmt>
      <publicationStmt>
        <publisher>Zacharias Topelius Skrifter</publisher>
      </publicationStmt>
      <sourceDesc>
        <p>Arkivsignum: se databas</p>
      </sourceDesc>
    </fileDesc>
    <profileDesc>
      <handNotes>
        <handNote/>
        <handNote/>
      </handNotes>
    </profileDesc>
  </teiHeader>
  <text>
    <body xml:space="preserve">
      <!-- – ” ’ -->
      <div type="letter">
        <opener>
        <dateline><placeName corresp="pl399">Helsingfors</placeName> 6 Juni 1859, måndag.</dateline>
        <salute>Min älskade <rs corresp="pe14">Mamma</rs>!</salute>
        </opener>
        <p rend="noIndent">Efter löfte skrifver jag nu om resan, och jag har måst något uppskjuta den, så att vi ej bli färdiga att sätta oss i morgon i vagnen, som ämnadt var, utan först den 16 Juni. Första orsaken är att jag ej fått alla mina jern ur elden; dernäst att <persName corresp="pe11">Ainas</persName> lärarinnor klagade att ”deras bästa elever fara bort till examen” och tyckas gerna se att hon skulle stadna qvar; – och sedan så har jag ej så stor brådska att fara bort från min <persName corresp="pe10">Mille</persName> och lemna henne allena. Ni skulle ju annars tycka att jag har fasligt brådtom ifrån henne, om vi skulle komma tidigare än vanligt. Wi skicka också våra saker med Österbotten den 14:de, och det är bättre att jag ej prackar allt detta bestyr på gumman min. Jag hoppas att ej mammas planer mycket korsas af detta dröjsmål, ifall mamma redan förhyrt <anchor xml:id="start38591"/>Majas besättning<anchor xml:id="end38591"/> etcetera. <persName corresp="pe10">Mille</persName> får låta tvätta åt barnen engång till, men det får ej hjelpa. Jag är mellan två eldar – jag sitter som med hundrade loppor när jag ej slipper ut i den herrliga<pb/> sommargrönskan, och likväl näns knappt tänka på den dag, när jag skall resa från <persName corresp="pe10">Mille</persName> min. – Wi fingo kallt i fredags, men i dag ha vi åter 20 grader i skuggan, och allt är i yppigaste grönska, ehuru torkan är kännbar. <persName corresp="pe10">Mille</persName> och jag voro i går till nattvarden i nya kyrkan; jag fick då lof att sitta i pelsrock. <persName corresp="pe10">Mille</persName> säger att hon annars ej vore så trött, om hon ej hade sitt gamla vanliga, men det mattar henne; jag skall nu åter begära något af <persName corresp="pe178">Wbd</persName> för den saken. <persName corresp="pe11">Aina</persName> blef något misslynd, skall <rs corresp="pe14">farmor</rs> tro när resan blef uppskjuten; hon hade redan räknat dagar och timmar. <persName corresp="pe571">Olga Leopold</persName> skall nästa höst komma i fruntimmersskolan, det är en snäll flicka och bara skada att <anchor xml:id="start26389"/>uppfostran och föredömen äro något ställda på flärd<anchor xml:id="end26389"/> – men hvem kan uppfostra dem som de borde – icke kunna ju vi det heller. Kajorna flyga ute – vi kalla dem så för att <persName corresp="pe13">Eva</persName>, när hon begär snask, brukar säga: ”söta pappa, får jag nu, efter jag är så <anchor xml:id="start26414"/>bekajad med snålhet<anchor xml:id="end26414"/>!” Snåla äro de visst, få se om farmor kan hålla dem i spatsergången. Men visst äro de roliga. <persName corresp="pe272">Toini</persName> är nu också bättre vid hull. De <anchor xml:id="start26390"/>raita<anchor xml:id="end26390"/> nu mest alla dagar i <placeName corresp="pl666">Kajsaniemi park</placeName>. <persName corresp="pe10">Mille</persName> helsar och ber mig säga<pb/> att hon mottagit <persName corresp="pe323">Fannys</persName> 10 rubel och skall uträtta hennes kommissioner. <persName corresp="pe359"><anchor xml:id="start26415"/>Gubben Hjelt</persName> berättade mig härom dagen att <rs corresp="pe140">Tant</rs> nu på sommaren får in pengar för <placeName corresp="pl2133">Sonnäs</placeName> och frågade om han deraf skulle betala skulden till Mamma, hvartill jag svarade ja och bad honom, när jag är borta, lemna pengarna åt <persName corresp="pe158">Thunberg</persName>, så öfverkorsar <persName corresp="pe158">Thunberg</persName> mammas revers.<anchor xml:id="end26415"/> Huru många års ränta, som Tant har obetald, visste jag ej, och <persName corresp="pe359">gubben H.</persName> ej heller. Det kan allt vara nödvändigt för oss att begagna tillfället, ty pojkarna plocka Tants kassa från alla håll, bara hon har något. Hon kommer ju nu till midsommar från <anchor xml:id="start26416"/>Ryssboet<anchor xml:id="end26416"/>. – Nå, den <anchor xml:id="start26417"/>stora nyheten om landtdag<anchor xml:id="end26417"/> slog ned som en rakett i <title corresp="tw508">Allmänna Tidningen</title>. Här hade så länge ropats hoj, att jag och många andra ej trodde derpå, när det engång var sannt. Nu är här svart på hvitt; något närmare vet jag ej om tiden, men troligen blir det  i början på nästa år. <anchor xml:id="start26418"/>Hvilken riksdagsman skall <placeName corresp="pl1512">NyCarleby</placeName> välja? <persName corresp="pe3671">Erik Benzelstjerna</persName> bland andra vore sjelfskrifven,<anchor xml:id="end26418"/> ifall han vore torr bakom öronen. För allt hvad man skrattat åt <placeName corresp="pl3188">riddarhuset</placeName>, <anchor xml:id="start26419"/>önskar man nu att det vore färdigt,<anchor xml:id="end26419"/> ty den goda landtdagen<pb/> har annars, liksom andra hyresgäster, ondt om rum. Kanske väljes universitetet dertill. Nå apropos deraf, vår löneförhöjning är ju kommen, att räknas från början af detta år. Jag säger vår, ehuru jag ej vet visst ännu, om jag har del deri, men visst tycks det böra så vara, efter jag skall hafva ”Yngre professors lön”. Förhöjningen på hvar professorslön gör 215 rubel silfver. <persName corresp="pe130">Pacius</persName> får 179 rubel mera, <persName corresp="pe180">Wright</persName> 150 rubel – båda behöfva det så väl. – Förra onsdags hade vi en bjudning för <persName corresp="pe6483">Kellermann</persName> och theatersällskapet, en skyldighet från vår sida. Vi voro 18 personer, <persName corresp="pe162">Sofi</persName>, <persName corresp="pe161">Jenny</persName>, <persName corresp="pe19">Oskar</persName> och <persName corresp="pe79">Dovner</persName> inberäknade, och reste ut kl. 7 på aftonen i <anchor xml:id="start26420"/>vefslup<anchor xml:id="end26420"/> till <placeName corresp="pl2202">Sumparn</placeName>, der vi hade mjöd, punsch och hjortronsylt i <anchor xml:id="start26421"/>det vackra tornet<anchor xml:id="end26421"/>, och foro sedan till <placeName corresp="pl666">Kajsaniemi</placeName>, der vi hade en sexa med the och <add>en</add> liten svag bål efteråt. Qvällen var en af de herrligaste, varm och lugn, och alla voro förtjusta. I dag äro <persName corresp="pe10">Mille</persName> och jag bjudne med <persName corresp="pe3652">Wasastjernas</persName> att fira <persName corresp="pe281">Gustaf Ehströms</persName> namnsdag med thé på <placeName corresp="pl666">Kajsaniemi</placeName>. Med <persName corresp="pe6483">Kellerman</persName> har det varit flera utfärder, bland andra till <placeName corresp="pl1340">Meilans</placeName>, men inga fruntimmer med.</p>
        <p>Må väl, min egen Mamma! Helsa alla. Vi skrifva kanske engång till, men hoppas, om Gud vill, att glada omfamna Mamma och farmor.</p>
        <closer>
          <signed>Z.</signed>
        </closer>
        <postscript><!-- skrivet i vänstra marginalen på sid 4 --><p rend="place_leftMargin">Helsa <persName corresp="pe33">Blank</persName> att jag betalt <persName corresp="pe4755" correspUncert="Y">Lindh</persName> och skall gå till <persName corresp="pe7491">Andsten</persName>. – Nu just rusta sig <persName corresp="pe10">Mille</persName> och alla barnen att fara till <placeName corresp="pl404">badhuset</placeName> för att bada der.</p></postscript>
        <postscript><!-- skrivet i vänstra marginalen på sid 3 --><p rend="place_previousPage_leftMargin">Jag hoppas kappsäcken arriverat med Österbotten. Har <persName corresp="pe594">Hindrik</persName> gjort årar, ett par åt Maja och ett åt Aramintha, så kunde de målas färdiga.</p></postscript>
        <postscript><!-- skrivet i vänstra marginalen på sid 2 --><p rend="place_previousPage_leftMargin"><anchor xml:id="start26423"/>Om kriget har nu <title corresp="tw508">F. A. T.</title> de färskaste nyheterna.<anchor xml:id="end26423"/> Allsinga förebud synas här. Alla silfverrublar ha gått utomlands, så att man ej ser en enda i rörelsen.</p></postscript>
        <postscript><!-- skrivet i vänstra marginalen på sid 1 --><p rend="place_previousPage_leftMargin"><persName corresp="pe11">Ainas</persName> examen är först den 15:de. När må <persName corresp="pe781">Schalins</persName> komma? Jag hade bref af <persName corresp="pe54">Wilhelm</persName>, men han skref ej derom. – Härom dagen gjorde <persName corresp="pe505">gubben Federley</persName> formelig visit här. Vi hade gjort visit hos dem – d. v. s. mot vår vana besvarat första visiten.</p></postscript>
           </div>
    </body>
  </text>
</TEI>