﻿<?xml version="1.0" encoding="UTF-8"?>
<TEI xmlns:xsi="http://www.w3.org/2001/XMLSchema-instance" xmlns="http://www.tei-c.org/ns/1.0" xsi:schemaLocation="http://www.tei-c.org/ns/1.0 file:/T:/Instruktioner,%20manualer,%20scheman/TEI-scheman%20(AM)/tei_brevschema.xsd">
  <teiHeader>
    <fileDesc>
      <titleStmt>
        <title>Br872</title>
        <respStmt>
          <resp>Ansvarig redaktör:</resp>
          <name>Laura Mattsson</name>
        </respStmt>
      </titleStmt>
      <publicationStmt>
        <publisher>Zacharias Topelius Skrifter</publisher>
      </publicationStmt>
      <sourceDesc>
        <p>Arkivsignum: se databas</p>
      </sourceDesc>
    </fileDesc>
    <profileDesc>
      <handNotes>
        <handNote medium="black-ink" />
      </handNotes>
    </profileDesc>
  </teiHeader>
  <text>
    <body xml:space="preserve">
      <!-- – ” ’ æ ½ -->
      <div type="letter">
        <opener>
          <dateline>
            <placeName corresp="pl399">Helsingfors</placeName> fredag 25 Sept. 1857.</dateline>
          <salute>Allrakäraste <rs corresp="pe14">Mamma</rs>!</salute>
        </opener>
        <p rend="noIndent">Midt i skräpet af <anchor xml:id="start25559" />flyttningen<anchor xml:id="end25559" /> kan jag ej låta bli att skicka en helsning, jemte <anchor xml:id="start25582" />bifogade plan af rummen<anchor xml:id="end25582" />. Wi begynte flytta i onsdags på morgonen, och det var väl att vi kunde göra det, ty mamma kan tänka sig värmegraden i de stora oeldade rummen. Barnen voro inhysta i <persName corresp="pe360">Minas</persName> rum; der var varmt nog, men golfdrag. Wi försökte i det längsta och vid 7 à 8 graders temperatur att sofva i sängkammarn, men en natt fick <persName corresp="pe10">Mille</persName> nerffrossa (som kurerades med portvin) och så måste vi ligga i <persName corresp="pe360">Minas</persName> yttre rum. Första dagen voro 8 flottister med 2 bärbårar i rörelse; andra dagen 4 flottister och dessutom en forman båda dagarna. Utom egna saker hade vi <persName corresp="pe360">Minas</persName> att flytta. Det samlar sig ändå en hel hop i ett hushåll under 6 års orubbadt bo. I de små nya rummen får ej allting rum, och i <persName corresp="pe309">Juliuses</persName> kammare och <add>i</add> den s. k. matsalen bor <persName corresp="pe3225">mag. Zilliacus</persName> ännu en vecka qvar, så att vind, lider och källare<pb /> ha fått mottaga en god del af flyttgodset. Barnen förde vi hit i går på f. m. – Gud gifve dem och oss alla trefnad! – och <persName corresp="pe10">Mille</persName> och <persName corresp="pe316">Carolina</persName>, som allt pysslade i gamla gården, spisade i går sin middag af ett halft franskt bröd utan vidare, medan vi <add>andra</add> drogo nytta af granskapet med <persName corresp="pe7405">bagar Holms</persName> <rs corresp="pe7947">gesälls</rs> <anchor xml:id="start25566" />vindböjtlar<anchor xml:id="end25566" />. Ändtligen i går thorsdag vid mörkningen hade vi <foreign xml:lang="fin"><anchor xml:id="start25580" />kapina<anchor xml:id="end25580" /></foreign> här och drucko förlikligt vårt thé bland skräpet. I natt har <persName corresp="pe10">Mille</persName> och <persName corresp="pe530">Lotta</persName> fått ondt i hufvudet af <anchor xml:id="start25581" />kallos<anchor xml:id="end25581" /> från nyssreparerade kakelugnar, men vi andra ha sofvit godt, och barnen, som voro något kurriga i går, tyckas i dag vara bättre. Stackarne, de äro så magra och ha en strykande aptit och pretendera stöpa och bakelse. Små magorna ha dessa dagar turat om, så att när <persName corresp="pe13">Evas</persName> varit bättre, har <persName corresp="pe272">Toinis</persName> varit sämre och tvärtom. Icke har det nu åtminstone blifvit värre, så att vi kunna anse oss lyckliga, om vi slippa med detta, ty rödsoten fortfar allt, och mest ibland barn. Kanske kan man något hoppas af den kalla väderleken; vi hade ju snö här i tisdags. – Just kommer<pb /> <persName corresp="pe530">Lotta</persName> i spetsen för piorna för att sopa i mitt rum – ”<persName corresp="pe13">Eja</persName> me sopa” – här är åtminstone varmt, så att barnen få röra sig. <persName corresp="pe516">Fina</persName> har också infunnit sig – ”Pina”, säger <persName corresp="pe13">Eva</persName> – så att <persName corresp="pe10">Mille</persName> har någon ledighet. Midtemot oss bor <persName corresp="pe3226">Taube</persName> med familj – <persName corresp="pe13">Eva</persName> kastar en slängkyss åt deras lilla gosse. <persName corresp="pe273">Zache</persName> är allt fet och förnöjd Gudskelof, och <persName corresp="pe11">Aina</persName> följer med <persName corresp="pe7409">Källströms flickor</persName> i skolan. <persName corresp="pe10">Mille</persName> saknar mycket sin skänk; servisen måste på vinden, två skåp få ersätta skänken. Som Mamma ser af planen, äro sängkammarn, barnkammarn och kökskammarn bra små – jag skall försöka få en <anchor xml:id="start25590" />vädervexlare<anchor xml:id="end25590" /> i barnkammarn. Gården är torr och bra; läget borde vara sundt. Utom skräddarn med familj bo här 3 eller 4 studenter, ett par symamseller och en <anchor xml:id="start25583" />acoucheurska<anchor xml:id="end25583" /> med dotter. – Med helsa och förnöjdsamhet tror jag nog att rummen bli trefliga. Förra söndags lystes för <persName corresp="pe530">Lotta</persName> och på qvällen var ett litet lysningskalas med sång. Bland andra presenter fick hon 10 theskedar (två af <persName corresp="pe309">Julius</persName>) en matsked (af oss) och en sidenbrudklädning af sin blifvande svärmor. Nå när detta kommer fram, är väl <persName corresp="pe323">Fanny</persName><pb /> anländ, jag gissar först om söndag, efter en ruskig resa. Välkommen, välkommen! <anchor xml:id="start38261" />”Österbotten” med sina 95 passagerare härifrån (största delen på däck) hade svårt väder, storm och snö i tisdags.<anchor xml:id="end38261" /> <persName corresp="pe3010">Lillja</persName> och jag, som trätt i <title corresp="tw254">Åbo Un:dr</title>, ha muntligen språkat derom i all vänskap. Böckerna skickade jag ej denna gång (<title corresp="tw2264">Läseboken</title>), det är sådana omvägar vid tullen, som aldrig borde vara mellan inrikes orter. Stenen skickades.</p>
        <p>Något särdeles nytt vet jag ej att berätta. <persName corresp="pe160">Leopold</persName> var inrest på ett par dagar. <persName corresp="pe162">Sofi</persName> vill resa med barnen till <placeName corresp="pl2464">Uleåborg</placeName> i början af Oktob. och bli der öfver vintern – mest kanske för det att hon är missnöjd med deras nya rum. <persName corresp="pe160">Leopold</persName> är ej för den saken; jag vet ej ännu hvad de beslutat. Hos <persName corresp="pe656">Borgströms</persName> ha vi ej alls varit ännu, bara träffat dem som hastigast. De må bra, men <persName corresp="pe69">Henrik</persName><!--den yngre-->, som väntades hem, har sjuknat i <placeName corresp="pl304">Götheborg</placeName>, så att de nog äro oroliga för honom. <persName corresp="pe99">Hernmarks</persName> bo qvar öfver vintern; våningen lagas nu om med engelska spisar etc. för <persName corresp="pe70">Leonards</persName> unga <rs corresp="pe3227">fru</rs>. Brölloppet blir nästa sommar.</p>
        <p>Tack för Mammas kära bref; det gläder oss mycket att <persName corresp="pe37">Albert</persName> är bra. Helsa honom och <persName corresp="pe300">Thilda</persName>. Helsa <persName corresp="pe33">Blank</persName>, jag fick hans bref i går aftse. <persName corresp="pe22">Gustaf</persName> är rest, som sagdt. <persName corresp="pe10">Mille</persName> och barnen omfamna mamma hjerteligen, och</p>
        <closer>
          <salute>så gör äfven</salute>
          <signed>Z.</signed>
        </closer>
        <postscript>
          <p rend="place_leftMargin"><!--i vänstra marginalen på sid. 4-->”Pota! pota!” det är lösen i barnkammaren, men ingen pota bestås, bara <anchor xml:id="start25602" />sagusoppa<anchor xml:id="end25602" />, <anchor xml:id="start25603" />vattgröt<anchor xml:id="end25603" /> och litet kött eller köttsoppa. Piorna ha nu hjelpt mamma att städa in sina böcker. – Ute är dimmigt och kulet.</p>
        </postscript>
        <postscript>
          <p rend="place_leftMargin"><!--i vänstra marginalen på sid. 3--><persName corresp="pe10">Mille</persName> helsar och beder, om möjligt, att få den inropade syltkitteln jemte det öfriga med ångfartyget. Icke tror jag att lingon kunna skickas.</p>
        </postscript>
        <postscript>
          <p rend="place_leftMargin"><!--i vänstra marginalen på sid. 2-->Jag har ej börjat mina föreläsningar ännu. – När sängarna äro utdragna i sängkammaren, slipper man nätt och jemt förbi till barnkammardörren.</p>
        </postscript>
        <postscript>
          <p rend="place_leftMargin"><anchor xml:id="start25601" /><!--i vänstra marginalen på sid. 1-->Herrarna i <placeName corresp="pl1957">Petersburg</placeName> ha ännu ej skickat min lön,<anchor xml:id="end25601" /> som bordt komma i medlet af Augusti. – <persName corresp="pe309">Julius</persName> har varit mycket hjelpsam vid flyttningen.</p>
        </postscript>
      </div>
    </body>
  </text>
</TEI>