<?xml version='1.0' encoding='UTF-8'?><TEI xmlns:xsi="http://www.w3.org/2001/XMLSchema-instance" xmlns="http://www.tei-c.org/ns/1.0" xsi:schemaLocation="http://www.tei-c.org/ns/1.0 file:/T:/Instruktioner,%20manualer,%20scheman/TEI-scheman%20(AM)/tei_brevschema.xsd">
  <teiHeader>
    <fileDesc>
      <titleStmt>
        <title>Br883</title>
        <respStmt>
          <resp>Ansvarig redaktör:</resp>
          <name>Laura Mattsson</name>
        </respStmt>
      </titleStmt>
      <publicationStmt>
        <publisher>Zacharias Topelius Skrifter</publisher>
      </publicationStmt>
      <sourceDesc>
        <p>Arkivsignum: se databas</p>
      </sourceDesc>
    </fileDesc>
    <profileDesc>
      <handNotes>
        <handNote/>
        <handNote/>
      </handNotes>
    </profileDesc>
  </teiHeader>
  <text>
    <body xml:space="preserve">
      <div type="letter">
        <opener>
          <dateline>
            <placeName corresp="pl399">Helsingfors</placeName> 12 Mars 1858.</dateline>
          <salute>Min älskade <rs corresp="pe14">Mamma</rs>!</salute>
        </opener>
        <p rend="noIndent">Jag borde kanske nu skrifva till vännen <persName corresp="pe33">Jacobus Blank</persName>, men helsa honom och säg att <anchor xml:id="start25823"/>jag anser eder alla för bolagsmän,<anchor xml:id="end25823"/> och han kan få nästa gång.</p>
        <p>Tack, Mamma goda, för två bref; i dag betalar jag räntan till <persName corresp="pe158">Thunberg</persName>; dermed är intet försummadt. – <persName corresp="pe10">Mille</persName> har nu skrifvit om barnen. Om man kunde vara förnuftig och intet tappa kuraget för alla små smulor, men det vill gudnås vara så med oss båda två. Jag trodde en tid ej att pojken skulle komma sig, så döfärdig såg han ut, men Gudskelof, det gick öfver sedan vi upphörde med Omslagen, ty de kunde aldrig hållas lufttäta – han fick en den våldsamaste hosta i två dygn – jag tänkte den tiden: har Gud ej ämnat honom till något i verlden, så säger han nu adjö. Annars blef jag knäckt i mina stolta förhoppingar om <persName corresp="pe12">Micha</persName> i tiden – <persName corresp="pe273">Zache</persName> väntar jag intet stort, han är för beskedlig dertill, men det är kanske bäst att ej vänta för mycket. Namn verka ibland på menniskolynnen, har jag tyckt, och vår <persName corresp="pe273">Raphael Z.</persName> har <pb/> så här tidigt en förunderlig kärlek för taflor, så att knappt något roar honom så. <persName corresp="pe10">Emili</persName> har på sängkammarvägde de små ovala taflorna, som mamma kanske mins. <persName corresp="pe273">Zache</persName> vet skillnad på gossen och flickan, när man frågar honom och i synnerhet är han förtjust i gossen. Likaså är i barnkammaren en tafla som föreställare frälsarens födelse; den kan han i långa stunder ej se sig mätt på, och den har tidigt gjort honom bekant med lilla Jesus. Ett älskeligt, fromsint barn är han, likväl ej utan häftighet. Wi ha dessa tider packat så mycket <anchor xml:id="start25825"/>strunt<anchor xml:id="end25825"/> i honom, att han <anchor xml:id="start25824"/>billigtvis<anchor xml:id="end25824"/> tycker det kunde vara nog nu, och ofta få de vara tre om honom, när han skall ta in (Jag tar då mest alltid till flykten). När pyrena äro friska (och nu äro de Gudilof någorlunda, om det får fortfara) kan man ej se något roligare än <persName corresp="pe272">Toini</persName> och <persName corresp="pe13">Eva</persName>. <persName corresp="pe272">Toini</persName> är ofta Amuna och sköter sitt lilla barn <persName corresp="pe13">Eva</persName>, som då är <persName corresp="pe272">Toini</persName> – klär af och på henne som en kattunge och är riktigt en moster för henne. Deremellan händer visst att de lufvas, och när <persName corresp="pe13">Eva</persName> är frisk, så rappar hon hurtigt tillbaka, men två minuter derefter<pb/> äro de åter sköterskan och barnet och fara med pallarna till Amuna. <persName corresp="pe272">Toini</persName> är en fasligt renfärdig menniska, det duger aldrig åt henne en begagnad sked, och i går trätte hon på <persName corresp="pe316">Carolina</persName>, som tog i potäterna med fingrarna. <persName corresp="pe13">Eva</persName> har åter sina små förtjenster. Blinda <persName corresp="pe177">Wohllebe</persName> var här i går: det var riktigt vackert att se, huru <persName corresp="pe13">Eva</persName> obedd samlade ihop alla russin och mandel, som hon fått nyss förut, och förde åt <del>”den</del> ”stattars dubben” – då tyckte <persName corresp="pe272">Toini</persName> att hon också borde ge något och hämtade – <hi rend="underline">en</hi> krakmandel. Så olika födas menniskobarn! <persName corresp="pe11">Aina</persName> kan jag säga är sin pappas spegel, åtminstone känner jag igen all min flyktighet, mitt slarf och mina pianokompositioner på fri hand m. m. – men nog är hon en bra flicka, lydig vid minsta vink, och härtills tycks skolgången vara bra. Det är henne mycket nyttigt att vara <anchor xml:id="start25827"/>primus<anchor xml:id="end25827"/>, hon är derigenom tvungen att mera ge akt på sig sjelf. – Nå, jag ser att barnen taga upp hela brefvet!.. Intet nytt af vigt. <persName corresp="pe7183">Falckens</persName> kommo i tisdags. <anchor xml:id="start25834"/>Jag skref i fredags till <persName corresp="pe92">Grundfeldt</persName> och berättade att jag strök ut det som syftade specielt på <persName corresp="pe515">Malmberg<anchor xml:id="end25834"/></persName> – och läste litet lagen för honom om endrägt. Äfven måste der med det första bli kyrkostämma om<pb/> <anchor xml:id="start25828"/>utbyte af <placeName corresp="pl5026">prostgårdens</placeName> mark<anchor xml:id="end25828"/>. Både konsistorium och guvernören måste dervid ha fullmäktige. – Nå <rs corresp="pe503">guvernören</rs> han vandrade af; en beskedlig karl, men ofinskt uppfostrad. Han upplefde ej <placeName corresp="pl2561">Nikolaistad</placeName>; måtte ingen annan guvernör heller upplefva det. Alla de dugligaste, o<subst>m</subst> också blott 6 eller 7, borde slå sig i hop och hålla tätt <add>tillsammans</add> i, <anchor xml:id="start38423"/>för att komma <persName corresp="pe480">Y. K.</persName> på skam – nej, icke <hi rend="underline">derföre</hi>, men för stadens framtid.<anchor xml:id="end38423"/> Jag tänker mamma blef het om öronen, <anchor xml:id="start25831"/>när herr <persName corresp="pe7437">Zetterberg</persName> dikterade sina domslut; den herrn måste också ha blifvit något flat, när han slapp besväret.<anchor xml:id="end25831"/> I det fallet var det väl att han experimenterat förut i <placeName corresp="pl2561">Wasa</placeName>, annars hade vi fått honom. <persName corresp="pe2962">Edelfelt</persName> är litet förnäm af sig och bör på det sättet litet kurtiseras, men för resten skicklig och välvillig; det var bra att <persName corresp="pe37">Dyhr</persName> och <persName corresp="pe546">Sandström</persName> gjorde hans bekantskap förut. <persName corresp="pe37">Albert</persName> skall nu raska upp sig, hvad är det för slag? Det är drift och företagsamhet som skall bygga städer och ersätta förlusterna. Nog tänka vi allt på vindskammaren, kära Mamma, om vi få ha helsan; och hvad som fägnar mig är att hvar stjert af mina fiskar bör vara i sommar till större nytta än förr. <persName corresp="pe360">Mina Julin</persName> skickar 7 <choice><abbr>rub.</abbr><expan resp="EK">rubel</expan></choice> åt de brandskadade, men vill ge dem på en hand, der de kännas.</p>
        <p rend="place_leftMargin">Åt hvem skola vi skicka dem? <persName corresp="pe3448">Carolina Lindvall</persName> skrifver i dag och begär hjelp. Är hon i stor nöd? – Jag ville så gerna få ihop något theaterstycke till förmån för <placeName corresp="pl1512">NyCarleby</placeName>, men olyckligtvis väntar folk mer af mig, än jag törs fram med.</p>               
        <!-- skrivet i vänstra marginalen på sid 3 -->
        <p rend="place_previousPage_leftMargin"><anchor xml:id="start25832"/>Jag har fått en lönlös befattning, efter jag ej haft några förr, nemligen att vara med i komitén som uppgör förslag till nytt reglemente för brandstodsbolaget.<anchor xml:id="end25832"/></p>                         
        <!-- skrivet i vänstra marginalen på sid 2 -->
        <p rend="place_previousPage_leftMargin"><anchor xml:id="start25840"/>Ingenting vann vi i onsdags vid Konstföreningen;<anchor xml:id="end25840"/> <anchor xml:id="start25844"/>men <persName corresp="pe3483">Hilda Olson</persName> fick det mindre priset om <anchor xml:id="start25845"/>10 dukater<anchor xml:id="end25845"/>.<anchor xml:id="end25844"/> Dertill bidrog att hon <anchor xml:id="start25847"/>ritar ganska <anchor xml:id="start25846"/>snällt<anchor xml:id="end25846"/> på sten<anchor xml:id="end25847"/>.</p>
        <!-- skrivet i vänstra marginalen på sid 1 -->    
        <p rend="place_previousPage_leftMargin">Helsa vännerna våra! Vi ha nu öfverflödigt snö. – Skrif något om solförmörkelsen, som hos er bör synas nästan total. Äfvenså om <anchor xml:id="start25833"/>regleringen<anchor xml:id="end25833"/>.</p>
     </div>
    </body>
  </text>
</TEI>