<?xml version='1.0' encoding='UTF-8'?><TEI xmlns:xsi="http://www.w3.org/2001/XMLSchema-instance" xmlns="http://www.tei-c.org/ns/1.0" xsi:schemaLocation="http://www.tei-c.org/ns/1.0 file:/T:/Instruktioner,%20manualer,%20scheman/TEI-scheman%20(AM)/tei_brevschema.xsd">
  <teiHeader>
    <fileDesc>
      <titleStmt>
        <title>Br1688</title>
        <respStmt>
          <resp>Ansvarig redaktör:</resp>
          <name>Laura Mattsson</name>
        </respStmt>
      </titleStmt>
      <publicationStmt>
        <publisher>Zacharias Topelius Skrifter</publisher>
      </publicationStmt>
      <sourceDesc>
        <p>Arkivsignum: se databas</p>
      </sourceDesc>
    </fileDesc>
    <profileDesc>
      <handNotes>
        <handNote/>
        <handNote/>
      </handNotes>
    </profileDesc>
  </teiHeader>
  <text>
    <body xml:space="preserve">
      <!-- – ” ’ -->
      <div type="letter">
        <opener>
        <dateline><placeName corresp="pl399">Helsingfors</placeName> annan dag pingst 1859.</dateline>
        <salute>Min älskade <rs corresp="pe14">Mamma</rs>!</salute>
        </opener>
        <p rend="noIndent">Ett par rader blott, för att underrätta om resan. Om Gud vill och vagnen bär, resa vi härifrån i thorsdag middag, men då det ännu icke är afgjordt hvilken väg vi taga, så kunde möjligen hända att vi ej hinna fram till påföljande måndag qväll, hvarför jag ber Mamma ej mycket undra, i fall vi skulle dröja längre. Något <foreign xml:lang="fre"><anchor xml:id="start26426"/>commodement<anchor xml:id="end26426"/></foreign> lära vi ock komma att resa, då ej <persName corresp="pe10">Mille</persName> är med, som brådskar på. Jag blir också något för lat och för gammal att köra <anchor xml:id="start26427"/>rättnu<anchor xml:id="end26427"/>, men icke kan jag taga en häst för kusken. Barnen fröjda sig åt resan och <rs corresp="pe14">farmors</rs> kära gård – jag åter har svårt att resa från <persName corresp="pe10">Emili</persName>. Jag ville skicka henne med <persName corresp="pe309">Julius</persName> på Österbotten, men hon<pb/> var fast besluten att stadna, och så är den saken afgjord, och hon lofvar vara snäll och tålmodig här.</p>
        <p>Med Österbotten följer nu äfven <persName corresp="pe161">Jenny Toppelius</persName> med sin lilla flicka; jag hoppas <persName corresp="pe323">Fanny</persName> och <persName corresp="pe107">Hildegard</persName> <anchor xml:id="start26430"/>ta emot henne, ifall mamma ej sjelf orkar ut, och bjuda henne qvarter på <placeName corresp="pl402">Majniemi<anchor xml:id="end26430"/></placeName> för den händelse att <persName corresp="pe567">Olson</persName> ej reser alltför bittida på morgonen. <persName corresp="pe161">Jenny</persName> stackare är nog bekymrad för resan och sin <persName corresp="pe3672">lilla Anna</persName>. – Jag kommer nu ihåg att <persName corresp="pe309">Julius</persName> ville surprenera <persName corresp="pe119">Lotta</persName>, således har jag ej talt om att han kommer, och dessutom beror det på om <persName corresp="pe567">Olson</persName>, enligt ett gammalt löfte, kan bjuda honom fri resa.</p>
        <p>Med Österbotten skicka vi nu det mesta af våra saker: 1) Stora klädkistan; 2) en kappsäck; 3) en säck hvetmjöl åt mamma; 4) en låda, innehållande 4 stenkrus med svensk punsch; 5) en hattask<pb/> med <persName corresp="pe309">Juliuses</persName> packning – hvilket allt jag ber Mamma vara så snäll och låta någon karl ro upp åt oss. Dessutom har <persName corresp="pe567">Olson</persName> lofvat ta <persName corresp="pe45">Marie Kerrmans</persName> blommor, som <persName corresp="pe10">Emili</persName> <anchor xml:id="start26431"/>haft i pension<anchor xml:id="end26431"/>. Frakten för sakerna skall jag betala åt <persName corresp="pe515">Malmberg</persName>. – Nog får nu Mamma skräp till <placeName corresp="pl963">Kuddnäs</placeName> igen – men jag tänker att barnen få väl plats inne hos er, och jag kan stoppas hvar som helst på <placeName corresp="pl963">Kuddnäs</placeName>, t. ex. i klädkammarn – jag tycker så mycket om utsigten der. Näst vindskammarvyn finns ingen vackrare utsigt i höga norden.</p>
        <p>Ja, hvad skall jag numera säga, annat än att Gud gifve oss ett gladt möte. Wi ha mycket bestyr i dag – packa in – och äro bjudna på middag till <placeName corresp="pl2419">Thurholmen</placeName> – vädret var ruskigt i går, men är herrligt i dag. – Wi skrifva några rader till <persName corresp="pe8628">Schalins</persName> om <persName corresp="pe161">Jenny</persName>. Måväl, min älskade Mamma! <persName corresp="pe10">Mille</persName> och <persName corresp="pe11">Aina</persName> och kajorna helsa.</p>
        <closer>
        <salute>Mammas</salute><signed>Z.</signed>
        </closer>
      </div>
    </body>
  </text>
</TEI>