<?xml version='1.0' encoding='UTF-8'?><TEI xmlns:xsi="http://www.w3.org/2001/XMLSchema-instance" xmlns="http://www.tei-c.org/ns/1.0" xsi:schemaLocation="http://www.tei-c.org/ns/1.0 file:/T:/Instruktioner,%20manualer,%20scheman/TEI-scheman%20(AM)/tei_brevschema.xsd">
  <teiHeader>
    <fileDesc>
      <titleStmt>
        <title>Br877</title>
        <respStmt>
          <resp>Ansvarig redaktör:</resp>
          <name>Laura Mattsson</name>
        </respStmt>
      </titleStmt>
      <publicationStmt>
        <publisher>Zacharias Topelius Skrifter</publisher>
      </publicationStmt>
      <sourceDesc>
        <p>Arkivsignum: se databas</p>
      </sourceDesc>
    </fileDesc>
    <profileDesc>
      <handNotes>
        <handNote medium="black-ink"/>
      </handNotes>
    </profileDesc>
  </teiHeader>
  <text>
    <body xml:space="preserve">
      <!-- – ” ’ æ ½ -->
      <div type="letter">
        <opener>
          <dateline>
            <placeName corresp="pl399">Helsingfors</placeName> 4 Januari 1858. Måndag.</dateline>
          <salute>Min älskade <rs corresp="pe14">Mamma</rs>!</salute>
        </opener>
        <p rend="noIndent">Af innersta hjerta ett godt nytt år! Gud gifve Mamma helsa och frid och <subst>allt</subst> godt, som tacksama barn kunna önska sin innerligt kära och goda moder!</p>
        <p>Mammas hulda och kärleksfulla bref fingo vi till nyårsgåfva på qvällen i thorsdags; jag gömde det till efter tolf, så att det var det första jag läste på nya året, efter att som vanligt ha spelat en psalm. Wi voro för oss sjelfva den qvällen; hos <persName corresp="pe475">general Berg</persName> var en storståtelig bal, <anchor xml:id="start25766"/>men icke voro vi bjudna i år,<anchor xml:id="end25766"/> ej heller skulle vi gått. <persName corresp="pe7462">Schultz</persName> och <persName corresp="pe530">Lotta</persName> voro här och <persName corresp="pe461">Janne</persName>, och vi roade barnen med en nyårsgubbe och dito gumma, som hämtade litet skräp åt dem. Emellertid fingo vi främmande. <persName corresp="pe79">Alex. Dovner</persName> kom och hämtade med sig <persName corresp="pe350">Emil Lundmark</persName>, som julat i <placeName corresp="pl1260">Lovisa</placeName> och nu kom hit att träffa oss och andra vänner på några dagar. Vi åto då vår gröt tillsamman, liksom julafton, då vi ej glömde att dricka också mammas skål. Annan dag jul voro vi på middag<pb/> och qväll hos <persName corresp="pe656">Borgströms</persName>. Nyårsdagen var åter stor middag hos oss – dukadt för 20 personer i vår lilla matsal med tillhjelp af <persName corresp="pe309">Juliuses</persName> rum, som står ledigt. Här voro <persName corresp="pe6677" correspUncert="Y"><add>de yngre</add> Borgströms</persName>, <persName corresp="pe3652">Wasastjernas</persName>, tre <persName corresp="pe6642" correspUncert="Y">Böhmar</persName>, <persName corresp="pe7701">Sovelius</persName>, två <persName corresp="pe7703">Estlandrar</persName>, <persName corresp="pe281">Ehrström</persName> och några andra. På qvällen kommo de <persName corresp="pe656">äldre Borgströms</persName>, vi sutto kring det präktiga julträdet, som ännu står qvar, och lekte jul-lekar. För resten ha vi varit hemma – vi trifvas så bra för oss sjelfva, vi ha ju det trefligaste sällskapet hemma! Ja, älskade mamma, låt det vara en solstråle också för Mamma att tänka derpå! Vi kunna ej vara nog tacksama för så stora skatter. Aldrig ha barnen skänkt oss en så stor glädje, och i vår svaghet tycka vi att aldrig finns det så trefliga barn, när de få vara friska. De ha så tagit sig allihop, att det skulle vara en hjertans lust för farmor att se. Hosta ha de nu alla och <persName corresp="pe13">Eva</persName> värst, den är mycket gängse, och golfkyla ha vi i rummen, men vi hoppas det går öfver, när den ombytliga höstlika vintern blir stadigare. I går slog det<pb/> åter om från 17 grader till noll. <persName corresp="pe273">Zache</persName> blef vaccinerad den 30 Dec., vår 12:te brölloppsdag, emedan smittkoppor visat sig i staden, och nu ha 4 <anchor xml:id="start38500"/>pipsor<anchor xml:id="end38500"/> kommit fram utaf 6. Alla menniskor säga att han är så precis farmor öfver mun och hakan, men ögonen äro farfars. Hjertans glad och snäll är han och kryper baklänges öfver hela golfvet. <persName corresp="pe13">Eva</persName> har litet magrat igen, men så hjertans söt är hon, och <del>så</del> <persName corresp="pe272">Toini</persName> så klok. <persName corresp="pe11">Aina</persName> och hennes vänner roa sig nu med barntheater. I lördag, om ej hinder möter, komma de att spela här ”War god mot de fattiga” samt David och Goliath, båda ur <title corresp="tw169">Eos</title> och af mig. Det är nu så vigtigt. – Apropos, jag skickar nu mamma <title corresp="tw98">Hfors Tidn.</title> för i år; håll till godo som liten nyårsgåfva. Det var ledsamt att ej gungstolen kom fram. – <anchor xml:id="start38499"/>Första nummern i år strök censor öfver två spalter, en artikel som hette Ljus!<anchor xml:id="end38499"/> och ganska beskedligt begärde mer af den sorten. Men <persName corresp="pe475">grefve Berg</persName> tycker<pb/> ej om ljus. – Han bjuder förgäfves 2,700 <choice><abbr>rub. s:r</abbr><expan resp="EK">rubel silver</expan></choice> åt en redaktör för <title corresp="tw2424">den finska tidningen</title> och har ännu ej lyckats få någon i stället för <persName corresp="pe7700">Schröder</persName>. – <anchor xml:id="start25767"/>Min lön<anchor xml:id="end25767"/> har jag ej fått ut ännu (slarf i <placeName corresp="pl1957">Petersburg</placeName>) och ansättes derföre af penningegrisen.</p>
        <p>Helsa <persName corresp="pe37">Albert</persName> och tacka för hans bref. Äfven <persName corresp="pe2108">Blanks</persName> och <persName corresp="pe323">Fanny</persName>, <persName corresp="pe28">Moster Nena</persName> och <persName corresp="pe659">Stina</persName> med hjerteliga nyårsönskningar från oss alla.</p>
        <closer>
          <salute>I största hast<lb/>Mammas egnaste</salute>
          <signed>Z. Emili &amp; Komp.</signed>
        </closer>
        <postscript>
          <p rend="place_leftMargin">P. S. Jag ser att <persName corresp="pe10">Mille</persName> skrifver ett par ord. <persName corresp="pe461">Johannes</persName> kom i går. <persName corresp="pe22">Gustaf</persName> väntas från <placeName corresp="pl255">F:hamn</placeName>. – <persName corresp="pe19">Oskar</persName> och <persName corresp="pe309">Julius</persName> ha väl passerat?
</p>
        </postscript>
      </div>
    </body>
  </text>
</TEI>