<?xml version='1.0' encoding='UTF-8'?><TEI xmlns:xsi="http://www.w3.org/2001/XMLSchema-instance" xmlns="http://www.tei-c.org/ns/1.0" xsi:schemaLocation="http://www.tei-c.org/ns/1.0 file:/T:/Instruktioner,%20manualer,%20scheman/TEI-scheman%20(AM)/tei_brevschema.xsd">
  <teiHeader>
    <fileDesc>
      <titleStmt>
        <title>Br1682</title>
        <respStmt>
          <resp>Ansvarig redaktör:</resp>
          <name>Laura Mattsson</name>
        </respStmt>
      </titleStmt>
      <publicationStmt>
        <publisher>Zacharias Topelius Skrifter</publisher>
      </publicationStmt>
      <sourceDesc>
        <p>Arkivsignum: se databas</p>
      </sourceDesc>
    </fileDesc>
    <profileDesc>
      <handNotes>
        <handNote/>
        <handNote/>
      </handNotes>
    </profileDesc>
  </teiHeader>
  <text>
    <body xml:space="preserve">
      <!-- – ” ’ -->
      <div type="letter">
        <opener>
        <dateline><placeName corresp="pl399">Helsingfors</placeName> fredag 11 Mars 59.</dateline>
        <salute>Min Snälla <rs corresp="pe14">Mamma</rs>!</salute>
        </opener>
        <p rend="noIndent">Ingen särdeles är att berätta, men vi vilja ej låta tre postdagar gå utan bref. Jag ämnade i dag skrifva till <persName corresp="pe33">Blank</persName>, men skrifver i stället nästa gång, då <persName corresp="pe10">Emili</persName> skrifver till Mamma. I dag har hon skrifvit till <persName corresp="pe319">Thilda Hm</persName>, och <persName corresp="pe2141">fru Decker</persName>, som vi båda hålla af, sitter nu hos henne med arbete på förmiddagskaffe –<anchor xml:id="start26269"/>”ångbrändt kaffe”<anchor xml:id="end26269"/> som skall vara så rart, men icke begripa vi det. Det är ett försök bara, 36 <choice><abbr>kop.</abbr><expan resp="EK">kopek</expan></choice> <anchor xml:id="start26278"/>skålpundet<anchor xml:id="end26278"/> och ¼ starkare än annat. – Tack för Mammas kärliga bref. Nog lefver jag i det hopp att vi träffas i sommar, blott vi kunna komma lös i slutet af Maj, men konsten är att vakta gumman, så att hon ej far illa och ej behöfver konka barnen. Vi få nu allt se litet längre fram. Visst äro dessa resor långa för <persName corresp="pe10">Mille</persName> och barnen; för mig äro de en vederqvickelse. Hvad herr Tusse angår, så torde han bli spak, om han får den äran att tillbringa en natt i hönshuset och en dito med fåren i kättan. Och för resten skulle han inqvarteras på <placeName corresp="pl402">Majniemi</placeName>. Jag vill ej tala om <placeName corresp="pl963">Kuddnäs</placeName>, men också <placeName corresp="pl402">Majniemi</placeName> leker mig så i hågen, att jag högst ogerna ville byta bort det, fast jag nog kunde få lika vackra ställen här närmare. Mer än engång har jag tänkt på att göra som andra och köpa gård, och också på skuld, ty professorerne ha nästan inga <anchor xml:id="start26270"/>stadsutskylder<anchor xml:id="end26270"/>. Men så har jag<pb/> tänkt, att vi kanske någon gång i verlden köpa oss ett sommarställe med potatestäppa, trädgård och kobete åt <placeName corresp="pl182">Eknäs</placeName> sidan, dit man kan komma på en half dags resa med ångfartyg. Gud vet om och när det blir af, men det är då värre att vara skyldig på en gård. <persName corresp="pe450"><anchor xml:id="start26279"/>Olof Helander</persName> tros få någon del af <placeName corresp="pl1627">Pedersöre</placeName>, <anchor xml:id="start26293"/>som torde delas<anchor xml:id="end26293"/>, fast det nu är anslaget ledigt. Här berättas att <persName corresp="pe569">Wænerberg</persName> tänkt söka, och gör han det, så blir det tu tal om <persName corresp="pe450">Helanders</persName> utsigter. Jag tänker allt på <persName corresp="pe5461">Hæggström</persName> med broder <persName corresp="pe54">Wilhelm</persName> och <placeName corresp="pl963">Kuddnäs</placeName> i bakgrunden och Mamma <anchor xml:id="start26294"/>i första rummet på förslaget<anchor xml:id="end26294"/>.<anchor xml:id="end26279"/> –</p>
        <p>Nyss fingo vi åter gårdstankar, <persName corresp="pe525">prof. Ingmans</persName> gård var till salu, men för 6,500 <choice><abbr>rub.</abbr><expan resp="EK">rubel</expan></choice>, och intet att hyras ut. En <persName corresp="pe1683">Hisinger</persName> befriade oss från denna frestelse och köpte den annars förträffliga och utmärkt beqväma gården, der nu <persName corresp="pe99">Hernmarks</persName> bor. Det säges nu, att alla gårdsägare, som ha plank mot gatan, skola åläggas att bygga, och det vore visst väl.</p>
        <p>Wi må Gudskelof godt, utom <persName corresp="pe10">Milles</persName> vanliga till saken hörande småkrämpor och afsky för tobaksrök. <persName corresp="pe272">Toini</persName> är allt mycket mager, men munter och matfrisk; <persName corresp="pe13">Eva</persName> är duktig. I går var <persName corresp="pe272">Toini</persName> vigtig, skall <rs corresp="pe14">farmor</rs> tro. Hon blef utnämnd till lottdragerska vid Konstföreningens lotteri och fick vänta med sin <persName corresp="pe516">Fina</persName> ända till kl. 2, innan dragningen begynte.<pb/> Då uträttade hon sin sak mycket bra och småbehändigt. Åt oss drog hon väl ingenting, men åt morbror <persName corresp="pe42">Hæggström</persName> en vacker gravyr och åt <persName corresp="pe158">farbror Thunberg</persName> en oljetafla (förlåt denna otäcka plump, jag har ej tid att skrifva om). I dag fick hon sin <anchor xml:id="start26276"/>sportel<anchor xml:id="end26276"/>, ett skålpund grann konfekt, af Konstföreningen. Barnen ha nu också varit ute med kälkarna men fet tisdagen var otäck med storm och snöslask. I går var jag borta från 11 till 11, det var middag på <placeName corresp="pl666">Kajsaniemi</placeName>, och i morgon vecka till blir <anchor xml:id="start26275"/>den stora festen för <persName corresp="pe130">Pacius</persName> i <placeName corresp="pl404">brunnshuset</placeName> med öfver 200 personer, musik, verser, och en silfvertaktpinne m. m.<anchor xml:id="end26275"/></p>
        <p>Här talas nu bara om landtdag, som är veckans stora nyhet. I lördags hade senaten en session, som räckte till 9 på aftonen och lärer då beslutit begära landtdag. Närmaste anledningen var dels finanskomiténs projekt att göra ett statslån af 5 millioner rubel silfver, hvilket ej kan ske utan landtdag, dels ett betänkande af <persName corresp="pe3657">Schatelovitz</persName>, hvari han uppräknar alla de högstnödiga frågor, som ej utan landtdag kunna afgöras, och visar att landet ej kan derförutan gå framåt, utan endast tillbaka. <persName corresp="pe512">Armfelt</persName> är nu här från <placeName corresp="pl1957">Petersburg</placeName> för den saken, få se hvilken kyckling som kryper ur detta ägg! <anchor xml:id="start26274"/>Hvad kriget angår, kan ingen spå ett eller annat; nog synes det temligen afgjordt<pb/> att det bryter löst med <placeName corresp="pl249">Frankrike</placeName> och <placeName corresp="pl3184">Sardinien</placeName> mot <placeName corresp="pl2903">Österrike</placeName>, men ingen vet hvad de andra göra. Det är säkert att <placeName corresp="pl43">Ryssland</placeName> håller sig stilla så länge det kan; men går <placeName corresp="pl190">England</placeName> på <placeName corresp="pl2903">Österrikes</placeName> sida, så går <placeName corresp="pl43">Ryssland</placeName> på <placeName corresp="pl249">Frankrikes</placeName>, och då är en större polka i görningen, än <anchor xml:id="start26271"/>den förra<anchor xml:id="end26271"/>.<anchor xml:id="end26274"/> Det vore roligt nog att se på, men ej att vara med. Wåra köpmän fundera nog mycket derpå. –</p>
        <p>Andra nyheter vet jag ej, utom att gubben <persName corresp="pe359">Hjelt</persName> blifvit statsråd, för något skall man sträfva och bråka här i verlden. Gubben <persName corresp="pe95">Haartman</persName> var här några veckor och sålde sin gård åt <persName corresp="pe3132">tulldirektörn Born</persName>, men nu skall han vara sjuk af förargelse, emedan han (och <persName corresp="pe7054" correspUncert="Y">Mannerheim</persName>) antastas att redogöra för 90,000 rubel <choice><abbr>s:r</abbr><expan resp="EK">silver</expan></choice>, som gått åt till bara möbler åt <persName corresp="pe475">grefve Berg</persName> och <placeName corresp="pl417">kejs. palatset</placeName> 1856. Gubben berättade här att han skulle utfästa premium för en lärobok åt folkskolorna enligt modelln af <title corresp="ve1637"><persName corresp="pe2582">Regnérs</persName> första begrepp</title>, och utsedde <persName corresp="pe143">Schauman</persName> och mig till prisdomare. – <anchor xml:id="start26272"/>Litet gräl är här i tidningarna om studenthuset, men jag har ej haft någon slarfva med.<anchor xml:id="end26272"/> Wi lefva tyst och beskedligt annars. <persName corresp="pe10">Mille</persName> måste dock nyligen på en bal – konsertbal för Frunt.föreningen. <persName corresp="pe521">Gustaf Turdin</persName> sitter här just nu med sin pipa och ber helsa Mamma och <persName corresp="pe33">Blank</persName>. <persName corresp="pe1278" correspUncert="Y">Numers</persName> tycks hålla hans affärer under armarna, han tänker nu göra ett lån.</p>
        <closer>
          <salute>Måväl, älskade Mamma, som omfamnas af</salute><signed>Z., E., Aina, Toini och Eva.</signed>
        </closer>
        <postscript><!-- skrivet i vänstra marginalen på sid 1 --><p rend="place_leftMargin">Tidningen har 100 prenumeranter mer i år än i fjol.</p></postscript>
        <postscript><!-- skrivet i vänstra marginalen på sid 2 --><p rend="place_nextPage_leftMargin"><persName corresp="pe19">Oskar</persName> tänker sig till <placeName corresp="pl1100">Köpenhamn</placeName> i sommar. <persName corresp="pe22">Gustaf Toppelius</persName> far utrikes. <persName corresp="pe54"><anchor xml:id="start26273"/>Schalin</persName> skrifver att <persName corresp="pe4008" correspUncert="Y">Thuring</persName> tyckte 300 rubel var för dyrt att muta vår Herre med.<anchor xml:id="end26273"/></p></postscript>
        <postscript><!-- skrivet i vänstra marginalen på sid 3 --><p rend="place_nextPage_leftMargin">Hos <persName corresp="pe476">Carl</persName> och <persName corresp="pe161">Jenny</persName> är kristning i morgon på förmiddagen – Vi bli troligen bjudna till faddrar. <persName corresp="pe161">Jenny</persName> är temligen rask och <rs corresp="pe3672">barnet</rs> med.</p></postscript>
        <postscript><!-- skrivet i vänstra marginalen på sid 4 --><p rend="place_nextPage_leftMargin"><persName corresp="pe11">Aina</persName> är snart lika lång som sin mamma. Små rultorna sjunga dagen igenom – snåla äro de så det förslår, men lätt styrda, beskedliga, glada barn.</p></postscript>
             </div>
    </body>
  </text>
</TEI>