﻿<?xml version="1.0" encoding="UTF-8"?>
<TEI xmlns:xsi="http://www.w3.org/2001/XMLSchema-instance" xmlns="http://www.tei-c.org/ns/1.0" xsi:schemaLocation="http://www.tei-c.org/ns/1.0 file:/T:/Instruktioner,%20manualer,%20scheman/TEI-scheman%20(AM)/tei_brevschema.xsd">
  <teiHeader>
    <fileDesc>
      <titleStmt>
        <title>Br1676</title>
        <respStmt>
          <resp>Ansvarig redaktör:</resp>
          <name>Laura Mattsson</name>
        </respStmt>
      </titleStmt>
      <publicationStmt>
        <publisher>Zacharias Topelius Skrifter</publisher>
      </publicationStmt>
      <sourceDesc>
        <p>Arkivsignum: se databas</p>
      </sourceDesc>
    </fileDesc>
    <profileDesc>
      <handNotes>
        <handNote />
        <handNote />
      </handNotes>
    </profileDesc>
  </teiHeader>
  <text>
    <body xml:space="preserve">
      <!--  ” ’ -->
      <div type="letter">
        <opener>
          <dateline>
            <placeName corresp="pl399">Helsingfors</placeName> fredag 24 Sept. 58.</dateline>
          <salute>Min älskade <rs corresp="pe14">Mamma</rs>!</salute>
        </opener>
        <p rend="noIndent">Jag ämnade nu skrifva ett ordentligt bref, men det blir bara en half timmas hafs, ty jag har som vanligt blifvit uppehållen. Tack ännu engång för hela den långa sköna sommaren och all godhet och trefnad på vårt kära <placeName corresp="pl963">Kuddnäs</placeName>! Tiden gick endast alltför fort – dessa två veckor sedan vi foro ha synts oss längre än en månad på <placeName corresp="pl402">Majniemi</placeName>! Och likväl äro vi Gudilof alla vid helsan och annars vid godt mod, och sakerna gå åter sin vanliga gång. Full sommar ha vi här ännu, barnen äro mest hela dagarna ute och nu i bara tröjorna. Ofta tala de om <rs corresp="pe14">farmor</rs> och <persName corresp="pe323">Fanny</persName> och <persName corresp="pe107">Hille</persName> och berätta för alla tanter om <placeName corresp="pl963">Tuddnäs</placeName> dåden. Här är ganska friskt nu, sedan också <anchor xml:id="start26095" />Augustifebern<anchor xml:id="end26095" /> begynt aftaga. Sista kolerapatienten utskrefs i går frisk ifrån <placeName corresp="pl418">klinikum</placeName>. <persName corresp="pe505">Guvernör Federleys</persName> förlorade en 16 årig dotter<!-- Sigrid Margareta, född 1842? IK --> i rödsot och fingo strax derpå telegraf att deras äldsta dotter <persName corresp="pe7456">fru Nordenstreng</persName> var på sitt sista – så att nog pröfvas somliga under lifvets gång! – <persName corresp="pe656">Borgströms</persName><pb /> alla tre familjer äro nu här – <persName corresp="pe70">Leonard</persName> kom medan alla de andra voro till <placeName corresp="pl1116">Lampis</placeName> på bröllopp – vi voro ju också ditbjudna och ett särskildt rum i ordning för oss – och ingen tog emot <persName corresp="pe160">Leonard</persName>. Hans <rs corresp="pe3227">fru</rs> är ej vacker, säges det, men ser god ut. <persName corresp="pe84">Selma Borgström</persName> numera, som alla hålla af, hitkom med <anchor xml:id="start26096" />frossa<anchor xml:id="end26096" />. Mycket hederligt har der varit på brölloppet oaktadt <rs corresp="pe68">gubbens</rs> hushållsaktighet. <persName corresp="pe656">Borgströms</persName> bo nu så godt som midtemot vår (eller <persName corresp="pe7458">Källströms</persName>) port hos <persName corresp="pe98">Hartvalls</persName>. <persName corresp="pe10">Emili</persName> får berätta huru <persName corresp="pe364">fru Sundman</persName> rymt från sin man, dock på goda skäl. <persName corresp="pe19">Oskar</persName> är i staden, men ej <persName corresp="pe309">Julius</persName>. <persName corresp="pe476">Carl</persName> och <persName corresp="pe161">Jenny</persName> äro alltämnu som ett par turturdufvor. – <persName corresp="pe317">Carl Rosenkampff</persName> reste, men <persName corresp="pe324">Jeana</persName> är i staden ännu. I dag har jag skickat <anchor xml:id="start26097" />första halfva manuskriptet<anchor xml:id="end26097" /> till <persName corresp="pe506">Bonnier</persName>, och det nästa afgår i nästa vecka. Först i onsdag börjar jag <anchor xml:id="start26098" />läsa<anchor xml:id="end26098" />. – Intet nytt af vigt för resten. Österbotten är ej kommet ännu, men bör väl komma i dag. Wi ha nu mest varit hemma, utom besök i går hos <persName corresp="pe85">Falanders</persName> på <placeName corresp="pl419">Lappviken</placeName><pb /> en afton hos <persName corresp="pe161">Jenny</persName> och en hos <persName corresp="pe19">Oskar</persName>. Tyst och stilla, hvarken theater eller konserter. I nästa vecka, när <persName corresp="pe309">Julius</persName> kommer, flytta vi om – <persName corresp="pe11">Aina</persName> bebor nu hans rum och har fullt upp med lexor, dock ej mer än hon hinner med. Tidningen skall nästa år tryckas i <persName corresp="pe3499">Widerholms</persName> nya tryckeri vid <placeName corresp="pl415">kaserntorget</placeName>. Planer äro å bane att sätta upp en ny tidning – och <title corresp="tw1615">Literaturbladet</title> hotar att upphöra.</p>
        <p><persName corresp="pe3500">Rudolfina</persName> med sina fyra flickor har varit här flera gånger – <persName corresp="pe7459">Estlandrarna</persName> tyckas vara hyggliga flickor. <persName corresp="pe272">Toini</persName> och <persName corresp="pe13">Eva</persName> voro häromdagen att helsa på lilla <persName corresp="pe7450">William</persName> – och mycket vigtiga, när de i hvita tröjor spatserade genom esplanaderna. Nu hör jag deras röst på gatan, de äro så goda nu, att de stjäla sig ut från gården. – <persName corresp="pe26">Anna</persName> fattig lär ej ha långt mera – hon väntar sjelf slutet, men nog har hon varit hit åkande. – Ett <anchor xml:id="start26100" />ragassande<anchor xml:id="end26100" /> är här efter rum!</p>
        <p>Jag hinner nu ej mera, än kyssa Mammas händer och helsa alla vännerna och förblifva Mammas egen</p>
        <closer>
          <signed>Z. med allt tillbehör af E., A., T. och E.</signed>
        </closer>
        <postscript>
          <p rend="place_leftMargin"><!-- skrivet i vänstra marginalen på sid 3 -->Helsa <persName corresp="pe37">Albert</persName> att jag väntar på prestbeviset för <anchor xml:id="start26094" />lifränteanstalten<anchor xml:id="end26094" />. Tack för Mammas kära bref! – <rs corresp="pe661">Hans Majestät</rs> slarfvar litet, jag har ännu ej fått min lön.</p>
          </postscript>
        <postscript>
          <p rend="place_previousPage_leftMargin"><!-- skrivet i vänstra marginalen på sid 2 --><persName corresp="pe10">Mille</persName> blir ej färdig med sitt bref denna gång, utan helsar så mycket.</p>
          </postscript>
      </div>
    </body>
  </text>
</TEI>