<?xml version='1.0' encoding='UTF-8'?><TEI xmlns:xsi="http://www.w3.org/2001/XMLSchema-instance" xmlns="http://www.tei-c.org/ns/1.0" xsi:schemaLocation="http://www.tei-c.org/ns/1.0 file:/T:/Instruktioner,%20manualer,%20scheman/TEI-scheman%20(AM)/tei_brevschema.xsd">
  <teiHeader>
    <fileDesc>
      <titleStmt>
        <title>Br861</title>
        <respStmt>
          <resp>Ansvarig redaktör:</resp>
          <name>Laura Mattsson</name>
        </respStmt>
      </titleStmt>
      <publicationStmt>
        <publisher>Zacharias Topelius Skrifter</publisher>
      </publicationStmt>
      <sourceDesc>
        <p>Arkivsignum: se databas</p>
      </sourceDesc>
    </fileDesc>
    <profileDesc>
      <handNotes>
        <handNote medium="brown-ink"/>
      </handNotes>
    </profileDesc>
  </teiHeader>
  <text>
    <body xml:space="preserve">
      <!-- – ” ’ æ ½ -->
      <div type="letter">
        <opener>
          <dateline>
            <placeName corresp="pl399">Helsingfors</placeName> fredag 30 Nov. 1855.</dateline>
          <salute>Goda älskade <rs corresp="pe14">Mamma</rs>!</salute>
        </opener>
        <p rend="noIndent">Några rader på en half timme till tack för två kärliga moderliga, och tillika för <persName corresp="pe10">Emilis</persName>, nyss ankomna, lästa och kyssta! Mammas tankar och drömmar om sonen förstår jag så väl – det är ju alldeles så med mig och er – jag tänker beständigt: äro de nu friska och glada? Var icke bekymrad för mig, mamma har (utom annat) gifvit mig ett godt arf i en stark kropp, som väl kan ha sina små krämpor, men dock på det hela är sund och rask, mer än mången annans! Icke tror jag att frossan är fullkomligen kufvad, efter hon ännu bökar ibland i fingrar och fötter, men jag är så van dervid, att jag ej bryr mig derom, utan tänker: efter så många andra haft den i åratal, så lärer jag väl ock få ge mig till tåls en tid bortåt, bara jag hejdar henne att hon ej får bryta ut. Jag äter som förr med god aptit och mest kötträtter, derföre tycker jag mig också vara så hurtig att jag när som helst kan ta en karl i kragen. Då är <anchor xml:id="start38494"/>vädermödan<anchor xml:id="end38494"/> tråkigare, men <unclear reason="overwritten" resp="EK">Hue</unclear>ssens mixtur är bra och nerfstärkande; jag har likväl ej nu på mer än en vecka nyttjat annat än järnpillerna, går ut i allt slags väder och mår bra deraf – ty stillasittandet är det värsta.</p>
        <p>Gulle Mamma, haf ett moderligt öga på <persName corresp="pe10">Emilis</persName> ammning, att den ej, jemte nattvak och <anchor xml:id="start38491"/>bråk<anchor xml:id="end38491"/>, för mycket anstränger henne. Unga <persName corresp="pe474">fru Walléns</persName> öde har gifvit mig mycket bekymmer om den saken; hon har troligen nu gått hädan, ty man väntar det hvar dag sedan en vecka, och det af ammning!<pb/> När hon kom från landet i höst, befanns venstra lungan redan vara förtärd. Hon var en bra menniska, hygglig och anspråkslös, oaktadt sin rikedom, den bästa af hela <persName corresp="pe3277">Björkenheimska slägten</persName>. När jag nu mins huru skral <persName corresp="pe10">Mille</persName> var efter <persName corresp="pe12">Michas</persName> ammning och huru rask hon var efter <persName corresp="pe272">Toini</persName>, så skall Mamma ej undra att jag är bekymrad derom; men hur skall en sådan sak kunna ställas?</p>
        <p><anchor xml:id="start24265"/>I måndags e. m. var jag kallad till <persName corresp="pe169">Edv. Walleen</persName>, just då frun var mycket dålig – men han hade fått sina ordres af <persName corresp="pe475">Berg</persName>.<anchor xml:id="end24265"/> Det är troligen <persName corresp="pe181">Wulffert</persName>, som uppretat <persName corresp="pe475">Bergen</persName> mot tidningarna, jag kände igen det emedan <anchor xml:id="start24266"/>utländska tidningstaxan<anchor xml:id="end24266"/> var ett föremål för <persName corresp="pe475">Bergs</persName> vrede, emedan han påstod att jag rekommenderat alla tidningar, som äro fientliga mot <placeName corresp="pl43">Ryssland</placeName>, och det hade så förbittrat honom, att han hotat indraga tidningen. Hela den saken var <anchor xml:id="start38490"/>puder<anchor xml:id="end38490"/>, det var ej sannt att jag haft någon annan mening än att rekommendera de blad jag ansåg för bäst. Dessutom ”skall här utkomma en roman som innehåller politiska anspelningar” – d. v. s. <title corresp="ve65">Fältskärns berättelser</title> om <placeName corresp="pl1435">Narva</placeName> m. m. – och så var der <persName corresp="pe3219">Hagelstams</persName> krigsplan mot Finland – <persName corresp="pe7399"><anchor xml:id="start24261"/>Aspegrens</persName> och <persName corresp="pe7400">Jerfströms</persName> rymning från <placeName corresp="pl190">England<anchor xml:id="end24261"/></placeName> (de kommo lyckligt till <placeName corresp="pl2909">Hamburg</placeName>, fingo pass af ryska konsuln och reste öfver <placeName corresp="pl77">Berlin</placeName> till <placeName corresp="pl1957">Pbg</placeName>; <persName corresp="pe7400">Jerfström</persName> är en ung gosse från <placeName corresp="pl399">Hfors</placeName>) – m. fl. sådana saker, för hvilka jag skulle varnas och näpsas, hvilket <persName corresp="pe169">Walleen</persName> gjorde hyggligt<pb/> och vänligt som alltid, ty vi äro gamla bröder och han har alltid visat mig vänskap.</p>
        <p>Just medan jag skrifver detta (kl. ½ 1) får jag notifikation från <persName corresp="pe169">Walleen</persName>, att den unga frun vandrat hädan i går afton kl. 7 blott 28 år gammal! Yngsta barnet, en gosse, är qvar.</p>
        <p>
          <persName corresp="pe25">Ludvig</persName> reste i onsdags kl. 8 och är väl både framme och borta igen när detta kommer. Efter han har 3 hästars skjuts, <anchor xml:id="start38493"/>prejades<anchor xml:id="end38493"/> han också här med tredubbel <anchor xml:id="start24260"/>lega<anchor xml:id="end24260"/> för första <anchor xml:id="start38492"/>hållet<anchor xml:id="end38492"/>, och sina galoscher glömde gossen fattig.</p>
        <p>I förrgår hade jag ett nytt bref af <persName corresp="pe549">Bergenheim</persName>, riktigt hjertligt och vänligt, hvari han ber mig skynda med <anchor xml:id="start38496"/><title corresp="tw146">bokens</title> utgifvande<anchor xml:id="end38496"/> så att den kan bli färdig till Februari, då han far på skolvisitation. Jag skall bjuda till och skickade honom i dag första arket tryckt.</p>
        <p>Af <persName corresp="pe42">Häggström</persName> hade jag bref med kommissionen. Nog skickar jag kappan åt <persName corresp="pe262">Sofi</persName>, jemte småsaker åt de andra direkt på <placeName corresp="pl739">Kaskö</placeName>.</p>
        <p>Inga andra nyheter, än att linieskeppet Beresina kom loss i rättan tid, just när Engelsmännen fått nys om det. Det har nu lossat sin last i mindre ångfartyg på <placeName corresp="pl1260">Lovisa</placeName> redd. Lotsens fel var det ej, han hade sagt: här är 2 fot för grundt, men <persName corresp="pe3396">Boris Nordmann</persName> lärer ej ha tagit det i öronen. – Här är nu klingande före och is på hamnarna.</p>
        <pb/>
        <p><persName corresp="pe114"><anchor xml:id="start24263"/>Josephina</persName> skall allt ”flytta rättnu”, men det tycks ej vara så brådt för henne.<anchor xml:id="end24263"/></p>
        <p>I går var jag på musik hos <persName corresp="pe729">Bäckens</persName> och i förrgår med <persName corresp="pe160">Leopold</persName> på äggthoddy hos <persName corresp="pe19">Oskar</persName>.</p>
        <p>Ingenting skrifver <persName corresp="pe10">Mille</persName> om <persName corresp="pe13">Evas</persName> näsa nu. Måtte barnen få vara friska och fria för koppor och annat. Mera i måndag, ehuru det lär bli knappt, ty Frunt:sföreningen har årsdag och jag har bråk öfver öronen.</p>
        <p>Mina kärliga omfamningar till eder alla, <add>åt</add> Mamma en stor famn – och i den rymmas både <persName corresp="pe10">Mille</persName> och piorna! Tack för all Mammas moderliga kärliga huldhet mot <persName corresp="pe10">Mille</persName> och de små!</p>
        <closer>
          <salute>Eder egen</salute>
          <signed>Z.</signed>
        </closer>
      </div>
    </body>
  </text>
</TEI>