﻿<?xml version="1.0" encoding="UTF-8"?>
<TEI xmlns:xsi="http://www.w3.org/2001/XMLSchema-instance" xmlns="http://www.tei-c.org/ns/1.0" xsi:schemaLocation="http://www.tei-c.org/ns/1.0 file:/T:/Instruktioner,%20manualer,%20scheman/TEI-scheman%20(AM)/tei_brevschema.xsd">
  <teiHeader>
    <fileDesc>
      <titleStmt>
        <title>Br1681</title>
        <respStmt>
          <resp>Ansvarig redaktör:</resp>
          <name>Laura Mattsson</name>
        </respStmt>
      </titleStmt>
      <publicationStmt>
        <publisher>Zacharias Topelius Skrifter</publisher>
      </publicationStmt>
      <sourceDesc>
        <p>Arkivsignum: se databas</p>
      </sourceDesc>
    </fileDesc>
    <profileDesc>
      <handNotes>
        <handNote />
        <handNote />
      </handNotes>
    </profileDesc>
  </teiHeader>
  <text>
    <body xml:space="preserve">
      <!-- – ” ’ -->
      <div type="letter">
        <opener>
          <dateline><placeName corresp="pl399">Helsingfors</placeName> måndag 31 Jan. 59.</dateline>
          <salute>Kära <rs corresp="pe14">Mamma</rs> och <rs corresp="pe8628">Syskon</rs>!</salute>
        </opener>
        <p rend="noIndent">Något särdeles är ej att berätta, men det är ändå roligt att språka med er. Tack för edra bref, både Mammas, <persName corresp="pe54">Wilhelms</persName> och <persName corresp="pe262">Sofis</persName>. Nog se vi gerna att postgången mellan <placeName corresp="pl739">Kaskö</placeName> och oss blir så flitig som möjligt. <anchor xml:id="start26256" />Ur <persName corresp="pe54">Wilhelms</persName> bref tog jag en korresp. från <placeName corresp="pl951">Kristinestad</placeName> och tecknade under W. för att blanda bort dem, ty jag tänkte väl der skulle komma oppositioner.<anchor xml:id="end26256" /> Och <anchor xml:id="start26257" />ganska riktigt fick jag i går en litet snäf, men icke mycket argsint justering<anchor xml:id="end26257" /> från besagde er grannstad, deri <persName corresp="pe7468">Engbergs</persName> tjenstefolk fritagas från skulden och för resten påstås att sprutorna gjort sitt bästa och att blott en sjelf blifvit häktad (menas troligen öfverbevisad). Jag inför notisen med några lämpliga noter, och du kan vara ganska lugn, kära <persName corresp="pe54">Wilhelm</persName>, icke kommer du i någon sorts mellanhand. Det roade mig att vederläggaren säger bland annat: <rs corresp="pe54">hr W.</rs> var troligen sjelf en af dem som ej ”lydde” vid släckningen. – <anchor xml:id="start26258" />Brandstodsbolaget<anchor xml:id="end26258" /> får väl sig ännu en extra afgift på nacken för den sakens skull. <anchor xml:id="start26259" />Skandia har ej skurit guld i <placeName corresp="pl62">Finland</placeName>. De äro mycket onda på <persName corresp="pe3010">Lillja</persName>, som mottagit så stora försäkringar här.<anchor xml:id="end26259" /></p>
        <pb />
        <p>Wi må Gudilof bra. Pyringarna ha någon tid hållits inne för hosta, men äro för resten pigga och muntra, – gala och sjunga hela dagen så att man vill mista öronen, isynnerhet när <persName corresp="pe272">Toini</persName> ännu dertill ackompagnerar sig sjelf på pianot. Men roliga äro de och mera snälla på det hela, fast jag sjelf säger det. <persName corresp="pe272">Toini</persName> sjunger en hel hop visor med godt gehör, men <persName corresp="pe13">Eva</persName> fattig <anchor xml:id="start26255" />hamsar<anchor xml:id="end26255" /> efter ton, utan att få fast den, och tycker hufvudsaken vara att ”öka ljudet”. Wi ha nu lefvat mycket tyst och hemma för oss sjelfva, på två veckor bara engång ute, och det är visst allratrefligast, när vi få vara friska. För att slippa de tidsödande herrvisiterna, har jag spikat en lapp på vår dörr att jag träffas hemma endast kl. 12–1 alla hvardagar och om lördagsqvällarna. Då få vi lof att ta emot, och början gjordes <add>åter</add> i lördags – men kanske <persName corresp="pe10">Mille</persName> redan skrifvit om detta, likasom om sin resa till <persName corresp="pe38">faster Engström</persName> Wi ha då mest våra vanliga studenter och någon gång <persName corresp="pe3652">Wasastjernas</persName>. Emellanåt läses högt. Så händer att <persName corresp="pe10">Mille</persName> spelar och <persName corresp="pe11">Aina</persName> sjunger en visa. Pian är nu åter i full fart med sin skola. Wi råkade se hennes dagbok i går i der hade hon skrifvit: Jesus låte mig läsa bra duktigt i denna termin.<pb /> Nog är viljan god, men lynnet är så lätt. Hjertlig och god är hon, så att om vi haft sorger med barnen, så nog ha vi glädje också. Mycket tyst är här nu i <placeName corresp="pl399">Helsingfors</placeName>, klen marknad, dåligt före och stormar och slask, så att man förra veckan såg flera hjuldon än slädar på gatorna. Intet nytt, utom att <placeName corresp="pl2752">Wasa lagsaga</placeName> är ledig efter gubben <persName corresp="pe507">de la Chapelle</persName>. Finanskomitén slutar i dag sina arbeten. Bland annat har utredts, att 1856 års missvext kostat landet 6 millioner rubel <choice><abbr>s:r</abbr><expan resp="EK">silfver</expan></choice>. <anchor xml:id="start26264" />Jag har i onsdag en ins. artikel, som yrkar på utländskt lån.<anchor xml:id="end26264" /> Jag har denna tid haft så många insända artiklar, att jag knappt sjelf fått rum för något. Tycker mamma att tidningen är sämre tryckt i år?</p>
        <p>”<title corresp="ve1028">Veteranens Jul</title>”, som jag skref för barnen, begärde <persName corresp="pe255">Andersson</persName> för theatern, och jag kunde ej neka det, så att den kommer att ges i fredag. Ingenting begär jag sjelf för den, men åt veteranerna skall han ge ”sex tunnor råg”, som omtalas i stycket. <title corresp="tw2611"><anchor xml:id="start26265" />B:borgsmarschen</title> och <title corresp="tw2612">prologen</title> ha inbragt inalles omkring 100 rubel netto behållning åt veteranerne.<anchor xml:id="end26265" /></p>
        <pb />
        <p>Nå, kära <persName corresp="pe54">Wilhelm</persName>, jag är glad att kassan och brödsorgerna något förbättrats för dig, men arbeta ej mer än din helsa tål vid. Kom ihåg att röra på dig alla dagar ut i det fria. Sitter jag en hel dag hemma, så blir jag olustig med tungt hufvud och hetta i kroppen, och det hjelper ej engång att rasa med barnen. Frisk luft måste det vara – ja, nog ha vi, liksom ni, på sätt och vis nog deraf, ty här blåser försvarligt in genom väggarna. Är icke du en envis baddare, som ej vill svara mig på den upprepade frågan? Och så gräla ni sedan för det vi skulle <anchor xml:id="start26267" />tubba<anchor xml:id="end26267" /> Mamma till oss – nå, derpå ser jag att <persName corresp="pe10">Mille</persName> svarat. Nej, nog unna vi er den trefnaden, fast vi spekulerade på att få den efter er. Måtte ni alla få vara friska, så går väl tiden, tills vi, om Gud vill, få se alla våra pyringar kullra tillsammans på lusthusberget och <placeName corresp="pl402">Majniemi</placeName>. Hvad tycks att våra saltade gäddor räcka ännu, ehuru på bottnen af <anchor xml:id="start26268" />fjärdingen<anchor xml:id="end26268" /> – <persName corresp="pe10">Mille</persName> säger att nästa sommar borde vi salta två dito. Helsa <persName corresp="pe556">Zache</persName> att Tusse frodas och visar förträffliga anlag att nappa honom <subst>o</subst>ch hararna i byxlinningen i sommar. Må väl, kära Mamma och syskon, och låt o fta höra af eder!</p>
        <closer>
          <salute>Er egnaste</salute><signed>Z.</signed>
        </closer>
        <postscript><!-- skrivet i vänstra marginalen på sid 4 --><p rend="place_leftMargin">Helsa <persName corresp="pe555">Emmi</persName> och <persName corresp="pe558">Thilda</persName> och gör en saga af <persName corresp="pe571">Olgas</persName> dockbröllopp. Till supén var der fem rätter med desert.</p>
        </postscript>
      </div>
    </body>
  </text>
</TEI>