﻿<?xml version="1.0" encoding="UTF-8"?>
<TEI xmlns:xsi="http://www.w3.org/2001/XMLSchema-instance" xmlns="http://www.tei-c.org/ns/1.0" xsi:schemaLocation="http://www.tei-c.org/ns/1.0 file:/T:/Instruktioner,%20manualer,%20scheman/TEI-scheman%20(AM)/tei_brevschema.xsd">
  <teiHeader>
    <fileDesc>
      <titleStmt>
        <title>Br864</title>
        <respStmt>
          <resp>Ansvarig redaktör:</resp>
          <name>Laura Mattsson</name>
        </respStmt>
      </titleStmt>
      <publicationStmt>
        <publisher>Zacharias Topelius Skrifter</publisher>
      </publicationStmt>
      <sourceDesc>
        <p>Arkivsignum: se databas</p>
      </sourceDesc>
    </fileDesc>
    <profileDesc>
      <handNotes>
        <handNote medium="brown-ink" />
      </handNotes>
    </profileDesc>
  </teiHeader>
  <text>
    <body xml:space="preserve">
      <!-- – ” ’ æ ½ -->
      <div type="letter">
        <opener>
          <dateline>
            <placeName corresp="pl399">Helsingfors</placeName> fredag 28 Nov. 1856.</dateline>
          <salute>Min älskade <rs corresp="pe14">Mamma</rs>!</salute>
        </opener>
        <p rend="noIndent"><!--julgubben-->Engång skall jag nu försöka få ihop ett ordentligt bref. Min tid har varit så upptagen, när föreläsningarna kommit till, att ett enda besök kunnat derangera korrespondansen vid posttimmarna. Tack hjerteligen för två bref; svaret på det sednaste finner mamma längre ned. Wi voro nog barnsliga att redan börja vänta Mamma och <persName corresp="pe323">Fanny</persName> när det blef före, som ännu fortfar med skarp vinter, ehuru knapp snö, efter ett par dagars blida. Jag är rädd att <anchor xml:id="start25215" />Anders<anchor xml:id="end25215" /> äter opp <anchor xml:id="start25216" />föret<anchor xml:id="end25216" />, så att vi ej få mamma till jul, om resan skjuts opp. Er hitkomst är vårt dagliga samtalsämne sinsemellan och med barnen. Emili vill veta när vi rätt få vänta, för lägga fram mattorna. Wi skall försöka, så godt vi kunna, att laga beqvämt åt eder. Litet barnkurr i grannskapet är farmor så van vid; ena koppen kaffe skall bestås på säng och den andra, om mamma så vill, gemensamt vid kaffebordet i matsalen med färska bullor och god grädde, ty det består kuddan, men mjölken. ja den får mamma ej vänta sig såsom på <placeName corresp="pl963">Kuddnäs</placeName>. Icke skall mamma behöfva gå ut mer än mamma sjelf har lust till, och ej heller ha mycket främmande, ty mamma kommer ju för att hjelpa oss hushålla. Vi sitta om dagen i sängkammaren (jag med, så ofta jag kan) och efter middagen arbeta vi tillsammans kring runda bordet i matsalen, som har goda anlag att vara ett trefligt hvardagsrum. Ej heller skall mamma behöfva äta middag kl. 5, om icke någon gång på försök, utan kl. 2, som vi nu bruka. Tidningar och lektyr skall mamma ha god råd på. Fanny skall så ofta hon vill få begagna <anchor xml:id="start7633" />vår ena fribiljett i logen N<hi rend="raised">o</hi> 3<anchor xml:id="end7633" />. Och så skall mamma få vara min censuröfverstyrelse, och få skola barnen rulta omkring oss, och<pb /> julafton äta vi hemma i alla fall, men visst vore mammas suflett på gården litet förut en bra glad julklapp för alla, både stora och små! <persName corresp="pe272">Toini</persName> har nu mesta bestyret med tre märkvärdiga ting: <persName corresp="pe14">Amuna</persName>, <persName corresp="pe323">Anni</persName> och <anchor xml:id="start7634" />yldubben<anchor xml:id="end7634" />. Ända härtills har hon ramlat på den gamla saken huru ”pappa och mamma <anchor xml:id="start7635" />tommer<anchor xml:id="end7635" /> hem i sommar”, men nu vill hon allrahelst höra om slädan som kommer med bjellror på gården och <persName corresp="pe14">Amuna</persName> och <persName corresp="pe323">Anni</persName> som stiga ur i stora stora pelsar. Hon vill också veta om <persName corresp="pe7401">Majalisa</persName> kommer med, ty den är då alltid N<hi rend="raised">o</hi> 3, och emellanåt funderar hon på om <persName corresp="pe659">Stina</persName> skall komma och <persName corresp="pe6136" correspUncert="Y">Brita</persName>. (Ja, måtte nu Mamma få godt ressällskap, kanske med <persName corresp="pe3474">Barcks</persName>; <persName corresp="pe401">Calle Engström</persName>, med <anchor xml:id="start25263" />sin orden<anchor xml:id="end25263" /> och sina 1000 <choice><abbr>rub. s:r</abbr><expan resp="EK">rubel silver</expan></choice>, reser nog bara han slipper, men det är ej säkert, ty han har mycket arbete). <persName corresp="pe272">Toini</persName> är allt tjock och dugtig, <persName corresp="pe13">Eva</persName> deremot håller sig mera klen och har smått krasslat, om det nu varit i frossa eller oxeltänder. Hon far omkring som en <anchor xml:id="start7636" />blåfena<anchor xml:id="end7636" />, men talar nästan ej alls ännu, kära farmor. Just nu kommer <persName corresp="pe26" correspUncert="Y">Anna</persName> i mitt rum med båda två; de hoppa kråka som bäst och helsa sin älskade farmor. De ha i köket lärt <persName corresp="pe272">Toini</persName> ackordera åt sig <anchor xml:id="start7637" />potäter<anchor xml:id="end7637" /> om julafton, det går hon jemnt på med: ”yldubben hämtar potäter åt <persName corresp="pe272">Toini</persName>, och inte pappå då träter mera”. Jo den förbjudna frukten! <persName corresp="pe11">Aina</persName> kom i går så lycklig från skolan; hon hade blifvit uppflyttad i sången. Dessutom berättar hon: ”alla de andra säger att jag skall bli primus” (d. v. s. i första klassen nedra lexa, der 18 flickor äro). Jag vet nu ej hvad grund det kan ha, men det tycks som både lärare och lärarinnor visa henne mycken välvilja, och oss emellan<pb /> tycka <persName corresp="pe10">Mille</persName> och jag, svaga föräldrar, att pullan fattig med sina små fel ändå har både godt hufvud, <add>god vilja</add> och godt och hyggligt sätt, så att omöjligt är det väl inte. Wi söka emellertid att vända den lilla utmärkelsen henne till nytta och ej till fåfänga.</p>
        <p>Från detta trefliga kapitel kommer jag nu till bråksamare. Tack för de goda råden om tidningen, jag skall försöka att följa dem, ty på käbbel är jag af hjertat led. <anchor xml:id="start7638" />Om <title corresp="tw549">Wiborg</title> sagt sina dumheter rent ut, hade jag ej besvarat dem, men smygande insinuationer måste näpsas.<anchor xml:id="end7638" /> Wisst ha de förargat mig i början, men sedan bryr jag mig ej om dem, i hopp att klokt och hederligt folk är på min sida, <subst>hvi</subst>lket jag ock från flera håll fått höra. Hädanefter rör jag ej vid herrarne, de må säga om mig hvad de behaga. Det ser också ut som ville <persName corresp="pe537">Qvisten</persName> <hi rend="underline">med flit</hi> skrifva ihjäl sig eller tidningen, ty annorlunda kan jag ej förklara <anchor xml:id="start7639" />hans sednaste ursinniga utfall mot jernvägsförbindelsen med <placeName corresp="pl43">Ryssland</placeName>;<anchor xml:id="end7639" /> på det sättet blir man för <anchor xml:id="start27545" />godt köp<anchor xml:id="end27545" /> martyr, men om man gagnar sitt land, är en annan fråga. <title corresp="tw549">Wiborg</title> har dessa sednaste tider fört ett språk, som vore oförklarligt, om det ej haft medhåll hos någon högställd person (<persName corresp="pe478">Antell</persName>). Prokuratorn har sagt: efter andra ej tar i det, så skall jag göra åtal mot censor. Det önskar jag för min del visst icke, ty min högsta önskan är att hvarje ärlig mening får uttala sig, <hi rend="underline">tillochmed</hi> om det uppenbart sker emot kristendomen, såsom <title corresp="tw549">Wbg</title> gör (allt oss emellan). Men eget är, att på samma gång <title corresp="tw549">Wiborg</title> gått fri, har jag <anchor xml:id="start25253" />kommit på frukost till <persName corresp="pe475">Berg</persName>, uppkallad och upplexad sista fredags för ”fientliga tendenser emot regeringen” – jo, det är muntert att höra för dem hvilka utskrikit mig som en loftalare.<pb /> Närmaste anledningen var <anchor xml:id="start25431" />ett par rader om industrikomiterades 30 frågor<anchor xml:id="end25431" /> m. m., men en hel hop andra saker hade gubben i godt minne, bland annat <anchor xml:id="start7640" />”De blå”<anchor xml:id="end7640" />, som <persName corresp="pe181">Wulffert</persName> i sina sista dagar angaf,<anchor xml:id="end25253" /> och min gode <rs corresp="pe54">svågers</rs> oskyldiga notis från <placeName corresp="pl739">Kaskö</placeName> att kronan sålt mjöl för 7:50 mattan. För allt detta fick jag nu föreställning, med hotelse att tidningen skulle indragas, om något sådant hände vidare, hvarefter gubben i mildare ton begynte tala om ”universitetsprofessorernes ringa verldserfarenhet” och huru han fordom, som student i <placeName corresp="pl165">Dorpat</placeName> kriticerat regeringen, men lärt sig bättre sedan m. m. Allt detta är nu kring hela staden bekant, äfvensom att <persName corresp="pe477">Tikkanen</persName> fått sig en dylik skrapa för <title corresp="tw1477">Suometar</title>. På det hela är jag <hi rend="underline">nöjd</hi> dermed, ty folk bör nu begripa huru väl jag står hos de maktägande, och hvad hotelsen angår, har den föga att betyda, ty dels tänker jag ej ge hugg på mig, dels är gubben en fjesk, som brusar upp och håller med den han sist talar med. <persName corresp="pe478">Antell</persName> träffade jag i förrgår hos <persName corresp="pe466">Arppe</persName>; han var neml. tillstädes vid skrapan och försökte nu att ursäkta gamla herrn och rentvätta sig sjelf. Dessutom har jag godt ryggstöd i <persName corresp="pe111">Kothen</persName>, men föga lär det behöfvas. Orsaken till allt detta är <persName corresp="pe143"><anchor xml:id="start25214" />Schaumanska</persName> talet<anchor xml:id="end25214" /> och ty åtföljande telegrafdepeche från <placeName corresp="pl1957">Petersburg</placeName>, att ”<rs corresp="pe661">Hans Majestät</rs> med synnerligt missnöje förnummit <rs corresp="pe475">generalguvernörens</rs> oförsigtighet att tillåta dess publicerande.” Strax afgick härifrån telegraf till <placeName corresp="pl2735">Åbo</placeName> och <placeName corresp="pl2614">Wiborg</placeName> att tidningarna ej mera skulle få röra vid den saken. Nu hinner jag ändå ej mera, fast mycket är osagdt, som jag nästa måndag skall skrifva till <persName corresp="pe33">Blank</persName>. Måväl! Mammas egnast.</p>
        <closer>
          <signed>Z. E. och barnen små.</signed>
        </closer>
        <postscript>
          <p rend="place_leftMargin"><!--i vänstra marginalen på sid 4-->Det sägs nu att kadettkorpsen skall flyttas till <placeName corresp="pl399">Hfors</placeName>. Helsa <persName corresp="pe33">Blank</persName>, att hans medbroder <persName corresp="pe3222">doktor Cajander</persName>, primus 1836, hängde sig i tisdags i ett spjällsnöre hos <persName corresp="pe7402">fru Hillberg</persName>. Han har länge varit litet ruckad.</p>
        </postscript>
        <postscript>
          <p rend="place_leftMargin"><!-- vänstra marginalen sid 3--><anchor xml:id="start7642" />Kung Carls Jagt ges i måndag i <placeName corresp="pl2157">Stockholm<anchor xml:id="end7642" /></placeName> – Mera härom till <persName corresp="pe33">Blank</persName>.</p>
        </postscript>
        <postscript>
          <p rend="place_leftMargin">Wi skicka här med ett bref från <rs corresp="pe140">Tant</rs>. – <persName corresp="pe160">Leopold</persName> är återkommen, men gossen okristnad ännu, för öfverdraget på salongsmöbeln.</p>
        </postscript>
      </div>
    </body>
  </text>
</TEI>