<?xml version='1.0' encoding='UTF-8'?><TEI xmlns:xsi="http://www.w3.org/2001/XMLSchema-instance" xmlns="http://www.tei-c.org/ns/1.0" xsi:schemaLocation="http://www.tei-c.org/ns/1.0 file:/T:/Instruktioner,%20manualer,%20scheman/TEI-scheman%20(AM)/tei_brevschema.xsd">
  <teiHeader>
    <fileDesc>
      <titleStmt>
        <title>Br1693</title>
        <respStmt>
          <resp>Ansvarig redaktör:</resp>
          <name>Laura Mattsson</name>
        </respStmt>
      </titleStmt>
      <publicationStmt>
        <publisher>Zacharias Topelius Skrifter</publisher>
      </publicationStmt>
      <sourceDesc>
        <p>Arkivsignum: se databas</p>
      </sourceDesc>
    </fileDesc>
    <profileDesc>
      <handNotes>
        <handNote/>
        <handNote/>
      </handNotes>
    </profileDesc>
  </teiHeader>
  <text>
    <body xml:space="preserve">
      <!-- – ” ’ -->
      <div type="letter">
        <opener>
        <dateline><placeName corresp="pl399">Helsingfors</placeName> måndag 31 Okt. 1859.</dateline>
        <salute>Min Älskade <rs corresp="pe14">Mamma</rs>.</salute>
        </opener>
        <p rend="noIndent"><persName corresp="pe10">Emili</persName> ämnade nu skrifva i dag, hufvudsakligen för att sjelf tacka för de präktiga mattorna och det rara mjölet med mera. Men efter hon haft <rs corresp="pe274">lillan</rs> en stund och är trött, så har jag befallt henne med min vanliga stränghet att hvila sig, och framför alltså hennes kärliga helsning. Hon kan ej nog tacka Mamma, säger hon, och <persName corresp="pe659">Stina</persName> med och ber mig fråga Mamma huru vi skola ersätta <persName corresp="pe659">Stinas</persName> besvär. Längden af mattorna var så precis efter vår nuvarande lilla matsal, att de ej kunnat vara passligare, och de äro nu redan i bruk till allas nytta och nöje, likasom kornmjölet redan försett oss med mången god gröt. Rommen och <anchor xml:id="start26465"/>nätingarna<anchor xml:id="end26465"/> äro snart med helsan förtärda. Af <persName corresp="pe3441">Hjalmar Nordgren</persName> ha vi nu dessutom blifvit begåfvade med en kagg nätingar. Siken återstår och af <persName corresp="pe158">Thunberg</persName> ha vi köpt en <anchor xml:id="start26459"/>fjerding<anchor xml:id="end26459"/> <placeName corresp="pl2464">Uleå</placeName> lax (för 10:50) så att nog äro vi nu försedda. <persName corresp="pe10">Emili</persName> ber mig fråga om Mamma hittat krikonburken eller glömt den i lådan; icke för det att det är någon stor raritet.</p>
        <p>Nå, i lördags hade vi kristning, Gudskelof, och lilla pyret heter – gissa nu –<pb/> <persName corresp="pe274">Rosa Emilia</persName>. Ja, hvad säger <rs corresp="pe14">farmor</rs> derom? Inte illa, hoppas vi. Ringa fick stryka flagg för kammarkollegii opposition, och Verna, som skulle följa med Rosa, blef också på efterkälken för det jag nödvändigt ville ge åt pian sin mammas älskade namn. <persName corresp="pe146">Frans Snellman</persName> döpte. Faddrar voro: <persName corresp="pe196">August Essen</persName> (frånvarande, och i hans ställe <persName corresp="pe340">G. Wasastjerna</persName>); <persName corresp="pe3674">Bina Falander</persName>; <persName corresp="pe476">Carl Toppelius</persName> och <persName corresp="pe161">Jenny</persName>, <persName corresp="pe158">Thunberg</persName> och <persName corresp="pe3673">fru Thunberg</persName>, <persName corresp="pe520">Otto Donner</persName> och <persName corresp="pe3675">Ella Weckman</persName>, <persName corresp="pe426">Georg Borgström</persName> (min guson) och <persName corresp="pe3676">Emma Thunberg</persName>. <persName corresp="pe3674">Bina</persName> höll flickan, som <anchor xml:id="start26468"/>puttrade<anchor xml:id="end26468"/> ett par gånger, och <persName corresp="pe3674">Bina</persName> förklarade sjelf att alla barn som hon hållit brukade skrika (hon höll hufvudet för lågt). Men det var blott obetydligt, och alla tyckte att pian var söt, fet och för sig kommen. <persName corresp="pe11">Aina</persName> voterade hela tiden för namnet Rosa. <persName corresp="pe272">Toini</persName> och <persName corresp="pe13">Eva</persName> stodo tysta och förundrade och väntade att pian skulle få heta Caramella Rosenpulla, som jag sagt dem förut. <rs corresp="pe140">Tant</rs> var här och <persName corresp="pe324">Jeana</persName> bjuden, men kom ej, flickorna inte bjudna. Från <persName corresp="pe656">Borgström</persName> bara <persName corresp="pe316">Carolina</persName> och <persName corresp="pe426">Georg</persName>. Dessutom <persName corresp="pe162">Sofi Leopold</persName>, <persName corresp="pe3500">Rudolfine</persName> och <persName corresp="pe2141">Therese Decker</persName>. <persName corresp="pe10">Emili</persName> är ju ännu<pb/> så svag, men vi ville ej uppskjuta kristningen. Det är kraftlöshet och blodlöshet, tror jag, ty blek är hon; men både aptit och sömn äro merändels bra. Hufvudvärken har ibland låtit känna af sig, men lindrigare. Blott det nu blir vackert väder, skall hon få åka ut, men vi ha mest alla dagar (utom i lördags) höstdusk, mörker och duggregn. – Lilla <persName corresp="pe274">Rosa</persName> om hon får lefva, tror jag blir en af dem som ha tur med sig – solen sken för första gången på två veckor öfver hennes döpelseförbund, och tillochmed denna verldens dagliga bröd kom den dagen till huset, nemligen min lön, som ändtligen föll ut med 323 <choice><abbr>rub.</abbr><expan resp="EK">rubel</expan></choice> 30 <choice><abbr>kop.</abbr><expan resp="EK">kopek</expan></choice> för tertialet. I stället för löneförhöjning fick jag förhoppningar. <rs corresp="pe466">Rektor</rs> hade föreslagit mig dertill. <persName corresp="pe512">Armfelt</persName> svarade att <anchor xml:id="start26482"/>förhöjningen gällde blott ordinarie lärare<anchor xml:id="end26482"/> och att nu fanns ej pengar, men han ville ha saken i godt minne till framdeles. Jag står mig Gudskelof skäligen bra ändå, så att man skall ej vara oförnöjd. Min frossa är bra igen, tjärvattnet är förträffeligt, jag känner precis hur det stärker.</p>
        <p>Små pullorna må bra. De voro ej sena att bjuda sina dockor åt lilla syster, och pyssla så roligt om henne. <persName corresp="pe272">Toinis</persName><pb/> största nöje är att vagga henne, och dermed kan hon sitta i timmtal.</p>
        <p>Nu hinner jag ej mera, än hjerteligen omfamna mamma från oss alla</p>
        <closer>
          <signed>Z. E. och alla fyra.</signed>
        </closer>
        <postscript><!-- skrivet i vänstra marginalen på sid 4 --><p rend="place_leftMargin"><persName corresp="pe22">Gustaf</persName> och <persName corresp="pe19">Oskar</persName> voro på kristningen – der var rhenskt vin, sockerbröd, konfekt, sylt, bischoff, äpplen, punsch, thé.</p></postscript>
        <postscript><!-- skrivet i vänstra marginalen på sid 3 --><p rend="place_previousPage_leftMargin"><persName corresp="pe11">Aina</persName> helsar farmor och <persName corresp="pe323">Fanny</persName>. Hon är så snäll och spelar så flitigt. – Helsa <persName corresp="pe33">Blank</persName>, <persName corresp="pe107">Hildegard</persName> och alla vännerna.</p></postscript>
        <postscript><!-- skrivet i vänstra marginalen på sid 2 --><p rend="place_previousPage_leftMargin"><persName corresp="pe3478">Fru Bergstadi</persName> kom just till <persName corresp="pe10">Emili</persName> – Här har jag haft bekymmer för alla möjliga krinoliner, som dragit in kallt.</p></postscript>
            </div>
    </body>
  </text>
</TEI>