﻿<?xml version="1.0" encoding="UTF-8"?>
<TEI xmlns:xsi="http://www.w3.org/2001/XMLSchema-instance" xmlns="http://www.tei-c.org/ns/1.0" xsi:schemaLocation="http://www.tei-c.org/ns/1.0 file:/T:/Instruktioner,%20manualer,%20scheman/TEI-scheman%20(AM)/tei_brevschema.xsd">
  <teiHeader>
    <fileDesc>
      <titleStmt>
        <title>Br885</title>
        <respStmt>
          <resp>Ansvarig redaktör:</resp>
          <name>Laura Mattsson</name>
        </respStmt>
      </titleStmt>
      <publicationStmt>
        <publisher>Zacharias Topelius Skrifter</publisher>
      </publicationStmt>
      <sourceDesc>
        <p>Arkivsignum: se databas</p>
      </sourceDesc>
    </fileDesc>
    <profileDesc>
      <handNotes>
        <handNote />
        <handNote />
      </handNotes>
    </profileDesc>
  </teiHeader>
  <text>
    <body xml:space="preserve">
      <div type="letter">
        <opener>
          <dateline>
            <placeName corresp="pl399">Helsingfors</placeName> måndag 26 April 1858.</dateline>
          <salute>Min älskade <rs corresp="pe14">Mamma</rs>!</salute>
        </opener>
        <p rend="noIndent">Wi tänkte skrifva i fredags, men det blef ej af, vi voro något sömniga, och bestyr hade vi med ett och annat. Saken var att kl. 1 på natten blef en större eldsvåda alldeles bredvid <persName corresp="pe656">Borgströms</persName> – det var <persName corresp="pe477">Tikkanens</persName> nedra envånings hus, som brann, <anchor xml:id="start25900" />hvarvid Mamma får läsa mera i tidningen.<anchor xml:id="end25900" /> Sedan jag varit der en stund, gick jag hem efter <persName corresp="pe10">Emili</persName>, för att följa henne till <persName corresp="pe656">Borgströms</persName> kl. 2 på natten, och vi voro der till kl. 3, då faran var öfver. En temmelig brasa låg öfver <persName corresp="pe656">Borgströms</persName> stenhus mot strandsidan, detsamma der jag bodde förr, men det var sten och stod tappert emot – fast redan allt löst var bergadt. Herrarna voro temligen handfallna, <persName corresp="pe68">Borgström</persName> sjelf och <persName corresp="pe70">Leonard</persName> krassliga, men gumman och <persName corresp="pe284">Lina</persName> raska. Jag gjorde åtminstone den nyttan att skuffa gardister på taken. – <persName corresp="pe477">Tikkanens</persName> hus det brann med nästan all lösegendom, deribland reverser för 11,000 rubel <choice><abbr>s:r</abbr><expan resp="EK">silver</expan></choice> i en fastskrufvad kassakista och ett bibliothek med <anchor xml:id="start25907" />rara<anchor xml:id="end25907" /> böcker. Ingen i huset märkte elden, innan de uppväcktes af två herrar, som gingo förbi, och då var det bara att springa ut<pb /> och nappa silfret med sig från skåpet. <persName corresp="pe477">T.</persName> sjelf blef något bränd, när han skulle in engång till – barnen fördes till <persName corresp="pe153">bergmästar Tengström</persName>. Två studenter, <persName corresp="pe3487">Blomstedt</persName> och <persName corresp="pe3488">Pelander</persName>, hade en kammare invid tamburen. De måste springa i bara skjortan ut genom fönstret och skadade sig något på glasskärfvorna. Det otäckaste är att man talar om mordbrand och beskyller derför <persName corresp="pe3489">mag. Kinnunen</persName>, som förr köpte af <persName corresp="pe477">Tikkanen</persName> <persName corresp="pe8 ">Öhmanska</persName> bokhandeln, men gjorde sedan <anchor xml:id="start25908" />cession<anchor xml:id="end25908" />, och <persName corresp="pe477">Tikkanen</persName> hade nu hos sig konkursmassans lager, som han lyckligtvis fick försäkradt 5 dagar förut för 5000 rubel. <persName corresp="pe3489">Kinnunen</persName> skall ha blifvit sedd der kort före branden i det klara månskenet, och kl. 1 har han kommit till poliskammaren alldeles full och begärt nattqvarter. Sådana historier! <anchor xml:id="start25911" />Har man ej fått reda på <placeName corresp="pl1512">NyCarleby</placeName> brand?<anchor xml:id="end25911" /> Hvad är det för en skral undersökning? Det måste nödvändigt komma i Maj en tacksägelse från understödskomitén. Jag erbjöd mig i bref till <persName corresp="pe258">Montin</persName> att, om de så ville, sätta upp ett koncept, men icke ville jag synas för påhängsen – bara det görs. <anchor xml:id="start25912" />Bra var det att <persName corresp="pe33">Blank</persName> skref till <title corresp="tw549">Wiborg<anchor xml:id="end25912" /></title> – ej för min skull, ty nog kan man uppbära smädelse för mindre<pb /> än för den djerfheten att ha velat rädda sin födelseorts bestånd – men för stadens egen skull, då hela saken framställdes som en intrig af jordägarne. – Min tanke om <rs corresp="pe140">Tants</rs> revers är att den bör förnyas; det är ju en enkel sak, som tant ej kan misstycka; ty faller hon undan, så anse sig barnens förmyndare förpligtade att neka tillvaron af en skuld, på hvilken intet skrifteligt finnes. – Ännu om <title corresp="tw549">Wiborg</title>; inte skall mamma bry sig det minsta derom; den stackars <persName corresp="pe3490">Alfthan</persName> har blamerat sig så, att det nästan är synd om honom. Nog skall jag berätta för <persName corresp="pe273">Zache</persName> om en tidningsskrifvares öden, men hjelper det ej bättre, än mammas varningar förr till mig i den saken, så rår jag ej för det. Barnen äro nu trefliga, utom att <persName corresp="pe273">Zache</persName> drags med ältan eller frossan, hvad det må vara, som hindrar honom att återfå krafter och hull. Emellanåt har han feber, emellanåt är han kall, och kinin tycks ej bita på honom. Deremellan är han glad – utom sig af förtjusning öfver hästar och bra klok för resten – äfven en <anchor xml:id="start25916" />kustos<anchor xml:id="end25916" /> för systrarna – han <anchor xml:id="start25917" />nufsar<anchor xml:id="end25917" /> om <persName corresp="pe272">Toini</persName>, bara hon blir för närgången. <persName corresp="pe272">Toini</persName> och <persName corresp="pe13">Eva</persName> äro hjertans trefliga, och det gjorde dem godt att vara ut ett par vackra dagar. <persName corresp="pe13">Eva</persName> är fet och duktig.<pb /> <persName corresp="pe272">Toini</persName> har ännu små frosskänningar. Visst skulle farmor ha bra roligt att se dem. – Jag brukar ofta skicka <persName corresp="pe13">Eva</persName> med bud till <persName corresp="pe516">Fina</persName>: <del>att</del> ”söta <persName corresp="pe516">Fina</persName>, kom och valla oss”, men <persName corresp="pe272">Toini</persName> gjorde häremot den invändningen: ”inte är vi några <anchor xml:id="start25918" />kuddor<anchor xml:id="end25918" />.”</p>
        <p>Jag hinner nu ej mera – många bestyr – och hinder – <persName corresp="pe10">Mille</persName> får sluta och försegla detta. Snart mera.</p>
        <closer>
          <salute>Mammas tillgifnaste</salute>
          <signed>Z.</signed>
        </closer>
      </div>
    </body>
  </text>
</TEI>