<?xml version='1.0' encoding='UTF-8'?><TEI xmlns:xsi="http://www.w3.org/2001/XMLSchema-instance" xmlns="http://www.tei-c.org/ns/1.0" xsi:schemaLocation="http://www.tei-c.org/ns/1.0 file:/T:/Instruktioner,%20manualer,%20scheman/TEI-scheman%20(AM)/tei_brevschema.xsd">
  <teiHeader>
    <fileDesc>
      <titleStmt>
        <title>Br1645</title>
        <respStmt>
          <resp>Ansvarig redaktör:</resp>
          <name>Laura Mattsson</name>
        </respStmt>
      </titleStmt>
      <publicationStmt>
        <publisher>Zacharias Topelius Skrifter</publisher>
      </publicationStmt>
      <sourceDesc>
        <p>Arkivsignum: se databas</p>
      </sourceDesc>
    </fileDesc>
    <profileDesc>
      <handNotes>
        <handNote medium="black-ink"/>
      </handNotes>
    </profileDesc>
  </teiHeader>
  <text>
    <body xml:space="preserve">
      <!-- – ” ’ æ ½ -->
      <div type="letter">
        <opener>
          <dateline><placeName corresp="pl739"><anchor xml:id="start38548"/>Kaskö<anchor xml:id="end38548"/></placeName> d. 27. Dec.</dateline>
          <salute>Mina älskade kära barn!</salute>
        </opener>
        <p rend="noIndent">Nu sitter jag välbehållen hos barnen här efter en något besvärlig resa i dåligt vägalag men så i härdig som jag är på resor så kom vi fram på två dagar med en häst <add place="leftMargin">jag skrifver otydligt vi åkte med skjuts och kom fram onsdags afton</add> vi for <placeName corresp="pl1311">Malax</placeName> vägen i från <placeName corresp="pl2561">Wasa</placeName> huru välkomna vi var behöfver jag ej säga, friska var de alla både stora och små, thorsdag hvilade jag opp mig och jul afton var jag rask som förr och gladde mig åt barnens glädje föräldrarnas var nog opblandad med saknaden efter sin <rs corresp="pe553">bortgångne älskling</rs> <anchor xml:id="start26188"/>samma för hållande var och hos er<anchor xml:id="end26188"/> kan jag nog tro, men säkert är att en gladare jul hade de i himmelen <persName corresp="pe262">Sophie</persName> och <persName corresp="pe54">Wilhelm</persName> ber mig hälsa er så mycket för jul klapperna åt dem alla och <persName corresp="pe555">Emmi</persName> hälsar särskilt för den rara dockan som utgjorde hennes käraste julklapp det var och en näpen stygga och <persName corresp="pe556">Zache</persName> blef misslynt att han ej fick nån docka och <persName corresp="pe555">Emmi</persName> fick två hon tackar <persName corresp="pe11">Aina</persName> för hennes julgåfva<pb/> jag fick och julklappen ett Klädnings tyg en <anchor xml:id="start26190"/>bahytt<anchor xml:id="end26190"/> en gung stols dyna och en knuten duk. <persName corresp="pe323">Fanny</persName> tackar för boken och hälsar så mycket. juldagarna har gått trefligt för oss sjelfva.</p>
        <p>lilla <persName corresp="pe558">Thilda</persName> här är en tjock och stor lunsa mycket fet och stadig <persName corresp="pe556">Zache</persName> är mera mager och blek men <persName corresp="pe555">Emmi</persName> sig lik. Tidningar kommer jag ej att sakna ty <persName corresp="pe5634">Schalins</persName> har de samma som hos oss <persName corresp="pe2091">Alexand. Roos</persName> lär nu redigera <title corresp="tw739">Wasa bladet</title> nästa år ja ja få se nu hur det blir troligen krig och örlig med <title corresp="tw98">Helsingfors</title> <unclear reason="writing" resp="EK">och</unclear> från alla kanter, stackars <persName corresp="pe614">Zache</persName> min. <anchor xml:id="start26191"/>dina verser var vackra<anchor xml:id="end26191"/> de kunde väl inbringa några rubel också har du fått något ark färdigt på <title corresp="ve241">läseboken</title>? det intreserar mig <persName corresp="pe323">Fanny</persName> reser till Nyåret till <placeName corresp="pl744">kauhajoki</placeName> och blir där nån vecka eller par jag dröjer här hela Januari. <persName corresp="pe262">Sophie</persName> är så lycklig säger hon att än en gång få vara mer än några dagar till sammans med mig.</p>
        <pb/>
        <p>Där hem stod alt väl till när vi reste utom <persName corresp="pe37">Albert</persName> som var dyster det är nu bra att han har <persName corresp="pe28">Anna lena</persName> där han kan sitta flere timmar opp hos henne <persName corresp="pe2108">Blanks</persName> skulle resa till <placeName corresp="pl2561">Wasa</placeName> och <persName corresp="pe515">Malmbergs</persName> om ej föret hindra jag längtar nu att få bref i från er om barnens julglädje som äfven var er största jag tycker mig se de beskäftiga pullorna hoppa kring sitt jul träd och sen <persName corresp="pe272">Toini</persName> som vill tillegna sig alla paketter som kommer inn men Mamma <persName corresp="pe10">Emelie</persName> som skall ha bestyr om alt både för egnas och andras nöje tänker jag skall vara mer än trött innan hon fått alt i ordning jag hoppas nu få bref med det snaraste från er och få höra om alt ty här har jag ej annat att göra än för mit nöje och bland de för nämsta blir et bref från er eller från båda låt mig ej vänta för länge.</p>
        <pb/>
        <p>Hälsa till slägtingarna och till <persName corresp="pe360">Mina Julin</persName> hon kunde väl ej vara jul afton med er.</p>
        <p>nu önskar jag er mina käraste ett godt slut på vårt gamla år måtte ni nyårs morgon vakna friska och med ett för nöjdt sinne och fast tro och för tröstan på Guds godhet och nåd och om sorg om alla som tro på honom.</p>
        <p>hälsa hjerteligen piorna och säg dem att Farmor önskar dem af hela sitt hjerta alt godt i lifvet här och sen efter detta ett annat ännu bättre och lyckligare. Gud vare med er mina kära jag omfamnar er alla. lef väl</p>
        <closer/>
      </div>
    </body>
  </text>
</TEI>