<?xml version='1.0' encoding='UTF-8'?><TEI xmlns:xsi="http://www.w3.org/2001/XMLSchema-instance" xmlns="http://www.tei-c.org/ns/1.0" xsi:schemaLocation="http://www.tei-c.org/ns/1.0 file:/T:/Instruktioner,%20manualer,%20scheman/TEI-scheman%20(AM)/tei_brevschema.xsd">
  <teiHeader>
    <fileDesc>
      <titleStmt>
        <title>Br1636</title>
        <respStmt>
          <resp>Ansvarig redaktör:</resp>
          <name>Laura Mattsson</name>
        </respStmt>
      </titleStmt>
      <publicationStmt>
        <publisher>Zacharias Topelius Skrifter</publisher>
      </publicationStmt>
      <sourceDesc>
        <p>Arkivsignum: se databas</p>
      </sourceDesc>
    </fileDesc>
    <profileDesc>
      <handNotes>
        <handNote medium="black-ink"/>
      </handNotes>
    </profileDesc>
  </teiHeader>
  <text>
    <body xml:space="preserve">
      <!-- – ” ’ æ ½ -->
      <div type="letter">
        <opener>
          <salute>Egen som käraste <persName corresp="pe614">Zache</persName> min!</salute>
        </opener>
        <p rend="noIndent">för par timmar sen emotog jag <anchor xml:id="start24143"/>ditt kära bref<anchor xml:id="end24143"/> som gjorde oss både glad, och nedstämda än ytterligare, ty på samma gång fick vi bud att <persName corresp="pe2122">Fru Falk</persName> <del>v</del>är död i dag på morgonen, <persName corresp="pe10">Emelie</persName> började gråta när hon läst dit bref och sade hur skall jag komma hem. <anchor xml:id="start38489"/>krasslig lär du vara<anchor xml:id="end38489"/> kära Zache troligen mer än du låter påskina, blir det slädföre kanske vi kan ställa så att <persName corresp="pe10">Emelie</persName> kan komma på hösten vi får alt se, var vid godt mod nog går några veckor snart och låt ej heller dett allmänna bekymret för mycket tynga på dig Gud styr det som alt annat lämna det i hans hand. <persName corresp="pe10">Emelie</persName> är så frisk och rask vandrar till staden utan att det bekommer henne, hon är och nu som bäst dit, barnen är raska <anchor xml:id="start24144"/>liten <persName corresp="pe13">Eva<anchor xml:id="end24144"/></persName> är något <anchor xml:id="start24182"/>puttriger<anchor xml:id="end24182"/> och sofver litet, men det är om dagen om natten är hon bättre hon växer och småler så godt. <persName corresp="pe272">Toine</persName> hon är som förr allas vår <anchor xml:id="start24145"/>rodocka<anchor xml:id="end24145"/> och <rs corresp="pe11">stora syster</rs> ett godt barn som altid, hennes födelsedag firades litet med bjudning af några små vänner. hvad om <unclear reason="writing" resp="EK">skref om</unclear> 30. i mån tycker jag är alt för mycket det utgör <del>för</del> halfva lön nära då skulle hela den öfriga Famillen lefva och klä sig med andra hälften. lämna nu ej våra bref framme på dit bord lägg dem genast bort. nu kommer det till sist som bort komma först hur mycket vi saknat dig och hur mycket vi talar om dig sik fisket har varit dåligt för menigheten och oss i synnerhet också har <persName corresp="pe659">Stina</persName> blott dragit par <anchor xml:id="start24148"/>varp<anchor xml:id="end24148"/> sen du for, och då gick noten i bitar. <persName corresp="pe33">Blank</persName> tror att du fått Nässelfeber af <anchor xml:id="start24146"/>nätingar<anchor xml:id="end24146"/> som skall i bland hända. Nå den <persName corresp="pe416">Max</persName> stackare, hur var det första gången var <subst>han</subst> stu<unclear reason="inksmudge" resp="EK">rs</unclear>k <!-- stursk? HK -->eller näsvis, kanske <persName corresp="pe539">Munken</persName> då beslöt att han ej skulle komma inn ledsamt <!--brevet fortsätter i vänstra marginalen--><seg rend="place_leftMargin">är det. för <persName corresp="pe140">Augusta</persName> kan han ej komma i <anchor xml:id="start24149"/>junker skola<anchor xml:id="end24149"/> – glöm ej <persName corresp="pe114">Josephinas</persName> ärende. Gud vare med dig min älskade son jag omfamnar dig hjerteligen.</seg></p>
      </div>
    </body>
  </text>
</TEI>