<?xml version='1.0' encoding='UTF-8'?><TEI xmlns:xsi="http://www.w3.org/2001/XMLSchema-instance" xmlns="http://www.tei-c.org/ns/1.0" xsi:schemaLocation="http://www.tei-c.org/ns/1.0 file:/T:/Instruktioner,%20manualer,%20scheman/TEI-scheman%20(AM)/tei_brevschema.xsd">
  <teiHeader>
    <fileDesc>
      <titleStmt>
        <title>Br1624</title>
        <respStmt>
          <resp>Ansvarig redaktör:</resp>
          <name>Laura Mattsson</name>
        </respStmt>
      </titleStmt>
      <publicationStmt>
        <publisher>Zacharias Topelius Skrifter</publisher>
      </publicationStmt>
      <sourceDesc>
        <p>Arkivsignum: se databas</p>
      </sourceDesc>
    </fileDesc>
    <profileDesc>
      <handNotes>
        <handNote medium="black-ink"/>
      </handNotes>
    </profileDesc>
  </teiHeader>
  <text>
    <body xml:space="preserve">
      <!-- – ” ’ æ ½ -->
      <div type="letter">
        <opener>
          <dateline><placeName corresp="pl963">Kudnäs</placeName> d. 6. Maj.</dateline>
          <salute>Kära barn! –</salute>
        </opener>
        <p rend="noIndent">jag ämnade ej skrifva i dag, för än med nästa post, <anchor xml:id="start23921"/>men kunde ej motstå frestelsen att hushålla in 10. <choice><abbr>pek</abbr><expan resp="EK">kopek</expan></choice><anchor xml:id="end23921"/> <persName corresp="pe33">Blank</persName> sade att han i dag skulle skrifva till dig om <anchor xml:id="start23920"/>isgången<anchor xml:id="end23920"/>, han som följde med kan göra det bäst jag var ej hem i från alls men här var nog och att se på, flere dagar förut kunde man se att det ej skulle aflöpa som vanligt därföre lät jag tömma boden vid strand och smedjan som <persName corresp="pe490">Fru Sjöberg</persName> hade till vedbod så tog vi hål på väggen och satte en bom innan för och en tross om den och så drogs den genom hålet och fästes kring stammen på en asp och det räddade både bod och smedja ty smedjan svängde, när isen kom, och lade sig fast vid boden och hängde vid trossen och ligger <add>nu</add> med långsidan tvärt emot förr och är oskadd, den stora låran som är i boden har seglat fram för dörren vatn gick högre än dörn, trädgårdsplanket på nedra sidan for sin kos och stora isstycken ligger här öfveralt <persName corresp="pe33">Blank</persName> berättar väl om alla qvarnar lador och stugor som följt med isen vi har all orsak att tacka gud att det här aflopp så pass lindrigt största deln af stadens befolkning var i rörelse hela natten <persName corresp="pe323">Fanny</persName> och <persName corresp="pe7222">Thilda Sjöberg</persName> kom hem kl. 1. <anchor xml:id="start23922"/>intet i min tid har det varit sådan isgång värst var det med bron det blir stor kostnad att laga den.<anchor xml:id="end23922"/> tack kära barn för era bref jag tänkte väl ej mer vid röra <anchor xml:id="start23923"/>det ämnet<anchor xml:id="end23923"/> som för det mästa uptog era bref ty när jag förseglat mit sednaste så var hela saken glömd, men efter ni anser det jag utan alt skäl förfor litet strängt med min goda doter <persName corresp="pe10">Emelie</persName>, så måste jag väl ännu en gång litet orda därom. om jag ej höll så mycket af <persName corresp="pe10">Emelie</persName> så skulle jag väl aldrig skrifvit så men nu ville jag göra henne upmärksam på sina orättvisa slutsatser både om <persName corresp="pe33">Blank</persName><pb/> och andra ty ingen af dem rådde för att Zachris sökte lectorat hvarför skall de vara orsaken att ni ej vill flytta. att <placeName corresp="pl1512">Nycarleby</placeName> bona ej förstår dig som skriftställare (hvad har det att göra med flyttningen) det med ger jag vist hur många vittert bildade fins här och sen hvad vet de just af. alla är intreserad af din tidning, inga lunda är det för annoncerna alla beundrade din upsats om skolans hitkomst Gubben <persName corresp="pe312">Brunström</persName> sade åt mig att den <subst><del>gjorde</del><add>väckte</add></subst> sådant intryck att mer än en fick tårar i ögonen, och som menniskja är du allmänt värderad, och säg mig hur mycket är du med dem när du är hem. till utropningar och handklappningar är de ej i tillfälle lectorernas spelbord och dylikt intet kan jag anse att det <add>är</add> orsaken till din ansökning om tjenstledighet hvarför blanda i hop alt detta med bitterhet emot flyttningen som det ej det ringaste har göra med alt sådant kände du för än du sökte tjensten, utan säg rätt och slätt att ni gärna stannar et år till fast längre i <placeName corresp="pl399">Helsingfors</placeName> så är det rätt och sant och <anchor xml:id="start38466"/>sök ej svepkäl härifrån<anchor xml:id="end38466"/> detta är nu ej annat än upprepandet af mitt förra. och intet skall du tro goda <persName corresp="pe10">Emelie</persName> att jag håller mindre af dig för det och intet får du ta bort det aldra minsta af din barnsliga kärlek till mig ty jag har stort behof af att ni håller af mig, men ser du jag är ej van att krusa med mina barn blir jag missnöjd så säger jag genast till och där med får de lof och vara nöjd <del>och</del> har du ej sett hur jag i bland skrapat opp min kära son, håller jag mindre af honom för det? och det måste äfven hans kära hustru nöja sig med. nu hoppas jag att denna affär är i ordning, och bort lägg<unclear reason="damage" resp="MD">er</unclear> den för att ej mer upptagas hoppas jag.</p>
        <pb/>
        <p>till <persName corresp="pe7223">Fru Eberhardt</persName> har jag ej skrifvit, men hon har skrifvit till mig och säger sig hört att <persName corresp="pe14">Doctor Topelius</persName> ej <anchor xml:id="start23924"/>lärer komma till <placeName corresp="pl574">Jacobstad<anchor xml:id="end23924"/></placeName> och hon i den händelse nu ämnar hyra sina rum åt andra hon har nu ett godt anbud och skulle önska svar, hvilket jag gaf sålunda att det är väl fråga därom men ej afgjort men att jag ej kan begära att hon skall låta ett godt anbud gå sig ur händerna utan i fall min son kommer så får han väl lof att höra sig om. <anchor xml:id="start23925"/>nu förmodar jag, likvist blott gissnings vis, att det kanske är <persName corresp="pe3051" correspUncert="Y"><unclear reason="overwritten" resp="MD">R</unclear>anken<anchor xml:id="end23925"/></persName> som bott mycket illa och nu blir i tillfälle att bo bättre, att det är han som hört efter rummen och sagt att ni ej kommer, ty <persName corresp="pe7223">Fru Eberhardt</persName> sade åt mig att hon bestämt intet hyr ut dem åt stads bona intet tyckte jag det var skäl att uppehålla henne ty jag tänker att ni aldrig kommer till <placeName corresp="pl574">Jacobstad</placeName>.</p>
        <p><anchor xml:id="start23926"/>så att du får så många recencenter på halsen du utmanade dem också<anchor xml:id="end23926"/> den som ej känner dig kunde säga, litet skrytsamt ty ej många tror att nån söker efter klander på sitt arbete utan snarare väntar granlåter, ser du nu är mamma åter där – ser du jag har så god tid att granska dina ord och gerningar kära barn.</p>
        <p>just nu börjar regna det gör godt åt drifvorna och isen. Blommorna på <placeName corresp="pl128">brunsholmen</placeName> som mistat kägelhus och bana och alla trän och de som i år skulle ha så storståtligt och bygger ett nytt rum. en stackars fru har yttrat att det varit för väl om <placeName corresp="pl128">brunsholmen</placeName> blifvit aldeles utan hus hennes skäl kan lätt uträcknas.</p>
        <pb/>
        <p>tack <persName corresp="pe11">Aina</persName> gulle för dit bref du skrifver ju så präcktiga bokstäfver så nog blir det godt af hvad har kommit åt din fot min pia efter den varit sjuk och ingen nämt därom och ingen skrifver heller om du vunnit någodt på det granna lotteri ty jag vet nog att du hade en lott pappa hushållar intet med pian sin. nå jag får väl veta det där nästa gång. <persName corresp="pe323">Fanny</persName> och små vännerna hälsar dig du skall hälsa Rosina och Ce<unclear reason="damage" resp="MD">sar</unclear> i från Farmor. just nu hade jag bref i från <placeName corresp="pl739">kaskö</placeName> de mår ganska bra och har till trädt sin ordinära tjenst nå jag som glömt att gratulera Lectorn eller månne du anses som sådan för än du sjelf gör tjenst eller är du att gratulera hur tycker du sjelf? i dag har vi ätit de första rara <placeName corresp="pl1819">ragnörs</placeName> gäddor  och vi tänkte på alla de rara <placeName corresp="pl35">alörns</placeName> gäddor som komma skall om gud ger hälsan. <persName corresp="pe10">Emelie</persName> får vist nu på samma gång bref i från sin mamma eller <persName corresp="pe320">Augusta</persName> därför skrifver jag ingenting om dem och intet har jag dessa dagar träffat någon.</p>
        <p><persName corresp="pe300">Thilda Dyhr</persName> har skraltat nu igen så nog lär det vara som <persName corresp="pe33">Blank</persName> säger att rätt frisk blir hon aldrig hon har ej på hela vintern varit utom dörn utan jemt medicinerat efter <persName corresp="pe2086">Fontell</persName> men det är det samma intet stoppar det jag var hos henne i går aftse hon har så magrat och är så blek men någodt bättre är hon igen. <persName corresp="pe29">Emelie Turdin</persName> hälsar er jag hade nyligen bref hon tycks vara rask. ni får för mycket att läsa på engång det är bäst att jag slutar och hoppas att detta må jaga bort alla moln som sväfvat mellan min goda kära <persName corresp="pe10">Emelie</persName> och hennes ofta nog altför upricktiga svärmor. Gud vare med er kära barn.</p>
        <postscript>
          <p rend="place_leftMargin"><!--skrivet i vänstra marginalen på sid. 4-->Kära Zache tack för din goda vilja om planket men intet behöfver du bistå det nog hjelper jag mig fram därmed. när det nu börjar lida framåt så blir längtan efter er större.</p>
        </postscript>
      </div>
    </body>
  </text>
</TEI>