﻿<?xml version="1.0" encoding="UTF-8"?>
<TEI xmlns:xsi="http://www.w3.org/2001/XMLSchema-instance" xmlns="http://www.tei-c.org/ns/1.0" xsi:schemaLocation="http://www.tei-c.org/ns/1.0 file:/T:/Instruktioner,%20manualer,%20scheman/TEI-scheman%20(AM)/tei_brevschema.xsd">
  <teiHeader>
    <fileDesc>
      <titleStmt>
        <title>Br1630</title>
        <respStmt>
          <resp>Ansvarig redaktör:</resp>
          <name>Laura Mattsson</name>
        </respStmt>
      </titleStmt>
      <publicationStmt>
        <publisher>Zacharias Topelius Skrifter</publisher>
      </publicationStmt>
      <sourceDesc>
        <p>Arkivsignum: se databas</p>
      </sourceDesc>
    </fileDesc>
    <profileDesc>
      <handNotes>
        <handNote medium="black-ink" />
      </handNotes>
    </profileDesc>
  </teiHeader>
  <text>
    <body xml:space="preserve">
      <!-- – ” ’ æ ½ -->
      <div type="letter">
        <opener>
          <dateline><placeName corresp="pl963">Kudnäs</placeName> d. 16. Feb.</dateline>
          <salute>Kära barn!</salute>
        </opener>
        <p rend="noIndent">Nyss emotog jag från <persName corresp="pe527">Mamma Lindqvist</persName> dit bref kära <persName corresp="pe614">Zache</persName>, och nu skickar jag samma väg dessa rader och hoppas att de träffar er alla vid god hälsa. tack gulle <persName corresp="pe10">Emelie</persName> för dit bref och för den ena raden i dag, ja, vet du vi skall tillsammans före hålla din käre hälft det oskickliga i att uppa Fruntimmers hemligheter i onödan vare sig och för läkare, om han ej lofvar bot och bättring så... så gör som du vill. han är väl så glad öfver händelsen och då är det svårt att vara tyst och så retas han väl med <persName corresp="pe33">Blank</persName> kan jag tro. så att <persName corresp="pe178">Willebrandt</persName> afrår er att resa ut med <persName corresp="pe272">Toini</persName> i vinter som sagt du är välkommen alla tider ställ som det bäst passar.</p>
        <p>litet för sigtig med mat skall ni vara med pian om hon är fallen för ryckningar <persName corresp="pe560">Mimmi Lybeck</persName> fick ju engång hjertsprång af att hon åt för mycket helgryns välling och många gånger har jag sett mina barn få små feber skutt af mat, och som andra dagen varit förbi. du skrifver om amman gör som du tycker, men vore ej <persName corresp="pe530">charlotte</persName> pålitlig sen <anchor xml:id="start24029" />hon är afvand<anchor xml:id="end24029" /> skall ni måsta hålla dem qvar i sommar så blir det dyrt, nu är ej att tänka på hyres folk. <persName corresp="pe11">Aina</persName> tippan månne ej hennes hjertebulten och är bara colik.</p>
        <pb />
        <p>vet ni <anchor xml:id="start24030" />jag har godt hopp om fred<anchor xml:id="end24030" />, de måtte väl ha en gnista af mensklighet i behåll då de hör och ser hur rysligt de lider på <placeName corresp="pl949">krim</placeName> om det beror på <placeName corresp="pl190">England</placeName> men hvilar det på <persName corresp="pe2115">Napoleon</persName> då tror jag honom ej om annat än sten hjerta. <anchor xml:id="start24022" />det har dessa dagar sett så krigiskt ut på vår gård<anchor xml:id="end24022" /> trupperna skall nu ha egna tross hästar och <persName corresp="pe82">Etholen</persName> har köpt opp här på gården 64. för sin bataljon det har varit en ordentlig häst och hö marknad denna vecka på tre dagar fick han alla 64. och nu är alla möjliga hus här inredt till stall jag tror att vi herbergerar 30 – få se om jag får något annat fördem än hvad hästarna sjelfva lämna men det är och bra för åkern Landbönderna har var sin två skötare inne hos sig. med <rs corresp="pe2109">Överstinninan</rs> är vi på särdeles god fot hon <gap reason="overstrike" extent="1" unit="words" /> är rätt artig och vänlig hon har flere gånger varit här in i söndags afton bad jag några fruar sen hon kom hit de skall göra visiter men hon har haft ondt i halsen och en böld på armen en för middag och en afton har vi varit hos dem hon ber så att vi ofta skall komma dit på det att hon kan göra så med, men jag tänker hålla medel vägen så det kan bibehållas. <placeName corresp="pl2464">Uleå</placeName> <persName corresp="pe24">Fanny</persName> är qvar här det är så trefligt hon är så god och beskedlig tiden går så fort, jag har<pb /> lofvat henne att få träffa <persName corresp="pe10">Emelie</persName> här men få se om jag kan hålla ord. hon tycker särdeles om <persName corresp="pe119">Lotta</persName> så de är mycket tillsammans. känner Zache Löjtnanten som skrifvit om <title corresp="ve317">Regina</title>? till Namnet menar jag, det var et fä, i anledning däraf så hoppas jag att inga vidare dramer kommer i fråga för än <title corresp="ve241">läseboken</title> blir färdig, ty det är just slika funderingar som gör den torr och besvärlig, men i bredd med föreläsningarna tycker jag den passar bäst. i dag väntas <persName corresp="pe475">General Berg</persName>, men hvad skall han uträtta med att flyga natt och dag efter landsvägen i afton kommer han hit och reser tidigt i morgon till <placeName corresp="pl269">GCarleby</placeName> och söndag skall han vara i <placeName corresp="pl2561">Wasa</placeName>, hos <persName corresp="pe258">Montin</persName> skall han ta inn <persName corresp="pe1361">Ramsay</persName> hos <persName corresp="pe4498" correspUncert="Y">Bromans</persName>. så <persName corresp="pe324">Jeana</persName> nu är till bakas, hvad hade min son på galejan at göra hvad skulle hon nu trifvas mer än förr hälsa <persName corresp="pe140">Augusta</persName> och barnen och <persName corresp="pe768">Leopolds</persName> min hälsning till <persName corresp="pe360">Mamsell Julin</persName> – och <anchor xml:id="start24031" />era studenter<anchor xml:id="end24031" />. få se om skolan kommer bort i sommar det vore ledsamt för så många små gossar som då vist lämnar bort. mina flickor ber om sin hälsning till samteliga <persName corresp="pe19">Oscar</persName> ej för glömmand<unclear reason="inksmudge" resp="MD">es</unclear> – och tusende hälsningar och omfamningar och pussar till små pullorna från Farmor.</p>
      </div>
    </body>
  </text>
</TEI>