<?xml version='1.0' encoding='UTF-8'?><TEI xmlns:xsi="http://www.w3.org/2001/XMLSchema-instance" xmlns="http://www.tei-c.org/ns/1.0" xsi:schemaLocation="http://www.tei-c.org/ns/1.0 file:/T:/Instruktioner,%20manualer,%20scheman/TEI-scheman%20(AM)/tei_brevschema.xsd">
  <teiHeader>
    <fileDesc>
      <titleStmt>
        <title>Br1640</title>
        <respStmt>
          <resp>Ansvarig redaktör:</resp>
          <name>Laura Mattsson</name>
        </respStmt>
      </titleStmt>
      <publicationStmt>
        <publisher>Zacharias Topelius Skrifter</publisher>
      </publicationStmt>
      <sourceDesc>
        <p>Arkivsignum: se databas</p>
      </sourceDesc>
    </fileDesc>
    <profileDesc>
      <handNotes>
        <handNote/>
        <handNote/>
      </handNotes>
    </profileDesc>
  </teiHeader>
  <text>
    <body xml:space="preserve">
      <!-- – ” ’ -->
      <div type="letter">
        <opener>
        <dateline><placeName corresp="pl963">Kudnäs</placeName> d. 28. Dec</dateline>
        <salute>Mina kära barn stora och små!</salute></opener>
        <p rend="noIndent">Några ord vill jag ännu språka med er på detta år som både <anchor xml:id="start25751"/>börjats och slutats med sorg<anchor xml:id="end25751"/>, men alt hvad som kommer af Guds hand bör vi anse för godt och välgjort fast vi i vår blindhet har svårt att fatta dett. vår jul har varit tyst och stilla, dett förstås, jag ville att <persName corresp="pe37">Albert</persName> och barnen skulle komma hit julafton, men han ville ej gå hem i från men att vi skulle komma dit sorglig Jul afton var dett mera tårar än glädje inga andra julklapper än de som <persName corresp="pe300">Thilda</persName> lagat åt barnen dem gaf han dem i hand som en skänk från mamma sen fick de böckerna som kom från er ingen annan hade heller jul klapp där. sen fick <persName corresp="pe323">Fanny</persName> ett arm band af <persName corresp="pe37">Albert</persName> som ochså <persName corresp="pe300">Thilda</persName> bestämt åt henne när <persName corresp="pe37">Abert</persName> kom hem<pb/> <persName corresp="pe323">Fanny</persName> fick äfven af <persName corresp="pe33">Blank</persName> ett klädnings tyg men af mig ingenting hon hälsar och tackar för boken som ni var goda och gaf henne dett var hennes tredje jul klapp. <persName corresp="pe323">Fanny</persName> virkade en stor duk åt mig men den kom ej som jul klapp ty vi kom alla öfverens om att ingen hade lust därmed. Juldagen var de hos oss lika nedstämda, andra dagen på qvälln for jag och <persName corresp="pe323">Fanny</persName> till <persName corresp="pe653">Lybecks</persName> där var glädje och julträd och jul klapper i mängd de var friska och glada och bad mig hälsa till er. tack för era bref kära barn jag hade och af <persName corresp="pe262">Sophie</persName> bref jul dagen hon skref att du kära <persName corresp="pe614">Zache</persName> bestält åt mig en gung stol till julklapp men att de ej viste om den blifvit skickad från <placeName corresp="pl2561">Wasa</placeName> dit de skickat<pb/> men för men föret har väl ingen velat föra den hit jag skall väl nu sjelf bestyra att den kommer hit, och tusend tack för den kära barn jag tror att det skall bli nyttigt att runka i bland för den som går så litet som jag. tack goda <persName corresp="pe10">Emelie</persName> för commisionerna de kom rigtigt fram och väntar nu på <persName corresp="pe19">Oscar</persName> för att afgå med honom, men for han i måndag och vi har i dag äfven måndag hvart har då herrarna tagit vägen, ingalunda den <anchor xml:id="start25752"/>ginaste<anchor xml:id="end25752"/>. <persName corresp="pe160">Leopold</persName> och <persName corresp="pe476">Carl</persName> var här om onsdags afton par timmar efter en rysligt besvärlig resa till <placeName corresp="pl2315">Tavasthus</placeName> på släda sen på skjuts kärror till <placeName corresp="pl3164">Ekola</placeName> sen fick de fortsätta med skjuts slädor ty dett föll mera snö den afton de var här, de kunde ej för mås att stanna öfver natten så trötta de var<pb/> Som en ljus stråle i mörkret så tänkte jag på om jul afton och på barnens glädje dett gör mig ledsen att ej med nån små sak kunnat bidra därtill. men ingenting finns här och ingen reser som vill ta med sig intet det minsta har jag heller skickat till <persName corresp="pe5634">Schalins</persName>, <persName corresp="pe262">Sophie</persName> ber så hjertligt att jag skall komma dit i vinter men jag tror ej att dett blir af. lika litet som till er kära barn. tack för att ni vill ha gamla mamma åter igen till er, men det får alt ställas till framtiden, som är i Guds hand nu blir det ej jag tackar af hjertat Gud som gifvit mig så goda barn måtte han ge en samma glädje på er ålderdom. hälsa dem alla så hjerteligen, Gud vare med er vid slutet af detta år och då dessa rader fram kommer är ren dett nya ingånget och må den gode Guden vara ert beskydd och stöd under dess fortgång och all de kommande som han för unnar er. <!-- skrivet i vänstra marginalen på sid. 4. HK --><seg rend="place_leftMargin">lef väl alla mina kära jag vet att ni ej glömmer farmor</seg></p>
        <postscript><p rend="place_previousPage_leftMargin"> Jag hinner ej nu med pengarna men nästa gång. alt var så bra stor tack.</p></postscript>
      </div>
    </body>
  </text>
</TEI>