﻿<?xml version="1.0" encoding="UTF-8"?>
<TEI xmlns:xsi="http://www.w3.org/2001/XMLSchema-instance" xmlns="http://www.tei-c.org/ns/1.0" xsi:schemaLocation="http://www.tei-c.org/ns/1.0 file:/T:/Instruktioner,%20manualer,%20scheman/TEI-scheman%20(AM)/tei_brevschema.xsd">
  <teiHeader>
    <fileDesc>
      <titleStmt>
        <title>Br1638</title>
        <respStmt>
          <resp>Ansvarig redaktör:</resp>
          <name>Laura Mattsson</name>
        </respStmt>
      </titleStmt>
      <publicationStmt>
        <publisher>Zacharias Topelius Skrifter</publisher>
      </publicationStmt>
      <sourceDesc>
        <p>Arkivsignum: se databas</p>
      </sourceDesc>
    </fileDesc>
    <profileDesc>
      <handNotes>
        <handNote />
        <handNote />
      </handNotes>
    </profileDesc>
  </teiHeader>
  <text>
    <body xml:space="preserve">
      <!-- – ” ’ -->
      <div type="letter">
        <opener><dateline><anchor xml:id="start25107" />d. 19.<anchor xml:id="end25107" /></dateline>
          <salute>Goda <persName corresp="pe10">Emelie</persName>!</salute></opener>
        <p rend="noIndent">Du var mer än snäll som skref till mig ett så långt bref tack därför, och nu tänker jag roa mig med på söndagseftermiddagen att svara därpå så där i allmänhet ty jag har just ej någodt i synnerhet att skrifva om jo väl, om <persName corresp="pe3497">unga Olga</persName> åtminstone som här var mycket omtyckt och till och med fick dansa. jag hörde idag en competent domare yttra sig. vår goda Doctor sade att hon var söt och förde sig utmärkt väl i dansen, men hvad han satte ännu mer värde på så var det att hon såg så god ut. <persName corresp="pe515">Malmberg</persName> gaf ju en liten bal och <persName corresp="pe323">Fanny</persName> sade att <persName corresp="pe3497">Olga</persName> där väckt almän beundran för sitt behagliga väsende. <persName corresp="pe258">Montin</persName> hade suttit med <persName corresp="pe567">Olson</persName> bakom <persName corresp="pe323">Fanny</persName> under en dans de <subst>ha</subst>de hållit loftal för hvar gång hon kom fram på golfvet. jag var i sällskap med henne på en soupée hos <persName corresp="pe527">mamma Lindqvist</persName>, dagen därpå när <persName corresp="pe320">Augusta</persName> hade främmande så var det så ruskit väder att jag blef hem. då ämnade jag dagen därpå ha en liten bjudning men väntade först på en liten visite som ej heller uteblef på fredagsförmiddagen då jag tänkte be dem till afton men <persName corresp="pe25">Ludvig</persName> sade att <persName corresp="pe515">Malmberg</persName> som bäst stälde till bal och dett var naturligt att jag då ej kunde göra anspråk på dem när roligare var i fråga.</p><pb />
        <p>Du skrifver att <persName corresp="pe614">Zache</persName> har så mycket främmande intet tror jag att det vore hjelpt med en motagningsdag i veckan ty resande och alla som ville tala enskilt med honom kom ej den dagen det är säkert och det såge för stort ut för smått folk men om <persName corresp="pe614">Zache</persName> för sin del kunde bestämma en viss timme på dagen men jag vet ej om det går ann ledsamt är det att han blir så hindrad hvad gubben <persName corresp="pe130">Pacius</persName> nu skall vara het om öronen månne ej det varit hans skyldighet att hindra tryckningen, <persName corresp="pe614">Zache</persName> må väl få någodt med honom af inkomsten det vore ju skamlöst eljest. <anchor xml:id="start24278" />Så att <persName corresp="pe203">Snellman</persName> blifvit så firad<anchor xml:id="end24278" /> hå, hå, <persName corresp="pe25">Ludvig</persName> sade att han är hygligare än förr jag vet ej hvad han mente där med <persName corresp="pe25">Ludvig</persName> har  ju altid varit af hans beundrare. hvad skref han om <title corresp="tw146">läseboken</title> i <title corresp="tw1615">Literaturbladet</title> intet lär <add>det</add> ha varit bra efter ni aldrig nämt därom. <persName corresp="pe2">Runeberg</persName> var väl ej heller denna gång hos <persName corresp="pe614">Zachris</persName>?<!-- Ett streck som LM lämnat bort, ha ha--> det skall bli trefligt att få del af de hållna talen om ej förr så i vinter när studenterna far hem till jul <anchor xml:id="start24279" />nå var <persName corresp="pe141">Schauman</persName> <title corresp="tw559">morgonbladet</title> hos er på kalaset, så att ni kom i ett sorts slägtskap med honom.<anchor xml:id="end24279" /> Hvad det är ledsamt att syster <persName corresp="pe140">Augustas</persName> affärer så lämnat på slarf ja det är så dumt att låta nån ann så helt och hållit sköta sitt hus, det är beqv<unclear reason="endline" resp="LM">ämt</unclear> men intet nyttigt man blir till slut sjelf oduglig därtill du skall aldrig kära <persName corresp="pe10">Emelie</persName> ta en tjenare så länge att hon tror sig veta bättre än du, det ser jag på <persName corresp="pe659">Stina</persName> som väl kan svara mig nej hä ska int vara så.</p><pb />
        <p>Ja gulle <persName corresp="pe10">Emelie</persName> nog vore det roligt att komma till er i vinter vi får alt se hur det låter sig göra <persName corresp="272">toini</persName> skulle då få en lek kamrat i Farmor som hade god tid ack vad den pian ligger i mina tankar det är väl att hon ej tycks vara sjuk, hur går det med <anchor xml:id="start25104" />bränningen låter hon det så har hon förändrat sig mycket det blå ögonvatnet<anchor xml:id="end25104" /> innehåller det samma fast svagare kanske hon nu skulle bättre låta badda med det om det fick vara ljumt när vi i vintras gjorde försök därmed så var ögat så sjukt att det vist sved fasligt nu borde det ej vara fallet fråga Doktorn men låter hon bränna så är det väl bäst.</p>
        <opener><dateline>fredag.</dateline></opener>
        <p>Jag hörde i måndags att <persName corresp="pe33">Blank</persName> skref till Zache så brydde jag mig ej om att afskicka detta nu har jag motagit dit bref Zache min tack skall du ha Gud ske lof att ni har hälsan och att barnen frodas, men att <persName corresp="pe10">Emelie</persName> fått ett sådant bråk med <persName corresp="pe140">Augustas</persName> saker det är förtretligt lilla <persName corresp="pe262" correspUncert="Y">Sophie</persName> hon har altid tour att slippa det som är ledsamt. aldrig skulle jag trott att de varit ett sådant slarf sällskap Nej <persName corresp="pe140"><anchor xml:id="start38247" />Augusta</persName> har lämnat alt på <persName corresp="pe324">Jeana<anchor xml:id="end38247" /></persName> så länge att hon sjelf kommit ifrån och nu mer skulle ansett det alt för besvärligt. hvad i all verlden grälade <persName corresp="pe324">Jeana</persName> med pigorna om då det ej var om ordning och skick i huset som brukar vara det som mäst får <anchor xml:id="start25105" />kältas på<anchor xml:id="end25105" />. nog tror jag att <persName corresp="pe140">Augusta</persName> kommer till bakas knapt nog att hon trifs så ensam. <persName corresp="pe324"><anchor xml:id="start38248" />Jeana</persName> stackare är det synd om altid kunde hon få nån plats men hennes högmod ligger i vägen<anchor xml:id="end38248" /> och därföre beklagar jag henne mäst, hon<!-- fortsätter i höger maginal på samma sida --> hon är mycket hos <persName corresp="pe4492">Bergers</persName> frosskänningar lär hon ännu ha har jag hört därför lär hon väl i höstkylan tycka att vägen är lång till <placeName corresp="pl963">Kudnäs</placeName>.</p><pb />
        <p><rs corresp="pe527">din mamma</rs> har varit skral igen dock nu åter bättre hon har sofvit bra nu två nätter och <persName corresp="pe33">Blank</persName> hade träffat henne i dag ute i salen fredags afton satt hon och hela tiden där det var vist en stor glädje för henne att se <persName corresp="pe25">Ludvig</persName> så lycklig men <persName corresp="pe25">Ludvig</persName> har tour lik hvad han företar sig, till och med i giftas.</p>
        <p><persName corresp="pe300">Thilda Dyhr</persName> är rask nog hon var till och med på <persName corresp="pe653">Lybecks</persName> kalas, nog är det bra att de är hem igen men intet må du tro att vi ser hvarken dem eller andra ofta, en gång har <persName corresp="pe658">Dyhrns</persName> varit här och en gång <persName corresp="pe2108">Blanks</persName> sen de kom hem, frumtimmerna, Herrarna <persName corresp="pe33">Blank</persName> och <persName corresp="pe37">Dyhr</persName> de tittar nu in ibland, <persName corresp="pe324">jeana</persName> har varit här en gång och <persName corresp="pe28">Moster Backman</persName> två gånger sen ni for och då bjöd jag dem till middagen för öfrigt inga främmande och du vet hur litet jag går ut ungdomen har roat sig mycket i höst så vida att de dansat flere gånger det var litet k<unclear reason="faded" resp="EK">ö</unclear>steligt att <persName corresp="pe515">Malmberg</persName> stälde till bal just när han fått korgen så att intet bröllop får vi nu heller mer än förr. Nog vore dett bra trefligt om dett blef ångbåtsfart till <placeName corresp="pl35">Alör</placeName> på vist sätt men nog blef det stads lif där. om det bara blefve af så länge jag lefver att jag finge ta emot er där en gång. hvad det vore beqvämare än att skaka efter landsvägen om det aldrig blef billigare.</p><!-- texten i marginalen på denna sida har jag tolkat som postscript till hela brevet, se slutet --><pb />
        <p>Mina Älskade kära, en god måndagsmorgon önskar jag er, måtte denna vecka aflöpa fredligt. i dag väntar ni <subst>icke</subst> bref i från mig, det är säkert, men när jag har någodt som gror innom mig så måste jag lätta mitt bekymmer och säga min<del>a</del> tanke om saken som jag väl gjort många gånger förut måtte jag nu lyckas bättre. Denna inledning är just ej treflig men ni vet nog förut att ämnet ej är det. Tack <persName corresp="pe614">Zache</persName> för dit lilla bref <anchor xml:id="start25068" />du far med lätt hand öfver tidnings grälet<anchor xml:id="end25068" /> och säger att du ej bryr dig där om, nej ser du det kan du ej få mig att tro. jag blef häpen ledsen och ond när jag läste den nedriga upsatsen, vist har jag ansett <title corresp="tw549">Wiborg</title>, som sin före bild <title corresp="tw1518">Saima</title>, för en egen kär öfversittare från hvars dom ingen kan vädja, men en sådan elakhet har jag ändå ej trott den om söta min egen Zache rör ej vidare vid hans spalter eller upsatser man skall ej reta en arg hund, för som sådan anser jag nu <title corresp="tw549">Wiborg</title>, utan gå ett långt stycke förbi den det är mycket klokare, hade du ej kommit fram med hans sämsta mening så hade du sluppit denna nedriga smädelse och hvart leder de anmärkningarna i våra tidn. bara till stickord sällan håller de sig vid sak utan bitterhet och hvad vinner läsarn därpå?<pb /> Gulle Zache gå du din egen väg och låt andra gå sin ty eljest blir det hädan efter bara värre men ej bättre du kan nu väl få mera efter din sista utmaning, jag säger intet där om kan ske det var nödvändigt, det för dömda <title corresp="tw559">morgonbladet</title> och <persName corresp="pe141">Schauman</persName> har lagt grund till detta alt blir du personligt anfallen som denna gång in för allmänheten måste du väl alfvarsamt försvara dig, men ej i sista stund du skall skrifva och sen sofva på saken. men söta Zache häckla ej mer andras åsigter de som läser dem må bedömma dem sjelfva och du kan så väl som de se saker från orätt synpunkt. rör ej heller vid <anchor xml:id="start24955" />det nya bladet<anchor xml:id="end24955" /> ty <persName corresp="pe281" correspUncert="Y">Erström</persName> tror jag nog blir andra <title corresp="tw549">Wiborg</title> jag vet ej men liknar <persName corresp="pe73" correspUncert="Y">Collan</persName> <rs corresp="pe223">sin bror</rs> så är han ej heller den som tål någodt.</p> 
        <p>hör du min älskade <persName corresp="pe10">Emelie</persName> dig ålägger jag som hans goda engel att vaka öfver vår största skatt på jorden, du skall vara hans första censor du skall se till att han ej utsätter <add>sig</add> mer för slika nedrigheter. ty den som ej håller sig vid sak utan till person det är en elak menniskja och den bör man undfly på alt sätt Zachris har ju sitt ren i många år att afunden förföljt hans blad därföre skall du nu bara sköta det och ej bry dig om andras så kanske du får vara i fred.</p><pb /> 
        <p>nu skall jag komma till en annan sak som väl och på sitt sätt hänger i hop med den förra, och det är dina penninge angelägenheter du har nu så stor inkomst men ändå skuld, det är nu för <anchor xml:id="start25106" />resan<anchor xml:id="end25106" /> det vet jag men tänk om du måste lämna tidn. om det blir för svårt så skall du af mindre inkomst kunna betala lofva mig att du blir så hushålls acktig att du <anchor xml:id="start25151" />när du får af <persName corresp="pe506">Bonnier</persName> och snart din lön<anchor xml:id="end25151" /> att du då med ens betalar par hundra <choice><abbr>rub.</abbr><expan resp="EK">rubel</expan></choice> tidn. och dina biförtjenster borde räcka för året, <persName corresp="pe10">Emelie</persName> hjelper dig nog hvad på henne ankommer det vet jag vist, och för vår skull skall ni ej göra nån <anchor xml:id="start25152" />depence<anchor xml:id="end25152" />, vi blir dryga nog när vi ökar hushållet det vore så bra om du kom på den punkt att du kunde, lämna bort hela strunt tidn. som vist gifvit dig mycket pengar men också ledsamheter i mängd. lägg nu mina ord på sinnet och slå dem ej i vädret. omfamna barnen och jag hinner ej mer än säga hur innerligt jag älskar er. Gud vare med er.</p>
        <postscript><!-- i vänster marginal på sid. 4, hör antagligen inte hit. LM -->
          <p rend="place_leftMargin"><persName corresp="pe323">Fanny</persName> ber om sin hälsning till samteliga hon ber äfven <persName corresp="pe10">Emelie</persName> vara god och vid tillfälle skicka de lofvade krag mönsterna ja den <persName corresp="pe323">Fanny</persName> hon är då en mönstersamlerska men hon på<add>står</add> sig behöfva dem. hälsa <persName corresp="pe360">Mamsell Julin</persName> det var ju ledsamt med hennes saker i mitt tycke värre än med hela Järn lasten</p></postscript>
      </div>
    </body>
  </text>
</TEI>