<?xml version='1.0' encoding='UTF-8'?><TEI xmlns:xsi="http://www.w3.org/2001/XMLSchema-instance" xmlns="http://www.tei-c.org/ns/1.0" xsi:schemaLocation="http://www.tei-c.org/ns/1.0 file:/T:/Instruktioner,%20manualer,%20scheman/TEI-scheman%20(AM)/tei_brevschema.xsd">
  <teiHeader>
    <fileDesc>
      <titleStmt>
        <title>Br1634</title>
        <respStmt>
          <resp>Ansvarig redaktör:</resp>
          <name>Laura Mattsson</name>
        </respStmt>
      </titleStmt>
      <publicationStmt>
        <publisher>Zacharias Topelius Skrifter</publisher>
      </publicationStmt>
      <sourceDesc>
        <p>Arkivsignum: se databas</p>
      </sourceDesc>
    </fileDesc>
    <profileDesc>
      <handNotes>
        <handNote medium="black-ink"/>
      </handNotes>
    </profileDesc>
  </teiHeader>
  <text>
    <body xml:space="preserve">
      <!-- – ” ’ æ ½ -->
      <div type="letter">
        <opener>
          <dateline><anchor xml:id="start38487"/>Klagodagens afton.<anchor xml:id="end38487"/></dateline>
          <salute>Min egen älskade kära <rs corresp="pe614">son</rs>!</salute>
        </opener>
        <p rend="noIndent">En den aldravackraste vårdag har vi i dag naturen ser så glad ut fast hela <placeName corresp="pl62">Finland</placeName> klagar. Tack för det kära bref, som kom afton före Sophia dagen, och som var en kär namsdags gåfva. jag <anchor xml:id="start38486"/>satt den dagen under gökträd<anchor xml:id="end38486"/> och blef rikt begåfvad af mina döttrar, främst af <persName corresp="pe10">Emelie</persName> som hon väl sjelf nämner om tack min älskling för det och för pengarna jag fått af <persName corresp="pe10">Emelie</persName>, du får ännu en utgift för mig en ny <anchor xml:id="start24132"/>brandstods afgift<anchor xml:id="end24132"/> igen försumma den ej gulle Zache. <persName corresp="pe272">Toini</persName> pian skraltar litet med <anchor xml:id="start24134"/>ältan<anchor xml:id="end24134"/> och <anchor xml:id="start24133"/>kinkar<anchor xml:id="end24133"/> men springer ändå om kring, den lilla rultan är så näpen <del>när hon</del> när hon trippar så snällt bara hon snart skulle slippa sin frossa vore här så trefligt utom att vi saknar dig vår aldra käraste.</p>
        <p><persName corresp="pe11">Aina</persName> blef snart bra <persName corresp="pe10">Emelie</persName> skrifver väl om hennes namsdag som ej var litet vigtig hon är nu på promenad med de stora flickorna kan tänka.</p>
        <pb/>
        <p>detta får du nu med din guson <persName corresp="pe574">Calle Synnerberg</persName> en hyglig och snäll gosse de skickade bud hit han ville vist ha någodt att föra med sig när han kommer och upvacktar sin gufar han blir mera ung student än gymnasister i allmänhet. <persName corresp="pe10">Emelie</persName> och jag vi funderar hvem din candidat är jag känner ej många men <persName corresp="pe10">Emelie</persName> kan ej heller gissa likgodt bara du får någon. dit bref var så fullt med politik och jag var så intreserad. <anchor xml:id="start24136"/>vi tror att skottet på <persName corresp="pe2115">Napoleon</persName> var bara tillställning<anchor xml:id="end24136"/> som förr hit kom <persName corresp="pe33">Blank</persName> så sade han dett var skada att det ej träffade, så kom <persName corresp="pe37">Dyhrn</persName> och sade det samma men du lär ej få säga bara tänka och bäst är det. du måste litet utgjuta <anchor xml:id="start24137"/>din harm öfver <placeName corresp="pl2561">Wasa</placeName> det lär ej många <placeName corresp="pl2561">Wasa</placeName> bor vetat af <del>den</del> <add>hela saken</add> <persName corresp="pe4035">Stjernvall</persName> lär varit den som bestyrt därom.<anchor xml:id="end24137"/> är det ej någodt stamgods för <persName corresp="pe1112">Wasa slägten</persName> i <placeName corresp="pl332">Sverge</placeName> med namnet Wasa jag vill liksom minnas det?</p>
        <pb/>
        <p>Få se om det bli nån <placeName corresp="pl949">krim</placeName>resa för <persName corresp="pe2115">Napoleon</persName> månne han törs, men kanske han sträfvar sin bane till mötes ingen kan undgå sitt öde. nog lär de väl i <title corresp="tw508">allmänningen</title> leta ut alt hvad som säges mot kriget men det är bra mycket. få se hur länge <placeName corresp="pl2903">Österike</placeName> får hålla kappan jemt tänk om det ginge öfver på <placeName corresp="pl43">rysslands</placeName> sida. men det lär ej vara tänkbart det fasnar väl nu i sina egna falska snaror genom sin dubbelhet tänk om vi får fransoser hit <persName corresp="pe10">Emelie</persName> lär förut nämt om den unga <persName corresp="pe7278">André Skräpskinski</persName> som vi nyss hade hos oss det var en treflig gosse.</p>
        <p>hälsa <persName corresp="pe140">Augusta</persName> jag skall snart skrifva till henne bara jag får veta om <persName corresp="pe995"><anchor xml:id="start24139"/>Kantlinska</persName> affären<anchor xml:id="end24139"/>. hälsa <persName corresp="pe768">Leopolds</persName> och <persName corresp="pe19">Oscar</persName> <persName corresp="pe323">Fanny</persName> är qvar ännu nån tid, bara barnen får vara friska har vi rätt trefligt <persName corresp="pe10">Emelie</persName> är så rask att dett är lust och glädje åt hon är mycket gladare nu än hon förr varit i de omständigheterna, och jag är en lycklig mor ty mina döttrar täflar om att gå mig till handa och det med en hjertlighet som gör mig så godt. Gudvare med dig min egen gosse. och var mån om din hälsa och förtro dig med kropp och själ i guds hand</p>
        <postscript>
          <p rend="place_leftMargin"><!--skrivet i vänstra marginalen på sid. 3-->i från <persName corresp="pe5634">Schalins</persName> har jag ej hört på länge troligen skjuter de opp sin hit resa tills de får höra att du kommit.</p>
        </postscript>
      </div>
    </body>
  </text>
</TEI>