<?xml version='1.0' encoding='UTF-8'?><TEI xmlns:xsi="http://www.w3.org/2001/XMLSchema-instance" xmlns="http://www.tei-c.org/ns/1.0" xsi:schemaLocation="http://www.tei-c.org/ns/1.0 file:/T:/Instruktioner,%20manualer,%20scheman/TEI-scheman%20(AM)/tei_brevschema.xsd">
  <teiHeader>
    <fileDesc>
      <titleStmt>
        <title>Br1621</title>
        <respStmt>
          <resp>Ansvarig redaktör:</resp>
          <name>Laura Mattsson</name>
        </respStmt>
      </titleStmt>
      <publicationStmt>
        <publisher>Zacharias Topelius Skrifter</publisher>
      </publicationStmt>
      <sourceDesc>
        <p>Arkivsignum: se databas</p>
      </sourceDesc>
    </fileDesc>
    <profileDesc>
      <handNotes>
        <handNote medium="black-ink"/>
      </handNotes>
    </profileDesc>
  </teiHeader>
  <text>
    <body xml:space="preserve">
      <!-- – ” ’ æ ½ -->
      <div type="letter">
        <opener>
          <dateline><placeName corresp="pl963">Kudnäs</placeName> d. 14. Dec</dateline>
          <salute>Käraste gulle min <persName corresp="pe614">Zache</persName>! –</salute>
        </opener>
        <p rend="noIndent"><anchor xml:id="start23895"/>Så att du nu är Lector<anchor xml:id="end23895"/> jag viste ej hvad jag skulle önska när jag höll dit bref i handen fort var sigillet brutet och en tår föll på första raderna nu är jag lugn och tror att Gud styrer alt till det bästa. <anchor xml:id="start23896"/>med besvären torde det ej vara så farligt<anchor xml:id="end23896"/> <persName corresp="pe521">Gustaf</persName> som i dag hemkom ifrån <placeName corresp="pl2561">Wasa</placeName> sade att <persName corresp="pe2077">Lilius</persName> skall varit rigtigt ond men hvart kommer han med det. <persName corresp="pe679">Renvall</persName> har tagit gossar i qvarter ännu för nästa termin. nog lär du väl få lof att flytta i augusti ty hur vill du flytta om vintern månne det ej ginge ann att ha tidningen för hela året ändå med Vikarie som om sommar månaderna kanske du fick nån annan än <persName corresp="pe188">Crusell</persName> det vore en hjelp till fattig året, Lectors lön lär vara 480. <choice><abbr>Rub.</abbr><expan resp="EK">Rubel</expan></choice> måtte du få mycket prenumeranter <anchor xml:id="start38464"/>novellen är intresant<anchor xml:id="end38464"/>.<!--Fältskärns berättelser började utkomma i Helsingfors Tidningar 29.10.1851. MD--> jag roade mig åt gubben <persName corresp="pe247">Berger</persName> han var så intreserad han tycktes ha noga reda på 30 åriga kriget men ändå han de <anchor xml:id="start38229"/>Munken<anchor xml:id="end38229"/> han va en <anchor xml:id="start23898"/>karibel<anchor xml:id="end23898"/> <choice><abbr>m. m. d.</abbr><expan resp="EK">med mera dylikt</expan></choice> sade han. nu skall du hushålla och depensera ej mer för <anchor xml:id="start23899"/>flickornas<anchor xml:id="end23899"/> skull utan spara på dina fyrkar att du åtminstone har att flytta med. du har aldrig nämt hur det går med adjunkturerna om de blir indragna. Julen nalkas och jag tycker mig ren fått en god julklapp, våra beställningar är det knappa utsigter om i fall ej <persName corresp="pe2106" correspUncert="Y">Stenroth</persName> är beskedlig var ej onödigt granlaga hvad säger min goda <rs corresp="pe10">svärdotter</rs> om <placeName corresp="pl2561">Wasa</placeName> med gudshjelp skall du äfven trifvas där och äfven göra <placeName corresp="pl2561">Wasa</placeName> trefligt för din gubbe ty har man huslig trefnad så går det nog, Gud gifve er nu en sann fröjde full jul det önskar af hjertat er</p>
        <closer>
          <signed>
            <hi rend="underline">Mamma.</hi>
          </signed>
        </closer>
        <postscript>
          <p>min lilla <persName corresp="pe11">Aina</persName> pia som Farmor ej nämt ett ord till få se huru om jul gubben hälsar på dig om julafton.</p>
        </postscript>
        <postscript>
          <p rend="place_leftMargin"><!--skrivet i vänstra marginalen-->hälsa <persName corresp="pe140">Augusta</persName> med de sina och era flickor i från mig och <persName corresp="pe323">Fanny</persName></p>
        </postscript>
      </div>
    </body>
  </text>
</TEI>