﻿<?xml version="1.0" encoding="UTF-8"?>
<TEI xmlns:xsi="http://www.w3.org/2001/XMLSchema-instance" xmlns="http://www.tei-c.org/ns/1.0" xsi:schemaLocation="http://www.tei-c.org/ns/1.0 file:/T:/Instruktioner,%20manualer,%20scheman/TEI-scheman%20(AM)/tei_brevschema.xsd">
  <teiHeader>
    <fileDesc>
      <titleStmt>
        <title>Br1633</title>
        <respStmt>
          <resp>Ansvarig redaktör:</resp>
          <name>Laura Mattsson</name>
        </respStmt>
      </titleStmt>
      <publicationStmt>
        <publisher>Zacharias Topelius Skrifter</publisher>
      </publicationStmt>
      <sourceDesc>
        <p>Arkivsignum: se databas</p>
      </sourceDesc>
    </fileDesc>
    <profileDesc>
      <handNotes>
        <handNote medium="black-ink" />
      </handNotes>
    </profileDesc>
  </teiHeader>
  <text>
    <body xml:space="preserve">
      <!-- – ” ’ æ ½ -->
      <div type="letter">
        <opener>
          <salute>Gulle <persName corresp="pe614">Zache</persName> min!</salute>
        </opener>
        <p rend="noIndent">hvad skall jag nu säga dig som ej <persName corresp="pe10">Mille</persName> sagt förut att barnen är farmors förtjusning, och äfven bekymmer <persName corresp="pe11">Ainas</persName> frossa var en högst ovälkommen gäst men med Guds hjelp kommer den ej flere gånger i gen hon svänger sig i dag så liflig som förr och liten <persName corresp="pe272">Toini</persName> sen om henne kan ej sägas mer än en sak hon är för söt nog har du bra tomt det är jag säker omfast du ej mycket vill orda därom. <anchor xml:id="start24128" />nå du som tagit till <title corresp="ve241">läseboken<anchor xml:id="end24128" /></title> hjertans stor tack för det jag blef rigtigt glad då jag läste det tråka nu där med i din enslighet så blir du väl belönt när den blir färdig, mot att den nu ligger blytung på dig. nå kriget eller freden jag har klena för hoppningar om fred så länge <persName corresp="pe2115">Napoleon</persName> är den mäst rådande den som med några hundra man tänkte ta in <placeName corresp="pl249">frankrike</placeName> hvad skall han ej tro sig kunna åstadkomma när han commenderar hela <placeName corresp="pl249">Frankrike</placeName> om ej någodt kommer emellan som drar ett stort streck öfver räckningarna så lär vi gudnås ha långt efter fred. men kära Zache jag är rädd för dig där borta om det börjar smälla jag tror du går för nära, men tänk på att du har här så många som är rädd för dig mer än för någodt i verlden du är vår skatt som du nog sjelf vet förut.</p>
        <p>Ser du jag gjorde ej många omvägar att ta pengar af <persName corresp="pe10">Emelie</persName> jag var rakt utan tack kära du när en annan gång så händer skall jag väl säga till men i nästa mån får jag <anchor xml:id="start24130" />halfva hyran från stan<anchor xml:id="end24130" />.</p>
        <pb />
        <p>hälsa till <persName corresp="pe140">Augusta</persName> <persName corresp="pe4310"><anchor xml:id="start24131" />Kantlinska</persName> målet är upskjutet<anchor xml:id="end24131" /> ännu är <persName corresp="pe10">Emelie</persName> ute fast ej ofta hur länge hon må få röra på sig rask och frisk är hon att det är lust och glädje åt, jag har i flere veckor dragits med snufva och <persName corresp="pe323">Fanny</persName> med hosta här är fasligt sjukligt så den som slipper med snufva kan vara nöjd. lef väl min älskling du omfamnas så hjerteligen af din</p>
        <closer>
          <salute>mamma. –</salute>
        </closer>
      </div>
    </body>
  </text>
</TEI>