<?xml version='1.0' encoding='UTF-8'?><TEI xmlns:xsi="http://www.w3.org/2001/XMLSchema-instance" xmlns="http://www.tei-c.org/ns/1.0" xsi:schemaLocation="http://www.tei-c.org/ns/1.0 file:/T:/Instruktioner,%20manualer,%20scheman/TEI-scheman%20(AM)/tei_brevschema.xsd">
  <teiHeader>
    <fileDesc>
      <titleStmt>
        <title>Br1646</title>
        <respStmt>
          <resp>Ansvarig redaktör:</resp>
          <name>Laura Mattsson</name>
        </respStmt>
      </titleStmt>
      <publicationStmt>
        <publisher>Zacharias Topelius Skrifter</publisher>
      </publicationStmt>
      <sourceDesc>
        <p>Arkivsignum: se databas</p>
      </sourceDesc>
    </fileDesc>
    <profileDesc>
      <handNotes>
        <handNote medium="black-ink"/>
      </handNotes>
    </profileDesc>
  </teiHeader>
  <text>
    <body xml:space="preserve">
      <!-- – ” ’ æ ½ -->
      <div type="letter">
        <opener>
          <dateline><placeName corresp="pl739">Kaskö</placeName> d. 15 Jan 1859.</dateline>
          <salute>Älskade kära stora och små!</salute>
        </opener>
        <p rend="noIndent">Ännu har jag ej skrifvit en rad till er på detta år ehuru ni fått ett fjolgammalt, således säger jag än en gång godt nytt år kära barn Guds välsignelse och frid vare med er. hjertlig tack för era bref det är här för alla en liten hög tid när de kommer, bra har jag mått denna tiden, nog lär jag dröja här till början på Feb. men till <placeName corresp="pl399">Helsingfors</placeName> kan ej bli nån färd af i vinter kommer jag mer i verlden att göra en sådan resa så intet blir det denna vägen den var så besvärlig och så vill jag då vara hela tiden hos er då liksom nu här det ser ut att bli en snölös vinter i år så att det ej är värdt att räkna på <anchor xml:id="start26218"/>före<anchor xml:id="end26218"/> i mars månad lefver vi så får vi ju träffas i sommar igen <anchor xml:id="start26215"/>i går var en eldsvåda i <placeName corresp="pl951">Christine stad<anchor xml:id="end26215"/></placeName> som <persName corresp="pe54">Schalin</persName> i hast skrifver om, Gud var nådig emot dem att stormen uphört<pb/> eljest hade det nog blifvit en dylik brasa som hos oss, det blåste här förskräckligt i flere dagar men just natten mot i går blef det aldeles lugnt, här sades ren att hela staden låg i aska, gårdagen ehuru <persName corresp="pe614">Zaches</persName> mins födelse dag var högst otreflig innan <persName corresp="pe5634">Schalins</persName> kom hem från <placeName corresp="pl951">Christina</placeName>, vår egen belägenhet i fjol låg hela dagen för mig och de nu husvillas öde tillika. <persName corresp="pe323">Fanny</persName> for nyårs afton till <placeName corresp="pl744">kauhajokki</placeName> där hon ännu är men kommer troligen hit i slutet på veckan hon skrifver att <rs corresp="pe2124">Farmor</rs> mäst ligger och är så minnes lös att hon gör samma frågor ouphörligt bland annat af <persName corresp="pe323">Fanny</persName> hvarifrån är främmandet hemma. <persName corresp="pe20">Selma</persName> lär nog få pröfva sitt tålamod stackars flicka så jag ser gärna att <persName corresp="pe323">Fanny</persName> dröjer hos henne. <placeName corresp="pl1512">Nycarleby</placeName>boar har vi sett många här i anledning af deras fartyg som vintrat här<pb/> <persName corresp="pe37">Albert</persName> och <persName corresp="pe245">Sundström</persName> dröjde hela veckan och nu sen var <persName corresp="pe92">Grundfelt</persName> de andra har jag ej träffat, jo <persName corresp="pe2126">Svahn</persName> af <persName corresp="pe28">moster nena</persName> har jag haft bref hon är mit om bud på stället genom henne får jag veta hur det går där hemma. nå nu har väl all jul gran låt blifvit skrin lagd för piorna och litet gammalmodiga och stora syster lär väl börja med lexorna i gen, nog vore det roligt att än engång få jula med er men när man står på grafvens brädd är det ej värdt att tänka så långt fram åt. <persName corresp="pe284">Lina Borgström</persName> har väl nu passerat norr ut månne hon ej hvilat litet på <placeName corresp="pl963">Kudnäs</placeName> hos <persName corresp="pe107">Hildegard</persName> eller snarare stadnade hon väl hos <persName corresp="pe653">Lybecks</persName>.</p>
        <p>och <persName corresp="pe544">Thilda Barck</persName> är nu förmodeligen i brud brådska <persName corresp="pe2123">Fru Bark</persName> har gråtit när hon talt med <persName corresp="pe323">Fanny</persName> därom och sagt hur svårt det skall bli att släppa <persName corresp="pe544">Thilda</persName> i från sig.</p>
        <pb/>
        <p>nog tror jag de häldre sett att det varit en af de äldre bröderna. hälsa nu hjertligt mina små älsklingar, de små som tultar om kring mig här på minner mig jemt om dem, <persName corresp="pe555">Emmi</persName> är en rask flicka och <persName corresp="pe556">Zache</persName> en ostyrig pojke och lilla <persName corresp="pe558">Thilda</persName> så tjock och fet och stor och förståndig men talar litet så nog har jag sällskap här och ständigt vill de höra sagor eller och mormor berätta om <persName corresp="pe272">Toini</persName> och <persName corresp="pe13">Eva</persName>, <persName corresp="pe11">Aina</persName> hon är ett ljus för dem, gör, eller har <persName corresp="pe11">Aina</persName> sagt, det och en fröjd när det talas om sommarn då de skall få träffas då kommer ofta en tår i <rs corresp="pe262">Mammas</rs> öga vid minnet af <rs corresp="pe553">den hädan gångne</rs> som och så mycket längtade därefter. hjerteliga hälsningar nu till alla slägtingar i gemen och hvar och en i synnerhet och så slutar jag med att hjertligt om famna er alla och be er snart skrifva och glädja oss alla och mäst Farmor.</p>
        <closer>
          <salute>Gud vare med er.</salute>
        </closer>
      </div>
    </body>
  </text>
</TEI>