<?xml version='1.0' encoding='UTF-8'?><TEI xmlns:xsi="http://www.w3.org/2001/XMLSchema-instance" xmlns="http://www.tei-c.org/ns/1.0" xsi:schemaLocation="http://www.tei-c.org/ns/1.0 file:/T:/Instruktioner,%20manualer,%20scheman/TEI-scheman%20(AM)/tei_brevschema.xsd">
  <teiHeader>
    <fileDesc>
      <titleStmt>
        <title>Br1625</title>
        <respStmt>
          <resp>Ansvarig redaktör:</resp>
          <name>Laura Mattsson</name>
        </respStmt>
      </titleStmt>
      <publicationStmt>
        <publisher>Zacharias Topelius Skrifter</publisher>
      </publicationStmt>
      <sourceDesc>
        <p>Arkivsignum: se databas</p>
      </sourceDesc>
    </fileDesc>
    <profileDesc>
      <handNotes>
        <handNote medium="black-ink"/>
      </handNotes>
    </profileDesc>
  </teiHeader>
  <text>
    <body xml:space="preserve">
      <!-- – ” ’ æ ½ -->
      <div type="letter">
        <opener>
          <dateline><anchor xml:id="start38468"/>Fredag<anchor xml:id="end38468"/></dateline>
          <salute>Gulle <persName corresp="pe614">Zache</persName> min!</salute>
        </opener>
        <p rend="noIndent">Hur står det till vid <add>detta</add> laget hos er? denna fråga kommer i dag ouphörligt för mig sen jag fick del af <persName corresp="pe33">Blanks</persName> bref, m<subst><del>i</del><add>e</add></subst>n min innerliga förtröstan på guds nåd svarar att alt står väl till och jag omfamnar så hjertligt i tankarna <persName corresp="pe10"><anchor xml:id="start23930"/>Emelie</persName> och <rs corresp="pe272">den lilla<anchor xml:id="end23930"/></rs>, och hvad jag nu längtar efter nästa post, bara nu <persName corresp="pe10">Emelie</persName> i denna bullersamma tid kan få vara så ostörd som sig bör ser till kära Zache att hon bråkar sig ej med prat och annat bestyr om och hushållet litet går vind för våg par tre veckor så hjelper det ej <anchor xml:id="start23931"/>krigsbestyren<anchor xml:id="end23931"/> må nu ej nu ren göra omak <anchor xml:id="start23932"/>men kanske glädje rop och hurra låter henne ej vara i fred<anchor xml:id="end23932"/>, ja gud låte nu alt vara på rätt och ett friskt och lefvande barn vara i <persName corresp="pe10">Emelies</persName> famn onsdags afton kom jag hem <persName corresp="pe262"><anchor xml:id="start23933"/>Sophie</persName> och lilla <persName corresp="pe556">Zache<anchor xml:id="end23933"/></persName> mådde bra men <persName corresp="pe262">Sophie</persName> hade dagarna förut en svår mjölkprosess med hufvudvärk ni har väl af <persName corresp="pe33">Blank</persName> hört af <persName corresp="pe300">Thilda Dyhrs</persName> sjukdom vist är hon någodt bättre men nu plågar henne hostan hennes sjukdom har verkat mycket på <persName corresp="pe37">Albert</persName> han ser så dyster och bedröfvad ut.</p>
        <p>Den dagen du skref till <persName corresp="pe33">Blank</persName> var j<unclear reason="writing" resp="EK">u</unclear><!-- ju? HK --> för dig svår och bekymmersam att författa ett så magt på liggande document just då det käraste du ägde var i fråga hur gick du ut med det</p>
        <pb/>
        <p>hvad kriget nu utgör menniskjornas alt i allom i <placeName corresp="pl739">Kaskö</placeName> var de just ej väl till mods <persName corresp="pe54">Wilhelm</persName> har blifvit stor politiker och studerar alla tidningar och funderar hvart han skall skicka de sina om <placeName corresp="pl739">Kaskö</placeName> kommer i fråga här lär väl ändå vara bättre, och ni kommer ju hit bara <persName corresp="pe10">Emelie</persName> blir frisk ingen stans är väl sämre än i en belägrad stad – ja bara vår snälla <persName corresp="pe10">Mille</persName> nu blefve rigtigt rask efter denna sin färd denna tanke ut tränger nu krig och alt annat. <persName corresp="pe323">Fanny</persName> var till <persName corresp="pe527">mamma Lindqvist</persName> men ingen ville skrifva i dag de bara hälsade, <persName corresp="pe653">Lybecks</persName> kom hem onsdags afton och är friska <persName corresp="pe323">Fanny</persName> kom för en vecka sen från <placeName corresp="pl2464">Uleåborg</placeName> efter att ha tillbragt två veckor på vägen med <persName corresp="pe7227">Fru Hilden</persName>. hon hälsar mycket. jag skall nu ej prata mer om mina obetydliga funderingar i denna vigtiga tid då dina tankar och din tid är så uptagen af stora ting, men alt hvad jag nu har att tillägga är, sköt väl om gumman din att vi får henne snart frisk, jag kan ej annat än be Gud för er kära barn.</p>
        <p>det vore roligt att få se hur beskäftigt <persName corresp="pe11">Aina</persName> skall pyssla med den lilla få se om ej dockorna kommer i vrån <persName corresp="pe555">Emm<subst><del>i</del><add>y</add></subst> Schalin</persName> funderade på hur Jesus hade så mycke barn att han kan skicka åt alla som vill ha. hälsa <persName corresp="pe11">Aina</persName> pian och hennes mamma mycket mycket i från</p>
        <closer>
          <signed>
            <hi rend="underline">farmor.</hi>
          </signed>
        </closer>
      </div>
    </body>
  </text>
</TEI>