<?xml version='1.0' encoding='UTF-8'?><TEI xmlns:xsi="http://www.w3.org/2001/XMLSchema-instance" xmlns="http://www.tei-c.org/ns/1.0" xsi:schemaLocation="http://www.tei-c.org/ns/1.0 file:/T:/Instruktioner,%20manualer,%20scheman/TEI-scheman%20(AM)/tei_brevschema.xsd">
  <teiHeader>
    <fileDesc>
      <titleStmt>
        <title>Br1631</title>
        <respStmt>
          <resp>Ansvarig redaktör:</resp>
          <name>Laura Mattsson</name>
        </respStmt>
      </titleStmt>
      <publicationStmt>
        <publisher>Zacharias Topelius Skrifter</publisher>
      </publicationStmt>
      <sourceDesc>
        <p>Arkivsignum: se databas</p>
      </sourceDesc>
    </fileDesc>
    <profileDesc>
      <handNotes>
        <handNote medium="black-ink"/>
      </handNotes>
    </profileDesc>
  </teiHeader>
  <text>
    <body xml:space="preserve">
      <!-- – ” ’ æ ½ -->
      <div type="letter">
        <opener>
          <dateline><anchor xml:id="start38473"/>fredag<anchor xml:id="end38473"/></dateline>
          <salute>Goda kära barn!</salute>
        </opener>
        <p rend="noIndent">En kort tid af några postdagar sen jag sist skref till er och denna korta tid har med fört så verldsvigtiga tilldragelser få se hvad fram tiden i följd däraf bär i sitt sköte. jag ser på <title corresp="tw508">allmänningen</title> att att <rs corresp="pe964"><anchor xml:id="start24080"/>kejsarns</rs> död<anchor xml:id="end24080"/> väckt stor sorg hos kejserliga famillen i <placeName corresp="pl2935">Wien</placeName>, måtte samvetet rätt skarpt påminna den <rs corresp="pe2102">Kejsarn</rs> om hans upförande mot den hädangångne.</p>
        <p>här har varit allehanda ryckten om tumult i <placeName corresp="pl1957">Pettersburg</placeName> måtte det alt vara osanning <persName corresp="pe323">Fanny</persName> var inne hos <persName corresp="pe2109">Fru Etholén</persName> i dag hon hade läst opp bref som nyss kommit från <persName corresp="pe84">Selma</persName>, men ingenting oroligt. jag vet ej om du skrifvit till <persName corresp="pe33">Blank</persName> jag har ej träffat någon från stan än i dag. här är så sjukligt att <persName corresp="pe33">Blank</persName> har fullt arbete <persName corresp="pe323">Fanny</persName> har dragits med tandverk eljest har vi varit friska gudske lof. <anchor xml:id="start24122"/>Nå kära <persName corresp="pe10">Emelie</persName> hjertans välkommen med barn och blomma litet synd är det väl med gubben din men han får väl lof att hjelpa sig<anchor xml:id="end24122"/> bara han är försigtig om sin hälsa i dessa sjukliga tider vi skall väl här bjuda till att pyssla om dig på bästa vis, få se hur det går med slädföret<pb/> skall du ha <persName corresp="pe530">charlott</persName> med dig? ni skrifver båda om betalning nog skulle det göra mig ondt att ej kunna ha mina kära barn hos mig utan betalning, men det kan vist hända att jag i dessa dyra tider kommer i trångmål och då skall jag väl säga till. i synnerhet som jag ej lär kunna begära hyra af staden för än årets slut, och jag altid förut burit opp halfva hyran i <choice><abbr>Ap.</abbr><expan resp="EK">April</expan></choice> jag känner det också nu när <anchor xml:id="start24124"/>kronoutlagorna<anchor xml:id="end24124"/> kommer i nästa vecka att jag saknar hyran. nu skall jag ren dra litet på förhand min frö nota som jag utan krus skickar blom frön är ej opptagna dem har du lofvat bestyra om, valmo har vi tillräckligt och nejlickor, men glöm ej löfkojor och reseda och hvilka andra vackra blommor du kan få. <add place="leftMargin" type="noAnchor"><persName corresp="pe323">Fanny</persName> ber mig på minna om <anchor xml:id="start39175"/>georgin<anchor xml:id="end39175"/> frön</add> ledsamt blir det emedlertid för dig om du skall stängas inn hela den vackra våren då måste du så mycket mer ha blommor framför fönsterna och att ta inn i rummen. <persName corresp="pe7183">Falks</persName> är väl nu som bäst i <placeName corresp="pl399">Helsingfors</placeName> med dem eller <persName corresp="pe92">Grundfelt</persName> får jag väl frön men det är sant du kan väl ta dem sjelf. i morgon går <persName corresp="pe4085">Etholéns</persName> bataljon här i från till <placeName corresp="pl399">Helsingfors</placeName> <anchor xml:id="start24123"/>han sjelf med Fru far om söndag<anchor xml:id="end24123"/> särdeles väl har vi befunnit<pb/> oss med hvarandra och jag måste säga att de varit bra hygliga artiga och vänliga utan krus ofta har de bett oss inn på thé och i lördags <persName corresp="pe84">Selmas</persName> födelse dag var vi där till middag. fet tisdagen åt de middag inn hos oss några visiter har de gjort till <persName corresp="pe258">Montins</persName> och <persName corresp="pe2108">Blanks</persName> har de varit bjudna hos <persName corresp="pe2108">Blanks</persName> frågade Överstinnan om <persName corresp="pe320">Augusta Lybeck</persName> var där de var ej hem å nån sida då det visiterades. när <persName corresp="pe320">Augusta</persName> kom i närheten presenterade jag dem för hvarandra. få se nu hvad vi få för sorts folk hit. måtte vi få fred att hvar och en må dra till sitt förra i gen.</p>
        <p>jag har aldrig hört om du fått nån hjelpare till tidningen. intet märks det få se om du får nån till sommarn att du slipper hem få se. har <persName corresp="pe203">Snellman</persName> ätit opp <title corresp="ve317">regina</title> i <title corresp="tw1615">Literaturbladet</title>? du skref ej därom nu har du väl vunnit dig en vacker tafla för alt dit besvär med konstföreningen? nu ville jag vara i <placeName corresp="pl399">Helsingfors</placeName> för att vara nyheterna närmare men säg att de hade underrättelse om <rs corresp="pe964">kejsarns</rs> död <del>dagen där</del> samma dag är det möjligt månne ej Fransosen fick ett stygn i hjertat <unclear reason="overwritten" resp="MD">med</unclear> tanken på möjligheten af sin egen hädanfärd du har väl läst den lilla strö skriften <title corresp="ve1633">ett ord i sinom tid</title> man säger at <persName corresp="pe105">Ingman</persName> han målar ut Fra<add>n</add>soserna som de förtjena.</p>
        <pb/>
        <p>lilla <persName corresp="pe272">Mathildas</persName> födelse och namsdag var ej som i fjol en jubel dag. men har hon och ni alla hälsan skall vi tacka gud.</p>
        <p>hvad <persName corresp="pe11">Aina</persName> pian skall vara stor och hur roligt att träffa henne och er alla, <persName corresp="pe553">Wilhelm</persName> är utom sig sen han fick höra att <persName corresp="pe11">Aina</persName> kommer längtan har så gripit honom att jag tror alla hans tankar rör sig kring henne han har ett högt begrepp om <persName corresp="pe11">Aina</persName> hälsa barnen hjertligt från Farmor. ni torde väl äfven med samma post fått bref från nån stads bo eljest var stora <persName corresp="pe24">Fanny</persName> i går hos <persName corresp="pe653">Lybecks</persName> och träffade där <persName corresp="pe527">mamma Lindqvist</persName> och <persName corresp="pe119">Lotta</persName> <persName corresp="pe4446">Fannorna</persName> hälsar mycket och jag omfamnar er mina kära hjerteligen. hälsa till <persName corresp="pe140">Augusta</persName> hur är det med <persName corresp="pe139">Carl</persName>? hälsa äfven <persName corresp="pe768">Leopolds</persName> och <persName corresp="pe19">Oscar</persName>.</p>
        <closer>
          <salute>lef väl.</salute>
        </closer>
      </div>
    </body>
  </text>
</TEI>