<?xml version='1.0' encoding='UTF-8'?><TEI xmlns:xsi="http://www.w3.org/2001/XMLSchema-instance" xmlns="http://www.tei-c.org/ns/1.0" xsi:schemaLocation="http://www.tei-c.org/ns/1.0 file:/T:/Instruktioner,%20manualer,%20scheman/TEI-scheman%20(AM)/tei_brevschema.xsd">
  <teiHeader>
    <fileDesc>
      <titleStmt>
        <title>Br1643</title>
        <respStmt>
          <resp>Ansvarig redaktör:</resp>
          <name>Laura Mattsson</name>
        </respStmt>
      </titleStmt>
      <publicationStmt>
        <publisher>Zacharias Topelius Skrifter</publisher>
      </publicationStmt>
      <sourceDesc>
        <p>Arkivsignum: se databas</p>
      </sourceDesc>
    </fileDesc>
    <profileDesc>
      <handNotes>
        <handNote/>
        <handNote/>
      </handNotes>
    </profileDesc>
  </teiHeader>
  <text>
    <body xml:space="preserve">
      <!-- – ” ’ -->
      <div type="letter">
        <opener>
        <dateline>d. 7. maj</dateline>
        <salute>Mina kära</salute>
        </opener>
        <p rend="noIndent">Intet för dett jag har mycket att skrifva om, men jag glömde sist att nämna om <anchor xml:id="start25955"/>tacksamhets affären<anchor xml:id="end25955"/> <persName corresp="pe37">Albert</persName> har sagt åt <persName corresp="pe258">Montin</persName> därom och han hade svarat nog skall det bli men dett har ännu postdagligen kommit litet <persName corresp="pe614">Topelius</persName> har också skrifvit därom. men nu är <persName corresp="pe258">Montin</persName> och begrafvar <rs corresp="pe7329">Svärfar</rs> så blir dett väl när han kommer hem.</p>
        <p>Tack goda <persName corresp="pe10">Emelie</persName> för spetsarna och fröna du nämde ej priset jag är nu i stor skuld hos dig. spetsarna var så utmärkt bra troligen och ingalunda så billiga. <persName corresp="pe323">Fanny</persName> hälsar och tackar för fröna de är i dag satta i drifbänk. Hur är det med vår lilla <persName corresp="pe273">Zache</persName> det är ju bedröfligt med barnet stackare hvarför baddas han? och i bland med varmt och i bland kallt har ni försökt att hålla opp nån vecka med all medecin dett oroar mig så mycket hvad sen er som jemt skall se honom lida jag tänker så mycket på er om dagarna så jag drömmer om er ofta, äfven sista natten.</p>
        <p>som jag sist skref, var försigtig med <rs corresp="pe3395">små flickornas</rs> promenader under <anchor xml:id="start26102"/>käl lossningen<anchor xml:id="end26102"/> ty frossan tål ej mycket för än den återkommer. vi har nu vackra dagar och isen är ren vid <placeName corresp="pl2400">thorsön</placeName>. men de jemnar sig för sjöfarten och dess dåliga utsigter.<pb/></p>
        <p><persName corresp="pe33">Blank</persName> kom hem i dag från staden så sade han att <persName corresp="pe92">Grundfelt</persName> skickar till dig en upsats <anchor xml:id="start25956"/>mot insändarn i <title corresp="tw549">Wiborg<anchor xml:id="end25956"/></title> <persName corresp="pe33">Blank</persName> sade knapt tror jag att <persName corresp="pe614">Zachris</persName> tar in den alls, och kära du om den är af den art att framkalla ännu mera dumheter så låt för all del bli att ta inn den i tidningen nog ser det ut som vi skulle få tidig sommar en får skock och en stackars häst gick här nyss nästa vecka har vi <persName corresp="pe119">Charlåtta</persName> och <persName corresp="pe262">Sophia</persName> i huset den som då kunde blåsa åt er ett dussin struvor jag skref i måndags till <persName corresp="pe140">Augusta</persName> och nämde äfven om hon kunde betala till <persName corresp="pe158">Thunberg</persName> men det lär hon väl ej kunna nu få se hvad hon svarar <persName corresp="pe6776">Granholms</persName> får nu så trefligt och nätt hos <persName corresp="pe504">Hellstrands</persName> tillockmed utvändigt, <persName corresp="pe37">Albert</persName> får för sommarn hyra hos dem en liten vinds kammare för sin bod betjening så att <persName corresp="pe614"><anchor xml:id="start25957"/>Zache</persName> min får ensam ha vår sal till säng kammare,<anchor xml:id="end25957"/> men i år skall vi vara mycket på <placeName corresp="pl402">majniemi</placeName> jag med fast där är ännu mera trångt men vi skall bo på vinden nog bjuder <persName corresp="pe37">Albert</persName> ut sin stuga men de vore att hålla gästgiverie men tyst där om jag sade att du har dit fiskvatn på <placeName corresp="pl402">Majniemi</placeName> sidan så det passar bättre att bo där. jag sade åt <persName corresp="pe33">Blank</persName> ta nu <persName corresp="pe658">Dyhrns</persName> rum för sommarn<pb/> han svarte ja för nångång kan det så vara jag glömde när jag skref om <persName corresp="pe37"><anchor xml:id="start25958"/>Alberts</persName> boupteckning<anchor xml:id="end25958"/> att säga att skulderna ej var afdragna så att behållningen kan bli ungefär 20,000 <choice><abbr>Rub.</abbr><expan resp="EK">Rubel</expan></choice> han är bra nu men intet bygnads bestyr har han ännu så att nog lär de komma att bo här nästa vinter ännu troligen får vi behålla <persName corresp="pe2085">Blanks</persName> med ty jag ser ej hvar han skall få mera rum särdeles fryntlig och förnöjd är han bygga skall han det är säkert.</p>
        <p><persName corresp="pe7338">Högdals</persName> och <persName corresp="pe7337">Wesslins</persName> tvist var före vid tinget i går, men blef upskof i målet <persName corresp="pe7337"><anchor xml:id="start25959"/>Wesslin</persName> vill på alfvare laga i från sig den svåra beskylningen<anchor xml:id="end25959"/> allmänna tron börjar och bli den att han är oskyldig. fisk förs nu inn dageligen.</p>
        <p>så du nu igen skrifver <anchor xml:id="start25960"/>ett lust spel<anchor xml:id="end25960"/> kära <persName corresp="pe614">Zache</persName> du kan minsann behöfva muntra opp dig med någodt roligt. du har samlat på dig så mycket prosaiskt och tråkit arbete så dett vore ej underligt om din poetiska ådra aldeles torkade i hop – <anchor xml:id="start38544"/>har du hört något af <title corresp="ve379">K. C. jagt</title>?<anchor xml:id="end38544"/></p>
        <p>efter hvad <persName corresp="pe51">Emma Nyberg</persName> säger så skall <persName corresp="pe11">Aina</persName> få skollof ren den sista Maj då kommer ni tidigt Gud låte lilla <persName corresp="pe273">Zache</persName> <foreign xml:lang="fin"><anchor xml:id="start25954"/>rukka<anchor xml:id="end25954"/></foreign> bli frisk till dess att ni alla friska och sunda må anlända till <placeName corresp="pl963">Kudnäs</placeName> och där mötas af hjertliga omfamningar af <rs corresp="pe14">Farmor</rs> och välkomnas af vännerna. hälsa mina små gryn från mig och flickorna. </p>
        <closer>
        <salute>Gud vare med er.</salute>
        </closer>
      <postscript><p>Aldrig nämner ni någodt om <persName corresp="pe476">Carl</persName> och <persName corresp="pe161">Jenny</persName> och <persName corresp="pe521">Gustaf Turdin</persName> hälsa dem.</p></postscript>
      </div>
    </body>
  </text>
</TEI>