<?xml version='1.0' encoding='UTF-8'?><TEI xmlns:xsi="http://www.w3.org/2001/XMLSchema-instance" xmlns="http://www.tei-c.org/ns/1.0" xsi:schemaLocation="http://www.tei-c.org/ns/1.0 file:/T:/Instruktioner,%20manualer,%20scheman/TEI-scheman%20(AM)/tei_brevschema.xsd">
  <teiHeader>
    <fileDesc>
      <titleStmt>
        <title>Br1619</title>
        <respStmt>
          <resp>Ansvarig redaktör:</resp>
          <name>Laura Mattsson</name>
        </respStmt>
      </titleStmt>
      <publicationStmt>
        <publisher>Zacharias Topelius Skrifter</publisher>
      </publicationStmt>
      <sourceDesc>
        <p>Arkivsignum: se databas</p>
      </sourceDesc>
    </fileDesc>
    <profileDesc>
      <handNotes>
        <handNote medium="black-ink"/>
      </handNotes>
    </profileDesc>
  </teiHeader>
  <text>
    <body xml:space="preserve">
      <!-- – ” ’ æ ½ -->
      <div type="letter">
        <opener>
          <dateline><placeName corresp="pl963">Kudnäs</placeName> <anchor xml:id="start23875"/>d. 20. Ocht<anchor xml:id="end23875"/></dateline>
        </opener>
        <p rend="noIndent">Med små herrskapet <persName corresp="pe656" correspUncert="Y">Borgströms</persName> afsände jag ett bylte kläder så att nu är det blott bomullsstrumpor och <persName corresp="pe11"><anchor xml:id="start23876"/>Ainas</persName> dockor som är qvar<anchor xml:id="end23876"/> af hvad som var i påsen när jag hörde att möjligen rum varit för mer så lagade jag äfven i hop det, och en bytta färsk sik romm men det kom för sent de hade farit sin väg <anchor xml:id="start23877"/>noten<anchor xml:id="end23877"/> är dålig i år som alt sik fiske de får obetydligt på sina nät och ingen sitter i <placeName corresp="pl4700">ragnörn</placeName>. det är en gammal <anchor xml:id="start38462"/>säga<anchor xml:id="end38462"/> att när det fräter om fiskvatn så up hör fisken att gå där, och så tycks det nu äfven vara fallet här, men nästa år skall vi hoppas att det blir bättre. tack för sista brefvet, Gud ge er hälsa och trefnad i <anchor xml:id="start23878"/>er nya boning<anchor xml:id="end23878"/>, liten förtret var det att börja medfå <anchor xml:id="start23879"/>sockerskrinet bortstals jag såg det på tidningen<anchor xml:id="end23879"/> det lär väl knapt åter komma nå hur står <persName corresp="pe10">Emelie</persName> på sig med sina ungdomar nu har ni väl dem alla i ordning d. 13. firade <persName corresp="pe39">Falk</persName> sitt fylda 50<hi rend="raised">de</hi> år med pomp och ståt och mångfärgade lycktor och bloss men <persName corresp="pe323">Fanny</persName> beskrifver väl för <persName corresp="pe107">Hildegard</persName> kan jag tro att det räckte för en del till kl. 8. på morgonen vi som gick först bort kl. 3.</p>
        <p><persName corresp="pe344">Marie Enegren</persName> bad mig hälsa så mycket till er äfven <persName corresp="pe231">herr Uno</persName> som talte länge med mig och sade att de så bestämt väntat Zachris till <placeName corresp="pl2157">Stockholm</placeName> i somras och så <anchor xml:id="start23874"/>talte han om den lycka din pjes gjort<anchor xml:id="end23874"/> och att den var för träfflig ett så väl valt ämne, som så litet för ut blifvit arbetat och så väl utfört. så kom vi på <anchor xml:id="start37631"/><unclear reason="damage" resp="EK">ur</unclear> lifvets strid<anchor xml:id="end37631"/>, ja sade han där är ett grant språk och många vackra tankar men sjelfva pjesen är som ett barn skulle skrifvit den. ni reser väl i vinter till <placeName corresp="pl399">Helsingfors</placeName> frågade jag, nej det är för lång väg att resa 100 mil för att roa sig sade han det går ej ann. han är ej så öppen hjertig som <persName corresp="pe2016">mamma Hammarin</persName>. nu har vi ett grymt slask att det ej är att tänka på stads färder ej heller jag på två veckor varit där men alla hörs må bra.</p>
        <p><anchor xml:id="start38463"/>när du får höra hur det låter i <placeName corresp="pl2735">Åbo<anchor xml:id="end38463"/></placeName> så låt höra det är bra roligt att du helst börjar finna dig vid tanken på möjlig flyttning. ännu intet ord om min lilla pia hvad sysslar du med käraste <persName corresp="pe11">Aina</persName> om dagarna inga lunda skräpar du nu mer i rummen sen du blifvit så stor utan tvärtom så hjelper du vist <rs corresp="pe10">mamma</rs> att ställa alt i ordning vet du att jag drömde i natt att du föll ner för bro trappa och jag blef så rädd att jag vaknade, ackta dig min pia lilla. hälsa <persName corresp="pe140">Augusta Rosenkampff</persName> och hennes barn, och <persName corresp="pe768">Leopolds</persName>, och <persName corresp="pe107">Hildegard</persName> <persName corresp="pe41">Granholm</persName> var särdeles missnöjd att ej träffa henne här få se om han ej kommer flygandes till <placeName corresp="pl399">Helsingfors</placeName> i vinter.</p>
        <p><persName corresp="pe7197" correspUncert="Y">fru Gumerus</persName> har jag sett sen jag sist skref och heller intet hört hur hon befinner sig. få se hur ni får reda på detta. Gud vare med er och glöm ej er</p>
        <closer>
          <signed>mamma.</signed>
        </closer>
      </div>
    </body>
  </text>
</TEI>