﻿<?xml version="1.0" encoding="UTF-8"?>
<TEI xmlns:xsi="http://www.w3.org/2001/XMLSchema-instance" xmlns="http://www.tei-c.org/ns/1.0" xsi:schemaLocation="http://www.tei-c.org/ns/1.0 file:/T:/Instruktioner,%20manualer,%20scheman/TEI-scheman%20(AM)/tei_brevschema.xsd">
  <teiHeader>
    <fileDesc>
      <titleStmt>
        <title>Br1620</title>
        <respStmt>
          <resp>Ansvarig redaktör:</resp>
          <name>Laura Mattsson</name>
        </respStmt>
      </titleStmt>
      <publicationStmt>
        <publisher>Zacharias Topelius Skrifter</publisher>
      </publicationStmt>
      <sourceDesc>
        <p>Arkivsignum: se databas</p>
      </sourceDesc>
    </fileDesc>
    <profileDesc>
      <handNotes>
        <handNote medium="black-ink" />
      </handNotes>
    </profileDesc>
  </teiHeader>
  <text>
    <body xml:space="preserve">
      <!-- – ” ’ æ ½ -->
      <div type="letter">
        <opener>
          <dateline><placeName corresp="pl963">Kudnäs</placeName> d. 23. nov.</dateline>
          <salute>Kära barn.</salute>
        </opener>
        <p rend="noIndent">Dageligen har jag väntat att få höra någodt om <placeName corresp="pl2561"><anchor xml:id="start23884" />Wasa</placeName> affären<anchor xml:id="end23884" /> och ämnade jag ej skrifva förr, men det blir för långt att vänta, och jag har behof af att alt emellan åt litet få språka med er jag mins ej om jag skrifvit sen jag fick <persName corresp="pe10">Emelies</persName> kärkomna bref och dit sen kära Zache tack för båda <anchor xml:id="start23886" />det är roligt att ni är så nöjda med era rum<anchor xml:id="end23886" />, men säng kammarn som ej kan eldas det är ju dumt, ackta att ni ej förkyler er att ligga i kalla sängkläder nog är det bra att <persName corresp="pe11">Aina</persName> ligger inne hos <anchor xml:id="start23885" />Flickorna<anchor xml:id="end23885" /> barn som altid kastar täcket af sig och hon som är så fallen för hosta och halsfluss.</p>
        <p>er <anchor xml:id="start23887" />strykugn<anchor xml:id="end23887" /> är nu här, men huru få den till er den är tung, ser ganska treflig ut och har goda jern jag tror vist att den skulle kosta en <choice><abbr>rub. S.</abbr><expan resp="MaD">rubel silfver</expan></choice> i förlön ännu har jag ej fått räckning på den jag frågte <persName corresp="pe39">Falken</persName> han sade att den skall komma i från <persName corresp="pe792">Hammarins</persName> troligen blir den 7. eller 8. <choice><abbr>rub silf.</abbr><expan resp="EK">rubel silfver</expan></choice> nu skulle ni behöfva den bäst. oacktat vår ombytliga höst har jag ändå varit frisk Gud ske lof, nu har vi åter släd före men blid väderlek knapt lär föret ännu bli varacktigt. i dag har <persName corresp="pe53">Rosen</persName> predikat första gången efter sitt tillfrisknande blek och skral ser han ut ännu.</p>
        <pb />
        <p><anchor xml:id="start23888" />hur i all verlden kära Zache skall du bli af med <title corresp="ve107">Finland i tekningar<anchor xml:id="end23888" /></title><!--Finland framstäldt i teckningar--> det vore fasligt om du ännu nästa år skall dras med den gör af med den kort om godt. <anchor xml:id="start23891" />Du har slagit opp en ny uppränning till någon längre berättelse som <title corresp="ve2433">Ilmarinen</title><!--tidningen Ilmarinen--> benämde en annan <title corresp="ve127">fänrik stål<anchor xml:id="end23891" /></title>, var det litet irroni kanske? kamraterna vill gärna komma åt <title corresp="tw98">Helsingfors tidn.</title> åtminstone uppehåller de sig längst med dem. <persName corresp="pe54">Schalin</persName> sade engång att <anchor xml:id="start23892" />domkapitlet sitter hvar onsdag<anchor xml:id="end23892" /> och jag tyckte jag kände på mig sista onsdag att de afgjorde <placeName corresp="pl2561">Wasa</placeName>. då kan jag nästa Fredag få veta det och ni vet det ren, Gudgifve att det blir till dett bästa hvad som sker jag hoppas det och är nöjd verlden går här tyst och stilla sin jemna gång. <persName corresp="pe7370">Mamsell Manséns</persName> consert gjorde ett litet af brott i tystnaden hon satte nog ljud i instrumentet ferm och säker var hon. till ock med jag var och hörde på henne bjuden af <persName corresp="pe39">Falken</persName> nog tror jag att där var mer än 50. personer. <anchor xml:id="start23893" />vår vän <persName corresp="pe33">Blank</persName> är något nyfiken att höra <persName corresp="pe7204">Bolligers</persName> öde i <placeName corresp="pl399">Helsingfors</placeName> han är ej af hans beundrare <placeName corresp="pl2561">Wasa</placeName> bona de var aldeles förtjusta, i den mening, som vår dreng sade åt <persName corresp="pe889" correspUncert="Y">morfar Turdin</persName>, men ni skall tro att här har varit en hop lögner i om lopp dels om hans behandling och dels om de underverk han gjort, synd är det om mannen alla som känner honom instämmer i att han är hyglig och som det tyckes beskedlig nu går här det rycktet att han får gå fri i <placeName corresp="pl399">Helsingfors</placeName>, det vore vist väl.<anchor xml:id="end23893" /></p>
        <pb />
        <p>dina Mattor kära <persName corresp="pe10">Emelie</persName> är så tjocka och dugtiga men huru skall du få dem de och strykugnen är ett halft lass. nu nalkas julen med stora steg, den tanken och frågan kommer så ofta för mig om jag lefver till nästa Jul skall jag då få vänta er till julgästen alt står i guds hand. kapptyg behöfver du ej köpa åt mig jag kan ej vänta på tillfälle att få det hit jag måste ta af min sommar kappa och sätta på skinnfodret det blir väl nån råd om jag lefver till sommarn det duger altid tunnare tyg då, om du nu i stället ville vara god och köpa ett klädnings tyg åt <persName corresp="pe323">Fanny</persName> sådant som är passligt för våra dans kaffen om sommarn vore det någodt på ylle vore bra för den ständiga strykningen skull men goda <persName corresp="pe10">Emelie</persName> se på priset det hattyg du köpt skicka det till din mamma eller syskon jag skall låta göra den färdig till julklapp. hvad jag blir skyldig skall jag betala på lärftsväfven och strykugnen. ja kära du köp nu ett vackert klädningstyg och tillräckligt ty hon blir en stor menniskja äfven ber jag dig om sådana där som de sätter fram i sjortorna till tre sjortor jag skall göra däraf 6 <anchor xml:id="start23894" />chemisetter<anchor xml:id="end23894" /> åt <persName corresp="pe521">Gustaf</persName> jag har ej annat åt honom därföre glöm dem ej. om hattyget kom och chemisetterna med första till fälle vore väl för att hinna få färdigt ge liten beskrifning hur hattarna brukas små eller stora skärmar flata eller runda kullar m. m.</p>
        <pb />
        <p>Jag hade bref i från <placeName corresp="pl2464">Uleåborg</placeName> <rs corresp="pe21">Farbror</rs> är krasslig <rs corresp="pe888">Moster</rs> frågar mig om ni är nöjd med <persName corresp="pe161">Jenny</persName>, och <add>säger</add> sig vara så tacksam emot er som var så god och tog henne till er. hur är det med farmors <rs corresp="pe11">pian</rs> hon börjar väl nu ren att ha jul bestyr ja nästa år då hon kommer närmare lagar hon åt farmor en kaffe lapp till jul <persName corresp="pe640">Frans Dyhr</persName> syr nu en sådan åt sin Farmor. farmor skall då ej heller glömma sin pia fast det nu är så besvärligt för vägens längd att skicka jul gubben til henne. hälsa min pia hjerteligen och äfven till <persName corresp="pe161">Jenny</persName> och <persName corresp="pe107">Hildegard</persName>, var ej granlaga med dem utan gör dem upmärksamma på deras fel af styr koketteri om dett märks ty det är en leda att se på <persName corresp="pe7197">Fru Gumerus</persName> var nyss här hon hälsar hon ville veta hvem du har till husa men jag har ej hört hvem det är. nu har jag ingenting hört i från staden på par dagar vist lär <persName corresp="pe119">lotta</persName> varit litet krasslig sade <persName corresp="pe323">Fanny</persName> men troligen är hon bra i gen efter ej doctorn hört af det. Gud vare med er kära barn för än <placeName corresp="pl2561">Wasa</placeName> är afgjort får ni ej någodt bref</p>
        <closer>
          <signed>Kudnäs mamma.</signed>
        </closer>
        <postscript>
          <p rend="place_leftMargin"><!--skrivet i vänstra marginalen på sid. 1-->hälsa <persName corresp="pe140">Augusta</persName> och hennes barn och <persName corresp="pe324">Jeana</persName> i från mig</p>
        </postscript>
      </div>
    </body>
  </text>
</TEI>