﻿<?xml version="1.0" encoding="UTF-8"?>
<TEI xmlns:xsi="http://www.w3.org/2001/XMLSchema-instance" xmlns="http://www.tei-c.org/ns/1.0" xsi:schemaLocation="http://www.tei-c.org/ns/1.0 file:/T:/Instruktioner,%20manualer,%20scheman/TEI-scheman%20(AM)/tei_brevschema.xsd">
  <teiHeader>
    <fileDesc>
      <titleStmt>
        <title>Br1639</title>
        <respStmt>
          <resp>Ansvarig redaktör:</resp>
          <name>Laura Mattsson</name>
        </respStmt>
      </titleStmt>
      <publicationStmt>
        <publisher>Zacharias Topelius Skrifter</publisher>
      </publicationStmt>
      <sourceDesc>
        <p>Arkivsignum: se databas</p>
      </sourceDesc>
    </fileDesc>
    <profileDesc>
      <handNotes>
        <handNote />
        <handNote />
      </handNotes>
    </profileDesc>
  </teiHeader>
  <text>
    <body xml:space="preserve">
      <!-- – ” ’ -->
      <div type="letter">
        <opener>
        <dateline>8. Maj.</dateline>
        <salute>Älskade <persName corresp="pe614">Zache</persName> och <persName corresp="pe10">Emelie</persName> gud välsigne er!</salute>
        </opener>
        <p rend="noIndent">I dag har jag hvarjehanda att skrifva om, men först måste jag säga, hvad ni ej vet först, hur mycket jag i min enslighet tänker uppå er, på <anchor xml:id="start25356" />din förestående afär<anchor xml:id="end25356" /> min goda <persName corresp="pe10">Emelie</persName> innerligt och af hjertat ber jag till gud för dig, natten mot i går drömde jag att någon kom bärandes med ett stort och präcktigt barn och sade se Farmor hvad <persName corresp="pe10">Emelie</persName> fått för en dugtig pojke så få se om det slår inn så tror jag. och på dig min Zache faller mina tankar om alla de förtretligheter du får utstå, du som vill hela verlden väl i synnerhet ditt land. om jag kunde begripa hvarifrån alla dumheter kommer nog lär det väl vara bäst att du lämnar hela strunten, kanske när alt går om kring hänger det i hop med hvarann både mot och med, och någon agent underhåller <persName corresp="pe475"><anchor xml:id="start25423" />Gen. Bergs</persName> misstankar<anchor xml:id="end25423" /> och samma liga äfven motsatsen måtte ni nu slippa hem i sommar så du får skaka af dig all förargelse. alla dina nät hänger på vinden här oppe för ögonen alla dagar att intet ondt vederfares dem. Tack för ditt bref med innehåll dett skulle du ej skickat ty intet vill jag att ni skall <anchor xml:id="start25420" />bestå<anchor xml:id="end25420" /> <persName corresp="pe323">Fanny</persName> alt ni har minsann nog dryg <anchor xml:id="start25398" />känning<anchor xml:id="end25398" /> af henne dess förutan, måtte hon hälst i bland kunna vara litet till <persName corresp="pe10">Emelies</persName> trefnad under den tid hon blir instängd. men hvad du ger ut för <persName corresp="pe323">Fanny</persName> skall du teckna opp du behöfver väl pengar här också eller skall jag be <persName corresp="pe323">Fanny</persName> hålla reda därpå. om du skall lämna tidningen måste du börja hushålla<pb /> nu kan jag hälsa dig herre till hela <placeName corresp="pl963">Kudnäs</placeName> och <placeName corresp="pl3170">Frill</placeName>. <anchor xml:id="start25501" />d. 5 såldes <unclear reason="inksmudge" resp="MD"><persName corresp="pe27">Aspegrenska</persName></unclear> på Auction<anchor xml:id="end25501" /> jag var så villrådig att bestämma priset om det skulle gå <anchor xml:id="start25439" />på opp och afslag<anchor xml:id="end25439" /> <persName corresp="pe50">Lybeck</persName> sade gå ej lägre än till 800, det skulle jag betala och säkert sälja det sen för 1000, i fall ej Tante skulle ta det men till all lycka så gick det blott på oppslag så att det ficks för 520 <choice><abbr>Rub.</abbr><expan resp="EK">Rubel</expan></choice> nu måste jag till en början sätta mig i skuld men jag tror att när stadsägorna blir sålda och <persName corresp="pe140">Augusta</persName> betalar, det hon skall göra åt dig i nästa Martii, så skall vi bli qvitt alt sammans. nog är det sant att detta styrker vårt hemman <del>och</del> när det blir fråga om att sälja dett då eljest altid den anmärkningen vora att för vänta, om dett vore hela hemmanet, och så skrämde de mig för landtmätare och prosesser så jag började och tycka att det var nödvändigt. hö skall i år säljas till räntornas bestäckande och litet däröfver. vist tror jag och att jag har bättre landbondfolk än <persName corresp="pe7280">Sarmans</persName>.</p>
        <p>ditt beslut att lämna tidningen måtte vist här röra af nån svårare stöt än du nämner om, du var i vintras ej af den tanken. har du ren efter trädare på förslag ungtupparna skall då nappa i hop och hvad de ofta skall <anchor xml:id="start25452" />få blanka spalter, jag roade mig härom dagen åt <title corresp="tw549">Wiborg</title> som och en gång fått smaka snärten. men dett var qvickt att låta dett<pb /> bli tomt det hade du och bordt göra för hvar gång de stryker ut.<anchor xml:id="end25452" /></p>
        <p>Det är bra glädjande att barnen nu är friska <persName corresp="pe272">toinis</persName> hjertsprång skrämde mig rigtigt. jag tänkte alt hur det skulle verka på <persName corresp="pe10">Emelie</persName> gudske lof att dett af lopp så lyckligt. vet du <persName corresp="pe10">Emelie</persName> att här är så många fruar i tilltagande <persName corresp="pe2085">Louise Blank</persName> sade att <gap reason="overstrike" extent="1" unit="words" /> <persName corresp="pe3731">Mimmi Montins</persName> gosse ej hinner till års gammal förän en till kommer, <persName corresp="pe2235">fru Olson</persName> ser och långt paserad ut. intet lär ni hinna hit till Bröllops det lär bli tidigt i Juni och <persName corresp="pe33">Blank</persName> sade att <persName corresp="pe515">Malmberg</persName> vill ha litet bröllopp och häldre ge någodt till nyttiga men de kan väl ännu fundera om, <persName corresp="pe5587">Fru Kullman</persName> sade att hon fått i comision att göda en stor kalf, brud paret består kalaset sjelfva ty <persName corresp="pe7222">Thilda</persName> fick bröllops medel ofvan på arfvet. <persName corresp="pe515">Malmberg</persName> skjuter ej opp nu ty han har sett att lång förlofning ej är att lita på. hur går det med <persName corresp="pe19">Oscars</persName> utlänska resa när flyttar <persName corresp="pe162">Sophie Leopold</persName> på landet med de sina, och hur länge blir <placeName corresp="pl2464">Uleå</placeName> <persName corresp="pe24">Fanny</persName> där? ni skall säga <persName corresp="pe79">Dovner</persName> att <persName corresp="pe28">moster Backman</persName> är skral hon har ej på många veckor varit ur rummet, vist är nu <persName corresp="pe300">Thilda Dyhr</persName> åter raskare men innom knutarna alt <persName corresp="pe37">Albert</persName> är ej heller frisk men nog går han ut, han går ofta hit och pratar bort nån stund med mig.</p><pb /> 
        <p>kall nordlig blåst har vi allt ännu och frost om nätterna så att ännu ser jag en liten snö plätt i trädgården den vi ännu ej kunnat röra vid. Ångfartygs bryggan är färdig vid <persName corresp="pe39">Falks</persName> strand och <persName corresp="pe7282">Gelin</persName> har hyrt <persName corresp="pe39">Falks</persName> nedra våning för värdshus rörelse för hela sommaren jag är glad att dett ej kom på <placeName corresp="pl35">lill alön</placeName>. <persName corresp="pe653">Lybecks</persName> lär väl flytta ut i sommar, få se om <persName corresp="pe658">Dyhrns</persName> blir så friska att de kan bli ute. sedeln skickade jag just till <persName corresp="pe38">Fru Engström</persName> <persName corresp="pe659">Stina</persName> har ej ännu kommit tillbakas. nu skall jag skrifva både till er och <persName corresp="pe24">Fanny</persName> på det att det ej må glömmas att ni på minner hvarann det vore att få <anchor xml:id="start25480" />4 lod<anchor xml:id="end25480" /> Turnips frö jag skulle ge litet åt hvar Landbonde att de får så litet rofvor när de har ondt om potates det kostar 5 kop lodet gulle <persName corresp="pe10">Emelie</persName> låt <persName corresp="pe284">Carolina</persName> se åt på torget om där fins små sått lök <anchor xml:id="start25481" />par marker<anchor xml:id="end25481" /> i fall tillfälle blir att få skicka kanske nån student far före promotion hälsa <persName corresp="pe360">Mina Julin</persName> hon är god som ni alla mot <persName corresp="pe24">Fanny</persName> hvad skall farmor säga åt sina små annat än att hvad dett skall bli roligt när de kommer och visar lilla bror och han får, det lär ej bli <placeName corresp="pl402">Maj njemi</placeName> utan troligen, <add>se</add> <placeName corresp="pl963">Kudnäs</placeName> ty <anchor xml:id="start38258" />ångfartyget lär ej gå för än Augusti<anchor xml:id="end38258" />, emedlertid om famnar farmor piorna och mamma och pappa hjerteligen och hoppas få höra goda nyheter med det första.</p>
        <closer>
        <salute>lef väl.</salute>
        </closer>
      </div>
    </body>
  </text>
</TEI>