﻿<?xml version="1.0" encoding="UTF-8"?>
<TEI xmlns:xsi="http://www.w3.org/2001/XMLSchema-instance" xmlns="http://www.tei-c.org/ns/1.0" xsi:schemaLocation="http://www.tei-c.org/ns/1.0 file:/T:/Instruktioner,%20manualer,%20scheman/TEI-scheman%20(AM)/tei_brevschema.xsd">
  <teiHeader>
    <fileDesc>
      <titleStmt>
        <title>Br1627</title>
        <respStmt>
          <resp>Ansvarig redaktör:</resp>
          <name>Laura Mattsson</name>
        </respStmt>
      </titleStmt>
      <publicationStmt>
        <publisher>Zacharias Topelius Skrifter</publisher>
      </publicationStmt>
      <sourceDesc>
        <p>Arkivsignum: se databas</p>
      </sourceDesc>
    </fileDesc>
    <profileDesc>
      <handNotes>
        <handNote medium="black-ink" />
      </handNotes>
    </profileDesc>
  </teiHeader>
  <text>
    <body xml:space="preserve">
      <!-- – ” ’ æ ½ -->
      <div type="letter">
        <opener>
          <dateline>d. 7. Juli</dateline>
          <salute>Kär <persName corresp="pe614">Zache</persName> min!</salute>
        </opener>
        <p rend="noIndent">Tack för dit bref <anchor xml:id="start23974" />så att du nu är gräsenkling ehuru jag som knappast tror det,<anchor xml:id="end23974" /> åtminstone har ej <persName corresp="pe10">Emelie</persName> <foreign xml:lang="fin"><anchor xml:id="start23973" />rukka<anchor xml:id="end23973" /></foreign> roligt på den resan det är säkert, men om hon rest ta <persName corresp="pe272">Toini</persName> med till stan nog behöfs det noga eftersyn med den som <anchor xml:id="start23940" />lejder<anchor xml:id="end23940" /> är. <anchor xml:id="start23941" />du har nog lång väg att vandra fram och åter<anchor xml:id="end23941" /> det blir bra tröttsamt i längden du lär väl ändå åka hem tillbaks om du och går fram eljest blefve det för mycket. Ja Gud bevare er nu för kriget och choleran här hörs nu ej annat än att Sällskapet i går var utan för <placeName corresp="pl269">GCarleby</placeName> men skall åter försvunnit få se om det hörs någodt inn på dagen, hos oss är alt fredligt.</p>
        <p>Jag skall väl genast göra reda för inne liggande papper nog vet jag att du ren tittat på det. <persName corresp="pe54">Schalin</persName> har varit här på några dagar och när han for bort i förrgår hade han träffat <persName corresp="pe7371">Löjnant Nyberg</persName> och berättat för honom om <anchor xml:id="start23942" />den nya upsättningen<anchor xml:id="end23942" /> <persName corresp="pe7371">Nyberg</persName> kom till mig i går och bad mig be dig vara så god och nämna honom som villig att ingå vid den nya bataljonen han hade med sig sin merit förtekning men med den gör du efter godtfinnande<pb /> visar den åt Generaln eller ej, han får väl oficielt veta hvar han skall göra ansökning kan jag tro, han skulle i synnerhet vara hugad, om det låter sig göra att få plats här om kring. här är ju också fyra militär boställen här i soknen mannen är spiknykter och för öfrigt väl känd, när du skrifver här näst så glöm ej att nämna hur du tror att det skall lyckas jag låfte att han skulle få komma hit och höra åt. det lär göras afseende vanligtvis på nyckterhet därföre nämn därom. skrif till mig därom och ej till <persName corresp="pe33">Blank</persName>. <persName corresp="pe7371">Nyberg</persName> har haft otur med sitt Landtbruk och svår eldsvåda att det lär bli en nödvändig het för honom att gå inn i tjenst han har ett litet hemman på <placeName corresp="pl4883">isakas</placeName><!-- kunde det vara i Jakas? HK--> i <placeName corresp="pl1512">kyrkbyn</placeName> sen han sålt <placeName corresp="pl5017">stora mjölnars</placeName> i <placeName corresp="pl4830">jeppo</placeName>.</p>
        <p><anchor xml:id="start23947" />sista <title corresp="tw559">morgonbladet</title> var fredligt men <title corresp="ve2399">Bårgå</title><!--Borgå Tidning--> är gläfsande som en liten knä racka mot de stora.<anchor xml:id="end23947" /> ja kära du sök att hålla fred ty de är så gemena tycker jag att de går från sak till person det tycks att du är så väl känd att det ej kan skada dig, men det är mycket hederligt folk som ej känner dig personligen och således blir missledd. du var glad när du blef utnämd att du ingenting gjort där till att ingen afundades di<subst>g</subst>, men nu ser du motsatsen, så går det vanligt till i verlden<pb /> men det är klokast att gå ur väg för elakheter ty så kan man kalla deras utfall mot dig men ej tidnings polemik. det hjelper ej att du för klarar din mening det blir då en ny sak, aldeles som den som söp på ölosten och sade all mat är fisk, är det <persName corresp="pe141">Schauman</persName> eller <persName corresp="pe5312">Bergen</persName> som är en vän af kriget eller kanske begge? <persName corresp="pe262">Sophie</persName> och barnen mår bra och ber hälsa vet du lilla <persName corresp="pe556">Zachris</persName> är så lik sin morfar långt mer än du är lik honom, det är trefligt för mig att se på den gossen straxt han blef född sade jag att han är så lik mina barn utan att kunna se nån annan likhet <persName corresp="pe10">Emelie</persName> säger att <persName corresp="pe11">Aina</persName> pian är så mager det gör nu ingenting i fall det ej kommer af sjukdom <persName corresp="pe5634">Schalins</persName> barn är också mer magra fast nog är de friska. måtte nu <persName corresp="pe272">Toini</persName> få vara frisk så länge mamma är bort jag är helt bekymrad tills jag får höra att hon är hem igen. <persName corresp="pe33">Blank</persName> var nyss här inn han kom från näten och hämtade så stora vackra abborrar åt oss han har bara vid <placeName corresp="pl162">jupsten</placeName> ut dem. han bad mig hälsa han skrifver ej i dag <persName corresp="pe66">Björkelund</persName> är här och de skall till <persName corresp="pe2108">Blanks</persName> till middan. <anchor xml:id="start23948" />det var bouptekning i onsdags efter <persName corresp="pe490">Fru Sjöberg</persName> de lär komma att få ungefär fem tusend rub silf på hvar lott, så nu får <persName corresp="pe33">Blank</persName> sin tur låna ut åt andra.<anchor xml:id="end23948" /></p>
        <pb />
        <p>Kl. 3. ingen ting har försports om de väntade gästerna här lagas och i ordning till stort emotagande, batterier på <placeName corresp="pl2967">Leppogubben</placeName> och <placeName corresp="pl4475">socklot sand</placeName> gouvernören och <persName corresp="pe1774">Wendt</persName> lära gifvit planen och stadsbona bygger det blir jordvallar soldater skall fås norr i från om de behöfs, eller hinner till, bäst vore att de ej behöfdes vi börjar hoppas att de skall lämna vår obetydlighet i fred. engelsmännen nemligen, våra stads bor vill gärna vara obemärkta därför tycker de ej om att lysa i tidningarna, en del åtminstone, du har väl hört att gouvernören var rest till <placeName corresp="pl269">GCarleby</placeName> och delte ut stjernor och medaljer som komma snart efter, och <persName corresp="pe3103">Svante Stening</persName> blir oficer. alt det där har du väl ren hört af det är som när <persName corresp="pe1706" correspUncert="Y">Wegelius</persName> berättade om <persName corresp="pe242">Frosteri</persName> giftermål. hälsa <persName corresp="pe768">Leopolds</persName> och <persName corresp="pe22">Gustaf</persName>, och <persName corresp="pe140">Augusta</persName> genom <persName corresp="pe324">Jeana</persName>. och <persName corresp="pe10">Emelie</persName> när hon kommer hem med <persName corresp="pe11">Aina</persName> pullan <persName corresp="pe10">Emelie</persName> skref att lilla hon skulle heta <anchor xml:id="start23950" />plum- eller plundrigds<anchor xml:id="end23950" /> men jag ämnade säga henne att dett skulle hon förhindra om hon ville ha sitt skafferi oplundrat. hvem har skickat <anchor xml:id="start23949" />dina verser<anchor xml:id="end23949" /> till <title corresp="ve2278">post tidn.</title> det för argade mig så när jag läste före talet de tycktes ej veta af hvem de var det ser ut som de ej höll nån ann tidn. än <title corresp="tw254">Åbo und.</title> hvad nöd har Engm.<!--antagligen förkortning av 'Engelsmän'. MD--> att få veta hvad som står i de finska bladen genom <placeName corresp="pl2157">Stockholm</placeName> <!--brevet fortsätter i vänstra marginalen på sid. 4--><seg rend="place_leftMargin"><persName corresp="pe323">Fanny</persName> hälsar. Gud vare med dig Zache min och med dina käraste du omfamnas hjerteligen af din</seg></p>
        <closer rend="place_leftMargin">
          <signed>mamma.</signed>
          <salute>lef väl.</salute>
        </closer>
      </div>
    </body>
  </text>
</TEI>