<?xml version='1.0' encoding='UTF-8'?><TEI xmlns:xsi="http://www.w3.org/2001/XMLSchema-instance" xmlns="http://www.tei-c.org/ns/1.0" xsi:schemaLocation="http://www.tei-c.org/ns/1.0 file:/T:/Instruktioner,%20manualer,%20scheman/TEI-scheman%20(AM)/tei_brevschema.xsd">
  <teiHeader>
    <fileDesc>
      <titleStmt>
        <title>Br1564</title>
        <respStmt>
          <resp>Ansvarig redaktör:</resp>
          <name>Laura Mattsson</name>
        </respStmt>
      </titleStmt>
      <publicationStmt>
        <publisher>Zacharias Topelius Skrifter</publisher>
      </publicationStmt>
      <sourceDesc>
        <p>Arkivsignum: se databas</p>
      </sourceDesc>
    </fileDesc>
    <profileDesc>
      <handNotes>
        <handNote medium="black-ink"/>
      </handNotes>
    </profileDesc>
  </teiHeader>
  <text>
    <body xml:space="preserve">
      <!-- – ” ’ æ ½ -->
      <div type="letter">
        <opener>
          <salute><anchor xml:id="start25763"/>Gulle <persName corresp="pe614">Zache</persName>!<anchor xml:id="end25763"/></salute>
        </opener>
        <p rend="noIndent">Nu skickar jag <anchor xml:id="start25756"/>synepapperen<anchor xml:id="end25756"/> som du är snäll och med det snaraste inlämnar till <anchor xml:id="start25761"/>Brandstods<anchor xml:id="end25761"/> bolaget att på tecknas som jag så nyligen skrifvit så har jag just ingenting att säga annat än att vi alla här är vid god hälsa och hoppas samma goda för hållande hos er. <anchor xml:id="start25762"/>Denna vecka skall <persName corresp="pe658">Dyhrns</persName> flytta<anchor xml:id="end25762"/> dett skall särdeles tomt i synnerhet i köket. I går var stor soupé och bal hon <persName corresp="pe7698">Richards</persName> han är nu borgare i vår stad intet var jag där men flickorna och <persName corresp="pe37">Albert</persName> kom hem kl. 2 i natt. vackert väder god skrinis öfversållad af pojkar men thermometern på Noll. hjerteliga hälsningar till små och stora, farmor omfamnar er alla. Gud vare med er. <persName corresp="pe323">Fanny</persName> hälsar.</p>
        <closer/>
      </div>
    </body>
  </text>
</TEI>