﻿<?xml version="1.0" encoding="UTF-8"?>
<TEI xmlns:xsi="http://www.w3.org/2001/XMLSchema-instance" xmlns="http://www.tei-c.org/ns/1.0" xsi:schemaLocation="http://www.tei-c.org/ns/1.0 file:/T:/Instruktioner,%20manualer,%20scheman/TEI-scheman%20(AM)/tei_brevschema.xsd">
  <teiHeader>
    <fileDesc>
      <titleStmt>
        <title>Br1623</title>
        <respStmt>
          <resp>Ansvarig redaktör:</resp>
          <name>Laura Mattsson</name>
        </respStmt>
      </titleStmt>
      <publicationStmt>
        <publisher>Zacharias Topelius Skrifter</publisher>
      </publicationStmt>
      <sourceDesc>
        <p>Arkivsignum: se databas</p>
      </sourceDesc>
    </fileDesc>
    <profileDesc>
      <handNotes>
        <handNote medium="black-ink" />
      </handNotes>
    </profileDesc>
  </teiHeader>
  <text>
    <body xml:space="preserve">
      <!-- – ” ’ æ ½ -->
      <div type="letter">
        <opener>
          <dateline><placeName corresp="pl963">Kudnäs</placeName> den 2. Jan. 1853.</dateline>
          <salute>Guds frid med er mina kära älskade barn</salute>
        </opener>
        <p rend="noIndent">under fortgången af vårt nya år, och alt framgent i alla skrifter af år och händelser er lefnad igenom, början af detta år är vist bedröflig i anseende till <rs corresp="pe16">Pappas</rs> svåra sjukdom, och som efter menskligt utseende ej nån bättring är att vänta, fast nog har gud gjort så stora under, o<subst><del>ch</del><add>m</add></subst> han så för godt finner. I dag när jag kom ifrån kyrkan var jag inn och såg efter dem det är just ej annorlunda med gubben hans ben är svullet och blått men från foten har blånaden någodt gått bort och bättre ro har han <persName corresp="pe527">mamma Lindqvist</persName> <foreign xml:lang="fin">rukka</foreign> ser skral ut men vandrar verksam omkring som vanligt inga anfall <add>af</add> andtäppa har hon haft de sista nätterna hon bad mig hälsa och säga att <anchor xml:id="start23918" />hon tycker dett skulle bli för dyrt för <persName corresp="pe25">Ludvig</persName> att komma hem och sen att försumma sitt arbete, men om <persName corresp="pe119">lotta</persName> kunde få komma med någon annan<anchor xml:id="end23918" /> kanske <persName corresp="pe92">Grundfelt</persName>, så nog kunde hon behöfvas här<pb /> i synnerhet sen <persName corresp="pe309">Julius</persName> far bort och de främmande gossarna kommer, <del>i</del> och om vår herre låter eländet räcka så länge, nog har de där en bedröflig Julhelg det är vist. vi åter har tillbringat julen så, julafton hos <persName corresp="pe658">Dyhrns</persName>, då vi äfven var bedt till <persName corresp="pe490">Fru Sjöberg</persName> där <persName corresp="pe792">Hammarinska famillen</persName> var jul dan hem ensamma andra dagen var <persName corresp="pe28">moster Backman</persName> med <persName corresp="pe79">Alexander</persName> och <persName corresp="pe34">Moster Calamnius</persName> hos oss till middan. då var vi bedt till <persName corresp="pe2108">Blanks</persName>, men jag hade då hunnit be främmande, nyårs afton var vi hos <persName corresp="pe3474">Barkens</persName> där var <persName corresp="pe300">Thilda</persName> med barnen och <persName corresp="pe2048">Fru Pops</persName> och <persName corresp="pe28">Moster nena</persName>, Nyårsdan hos <persName corresp="pe300">Thilda</persName>, <persName corresp="pe37">Albert</persName> och <persName corresp="pe107">Hildegard</persName> är resta till <placeName corresp="pl2464">Uleåborg</placeName> till nyåret. julklapper var där nog som vanligt jag fick ett par fönster skärmar och en virkad mössa af <persName corresp="pe323">Fanny</persName> och en bundt bomulsgarn af <persName corresp="pe658">Dyhrns</persName> tack för <persName corresp="pe323">Fannys</persName> klädningstyg det får gå inn i nät och väfvar, <persName corresp="pe323">Fanny</persName> fick utom sina klädnings tyg flor och handskar ambra och kragband ärmar och annat smått, så har vår julhelg gått tills dato.<pb /> <persName corresp="pe323">Fanny</persName> hälsar och tackar för <anchor xml:id="start23912" /><title corresp="tw187">Sagorna</title><anchor xml:id="end23912" /> ett häfte fick <persName corresp="pe107">Hildegard</persName> hon har alla de föregående ett tredje kom sen var dett ämnat åt nån annan jag har dett nu om Zache ej förordnar annorlunda därom. <persName corresp="pe340">Wasastjerna</persName> som nu är hos <persName corresp="pe31">Barken</persName> sade att hans <rs corresp="pe2084">bror</rs> från <placeName corresp="pl1985">Saima</placeName> är i <placeName corresp="pl2561">Wasa</placeName> och jag bad att få skicka pengarna med honom till <rs corresp="pe2084">Löjtnanten</rs> som han tänker hinna i <placeName corresp="pl2561">Wasa</placeName>, så får vi den saken på rätt jag vill minnas du sade att det var 15. <choice><abbr>rub.</abbr><expan resp="EK">rubel</expan></choice> jag tänkte skrifva till <persName corresp="pe140">Augusta</persName> i dag, men när jag satte mig och skulle ta papper befans intet hem och på söndag får man intet. detta som <unclear reason="inksmudge" resp="MD">v</unclear>i ser är ur en skriftbok <persName corresp="pe33">Blank</persName> och <persName corresp="pe2085">Louise</persName> var nyss här på nyårsvisit de bad så mycket hälsa jag frågte hans tanke nu om <rs corresp="pe16">pappa gubben</rs> han sade att vist tycks foten visat sig litet bättre, men han kan ej säga att det just är mycket att bygga på, om mammas åkomma yttrade han att nog går den om nu sen hon vet att vara litet för sicktig och ej vaka och anstränga sig med lyftning m. m. <persName corresp="pe11">Aina</persName> pian som fått så många julklappar hon måste vist skrifva till Farmor och berätta om alt och om sin jul<pb /> och om hon nu kan läsa pappas Sagor om jul gubben hämtat dem åt henne, Gud välsigne och bevare min pia, det är Farmors nyårs önskan till henne. I går var stor bal i staden, <persName corresp="pe323">Fanny</persName> sitter full af snufva efter den och säger att hon snart skall skrifva till <persName corresp="pe119">lotta</persName>. <persName corresp="pe527">mamma Lindqvist</persName> tillade angående <persName corresp="pe119">lotta</persName> att om <persName corresp="pe10">Emelie</persName> har nån nytta af henne så får hon nog stanna qvar som orden föllo. vi har tidningar som bäst tänk hvad sagorna är rara <anchor xml:id="start23913" />på <title corresp="tw2558">Å. T.</title> jag tror att sjelfva <rs corresp="pe549">bispen</rs> skrifvit om dem<anchor xml:id="end23913" /> hvad fick du för dem? hälsa <persName corresp="pe140">Augusta Rosenkapff</persName> och hennes barn jag skall snart skrifva till henne hälsa <persName corresp="pe768">Leopolds</persName> och <persName corresp="pe22">Gustaf</persName> och <persName corresp="pe19">Oscar</persName> <persName corresp="pe161">Jenny</persName> och <persName corresp="pe119">lotta</persName> jag önskar dem hjertligt alt godt på detta år <persName corresp="pe25">Ludvig</persName> ej för glömmandes. tack gulle <persName corresp="pe10">Emelie</persName> som gaf Zache pelsen aldrig skulle han köpt den du är en förståndig hustru mitt barn, måtte du nu vara qvitt din fördömda tandverk så att du kan få nattro stackars <persName corresp="pe10">Emelie</persName> du har nog annan oro. hur står det till efter du har kräkningar? du har nog bråkat till jul hvila dig nu och var i stillhet och värme kanske den stygg tandvärken ger sig.</p>
        <p>Gud vare med er mina käraste önskar er</p>
        <closer>
          <signed>Mamma. –</signed>
        </closer>
      </div>
    </body>
  </text>
</TEI>