<?xml version='1.0' encoding='UTF-8'?><TEI xmlns:xsi="http://www.w3.org/2001/XMLSchema-instance" xmlns="http://www.tei-c.org/ns/1.0" xsi:schemaLocation="http://www.tei-c.org/ns/1.0 file:/T:/Instruktioner,%20manualer,%20scheman/TEI-scheman%20(AM)/tei_brevschema.xsd">
  <teiHeader>
    <fileDesc>
      <titleStmt>
        <title>Br1626</title>
        <respStmt>
          <resp>Ansvarig redaktör:</resp>
          <name>Laura Mattsson</name>
        </respStmt>
      </titleStmt>
      <publicationStmt>
        <publisher>Zacharias Topelius Skrifter</publisher>
      </publicationStmt>
      <sourceDesc>
        <p>Arkivsignum: se databas</p>
      </sourceDesc>
    </fileDesc>
    <profileDesc>
      <handNotes>
        <handNote medium="black-ink"/>
      </handNotes>
    </profileDesc>
  </teiHeader>
  <text>
    <body xml:space="preserve">
      <!-- – ” ’ æ ½ -->
      <div type="letter">
        <opener>
          <dateline><placeName corresp="pl963">Kudnäs</placeName> d. 28. Ap.</dateline>
          <salute>Käraste barn!</salute>
        </opener>
        <p rend="noIndent">I dessa bekymrens tider är det för mig ett verkligt behof att oftare än vanligt, skrifva till er, i synnerhet om mina funderingar om <anchor xml:id="start23938"/>er hitkomst<anchor xml:id="end23938"/> som nu ligger mig så mycket om hjertat dit bref goda <persName corresp="pe10">Emelie</persName> så hjertligt kärkommit det var, men det hade varit ännu mer om du kunnat säga om en vecka beger vi oss hemåt. <persName corresp="pe12">Micha</persName> var ju ej mer än 2. månader då vi for med honom och det samma årstid om väder leken blir hyglig i medlet af Maj så laga er af om det ej då ren är för sent. har Zache frågat <persName corresp="pe2091">A. Roos</persName> månne han ej behöfver ta tidningen kör nu om kring efter vicarie ty ni skall laga er där i från och i synnerhet flytta genast ut från staden och Zache med börjar de kasta inn sina förgiftade bomber hvem vet hvem de drabbar och du kära <persName corresp="pe614">Zache</persName> gör dit land mera nytta om du sparar dig för dess framtid än att nu onödigt exponera dig – och söta Zache min sätt dig ej på något tak där om ber jag dig så hjertligt en mor kan be, ackta dig kära barn ditt lif är så dyrbart för många, du kan uträtta mycket.</p>
        <pb/>
        <p>vid dettas framkomst, <anchor xml:id="start23935"/>om Engelsmännen tillåtit det,<anchor xml:id="end23935"/> <anchor xml:id="start23934"/>så är <add>du</add> väl litet berusad igen af bifall m. m. vid din installering eller har några asesorer packat sig på dig. alt nog du är då en väl bestäld professor.<anchor xml:id="end23934"/> du har ej nämt om du måste <anchor xml:id="start38469"/>lösa fullmagten<anchor xml:id="end38469"/>? Isen smälter bara bort i år men det går långsamt den ligger ner om <placeName corresp="pl1819">ragnörn</placeName> och till <placeName corresp="pl35">Alörn</placeName> åkes ännu öfver. snö ligger ännu här omkring oss. det är ju förfärligt dyrt i <placeName corresp="pl399">Helsingfors</placeName>, för den skull och för alt annat förfärligt så kom därifrån i från <placeName corresp="pl739">Kaskö</placeName> har jag nu ej hört någodt men nog vet jag att intet skickar <persName corresp="pe54">Schalin</persName> bort de sina om de ej hör af nån fara han slipper ej från stället inqvartering är i <placeName corresp="pl739">Kaskö</placeName> men hur mycket vet jag ej. hvad det är rysligt för dem som vet de sina i faran Stackars <persName corresp="pe162">Sophie Leopold</persName> och <persName corresp="pe140">Augusta</persName> och tusende andra mödrar och hustrur hvad jag beklagar dem. därföre kära Zache du som ej behöfver ge dig i faran spar oss det bekymret. <persName corresp="pe490"><anchor xml:id="start23936"/>Fru Sjöberg</persName> är dåligt sjuk<anchor xml:id="end23936"/> hon fick först frossan sen kastade det sig på bröstet till en svår bröstinflamation i går var hon mycket svag <persName corresp="pe33">Blank</persName> var bekymrad han har varit där natt och dag i går skickade han efter <persName corresp="pe2086">Fontell</persName> för sin egen<pb/> skull att ingen skulle bedömma hans åtgärder orätt men innan han kom inträffade en brytning hon föll i sömn och vaknade opp betydligt bättre och är i dag utan fara det var svårt för <persName corresp="pe33">Blank</persName> gumman är rik hade hon dött så var han rädd för att bli illa bedömd han är så glad i dag. <persName corresp="pe300">Thilda Dyhr</persName> är rask <subst><del>n</del><add>h</add></subst>o<subst><del>g</del><add>n</add></subst> talar hjelpligt men hennes gamla hysteri har besvärat henne mycket med oro och inbillningar i för går väntade hon på bröstinflamation i aftse var jag där då var hon glad och treflig. jag hade rart främmande i tisdags <persName corresp="pe527">Mamma Lindqvist</persName> och <persName corresp="pe320">Augusta</persName> första gången i år, de mådde bra.</p>
        <p>bara <persName corresp="pe309">Julius</persName> acktar sig han ock så han ej sticker sig i nån fara ungdomen är vanligt vis oförvägen. ja nog kan det nog vara svårt på vägarna men snart är väl trupper och transporter i ordning men kanske inga hästar fins qvar efter nån tid att komma fort med vist tycker jag att ni borde laga alla era saker undan hvem tackar er för om de förstörs det heter bara hvarför lagade ni ej bort hvad ni kunde då det var fara i fråga fäderneslandet är ej betjent med att ni blir utblottade, månne det är säkert i källare tar ni ej ert silfver med er hit eller ge det åt <persName corresp="pe656">Borgströms</persName>.</p>
        <pb/>
        <p>Måtte ej <persName corresp="pe11">Aina</persName> stackare bli mycket <add>rädd</add> om ni ej hinner bort <anchor xml:id="start23937"/>hon med sin hjerte bulten<anchor xml:id="end23937"/> Gulle pian min om farmor hade dig ren här du skall vara rask flicka när intet mamma är rädd så skall du ej heller vara det <rs corresp="pe272">lilla syster</rs> hon bryr sig vist om ingenting du skall hjelpa mamma sy en påse att stoppa henne i på resan och en bahytt. så skall jag berätta för dig att jag nu har två pigor <persName corresp="pe2092">Johanna</persName> som du känner och en lika ung som heter <persName corresp="pe650">Greta</persName> och så har jag och <persName corresp="pe323">Fanny</persName> varit på <persName corresp="pe2093">Maries</persName> bröllop hennes man är Sjöman och heter <persName corresp="pe2094">Skrifvar</persName> hon hade blå klänning och var mycket fin med små blommor i kronan i stället för att bli Handelsmans fru så blef hon sjömans Fru det kan alt vara lika godt.</p>
        <p><persName corresp="pe323">Fanny</persName> ber om sin hälsning till samteliga när ni träffar <persName corresp="pe140">Augusta</persName> och <persName corresp="pe162">Sophie Leopold</persName> hälsa dem mycket jag tänker så mycket på er alla där borta.</p>
        <p>Gud beskydde er i dessa farliga tider önskar innerligen er</p>
        <closer>
          <signed>Mamma.</signed>
        </closer>
        <postscript>
          <p>Jag ser goda <persName corresp="pe10">Emelie</persName> att jag ej sagt dig tack för brefvet mången tack därför, skulle du nånsin tviflat på att jag hållit af dig var försäkrad därom, och att min glädje är stor öfver alt hvad Gud gjort för er men mäst af alt öfver din välöfverståndna färd genom Guds nåd.</p>
        </postscript>
        <postscript>
          <p rend="place_leftMargin"><!--skrivet i vänstra marginalen på sid. 4--><persName corresp="pe33">Blank</persName> var nyss här inne och bad om sin hälsning.</p>
        </postscript>
      </div>
    </body>
  </text>
</TEI>