<?xml version='1.0' encoding='UTF-8'?><TEI xmlns:xsi="http://www.w3.org/2001/XMLSchema-instance" xmlns="http://www.tei-c.org/ns/1.0" xsi:schemaLocation="http://www.tei-c.org/ns/1.0 file:/T:/Instruktioner,%20manualer,%20scheman/TEI-scheman%20(AM)/tei_brevschema.xsd">
  <teiHeader>
    <fileDesc>
      <titleStmt>
        <title>Br1493</title>
        <respStmt>
          <resp>Ansvarig redaktör:</resp>
          <name>Laura Mattsson</name>
        </respStmt>
      </titleStmt>
      <publicationStmt>
        <publisher>Zacharias Topelius Skrifter</publisher>
      </publicationStmt>
      <sourceDesc>
        <p>Arkivsignum: se databas</p>
      </sourceDesc>
    </fileDesc>
    <profileDesc>
      <handNotes>
        <handNote medium="brown-ink"/>
      </handNotes>
    </profileDesc>
  </teiHeader>
  <text>
    <body xml:space="preserve">
      <!-- – ” ’ æ ½ -->
      <div type="letter">
        <opener>
          <dateline><placeName corresp="pl963">Kudniss</placeName> d 4 Ocht.</dateline>
          <salute>Min goda Gosse.</salute>
        </opener>
        <p rend="noIndent">Du har låtit oss bra länge vänta på bref af dig det bör du ej då du vet at du så mycket gläder oss när du skrifver utan <anchor xml:id="start13682"/>begagna altid <rs corresp="pe888">Mosters</rs> godhet då hon tillbjuder dig at få skrifva med henne<anchor xml:id="end13682"/> äfven har du glömt at skrifva till <persName corresp="pe33">Herr Blank</persName> gör det nu med första. så at du fått vara med och dansa det tänkte jag aldrig på när du for hem i från där före blef du så illa utrustat om fötterna men Mosters godhet hör jag har afhjelpt det. det var ju förargligt med dina stöflor at vi ej kom at <anchor xml:id="start38328"/>försöka<anchor xml:id="end38328"/> dem. men det är lycka för dig som är så väl till om någodt glöms eller fattas dig så hjelper nog Moster det till rätta var därföre kära barn så lydig och tacksam mot din goda <rs corresp="pe21">Farbror</rs> och Moster som du nånsin kan. <anchor xml:id="start11501"/>har du lagt <rs corresp="pe226">pappas</rs> och min önskan på minnet om finskan<anchor xml:id="end11501"/> låt höra nu när du kommer hem at du lärt någodt börja nu i god tid at fundera med <rs corresp="pe3410">Fastrarna</rs> om du ej får någon af dem till res sällskap hem till jul det vore ju så passligt var litet enträgen kanske det lyckas hälsa dem mycket i från oss</p>
        <p>Pappa mår bra och hälsar äfven så <persName corresp="pe262">Sofi</persName> som nu har begynt at gå i skolan vi har nu om bytt två drengar <persName corresp="pe7042">Gustav</persName> och <persName corresp="pe3294">Abram</persName> är borta men samma pigor har vi qvar jag ville gärna berätta några nyheter för dig men sannerligen jag mins kanske du ej vet at <rs corresp="pe889">Morfars</rs> <anchor xml:id="start11502"/>Ellida<anchor xml:id="end11502"/> är hem kommen från <placeName corresp="pl4846">Cherbourg</placeName> i <placeName corresp="pl249">frankrike</placeName> därifrån han på 20 dygn seglade hem <persName corresp="pe3477">Calle Backman</persName> som var med är nästan fullväxt väl så lång som <persName corresp="pe5377">Vilhelm</persName> de skall nu bli<pb/> hemma i vinter. <persName corresp="pe908">Kapten Olson</persName> som nu i höst seglade ut här i från har mist sin Bror han hette <persName corresp="pe3296">Zachris</persName> och var <anchor xml:id="start11503"/>Constapel<anchor xml:id="end11503"/> med honom han har drunknat på <placeName corresp="pl3776">Helsingörs redd</placeName>. äfven halta <persName corresp="pe3302">petter Svan</persName> dog helt hastigt i förra veckan utan at vara sjuk. nu vet jag ej någodt mer ut lef väl kära barn</p>
        <closer>
          <salute>önskar din</salute>
          <signed>Mamma.</signed>
        </closer>
      </div>
    </body>
  </text>
</TEI>