<?xml version='1.0' encoding='UTF-8'?><TEI xmlns:xsi="http://www.w3.org/2001/XMLSchema-instance" xmlns="http://www.tei-c.org/ns/1.0" xsi:schemaLocation="http://www.tei-c.org/ns/1.0 file:/T:/Instruktioner,%20manualer,%20scheman/TEI-scheman%20(AM)/tei_brevschema.xsd">
  <teiHeader>
    <fileDesc>
      <titleStmt>
        <title>Br1505</title>
        <respStmt>
          <resp>Ansvarig redaktör:</resp>
          <name>Laura Mattsson</name>
        </respStmt>
      </titleStmt>
      <publicationStmt>
        <publisher>Zacharias Topelius Skrifter</publisher>
      </publicationStmt>
      <sourceDesc>
        <p>Arkivsignum: se databas</p>
      </sourceDesc>
    </fileDesc>
    <profileDesc>
      <handNotes>
        <handNote medium="black-ink"/>
      </handNotes>
    </profileDesc>
  </teiHeader>
  <text>
    <body xml:space="preserve">
      <!-- – ” ’ æ ½ -->
      <div type="letter">
        <opener>
          <dateline><placeName corresp="pl963">Kudniss</placeName> d 22 feb.</dateline>
          <salute>Min egen <persName corresp="pe614">Zacke</persName>.</salute>
        </opener>
        <p rend="noIndent">din lilla lapp erhöll jag nyss och som jag i dag skrifver till <persName corresp="pe140">Augusta</persName> så vill jag ej heller lämna dig utan några rader. <anchor xml:id="start11582"/>har du hört at <persName corresp="pe3321">Boman</persName> är död på <placeName corresp="pl2233">Sveaborg</placeName> det har genom Landshöfdinge Embetet kommit underrättelse därom.<anchor xml:id="end11582"/> men kära du hur skall du nu hjelpa den stackars gumman at hon får veta om hans lilla qvarlåtenskap hon skickade 15 <choice><abbr>Rub</abbr><expan resp="MaD">Rubel</expan></choice> säger hon som troligen inträffade de dagar han dog och ej hant begagnas och hans kläder sen hos <persName corresp="pe7117">Capten Lode</persName> fås det säkert adresse till eller hos hvem det skall efterfrågas. tänk sjelf ut hur du kan verkställa detta updrag det hjelper ej om du måste spendera nån <choice><abbr>rub</abbr><expan resp="MaD">Rubel</expan></choice> i drikspengar bara du uträttar det med första at du när du härnäst skrifver kan ge besked därom jag låfte ren för par veckor sen skrifva där om och nu löper de ren och hör om svar. jag har nu tagit en torpare i <rs corresp="pe7119">Smedens</rs> ställe han är från <placeName corresp="pl269">GCarleby</placeName> ser mycket ordentlig och hyglig ut och är ej medellös de flyttar denna vecka. <placeName corresp="pl3170">Frill</placeName> <persName corresp="pe4906">Hind</persName><!-- tror det är förkortning för Hindrik --> väntas hem alla dar jag vet ej hur vi skall slippa det <anchor xml:id="start11583"/>hyde<anchor xml:id="end11583"/>. du har väl kanske redan hört at vi haft ett Brillant slädpartie till <placeName corresp="pl4475">socklot</placeName> därifrån vi hem kom Kl. 5 på morgon <persName corresp="pe366">Rosa</persName> åkte med<pb/> <persName corresp="pe50">Lybeck</persName> <persName corresp="pe300">Thilda</persName> med <persName corresp="pe36">Collander</persName> vår <persName corresp="pe262">Sophie</persName> med <persName corresp="pe9232">Fred. Toppelius</persName> vist har jag och hört sägas at de får dansa äfven om fetisdagen föröfrigt har vi varit mycket ute sen du reste och därimellan spinner jag snällt förleden Söndag predikade <persName corresp="pe2747">Schale</persName> och det gick mycket bra han blir vist en god predikant om han ämnar bli präst. du känner ju en student <persName corresp="pe7120">Jutman</persName> han var i denna vecka opp <anchor xml:id="start38363"/>i nysaln hos dem som exercerade<anchor xml:id="end38363"/>. klädd i djup sorgdrägt at han fäste min upmärksamhet jag frågte hvem det var och fick till svar at det var en student <persName corresp="pe7120">Jutman</persName> som varit till <placeName corresp="pl574">Jacobstad</placeName> och tagit värfning och nu gjorde bekantskap med sina nya kamrater. mig föll den tanken inn måtte det vara sin Mor han sörjer. din en liten minnes bok låg här framme som jag genom såg där du upteknat en dröm jag vill väl tro at det är en digt ty eljest vore det en faslig dröm till och med en varning emedlertid låt bli alt skrifvande i slika ämnen och förstör hvad du möjligtvis redan skrifvit man vet ej hvart en obetydlig oförsicktighet kan leda du lofvar ju mig at genom se dina papper och för min tryghet skull uppbränna dem<pb/> jag önskar äfven när du skrifver till dina vänner så undvik alt sådant ty et bref glömt eller tappat har åstadkommit stora olyckor. äfven detta bref förstör du sen du uträttat hvad häri blifvit dig updragit. Bror <persName corresp="pe23">Franz</persName> bad hälsa dig han hade så bråttom at han ej hant skrifva som han lofvade han ämnar sig denna månad till <placeName corresp="pl2735">Åbo</placeName> at bli Pastor Pastoratet där <placeName corresp="pl2683">Vojocki</placeName> är belägit <del>och</del> är ledigt och han tänker <anchor xml:id="start38355"/>försöka at komma dit på förslag<anchor xml:id="end38355"/> om det lyckades så lär <persName corresp="pe1282">Björkman</persName> till det mästa tillsätta Pastor. du har väl sett at <rs corresp="pe21">Farbror</rs> åter blifvit uplyst med en <anchor xml:id="start11584"/>stjerna<anchor xml:id="end11584"/> det går tätt på med nåde bevis den omtalta <anchor xml:id="start38357"/>läkare ansökningen<anchor xml:id="end38357"/> här i från stan lär nu afgått få se hvad resultatet blir däraf. jag hade bref från <persName corresp="pe888">Moster Marie</persName> dessa dagar hon hälsar dig och ber dig betala åt <persName corresp="pe140">Augusta</persName> 3. <choice><abbr>Rd.</abbr><expan resp="EK">Riksdaler</expan></choice> för <anchor xml:id="start38359"/>sandperlor<anchor xml:id="end38359"/>. låt mig sen veta när du betalt jag har räckning med <persName corresp="pe888">Marie</persName>. jag tycker mig se ett lätt moln på din panna vid de många anvisningar på din lilla Kassa men du är säker at de noga afdras från dina egna utgifter.<pb/> låt mig då och då veta huru financerna stå <anchor xml:id="start38360"/>rättnu<anchor xml:id="end38360"/> får vi stora Björn, fogden på nacken. men Gud ske lof jag har ännu qvar de som inlämnade hos <persName corresp="pe49">Lithen</persName> så at jag är utan bekymmer för den Björn. <persName corresp="pe262">Sophie</persName> ber hälsa dig nu skulle hon väl skrifvit om det fått rum på <anchor xml:id="start11598"/>lodet<anchor xml:id="end11598"/>. hälsa <persName corresp="pe33">Herr Blank</persName> rätt mycket från oss båda. hur är har <persName corresp="pe22">Gustav</persName> ännu hållit sit löfte eller rättare sagt fullgjort <persName corresp="pe2766">anna lena</persName> ber hälsa dig hon går nu rätt bra och torde väl <anchor xml:id="start38358"/>skralta<anchor xml:id="end38358"/> året igenom. jag har glömt säga dig at en liten vacker flicka från <placeName corresp="pl574">Jacobstad</placeName> <persName corresp="pe3185">Vilhelmina Ros</persName> är hos <persName corresp="pe29">tante Emelie</persName> och blir där nån tid. <persName corresp="pe2394">Fru Lithens</persName> syster <persName corresp="pe4402">fru Nordberg</persName> och <persName corresp="pe9232">Fred. Topelius</persName> är hos <persName corresp="pe967">Lithens</persName> <persName corresp="pe227">Östring</persName> var här till slädpartiet och dröjde flere dar han åkte <persName corresp="pe114">Josephina</persName> huru passade dina kläder jag lämnade gamla fracken när jag betracktade den så såg den för dålig ut med söndriga opslag och knapphål men kanske den blå varit bättre. läser du bra flitigt som jag hoppas. var mån om din hälsa och tänk at du är din mammas ögna sten Gud bevare dig.</p>
      </div>
    </body>
  </text>
</TEI>