﻿<?xml version="1.0" encoding="UTF-8"?>
<TEI xmlns:xsi="http://www.w3.org/2001/XMLSchema-instance" xsi:schemaLocation="http://www.tei-c.org/ns/1.0 file:/T:/Instruktioner,%20manualer,%20scheman/TEI-scheman%20(AM)/tei_brevschema.xsd" xmlns="http://www.tei-c.org/ns/1.0">
  <teiHeader>
    <fileDesc>
      <titleStmt>
        <title>Br1524</title>
        <respStmt>
          <resp>Ansvarig redaktör:</resp>
          <name>Laura Mattsson</name>
        </respStmt>
      </titleStmt>
      <publicationStmt>
        <publisher>Zacharias Topelius Skrifter</publisher>
      </publicationStmt>
      <sourceDesc>
        <p>Arkivsignum: se databas</p>
      </sourceDesc>
    </fileDesc>
    <profileDesc>
      <handNotes>
        <handNote medium="black-ink" />
      </handNotes>
    </profileDesc>
  </teiHeader>
  <text>
    <body xml:space="preserve">
      <!-- – ” ’ æ ½ -->
      <div type="letter">
        <opener>
          <dateline><placeName corresp="pl963">Kudniss</placeName> d. 20. Martii</dateline>
        </opener>
        <p rend="noIndent">ändteligen <subst>K</subst>ära <persName corresp="pe614">Zache</persName> är vi nu hemkomna och med mycken ledsnad fant jag at <persName corresp="pe30">Hind</persName> ej kunnat uträtta mit updrag jag skyndar nu at bestyra därom nu medföljer 525 <choice><abbr>rub.</abbr><expan resp="MaD">rubel</expan></choice> du har väl till börligt tackat <rs corresp="pe139">Morbror</rs><!-- hade införskaffat en flygel åt ZT och Blank, se dagboken. LM --> för hans godhet när jag hemkom fant jag <persName corresp="pe741">Lisette Topelius</persName> med sina flickor här som redan väntat mig en vecka och varit hos <persName corresp="pe967">Lithens</persName>. men barnena har en faslig hosta som nästan liknar kikhosta <anchor xml:id="start19402" />så lilla <persName corresp="pe323">Fannys</persName> inträde på <placeName corresp="pl963">Kudniss</placeName> är ej rätt trefligt<anchor xml:id="end19402" />. nu får du från mig blott en liten <supplied reason="damage" resp="MaD">lapp</supplied> men så mycket mer i från <persName corresp="pe262">Sophie</persName> som jag haft 3 bref i från sen du reste hvad tycker du hon vill komma hem i sommar hon beskrifver för mig börsbalen och en annan bal hon bevistat så nätt och roligt. och sin födelsedags firande<!-- LM ändrade båda F:en från versal till gemen --> hvad de är goda mot henne också vet hon värdera det men hemlängtan har hon ändå. <rs corresp="pe21">Farbror</rs> och hela Familjen hälsade dig barnen skulle jag fått med med mig allihop <persName corresp="pe24">Fanny</persName> i synnerhet.<pb /> Vännerna här mår bra mariedagen stod jag fadder hos <persName corresp="pe5473">Benzelstjernas</persName> äfven <persName corresp="pe300">Thilda</persName> hon fick fadder kyss af <persName corresp="pe50">Jan. Lybeck</persName>. alla gamla gummor i stan dör bort rätt nu blir jag bland de äldsta. jag hinner ej mera nu min goda gosse hälsa <persName corresp="pe33">Blanken</persName> och skrif snart till</p>
        <closer>
          <signed>din Mamma</signed>
        </closer>
        <postscript>
          <p>och till <persName corresp="pe262">Sophie</persName> ser du hvad hon är snäll mot dig</p>
        </postscript>
      </div>
    </body>
  </text>
</TEI>