﻿<?xml version="1.0" encoding="UTF-8"?>
<TEI xmlns:xsi="http://www.w3.org/2001/XMLSchema-instance" xsi:schemaLocation="http://www.tei-c.org/ns/1.0 file:/T:/Instruktioner,%20manualer,%20scheman/TEI-scheman%20(AM)/tei_brevschema.xsd" xmlns="http://www.tei-c.org/ns/1.0">
  <teiHeader>
    <fileDesc>
      <titleStmt>
        <title>Br1529</title>
        <respStmt>
          <resp>Ansvarig redaktör:</resp>
          <name>Laura Mattsson</name>
        </respStmt>
      </titleStmt>
      <publicationStmt>
        <publisher>Zacharias Topelius Skrifter</publisher>
      </publicationStmt>
      <sourceDesc>
        <p>Arkivsignum: se databas</p>
      </sourceDesc>
    </fileDesc>
    <profileDesc>
      <handNotes>
        <handNote medium="brown-ink" />
      </handNotes>
    </profileDesc>
  </teiHeader>
  <text>
    <body xml:space="preserve">
      <!-- – ” ’ æ ½ -->
      <div type="letter">
        <opener>
          <dateline><placeName corresp="pl963">Kudniss</placeName> d. 4. Juni.</dateline>
          <salute>Goda <persName corresp="pe614">Zache</persName>.</salute>
        </opener>
        <p rend="noIndent">Detta bref blir troligen det sista som hinner dig innan hemresan som du säger ej kanske förän midsommar veckan. hur står till med kassan <anchor xml:id="start19408" />jag har ingenting at skicka dig men be <rs corresp="pe140">Moster</rs> om det du kan behöfva jag hoppas hon kommer hit och då har jag fått ut min pensjon<anchor xml:id="end19408" /> i annan händelse kommer ju <rs corresp="pe139">Baron</rs> ändå så vi får betala. 1. <anchor xml:id="start11910" />℔<anchor xml:id="end11910" /><!--skålpund--> the måste du ändå köpa mig men be <persName corresp="pe4904">Cristine</persName> därom at köpa där de brukar köpa kanske och hon får för nån <choice><abbr>rub.</abbr><expan resp="MaD">rubel</expan></choice> bättre pris <anchor xml:id="start19409" />ung herrar plär mäst taxeras<anchor xml:id="end19409" />. <persName corresp="pe262">Sophie</persName> hälsar dig jag hade bref i dag hon mår väl och gläder sig åt alla de vänner som i sommar kommer till <placeName corresp="pl2157">Stockholm</placeName> men hem kommer hon i höst af det skäl at hon ej skulle få bli qvar hos <persName corresp="pe795">Enegrens</persName> längre men det talar jag ej om här det kunde misstydas men <rs corresp="pe7148">Frun</rs> skrifver till mig så mycket godt om <persName corresp="pe262">Sophie</persName> och de tycks alla hålla af henne och ber mig för all del ej tro at hon gifvit minsta anledning till missnöje ty man kan<pb /> ej vara mera god och mindre besvärlig än <persName corresp="pe262">Sophie</persName> skrifver hon men de har nåra släcktingar i <placeName corresp="pl4855">Sundsvall</placeName> som velat ha sin dotter till dem men som de nekat till och upgifvit till skäl at de ej kunde längre än för i år ha nån främmande och intet vill de stöta sig med dem om de behöll <persName corresp="pe262">Sophie</persName>. och som vi förut hade svårt om ställe så hvar skall vi nu få annat och nu i synnerhet när <persName corresp="pe262">Sophie</persName> varit så obeskrifligt väl till tror jag ej en gång hon skulle trifvas ty hvar fick hon så bra. på sin namsdag hade hon fått en vacker ring som kostat 15 <choice><abbr>Rd.</abbr><expan resp="EK">Riksdaler</expan></choice> och <anchor xml:id="start19410" />alt för et<anchor xml:id="end19410" /> blifvit bjuden på Specktakel och andra nöjen hon skrifver om hon vill visa nån liten artighet får hon dubbelt igen och med dessa tänkesätt lär det ej vara nån behållning för <persName corresp="pe795">Enegrens</persName> at ha främmande flickor hos sig, men gärna skulle <persName corresp="pe262">Sophie</persName> blifvit qvar där men intet vill hon flytta. <persName corresp="pe967">Lithens</persName> resa lär vara bestämd till slutet af Juli men <persName corresp="pe2231">Turdins</persName> reser i nästa vecka. i dag skall et fartyg hit kommit som troligen är det från<pb /> <placeName corresp="pl1880">Riga</placeName> som <persName corresp="pe30">Hind Backman</persName> är på men inga andra är ännu komna. in stuva nu instrumentet med omsorg och betänk at det skall föras på kärra. alla vänner mår bra lilla <persName corresp="pe323">Fanny</persName> är snäll men med <persName corresp="pe484">Mormor Wacklin</persName> vill hon ej rätt väl komma öfverens ty gumman kältar ständigt på henne och vill rätta hennes tal och annat onödigt ty hon kan ej utala r. – mormor bor nu up i din kammare och blir väl här ännu par veckor hon hälsar dig. nu har vi tre dar haft så kalt och ruskigt med snö och hagel och till råga på har 5 af våra kor varit borta 4 dygn och i dag får vi ställa ti<supplied reason="damage" resp="LM">ll</supplied> skall efter dem. förut hade vi så härliga daga<unclear reason="endline" resp="LM">r</unclear><!-- vet eg. inte vad som är orsak till att de sista bokstäverna inte syns, "endline" eller "damage" eller annat. LM --> at det börja titta opp i trägåln men få se om det ej nu frusit bort. nog vore det roligt at få veta om Moster kommer då blir det väl i samma sällskap med dig och jag hoppas nu at jag ännu får svar på mit förra bref på detta hinner ej någodt för än du sjelf. hälsa <persName corresp="pe33">Blanken</persName> och gratulera honom på mina vägnar när alt är förbi. kommer han hit är han vist välkommen som vanligt men nog lär väl och han sakna <persName corresp="pe967">Lithens</persName> och de längre <placeName corresp="pl35">Alörs</placeName> färderna. Gud vare hos dig och väl kommen Frisk och sund till din</p>
        <closer>
          <signed>Mamma.</signed>
        </closer>
      </div>
    </body>
  </text>
</TEI>