﻿<?xml version="1.0" encoding="UTF-8"?>
<TEI xmlns:xsi="http://www.w3.org/2001/XMLSchema-instance" xsi:schemaLocation="http://www.tei-c.org/ns/1.0 file:/T:/Instruktioner,%20manualer,%20scheman/TEI-scheman%20(AM)/tei_brevschema.xsd" xmlns="http://www.tei-c.org/ns/1.0">
  <teiHeader>
    <fileDesc>
      <titleStmt>
        <title>Br1530</title>
        <respStmt>
          <resp>Ansvarig redaktör:</resp>
          <name>Laura Mattsson</name>
        </respStmt>
      </titleStmt>
      <publicationStmt>
        <publisher>Zacharias Topelius Skrifter</publisher>
      </publicationStmt>
      <sourceDesc>
        <p>Arkivsignum: se databas</p>
      </sourceDesc>
    </fileDesc>
    <profileDesc>
      <handNotes>
        <handNote medium="brown-ink" />
      </handNotes>
    </profileDesc>
  </teiHeader>
  <text>
    <body xml:space="preserve">
      <!-- – ” ’ æ ½ -->
      <div type="letter">
        <opener>
          <dateline><placeName corresp="pl963">Kudniss</placeName> d. 5. Ocht.</dateline>
        </opener>
        <p rend="noIndent">blott et litet bref min goda gosse räcker åt dig <del>men</del> min tid har åtgått på potates landet at jag glömde hela posten men jag vill ej ändå lämna dig aldeles utan. jag ämnade också skrifva till <persName corresp="pe33">Herr Blank</persName> och tacka för hans godhet med instrumentet och hans bref men det måste <anchor xml:id="start19411" />och lämna<anchor xml:id="end19411" /> hälsa honom emedlertid i från oss så snart flygeln kommer hit så skrifver jag. vår tid går trefligt och stilla som vanligt och <persName corresp="pe262">Sophie</persName> finner sig nöjd i sitt stilla hem,<!-- LM ändrade här för första gången ett tankstreck till komma i ställe för punkt --> och hälsar hjerteligen. <anchor xml:id="start11911" />det omtalta brölloppet<anchor xml:id="end11911" /> har vi bevistat där var mun<unclear reason="inksmudge" resp="LM">te</unclear>rt och roligt men för mig lik alla andra bröllopp och skulle de unga funnit någodt särdeles intresant så lär de väl med dela dig det.</p>
        <p><persName corresp="pe36">Collander</persName> träffade vi oförmodat på Brölloppet men ej kommande i från <placeName corresp="pl399">Helsingfors</placeName> som vi trodde han lär funnit sig väl i <placeName corresp="pl2157">Stockholm</placeName>.</p>
        <p>Gud vare med dig kära barn var arbetsam och flitig och slösa ej bort den dyrbara tiden som aldrig åter kommer.</p>
        <closer>
          <salute>skrif snart till din</salute>
          <signed>
            <hi rend="underline">mamma.</hi>
          </signed>
        </closer>
      </div>
    </body>
  </text>
</TEI>