<?xml version='1.0' encoding='UTF-8'?><TEI xmlns:xsi="http://www.w3.org/2001/XMLSchema-instance" xmlns="http://www.tei-c.org/ns/1.0" xsi:schemaLocation="http://www.tei-c.org/ns/1.0 file:/T:/Instruktioner,%20manualer,%20scheman/TEI-scheman%20(AM)/tei_brevschema.xsd">
  <teiHeader>
    <fileDesc>
      <titleStmt>
        <title>Br1538</title>
        <respStmt>
          <resp>Ansvarig redaktör:</resp>
          <name>Laura Mattsson</name>
        </respStmt>
      </titleStmt>
      <publicationStmt>
        <publisher>Zacharias Topelius Skrifter</publisher>
      </publicationStmt>
      <sourceDesc>
        <p>Arkivsignum: se databas</p>
      </sourceDesc>
    </fileDesc>
    <profileDesc>
      <handNotes>
        <handNote medium="brown-ink"/>
      </handNotes>
    </profileDesc>
  </teiHeader>
  <text>
    <body xml:space="preserve">
      <!-- – ” ’ æ ½ -->
      <div type="letter">
        <opener>
          <dateline><anchor xml:id="start38409"/>Söndags Morgon Kl. 10<anchor xml:id="end38409"/></dateline>
        </opener>
        <p rend="noIndent">Just nu anländ hit frisk och sund, skyndar jag at därom underrätta <hi rend="underline">er</hi> det aldra dåligaste före och kusk som vara kan men nog är han beskedlig. före onsdagen kommer jag vist ej hem. hälsa tusende hjerteliga hälsningar till <rs corresp="pe140">Moster</rs> och alla omfamna <persName corresp="pe262">Sophie</persName>, <anchor xml:id="start19419"/>jag hinner ej mer jag reser genast.<anchor xml:id="end19419"/> Gud vare med er.</p>
        <closer>
          <signed>S. T.</signed>
        </closer>
      </div>
    </body>
  </text>
</TEI>