<?xml version='1.0' encoding='UTF-8'?><TEI xmlns:xsi="http://www.w3.org/2001/XMLSchema-instance" xmlns="http://www.tei-c.org/ns/1.0" xsi:schemaLocation="http://www.tei-c.org/ns/1.0 file:/T:/Instruktioner,%20manualer,%20scheman/TEI-scheman%20(AM)/tei_brevschema.xsd">
  <teiHeader>
    <fileDesc>
      <titleStmt>
        <title>Br1539</title>
        <respStmt>
          <resp>Ansvarig redaktör:</resp>
          <name>Laura Mattsson</name>
        </respStmt>
      </titleStmt>
      <publicationStmt>
        <publisher>Zacharias Topelius Skrifter</publisher>
      </publicationStmt>
      <sourceDesc>
        <p>Arkivsignum: se databas</p>
      </sourceDesc>
    </fileDesc>
    <profileDesc>
      <handNotes>
        <handNote medium="brown-ink"/>
      </handNotes>
    </profileDesc>
  </teiHeader>
  <text>
    <body xml:space="preserve">
      <!-- – ” ’ æ ½ -->
      <div type="letter">
        <opener>
          <dateline><placeName corresp="pl963">Kudniss</placeName> d. 14. Ap.</dateline>
          <salute>Goda <persName corresp="pe614">Zache</persName>.</salute>
        </opener>
        <p rend="noIndent">Vist har jag väl hört af er det nödvändigaste at ni lefver och mår bra och Gudske lof därföre, men för öfrigt kort om godt men nu väntar jag et långt bref med noggran underrättelse om dina hushållsaffärer har du köpt skåp och huru dyrt. det du bad mig skicka har du förmodeligen fått därjemte följde et par lakan dito örngotsvar 2 handukar 3 par str. 2. <anchor xml:id="start38411"/>chemisetter<anchor xml:id="end38411"/> 1. krage. låt nu för all del Madam när hon tvättar äfven reparera det som är söndert ty hvarföre skall man ha trasor när man ej behöfver det. hvad som är dumt at du har flere saker <anchor xml:id="start19420"/>omärkt<anchor xml:id="end19420"/> men <anchor xml:id="start19421"/>håll vara<anchor xml:id="end19421"/> därpå när du lägger i tvätt. hvad skall jag nu berätta för nytt af <persName corresp="pe262">Sophie</persName> har du väl hört om alt hvad här passerat <persName corresp="pe114">Josephina</persName> frågte jag om <persName corresp="pe402">Lagermark</persName> skickat pengar hon sade sig ej veta vist men trodde det nog tyckte han om kragen. rätt ohöfligt är det om han ännu ej skrifvit därom. men kanske giftas utgifterna satt honom ur stånd därtill jag tycker du och skall längta efter pengar men sen jag kom hem har jag ej varit i stånd at Cassera inn det minsta det jag lånte till lin och som nu skulle vara betalt har jag ej fått en kopek i dag har jag väntat med säkerhet för at få skicka med denna post men ännu har ingen kommit om jag <anchor xml:id="start38410"/>hälst<anchor xml:id="end38410"/> fick<pb/> så att jag kunde få skicka med <persName corresp="pe214">Logren</persName> som dessa dagar reser men lär dröja någodt länge på vägen; <persName corresp="pe30">Hind Backman</persName> stackare är så medtagen utaf 6 veckors svältkur det är synd om honom han är rysligt straffad om han sjelf ådragit sig alt detta, som försvagar honom kanske för hela lifstiden ungdomen har roat sig mycket men jag har hört sägas at flickorna saknat dig och <persName corresp="pe30">Hind.</persName> som ej heller varit med i dansen. har du hört at unga <persName corresp="pe3216">Sneckendal</persName> är död, <persName corresp="pe315">Hilda Winges</persName> bror det var bra synd det skall varit en så beskedlig yngling och sen hans fattiga Mor med sina små barn som vist bygt sina förhoppningar på honom hvad det är hårdt <persName corresp="pe3215">Åkerblom</persName> skall och vara dålig och <persName corresp="pe9724">Jac Hongell</persName> och där i huset har förut dödt gamla <persName corresp="pe9584">Fru Hongell</persName> och en Mamsell. <persName corresp="pe2086"><anchor xml:id="start19422"/>Fontell</persName> tror at de förtärt erg.<anchor xml:id="end19422"/> är det ej rysligt. stålsätt dina öron för alt omkring dig at du ej blir bortblandad i din läsning som är så vigtig. <anchor xml:id="start19423"/>jag tycker hvad det skall vara underligt i sommar då du ej är hemma<anchor xml:id="end19423"/> och din kammare tom, Gud bevare dig bara där du är så går väl det ock och glädjen blir så mycket större om vi lefver och Candidat examen är lyckligt förbi när du kommer hem. Nu medföljer dit Studen<supplied reason="endline" resp="MD LM">t</supplied><!-- LM supplied-kodade t:et, MD hade bara skrivit ut det. Inte helt klart vad som är reason --> bref och <persName corresp="pe709">Frosteri</persName> betyg annat mins jag ej at du begärt. Hälsa <persName corresp="pe33">Blanken</persName> rätt mycket. jag tänkte skicka detta med posten men då nu <persName corresp="pe214">Logren</persName> reser i dag så får det gå med det öfriga. små-flickorna hälsar dig.</p>
        <p>Gud vare med dig kära barn är din Mammas dagliga bön.</p>
      </div>
    </body>
  </text>
</TEI>