<?xml version='1.0' encoding='UTF-8'?><TEI xmlns:xsi="http://www.w3.org/2001/XMLSchema-instance" xmlns="http://www.tei-c.org/ns/1.0" xsi:schemaLocation="http://www.tei-c.org/ns/1.0 file:/T:/Instruktioner,%20manualer,%20scheman/TEI-scheman%20(AM)/tei_brevschema.xsd">
  <teiHeader>
    <fileDesc>
      <titleStmt>
        <title>Br928</title>
        <respStmt>
          <resp>Ansvarig redaktör:</resp>
          <name>Laura Mattsson</name>
        </respStmt>
      </titleStmt>
      <publicationStmt>
        <publisher>Zacharias Topelius Skrifter</publisher>
      </publicationStmt>
      <sourceDesc>
        <p>Arkivsignum: se databas</p>
      </sourceDesc>
    </fileDesc>
    <profileDesc>
      <handNotes>
        <handNote id="ST" medium="black-ink">Johanna Sofia Topelius</handNote>
        <handNote id="CT" medium="black-ink">Catharina Sofia Topelius</handNote>
      </handNotes>
    </profileDesc>
  </teiHeader>
  <text>
    <body xml:space="preserve">
      <!-- – ” ’ -->
      <div type="letter">
        <div type="letterpart" part="i"><!-- EV kodat som två delar -->
          <opener>
          <handShift new="#ST"/>
              <dateline><del>K</del><placeName corresp="pl1511">NyCarleby</placeName> 17 Martii</dateline>
          <salute>bästa <persName corresp="pe614">Zarchris</persName></salute>
        </opener>
        <p rend="noIndent">Du lär wäl vara ledsen på mig för att jag ej har skrifvit men jag har ej haft tid.<!-- EV ändrat från kommatecken till punkt --> förtäckningen <anchor xml:id="start20460"/>handt<anchor xml:id="end20460"/> jag ej skrifva men <rs corresp="pe14">mamma</rs> skref ju så var det det samma. jag är nu h<supplied reason="inksmudge" resp="EV">os</supplied> <persName corresp="pe967">Lithens</persName> och skall blifva<pb/> där i natt. jag har äfven varit och s<subst><del>i</del><add>e</add></subst>tt på <anchor xml:id="start20461"/>en som visar genom föstoringsglas flere städer<anchor xml:id="end20461"/>. Gossarna och wi har roatt oss med att <anchor xml:id="start38325"/>laga<anchor xml:id="end38325"/> ett snöhus! hällsningar från alla här och från de öfrige får mamma <!-- vikt kant, kan eventuellt dölja bokstav (t.ex. extra l) (EV) -->häls<supplied reason="inksmudge" resp="EV">a</supplied>.</p>
        <closer>
          <signed>din syster Sophie</signed>
        </closer>
        <pb/>
        <postscript>
          <p>Hälsa titt <persName corresp="pe162">Sophie</persName> och <persName corresp="pe19">Oscar</persName> ja skall väl snar skifva till <persName corresp="pe162">Sophie</persName>.</p>
        </postscript></div>
        <div type="letterpart" part="f">
          <p><handShift new="#CT"/>Min kära Zachris. Du får nu så många bref at jag blott har rum för några rader för at säga dig at vi med särdeles nöje emotog dit sidsta bref som var litet mera omständeligt än vanligt det fägnar oss äfven at du spelar och ritar var nu trägen och flitig så räcker nog din tid till här står allting som förr. <rs corresp="pe226">Pappa</rs> hälsar dig han ämnade<!-- EV ändrat från önskade --> skrifva till <rs corresp="pe21">Farbror</rs> och dig men s<subst>å</subst> kom <anchor xml:id="start20466"/>en packa avisor<anchor xml:id="end20466"/> som är hans favorit lecture så at han glömde altsammans <anchor xml:id="start20470"/>lilla <persName corresp="pe22">Gustav</persName> hälsar och han föreställer ofta din person och kommer och hälsar från <placeName corresp="pl2464">Uleå</placeName> han står och nu bak på min stol och håller mig om nacken och säger ser intet <rs corresp="pe14">Mamma</rs> <persName corresp="pe614">Zachris</persName>.<anchor xml:id="end20470"/><pb/></p>
        <p><persName corresp="pe28">Anna lena</persName> och vårt öfriga folk hälsar dig altid när det kommer et bref från dig så kommer de <subst>in</subst> för at få höra hvad du skrifvit och om du hälsar till dem – här var et bref till dig af gammalt från <persName corresp="pe498">Alexander</persName> men det har förkommit men nu medföljer<!-- EV skrivit ihop --> et annat i söndags var här en hop pojkar hos <persName corresp="pe22">Gustav</persName> och här var et väsend som då du hvar hem med dina kamrater i natt hvar det på väg at bli eldsvåda hos <persName corresp="pe966">Svans</persName> larm gjordes men det blef snart släckt vi viste af intet och ännu har jag ej hört huru det gått till – hälsa <rs corresp="pe3410  ">fastrarna</rs> så mycket i från oss jag beklagar <persName corresp="pe486">Faster Greta</persName> som varit sjuk <persName corresp="pe465">faster Lisette</persName> var rätt god som skickade oss Böcker<!-- EV tagit bort punkt --> må väl kära barn och skrif snart till</p>
        <closer>
          <signed>din Mamma</signed>
        </closer></div>
      </div>
    </body>
  </text>
</TEI>