<?xml version='1.0' encoding='UTF-8'?><TEI xmlns:xsi="http://www.w3.org/2001/XMLSchema-instance" xmlns="http://www.tei-c.org/ns/1.0" xsi:schemaLocation="http://www.tei-c.org/ns/1.0 file:/T:/Instruktioner,%20manualer,%20scheman/TEI-scheman%20(AM)/tei_brevschema.xsd">
  <teiHeader>
    <fileDesc>
      <titleStmt>
        <title>Br2906</title>
        <respStmt>
          <resp>Ansvarig redaktör:</resp>
          <name>Laura Mattsson</name>
        </respStmt>
      </titleStmt>
      <publicationStmt>
        <publisher>Zacharias Topelius Skrifter</publisher>
      </publicationStmt>
      <sourceDesc>
        <p>Arkivsignum: se databas</p>
      </sourceDesc>
    </fileDesc>
    <profileDesc>
      <handNotes>
        <handNote id="ZT" medium="black-ink">Zacharias Topelius d.ä.</handNote>
        <handNote id="CT" medium="black-ink">Catharina Sofia Topelius</handNote>
      </handNotes>
    </profileDesc>
  </teiHeader>
  <text>
    <body xml:space="preserve">
      <!-- – ” ’ æ ½ --> 
            <div type="letter"> 
                <opener>
                    <dateline><handShift new="#ZT"/><placeName corresp="pl963">Kudnis</placeName> d: 12. Oct. 1830.</dateline>
                    <salute>Min älskade gosse!</salute>
                </opener> 
                <p rend="noIndent">Dina 2<hi rend="raised">ne</hi> bref hafva riktigt ingått, hvaraf finner att du <foreign xml:lang="lat"><anchor xml:id="start20508"/>labore indefesso<anchor xml:id="end20508"/></foreign> fortsätter dina öfningar. En angelägen sak – det är <hi rend="underline"><anchor xml:id="start20510"/>finskan</hi> dit egentl. modersmål<anchor xml:id="end20510"/> – att läsa det har Du i <placeName corresp="pl2464">U.</placeName> tusen tillfällen. Ibland annat kan du en gång i veckan lära ett stycke <add place="botMargin">t. ex. ur finska abcboken – helst utantill. Dertill passar ju hvar Söndagsmårgon.</add> hos faster, och dessutom <anchor xml:id="start20509"/>bedja <rs corresp="pe3410">fastrarne</rs> att ej tilltala dig på svenska<anchor xml:id="end20509"/>. Då går ju saken som en lek. Du har väl hört det rysliga slut som <persName corresp="pe7279">G. Mathesii</persName> liderliga lefverne tog – <anchor xml:id="start20503"/>han är nu i tysthet begrafven, dock ej af <anchor xml:id="start20504"/>skarprättaren<anchor xml:id="end20504"/> emedan han varit i förvirradt tillstånd.<anchor xml:id="end20503"/></p>
                <p><foreign xml:lang="lat" rend="underline"><anchor xml:id="start20506"/>Semita certe <add>tranquillæ</add> per virtutem patet unica vitæ<anchor xml:id="end20506"/></foreign> – en gyllene sats. Våra åkrar ha i år gifvit en dålig skörd – rågen ej hälften mot vanligt. Kornet någorlunda – man förutser här svält och tiggare – ty ej engång köpmännerna våga <anchor xml:id="start38331"/>införskrifva<anchor xml:id="end38331"/> Spanmål, då allmogen ej har något att köpa före.</p>
                <p>Vår dreng <persName corresp="pe3294">abram</persName> har farit till sjöss och satt i sit ställe <persName corresp="pe3295">Eric</persName> (<gap reason="writing" extent="1" unit="words"/>). Vi ha underligt nog <anchor xml:id="start20511"/>hulpit<anchor xml:id="end20511"/> oss fram med 3 hästar – och ämna så fortfara.</p>
                <p>hit försäntes Ryska troppar, och det är fråga om vår röda byggnings uplåtande till lazaret – åtm. ämna vi inreda den.</p>
                <p>hälsa oändligt mycket till <rs>farbror</rs>, till <choice><abbr>hkn</abbr><expan resp="EK">hvilken</expan></choice> jag skref med sista post, till <rs corresp="pe888">moster</rs> fastrarne och de små – lill <persName corresp="pe22">Gustav</persName> mår bra och försöker sig med A, b, c. <anchor xml:id="start20513"/>Din <rs corresp="pe262">syster</rs> begynner hämta sig – hon var mycket sjuk.<anchor xml:id="end20513"/> <foreign xml:lang="lat"><anchor xml:id="start20512"/>Vale iterumque vale<anchor xml:id="end20512"/></foreign></p> 
                <closer>
                    <signed>Z. Topelius</signed>
                </closer>
                <postscript><p>P. S. 5<hi rend="raised">te</hi> häftet af <title corresp="ve1282">Runorne</title> är inskickadt till <placeName corresp="pl399">H<hi rend="raised">fors</hi></placeName> för att tryckas.</p></postscript>
                <postscript><p><handShift new="#CT"/>i en låda till moster skickar jag en kamm som du är skyldig <persName>anna</persName> och en liten strut <anchor xml:id="start20507"/>gotta<anchor xml:id="end20507"/> at dela med <persName corresp="pe19">Oscar</persName> och <persName corresp="pe162">Sofi</persName> alla här hemma hälsar dig och du omfamnas hjerteligen i tankarna af din mamma –</p></postscript>
            </div> 
        </body>
  </text>
</TEI>