<?xml version='1.0' encoding='UTF-8'?><TEI xmlns:xsi="http://www.w3.org/2001/XMLSchema-instance" xmlns="http://www.tei-c.org/ns/1.0" xsi:schemaLocation="http://www.tei-c.org/ns/1.0 file:/T:/Instruktioner,%20manualer,%20scheman/TEI-scheman%20(AM)/tei_brevschema.xsd">
  <teiHeader>
    <fileDesc>
      <titleStmt>
        <title>Br1514</title>
        <respStmt>
          <resp>Ansvarig redaktör:</resp>
          <name>Laura Mattsson</name>
        </respStmt>
      </titleStmt>
      <publicationStmt>
        <publisher>Zacharias Topelius Skrifter</publisher>
      </publicationStmt>
      <sourceDesc>
        <p>Arkivsignum: se databas</p>
      </sourceDesc>
    </fileDesc>
    <profileDesc>
      <handNotes>
        <handNote medium="black-ink"/>
      </handNotes>
    </profileDesc>
  </teiHeader>
  <text>
    <body xml:space="preserve">
      <!-- – ” ’ æ ½ -->
      <div type="letter">
        <opener>
          <dateline><placeName corresp="pl963">Kudniss</placeName> d. 6. Ap. 1836.</dateline>
          <salute>goda barn.</salute>
        </opener>
        <p rend="noIndent">Just nu fick jag höra at <persName corresp="pe3194" correspUncert="Y">Engström</persName> reser genom <placeName corresp="pl399">Helsingfors</placeName> och då kan jag ej underlåta at litet språka med dig. och efter jag har denna sedel i besparing för din räkning så må den äfven vandra till sin bestämmelse det kan vara ondt om så<del>k</del> säkert bud på länge och du lär väl snart behöfva kan jag tänka då du gått i flere utläggningar för andra. kära du håll ordentlig reda därpå anotera tydligt at ej minnet behöfver anlitas <del>at</del> kära <persName corresp="pe614">Zacke</persName> är du nu försicktig om din hälsa denna vårtiden bör man fram för alt vara det i synnerhet at ej bli våt om fötterna och ha hela och rena ullstrumpor,<!-- LM ändrade . till , --> men detta lär jag gudnås predika för döfva öron. vet du det kosta ricktigt på mig då jag hörde om den beskedliga <persName corresp="pe227">Östrings</persName> bortgång ur verlden hvem vet om ej <del>slik</del> oförsiktighet lagt grund till hans sjukdom. orolig har jag varit sen jag hörde om hans död och jag hade verkligt behof af<!-- LM ändrade "at" till "af". --> at skrifva till dig. du tycks ju eljest vara glad som en spelman det är vist en god sak och arbetet går då lättare och lyckas vanligtvis bättre. jag börjar nu på längta efter bref från dig fast efter<pb/> hvad du skref till <persName corresp="pe262">Sophie</persName> så måste jag ännu kanske vänta en vecka. när du får detta får du ej heller dröja länge för än du skrifver så jag får höra om pengarna fram kommit 50 <choice><abbr>B<hi rend="raised">co</hi></abbr><expan resp="EK">Banco</expan></choice><!-- LM införde <hi> --> är ej mycket men det håller länge för mig at skrapa i hop dem. du nämner ej hvad frun heter som du bor hos och om möblerna är lånta eller köpta du ligger väl ej nu som förr för öppen dörr eller lämnar din nyckel när du går bort. du tar nog litet mjölk och nu är väl äfven väg kosten slut utom smöret låt lägga salt i litet vatten och sen det smält så slå öfver det så härsknar det ej. <anchor xml:id="start19388"/>ej heller har du nämt var du fick rum för din släda<anchor xml:id="end19388"/> jag tycker mig ha så mycket at fråga dig om hur funderar du om fiolspelning nog vore det roligt för både dig och <persName corresp="pe262">Sofi</persName> om det ej medtoge för mycket af din tid. du önskar kära barn at jag kunde genom skåda din själ <del>k</del><!-- LM satt in del, lite osäker --> gudgifve äfven at du aldrig behöfver frukta därföre med Guds hjelp hoppas äfven jag goda följder af dina bemödanden ihärdighet vid arbete är egentligen hvad som fattas dig intet brist på vilja och kan du vänja dig därvid så går det nog. skrif äfven hur <add>du</add> tänker och känner du har rätt<pb/> nog är mamma din säkraste vän och förtrogna oföränderlig i alla skiften och hvem skulle innerligare af själ och hjerta dela dina känslor och förhoppningar ingen i hela verlden. jag tror knapt du kan före ställa dig hur de<subst><del>n</del><add>tt</add></subst> minsta som rör dig har värde för mig och hur mina tankar ständigt hvälfver om kring dig om <persName corresp="pe262">Sofi</persName> komme bort så vore vist förhållandet med henne det samma utom det at för henne är många faror mindre än för dig men nu då jag har henne hos mig har jag intet bekymmer. hon vet ej af at jag skrifver hon är till <placeName corresp="pl618">Juthbacka</placeName>. Påsk helgen har vi passerat i all sköns tysthet. <persName corresp="pe4124">flickorna Lithen</persName> är till <placeName corresp="pl269">GCarleby</placeName> och roar sig och <persName corresp="pe37">Albert</persName> och <persName corresp="pe30">Hind.</persName> äfvenså där skall varit Dans andra dagen. Mariedagen var här dans men vi var ej där och ej heller <persName corresp="pe300">Thilda</persName> som hade tand svulst. hälsa mycket till <persName corresp="pe798">Rosenkampffs</persName> det är ju roligt at du är god vän med <rs corresp="pe317">lillus</rs> om du i bland hade någon leksak eller namnam åt honon skulle ej skada små skänker underhåller vänskapen sade <persName corresp="pe907">Napoleon</persName>. hvad det skall bli trefligt i sommar när de kommer hit hvad tid blir promotion blir det <anchor xml:id="start37460"/>före Johanni<anchor xml:id="end37460"/><pb/> hälsa <persName corresp="pe33">Herr Blank</persName> han är väl nu så glad och om jag lefver tills du hinner lika långt vad jag då äfven skall vara glad jag är säker på at han med heder genomgått sin Candidat Examen gud låte nu alt öfrigt äfven för honom välgå. alla anhöriga och vänner mår väl just nu kom <persName corresp="pe262">Sophie</persName> hem hon ber hälsa och ber dig skicka det notarket hon bad dig om när du skickar trädgårds frön se åt på frö notan jag tror jag glömde 1 lod runda rädisor och 1 lod dill. har du ej köpt frön så skrif dessa till kall väderlek och stark frost har vi nu ehuru <anchor xml:id="start19389"/>forssarna är glada<anchor xml:id="end19389"/> och vid <placeName corresp="pl4913">hällan</placeName><!-- Socklothällan --> skall ingen is synas således blir tidig sjöfart i år. gud vare med dig kära barn skrif nu snart till din</p>
        <closer>
          <signed>mamma.</signed>
        </closer>
      </div>
    </body>
  </text>
</TEI>