﻿<?xml version="1.0" encoding="UTF-8"?>
<TEI xmlns:xsi="http://www.w3.org/2001/XMLSchema-instance" xsi:schemaLocation="http://www.tei-c.org/ns/1.0 file:/T:/Instruktioner,%20manualer,%20scheman/TEI-scheman%20(AM)/tei_brevschema.xsd" xmlns="http://www.tei-c.org/ns/1.0">
  <teiHeader>
    <fileDesc>
      <titleStmt>
        <title>Br1547</title>
        <respStmt>
          <resp>Ansvarig redaktör:</resp>
          <name>Laura Mattsson</name>
        </respStmt>
      </titleStmt>
      <publicationStmt>
        <publisher>Zacharias Topelius Skrifter</publisher>
      </publicationStmt>
      <sourceDesc>
        <p>Arkivsignum: se databas</p>
      </sourceDesc>
    </fileDesc>
    <profileDesc>
      <handNotes>
        <handNote medium="black-ink" />
      </handNotes>
    </profileDesc>
  </teiHeader>
  <text>
    <body xml:space="preserve">
      <!-- – ” ’ æ ½ -->
      <div type="letter">
        <opener>
          <dateline><placeName corresp="pl963">Kudniss</placeName> d. 14. Dec.</dateline>
          <salute>Egen <persName corresp="pe614">Zache</persName>.</salute>
        </opener>
        <p rend="noIndent">i stället för julklapp lär du blott få dessa rader, hvad det är förargelit. ingen resande har hörs af sen <rs corresp="pe139">Baron</rs> var här och då var våra små saker under arbete. <persName corresp="pe262">Sophie</persName> har åt <persName corresp="pe140">Augusta</persName> och Baron litet smått in packat i en låda som står och väntar på tillfälle. om det ginge ann at du <anchor xml:id="start19446" />för ro skull<anchor xml:id="end19446" /> <subst><del>sk</del><add>k</add></subst>unde skrifva en sorts <anchor xml:id="start19447" />revers<anchor xml:id="end19447" /> ungefär at <add>en låda tillhörig</add> <persName corresp="pe139">Friherren R.</persName> har stannat för <anchor xml:id="start19448" />menföre<anchor xml:id="end19448" /> hvar du vill (men intet. <placeName corresp="pl1512">Ny C.</placeName>) och som med första lägenhet skall inträffa i <placeName corresp="pl399">Helsingfors</placeName>. försegla sen och kasta in till julklapp.</p>
        <p>få se hur det går med vår <placeName corresp="pl2464">Uleå</placeName> resa den lär och torka inn ty ännu körs här med hjul men blir det <anchor xml:id="start19449" />före<anchor xml:id="end19449" /> så reser vi hälsa <persName corresp="pe140">Augusta</persName> jag har just ingenting at skrifva om, men jag väntar med denna post eller med nån<pb /> student bref i från er, kommer vi at <anchor xml:id="start19450" />bli hem<anchor xml:id="end19450" /> så blir de<subst><del>st</del><add>tt</add></subst> än större saknad efter dig. <persName corresp="pe262">Sophie</persName> och <rs corresp="pe4446">små flickorna</rs> hälsar dig i söndags var de på bal och till och med <rs corresp="pe323">lillan</rs> dansade. <anchor xml:id="start19451" />i dag är dett före lyst för <persName corresp="pe543">Sophie Olson</persName> och vi får ej vara med på Brölloppet.<anchor xml:id="end19451" /> hälsa <persName corresp="pe33">Herr Blank</persName> i från oss, Gud ge er en glad jul, nog vet jag du tänker mycket på oss, at du är föremål för mina tankar och böner det vet du väl, om de kunde skydda dig huru lycklig vore du då..</p>
        <p>kanske mit nästa bref blir i från <placeName corresp="pl2464">Uleåborg</placeName>, kanske och härifrån.</p>
        <p>Gud välsigne dig kära barn var altid from och god och din Mammas hopp och glädje.</p>
        <postscript>
          <p><persName corresp="pe249">Kerrmans</persName> resa lär ej bli af.</p>
        </postscript>
      </div>
    </body>
  </text>
</TEI>