<?xml version='1.0' encoding='UTF-8'?><TEI xmlns:xsi="http://www.w3.org/2001/XMLSchema-instance" xmlns="http://www.tei-c.org/ns/1.0" xsi:schemaLocation="http://www.tei-c.org/ns/1.0 file:/T:/Instruktioner,%20manualer,%20scheman/TEI-scheman%20(AM)/tei_brevschema.xsd">
  <teiHeader>
    <fileDesc>
      <titleStmt>
        <title>Br1500</title>
        <respStmt>
          <resp>Ansvarig redaktör:</resp>
          <name>Laura Mattsson</name>
        </respStmt>
      </titleStmt>
      <publicationStmt>
        <publisher>Zacharias Topelius Skrifter</publisher>
      </publicationStmt>
      <sourceDesc>
        <p>Arkivsignum: se databas</p>
      </sourceDesc>
    </fileDesc>
    <profileDesc>
      <handNotes>
        <handNote medium="black-ink"/>
      </handNotes>
    </profileDesc>
  </teiHeader>
  <text>
    <body xml:space="preserve">
      <!-- – ” ’ æ ½ -->
      <div type="letter">
        <opener>
          <dateline><placeName corresp="pl963">Kudniss</placeName> d. 12 Ocht.</dateline>
        </opener>
        <p rend="noIndent"><hi rend="underline">Goda <persName corresp="pe614">Zachi</persName>.</hi> hur i all verlden skulle jag tro dig vara en hycklare nej kära barn det är jag öfvertygad om at du aldrig blir ty gudske lof ännu har jag aldrig märkt at hvarken du eller <persName corresp="pe262">Sofi</persName> velat på minsta vis leda mig bakom ljuset också var ej min mening sådan du tar den utan blott ett raljeri ty jag trodde at du viste förut at <persName corresp="pe967">Li<subst><del>ht</del><add>th</add></subst>ens</persName><!-- LM lade till subst, men är inte säker på att det är nödvändigt. --> skulle gå till <placeName corresp="pl3096">Harald</placeName> men at du ej nämde därom för at slippa bli brydd. nå hvad skall jag nu säga dig om hemmet på <placeName corresp="pl963">kudniss</placeName> mår vist alla bra men <rs corresp="pe889">Morfar</rs> är dålig och <persName corresp="pe484">Mormor Wacklin</persName> är och skral men <persName corresp="pe24">Fanny</persName><!-- Fanny Toppelius? --> blef snart frisk. som någodt intresant får jag berätta at jag bytt Hästar med 52 <choice><abbr>Rd.</abbr><expan resp="EK">Riksdaler</expan></choice><!-- LM ändrade till från R. --> mellan gift jag bytte tre gånger på försök men tog till bakas men denna är nu betalt det är et snällt och sedigt kreatur och <persName corresp="pe3313">Jacob</persName> säger at den är bra at rida på. ser du detta var och et vilkor vid handeln vi har haft den 8 dar och har alt skäl at vara nöjd<pb/> vi har nu dragit not men så dåligt i går drogs både morgon och afton och intet lif kom förut har vi fått par <anchor xml:id="start20606"/>skinn laxar<anchor xml:id="end20606"/>. det var för mig omöjligt at kunna få nejonögon tills <persName corresp="pe256">Cederman</persName> reste och ännu intet har jag fått några det lilla som kommer <anchor xml:id="start38353"/>fäcktar stadsbona efter<anchor xml:id="end38353"/> och knapt tror jag at <persName corresp="pe140">Augusta</persName> kan ta något med sig ty de är så många och hvar och en har litet saker at föra med sig hon skall och ha en pojke härifrån <persName corresp="pe139">Rosenkampff</persName> vill det och hon har funderat på <persName corresp="pe3315">Sundbergs Isack</persName> om du mins honom som varit mycket hos Morfar.</p>
        <p>jag hade bref från <placeName corresp="pl2464">Uleåborg</placeName> <rs corresp="pe888">Moster</rs> ber hälsa dig. bland annat skrifver hon at <persName corresp="pe937">Landshöfding Lagerborg</persName> med famille är kommen och at de kört om kull norr om <placeName corresp="pl2668">Vittick</placeName> i en backe och skadat sig illa och Kusken dog och både Hern och <rs corresp="pe7063">Frun</rs> har stött sig mycket så at det och blef et hinder för <rs corresp="pe21">Farbrors</rs><pb/> hitresa nu igen. också skrifver Moster at de i dag lyser för <persName corresp="pe3317">Christine Toppelius</persName> och <persName corresp="pe7065">Zimmerman</persName> som du nog känner. hela <persName corresp="pe2231">Turdinska</persName> huset är i dag bjuden till middag till <persName corresp="pe3210">Kerrmans</persName> om nån annan är där vet jag ej. <persName corresp="pe262">Sophie</persName> ber hälsa dig hon väntar <anchor xml:id="start38352"/>med viss<anchor xml:id="end38352"/> bref från dig nästa gång du skrifver till mig <persName corresp="pe3156">Marklund</persName> har nu varit och stämt forte Pianot om det blef bra kan jag ej dömma om men dyr var han han stämde alla instrument i stan men tog ej betalt för än alla var stämda och då begärde han 3 Banco stycket <persName corresp="pe29">Emelie</persName> blef förargad och sade at hon aldrig i <placeName corresp="pl2157">stockholm</placeName> betalt mer än 1. B<hi rend="raised">co</hi> jag teg och betalte fast intet tror jag det var mycket bevändt med hans stämning ty det gick så fort <persName corresp="pe4739" correspUncert="Y">Ramstedt</persName> höll dubbelt längre på där med och tog hälften mindre betalt du borde just lära dig stämma. om <persName corresp="pe140">Augusta</persName> låter nån gång stämma sit instrument så passa på och var närvarande och köp dig en liten bok som heter <title corresp="ve3454">Claverstämmaren</title><pb/> på Marknan här fans ej vita västyg därföre hör dig om efter et sådant i bodarna men köp ej hos <persName corresp="pe2814">Palmqvist</persName> nå är dina svarta kläder ännu under arbete ackta at de ej blir för trånga. <persName corresp="pe2766"><!-- LM ändrade från corresp=Anna Helena Backman, hon kallas tante Backman el. dyl. Se databasen. -->anna lena</persName> hälsar dig alla vänner mår bra jag träffade i går <persName corresp="pe967">Lithens</persName> som alla såg fryntliga och förnöjda ut. förleden söndags predikade <persName corresp="pe291">Janne Levelius</persName> här i kyrkan jag var ej där men <persName corresp="pe2766">anna lena</persName> sade at det gick mycket bra. d. 13. i går aftse kom <persName corresp="pe7062">Venberg</persName> och med honom dit bref men ej böckerna till <placeName corresp="pl2464">uleåborg</placeName> nej nog måste du göra dig en liten minnesbok med påskrift för mammas <anchor xml:id="start11547"/>comisjoner<anchor xml:id="end11547"/> ty det är de som mäst <anchor xml:id="start19363"/>lämnar<anchor xml:id="end19363"/> glömnes eller skjutes opp. emedlertid hvad skall jag svara Moster nu torde det bli långt till nästa tillfälle. <persName corresp="pe140">Augusta</persName> reser nästa Fredag men dröjer några dar på <placeName corresp="pl2133">Sonnäs</placeName> Hälsa <persName corresp="pe3309">Fru Wikstedt</persName> i från och gud vare hos dig.</p>
        <closer>
          <signed>S. T.</signed>
        </closer>
      </div>
    </body>
  </text>
</TEI>