<?xml version='1.0' encoding='UTF-8'?><TEI xmlns:xsi="http://www.w3.org/2001/XMLSchema-instance" xmlns="http://www.tei-c.org/ns/1.0" xsi:schemaLocation="http://www.tei-c.org/ns/1.0 file:/T:/Instruktioner,%20manualer,%20scheman/TEI-scheman%20(AM)/tei_brevschema.xsd">
  <teiHeader>
    <fileDesc>
      <titleStmt>
        <title>Br1499</title>
        <respStmt>
          <resp>Ansvarig redaktör:</resp>
          <name>Laura Mattsson</name>
        </respStmt>
      </titleStmt>
      <publicationStmt>
        <publisher>Zacharias Topelius Skrifter</publisher>
      </publicationStmt>
      <sourceDesc>
        <p>Arkivsignum: se databas</p>
      </sourceDesc>
    </fileDesc>
    <profileDesc>
      <handNotes>
        <handNote medium="black-ink"/>
      </handNotes>
    </profileDesc>
  </teiHeader>
  <text>
    <body xml:space="preserve">
      <!-- – ” ’ æ ½ -->
      <div type="letter">
        <opener>
          <dateline><placeName corresp="pl963">Kudniss</placeName> d. 29. Sept.</dateline>
        </opener>
        <p rend="noIndent">Min kära <persName corresp="pe614">Zache</persName> hvad jag i går blef glad då jag såg Postiljon komma stigande öfver höljd af snöflingor ty jag hoppades at han bar goda tidningar. ni reste just i grefvens tid ty här har hela förleden vecka varit et grufligt väder med hagel och snö och regn ömsom och fortfar alt ännu och i går oacktat en faslig storm därtill så kom <persName corresp="pe562">Vennerholm</persName> till <placeName corresp="pl35">alörn</placeName> alla menniskjor förundrade sig däröfver. då jag skildes i från er på <placeName corresp="pl4848">karkass</placeName> reste vi och genast jag vid dåligt lynne som det tilltagande mörkret ej förminskade ankommen till färjan feck<!-- LM ändrade från fick, tror det var en form som förekom --> vi vänta en half timme innan någon kom öfver, så at det var aldeles mörkt innan vi hann till <placeName corresp="pl4847"><anchor xml:id="start20605"/>mjetala<anchor xml:id="end20605"/></placeName>. där fick vi åter bulta på fönster och dörrar nästan en hel timme innan vi kom underfund med at ingen fans i stugan då gumman kom från byn. och Landbond sjelf var rest till <placeName corresp="pl2561">Wasa</placeName> Marknan troligen med et lass spanmål hvilket dock nekades efter en stunds dröjsmål fortsatte vi vår hemresa, jag sökte skingra mina dystra tankar med föreställningen at ni var hos <persName corresp="pe4493">Calens</persName> du litet surmulen och <persName corresp="pe33">Herr Blank</persName> på bästa vis artig mot Fru Pastorskan. <persName corresp="pe262">Sofi</persName> roade sig at räkna grindarna men somnade vid 36<pb/> till hennes förnöjelse fortsatte dock <persName corresp="pe3313">Jacob</persName> räkningen. på <placeName corresp="pl3096">Haralden</placeName> var alt mörkt och stängt. klockan 1. kom vi lyckligt hem. andra dagen var här tomt må du tro nu är åter alt på vanligt sätt igen. <persName corresp="pe140">Augusta</persName> har varit här en vecka med <persName corresp="pe24">Fanny</persName> som nu är aldeles frisk och jag hoppas få behålla dem ännu denna vecka. i går aftons spelte vi <anchor xml:id="start38351"/>boston<anchor xml:id="end38351"/> hos <persName corresp="pe967">Lithens</persName> där alla mådde väl. <rs corresp="pe889">Morfar</rs> är nu tämmeligen frisk få se hur länge det räcker. <persName corresp="pe484">mormor Wacklin</persName> mår och bättre. jag hade bref dessa dagar från <placeName corresp="pl2464">Uleåborg</placeName>. här var et rykte som sade at et Fartyg kommit dit som hade cholera sjuka ombord och at Svåger varit till dem men det var osant. rödsoten är där svår. en af dina skolkamrater <persName corresp="pe3310">Krank</persName> har dött däri 18 år gammal. –</p>
        <p>måtte ni bara undgå den kära du lyd <persName corresp="pe33">Herr Blank</persName> och iacktag alla försigtighets mått som han anser nödiga. ackta dig at gå våt om fötterna. har du kommit i håg at köpa åt <persName corresp="pe162"><placeName corresp="pl2464">Uleå</placeName> Sofi</persName> 2 exemplar af <persName corresp="pe3311">Gedikes</persName> <title corresp="ve3456">Franska läsebok</title> nyaste upplagan. och skicka den med <persName corresp="pe139">Rosenkampff</persName> som ännu torde vara i <placeName corresp="pl399">Helsingfors</placeName> efter et bref som <persName corresp="pe140">Augusta</persName> i går hade i från honom. men skulle han rest och du glömt boken så hör efter någodt annat tillfälle snart om du ej vill heta glömsk.</p>
        <pb/>
        <p><persName corresp="pe2422">Fru Brunström</persName> stackare är så bekymrad var <anchor xml:id="start11543"/>hoppet<anchor xml:id="end11543"/> denna stormiga vecka varit som gick förleden söndag i från <placeName corresp="pl2614">Viborg</placeName>. i fredags begrafdes <persName corresp="pe3312">Capten Astren</persName> som dog i <placeName corresp="pl2561">Wasa</placeName> men fördes hit. <persName corresp="pe2291">Fru Backman</persName> hade bref i går från <placeName corresp="pl2157">Stockholm</placeName> många af deras bekanta har dött i choleran där skall vara en sådan jämmer. och gud gifve at den ej kom hit skulle den komma till <placeName corresp="pl399">Helsingfors</placeName> så kom hem genast. <persName corresp="pe262">Sofi</persName> är nu som bäst på <placeName corresp="pl618">Juthbacka</placeName> och bad mig hälsa. äfven så Moster <persName corresp="pe140">Augusta</persName> och <persName corresp="pe24">Fanchon</persName><!-- Smeknamn för Fanny. LM --> hälsar. framlämna genast inneliggande bref om <rs corresp="pe139">Baron</rs> ännu är qvar och en vänskapsfull hälsning till <persName corresp="pe33">Herr Blank</persName></p>
        <closer>
            <signed><hi rend="underline">i från din Mamma</hi></signed><!-- LM flyttade "i från din" från salute till signed -->
          </closer>
      </div>
    </body>
  </text>
</TEI>