<?xml version='1.0' encoding='UTF-8'?><TEI xmlns:xsi="http://www.w3.org/2001/XMLSchema-instance" xmlns="http://www.tei-c.org/ns/1.0" xsi:schemaLocation="http://www.tei-c.org/ns/1.0 file:/T:/Instruktioner,%20manualer,%20scheman/TEI-scheman%20(AM)/tei_brevschema.xsd">
  <teiHeader>
    <fileDesc>
      <titleStmt>
        <title>Br1534</title>
        <respStmt>
          <resp>Ansvarig redaktör:</resp>
          <name>Laura Mattsson</name>
        </respStmt>
      </titleStmt>
      <publicationStmt>
        <publisher>Zacharias Topelius Skrifter</publisher>
      </publicationStmt>
      <sourceDesc>
        <p>Arkivsignum: se databas</p>
      </sourceDesc>
    </fileDesc>
    <profileDesc>
      <handNotes>
        <handNote medium="black-ink"/>
      </handNotes>
    </profileDesc>
  </teiHeader>
  <text>
    <body xml:space="preserve">
      <!-- – ” ’ æ ½ -->
      <div type="letter">
        <opener>
          <dateline><placeName corresp="pl963">Kudniss</placeName> d. 5 Ap.</dateline>
          <salute>Min Älskade <persName corresp="pe614">Zache</persName>.</salute>
        </opener>
        <p rend="noIndent">i dag får du kanske bref förän du väntar. men jag längtar at språka med dig.<!-- borde ändras till kommatecken! LM --> ehuru inga särdeles affärer ger anledning därtill. är du nu fri från din snufva var ej oförsicktig om dina fötter byt ofta om strumpor man får lätt snufva med söndriga och smutsiga strumpor. du vill veta om bouptekningen, den har ej varit ännu till härads rätten at <subst><del>k</del><add>g</add></subst>odkännas. i det hela är den ej mycket at rätta sig efter lågt värderat och alt upgifvit ur minnet, men det är ju det samma ni är ju bara två och har således lätt at dela det lilla vi har at jag ej förstör<!-- LM ändrade från förstår --> någodt det vet ni det mästa går åt för er sjelfva. <anchor xml:id="start36713"/>så du tänker disputera<anchor xml:id="end36713"/> det fägnar mig och till sådana behof får man ej se på styfvern. må det lyckas bra jag hoppas väl at du ej går dit utan at vara säker på din sak jag lär väl hinna få et bref ännu innan dess men när det är förbi skall du skrifva straxt. <persName corresp="pe345">Hammarinska</persName> snodderna skall du skicka intet har jag frågat och det vore en stor dumhet skulle de ej vela ha dem så hade de vist bett mig ge återbud därom. kanske <persName corresp="pe499">Stenroth</persName> är ännu qvar när detta framkommer<pb/> och de hinner med honom. vår lilla verld är sig lik. lilla <persName corresp="pe323">Fanny</persName> har varit sjuk några dar men är nu aldeles frisk och vill bara äta intet tecken till vår, i dag et fasligt yrväder om ungdomens förlustelser har väl <persName corresp="pe262">Sophie</persName> skrifvit vi harmades någ<subst><del>go</del><add>od</add></subst>t öfver at du ej var hemma eller rättare sagt at ej Maskraden blef så länge du var hem. fasligt mycket folk en ricktig röra en del var rätt väl utstyrda et <persName corresp="pe7156" role="fictional"><anchor xml:id="start36714"/>Fredmans</persName> sällskap från <placeName corresp="pl269">GCarleby</placeName> som var utmärkt 9 perssoner. de höll tal och sjöng och var klädda efter plancherna<anchor xml:id="end36714"/> alla deras namnkunniga damer. <anchor xml:id="start12429"/>hos <persName corresp="pe2231">Turdins</persName> har nu gått auction i två dar<anchor xml:id="end12429"/> men bara på handelsvaror men jag har ej träffat någon så at jag ej vet huru det betalat sig men jag kan väl tro at var ock en begagnar sig af tillfället at få <anchor xml:id="start19415"/>för godt köp<anchor xml:id="end19415"/> jag nämner ej åt <rs corresp="pe140">moster</rs> om hela auction nu, intet vet jag hvad som nu kan förändrat hennes håg at resa sakerna stod ju på samma fot när resan beslöts. helsa <persName corresp="pe33">Herr Blank</persName> i från oss och var du flitig och snell min gulle gosse så skänker du en stor glädje åt din</p>
        <closer>
          <signed>mamma</signed>
        </closer>
        <postscript>
          <p>gud välsigne dig kära barn.</p>
        </postscript>
      </div>
    </body>
  </text>
</TEI>