<?xml version='1.0' encoding='UTF-8'?><TEI xmlns:xsi="http://www.w3.org/2001/XMLSchema-instance" xmlns="http://www.tei-c.org/ns/1.0" xsi:schemaLocation="http://www.tei-c.org/ns/1.0 file:/T:/Instruktioner,%20manualer,%20scheman/TEI-scheman%20(AM)/tei_brevschema.xsd">
  <teiHeader>
    <fileDesc>
      <titleStmt>
        <title>Br1528</title>
        <respStmt>
          <resp>Ansvarig redaktör:</resp>
          <name>Laura Mattsson</name>
        </respStmt>
      </titleStmt>
      <publicationStmt>
        <publisher>Zacharias Topelius Skrifter</publisher>
      </publicationStmt>
      <sourceDesc>
        <p>Arkivsignum: se databas</p>
      </sourceDesc>
    </fileDesc>
    <profileDesc>
      <handNotes>
        <handNote medium="brown-ink"/>
      </handNotes>
    </profileDesc>
  </teiHeader>
  <text>
    <body xml:space="preserve">
      <!-- – ” ’ æ ½ -->
      <div type="letter">
        <div type="letterpart" part="i">
        <opener>
          <dateline><placeName corresp="pl963">Kudniss</placeName> d. 17. Maj</dateline>
          <salute>Min kära gosse.</salute>
        </opener>
        <p rend="noIndent">jag ämnade ej skrifva så hastigt för än jag in väntat det ut lofvade nästa bref men jag har ej hjerta at låta <persName corresp="pe262">Sophies</persName> bref ligga och bli så gammalt jag hade et så trefligt bref i från henne. hon har bevistat så många specktakel, men det bör ej bli för dig en anledning at göra det samma ty du blir altid i tillfälle därtill men för <persName corresp="pe262">Sophie</persName> är det förbi när hon kommer hem.</p>
        <p>Gudbevars at jag skulle trott at du ligger på lat bänken jag ville så gärna tro tvärtom, och det skall jag säga dig at våra financer skyndar äfven på dig och <anchor xml:id="start19405"/>hotar dig med Condition<anchor xml:id="end19405"/> således om du vill den undvika så slösa ej med din tid ty aldrig med <add>min</add> vilja får du sätta dig i skuld. hvad ny frack beträffar så tycker jag at det är nyttigare för dig at få nya svarta kläder så länge de gamla ännu är brukbara då skulle de räcka längre så litet som du nytjar frack skulle en <anchor xml:id="start19406"/>modfärgad<anchor xml:id="end19406"/> bli urmodig innan den blef halfsliten och dessutom är du ju snart i behof av svarta ben kläder vi får väl fundera tillsammans när du kommer hem ty omöjligt är det för mig at skicka pengar till <placeName corresp="pl399">Helsingfors</placeName> därtill ty <persName corresp="pe59">Gustaf</persName> kan ej ge och hvar skall jag då ta dem. <persName corresp="pe6170">Mamsellerna Favorin</persName> och <persName corresp="pe5373">Lalin</persName> har varit i pingst hos <persName corresp="pe967">Lithens</persName> då där var bjudning med dans annandag.<!-- LM lade till punkten --> och i går musiksoiree hos <persName corresp="pe2231">Turdins</persName> där våra flickor ricktigt utmärkte sig jag som ej hört dem snart på et år tyckte at de spelte ofantligt mycket bättre. <persName corresp="pe2233">Sofie Sjöberg</persName> var och där men <persName corresp="pe3204">Mam<pb/>sell Mellberg</persName> lär bli den skickligaste. har du hört at <persName corresp="pe30">Hind</persName> är rest till <placeName corresp="pl1880">Riga</placeName> och kommer hem med et spanmålsfartyg <persName corresp="pe37">albert</persName> sade mig at han länge väntat bref i från dig förgäfves. <persName corresp="pe114">Josephine Calamnius</persName> skall resa till <placeName corresp="pl249">Frankrike</placeName> för sin hälsa hon är mycket skral i sit bröst <persName corresp="pe5435">Fru Snellman</persName> följer äfven med, <rs corresp="pe5437">hennes man</rs> är skeppare på <persName corresp="pe967">Lithens</persName> Najaden <persName corresp="pe3279">Samuel</persName> är och på samma fartyg. jag vet ej till hvad plats det går ännu slipper de ej ut för is. i dag låter jag så korn.<!-- LM satte in punkt. men fungerar snarast som kommatecken --> men ingenting är gjort åt trägåln annat än drifbenk. <persName corresp="pe249">Kerrman</persName> sade mig at en skeppare rest härigenom till <placeName corresp="pl399">Helsingfors</placeName> för at därifrån föra et fartyg till <placeName corresp="pl269">GCarleby</placeName> och at han nämt om at du har et instrument at skicka hitåt hör efter honom. <persName corresp="pe3210">Kerrmans</persName> stackare <anchor xml:id="start38387"/>det lystes två auktioner Pingstdagen på deras lösegendom för krono restet<anchor xml:id="end38387"/> och en utmätning till är gjord för plickter. <persName corresp="pe484">Mormor vacklin</persName> har varit några dar hos <persName corresp="pe2231">Turdins</persName> och i dag kommer hon hit jag skall väl hålla henne här några veckor. lilla <persName corresp="pe323">Fanny</persName> hälsar och mår bra och längtar mer efter dig och <persName corresp="pe262">Sophie</persName> än efter <rs corresp="pe741">sin mamma</rs>. <persName corresp="pe967">Lithens</persName> har och en <rs corresp="pe107">fosterdotter</rs> 4 år gammal det är <persName corresp="pe6182">Jessbergs</persName> hon är utan mor stackars liten <persName corresp="pe323">Fanny</persName> och hon har redan gjort bekantskap et par lifliga barn är de begge.</p>
        <p>Gud välsigne dig kära barn och ge dig vett och visdom</p>
        <closer>
          <salute>altid din</salute>
          <signed>hulda Moder.</signed>
        </closer>
        <postscript>
            <p rend="place_leftMargin"><!--skrivet i vänstra marginalen på sid. 2-->du kom en qvart timme för sent med dit bref till <rs corresp="pe140" correspUncert="Y">moster</rs> som skulle till <persName corresp="pe262">Sofi</persName> detta påminde dig väl om <anchor xml:id="start19407"/>Tardiff<anchor xml:id="end19407"/> du har i bland någon likhet med honom lägg detta bak örat.</p>
        </postscript>
          </div>
        <div type="letterpart" part="f"><!--skrivet på andra ledet uppe på sid. 1-->
  <opener><dateline><anchor xml:id="start11909"/>d. 20<anchor xml:id="end11909"/></dateline></opener>
          <p rend="place_previousPage_topMargin">säg åt <rs corresp="pe140">moster</rs> at det idag blifvit beslutit at <persName corresp="pe29">Emelie</persName> och lilla <persName corresp="pe521">Gustaf</persName> skall följa med <persName corresp="pe2291">fru Backman</persName> till <placeName corresp="pl2157">Stockholm</placeName> en vecka för midsommar och at <persName corresp="pe324">Jeana</persName> skall bli hos <persName corresp="pe2231">turdins</persName> så länge</p>
          <p rend="place_leftMargin"><!--skrivet i vänstra marginalen på sid. 1-->hälsa <persName corresp="pe33">Blanken</persName> rätt mycket. och glöm ej inneliggan bref till <persName corresp="pe7024">Jungfru Peterson</persName> brefvet hant ej med sista posten nu får du en helsning till i från <persName corresp="pe262">Sophie</persName> jag hade bref i går. <persName corresp="pe249">Kerrmans</persName> auctjon blir ej af</p>
  </div>
      </div>
    </body>
  </text>
</TEI>