<?xml version='1.0' encoding='UTF-8'?><TEI xmlns:xsi="http://www.w3.org/2001/XMLSchema-instance" xmlns="http://www.tei-c.org/ns/1.0" xsi:schemaLocation="http://www.tei-c.org/ns/1.0 file:/T:/Instruktioner,%20manualer,%20scheman/TEI-scheman%20(AM)/tei_brevschema.xsd">
  <teiHeader>
    <fileDesc>
      <titleStmt>
        <title>Br1527</title>
        <respStmt>
          <resp>Ansvarig redaktör:</resp>
          <name>Laura Mattsson</name>
        </respStmt>
      </titleStmt>
      <publicationStmt>
        <publisher>Zacharias Topelius Skrifter</publisher>
      </publicationStmt>
      <sourceDesc>
        <p>Arkivsignum: se databas</p>
      </sourceDesc>
    </fileDesc>
    <profileDesc>
      <handNotes>
        <handNote medium="brown-ink"/>
      </handNotes>
    </profileDesc>
  </teiHeader>
  <text>
    <body xml:space="preserve">
      <!-- – ” ’ æ ½ -->
      <div type="letter">
        <opener>
          <dateline><placeName corresp="pl963">Kudniss</placeName> den 8 Maj.</dateline>
          <salute>Goda <persName corresp="pe614">Zache</persName>.</salute>
        </opener>
        <p rend="noIndent">jag tycker mig se hur misslynt du återvändt från Posten då intet <anchor xml:id="start32945"/>recomenderat<anchor xml:id="end32945"/> bref kommit till dig. men kära barn jag hade ej många <anchor xml:id="start11907"/>fyrkar<anchor xml:id="end11907"/> då dit bref kom och sen har jag haft svårt at få ty det fans litet inn på Contoiret därföre får du ej heller mycket men det är <anchor xml:id="start32944"/>alt hvad jag kunde få<anchor xml:id="end32944"/>. hushålla nu så godt du kan. men se efter med er städerska om hon är fattig är det väl bättre at ni ger henne litet än at hon opåtalt får bedra er det gör henne mer skada ty det gör henne djerfvare då hon tror ni intet märker och hvem vet hvart slikt kan föra. i går väntade jag bref i från <persName corresp="pe262">Sophie</persName> men fick ej det är nu tre veckor sen jag hade bref du har väl skrifvit directe på <placeName corresp="pl2157">Stockholm</placeName> nu <persName corresp="pe967">Lithens</persName> lär med säkerhet i sommar resa dit då blir det roligt för <persName corresp="pe262">Sophie</persName> at komma hem med dem. i dag har vi et ruskigt snö väder men eljest har vi haft vackra dagar is lossningen var här i år någodt bullersam den gick på engång och om natten då vi blef upväckta stod redan vattnet på halfva vår bod dörr vid strand och vätte ner för oss några säckar spanmål och litet mjöl och en <choice><abbr>tun.</abbr><expan resp="EK">tunna</expan></choice> salt som smälte bort i granngåln måste de ta ut sina kreatur som stod i vatn och glasmästar <persName corresp="pe7153">Hegerström</persName> som bor i <persName corresp="pe892" correspUncert="Y">Bergboms</persName> Bagarstuga vakna<pb/>de ej förän vatnet var inne hos dem då de ut kom utan kläder bland en hel hop folk som samlats dit. vatnet stod högt till Kl. 10 förm. då det med ens föll till sitt om våren vanliga ingen synnerlig skada har det härom kring förorsakat ut<subst>om</subst> at alla qvarnar stått vår qvarn gick blott några dagar ty det har ej alls regnat och hit kom så mycken mäld at jag blef aldeles rådlös alla var utan bröd jag lät mala åt många men vist ej åt en fjerdedel och ändå <anchor xml:id="start36710"/>lämnade en stor del af egen mäld omalit<anchor xml:id="end36710"/>. denna gång skrifver jag ej till <rs corresp="pe140">Moster</rs> men hälsa henne och <rs corresp="pe139">Baron</rs> och barnen och <anchor xml:id="start36711"/>säg om ej <rs corresp="pe1370">kejsarinnan</rs> kommer<anchor xml:id="end36711"/> så väntar vi henne med säkerhet hit. Hälsa äfven <persName corresp="pe33">Herr Blank</persName> rätt mycket han blir vist äfven qvar i <placeName corresp="pl399">Helsingfors</placeName> och beundrar Hofvet men nog tror jag at du kommer hem. lilla <persName corresp="pe323">Fanny</persName> hälsar hon talar om dig och <persName corresp="pe262">Sophie</persName> som ni vore gamla bekanta och frågar otaliga gånger om dagen när ni kommer hem hon trifs bra men bunden är jag med henne ty hon vill aldrig tillåta mig at gå i från sig. jag ville gärna berätta dig några stads nyheter men<pb/> ty värr få äro de Gubben <persName corresp="pe7154">Stadtlander</persName> har afsomnat och <persName corresp="pe4510" correspUncert="Y">Runströms</persName> slagrörda flicka äfven. <persName corresp="pe967">Lithens</persName> får sig nu äfven en liten fosterdotter <persName corresp="pe6182">Jessbergs</persName> en <rs corresp="pe107">flicka</rs> om 4 år. nu händer det mig som så ofta är fallet med dig at postimmen är snart förbi därföre blott et Gud vare med dig.</p>
        <closer>
          <signed>din hulda Mor.</signed>
        </closer>
      </div>
    </body>
  </text>
</TEI>