<?xml version='1.0' encoding='UTF-8'?><TEI xmlns:xsi="http://www.w3.org/2001/XMLSchema-instance" xmlns="http://www.tei-c.org/ns/1.0" xsi:schemaLocation="http://www.tei-c.org/ns/1.0 file:/T:/Instruktioner,%20manualer,%20scheman/TEI-scheman%20(AM)/tei_brevschema.xsd">
  <teiHeader>
    <fileDesc>
      <titleStmt>
        <title>Br1516</title>
        <respStmt>
          <resp>Ansvarig redaktör:</resp>
          <name>Laura Mattsson</name>
        </respStmt>
      </titleStmt>
      <publicationStmt>
        <publisher>Zacharias Topelius Skrifter</publisher>
      </publicationStmt>
      <sourceDesc>
        <p>Arkivsignum: se databas</p>
      </sourceDesc>
    </fileDesc>
    <profileDesc>
      <handNotes>
        <handNote medium="black-ink"/>
      </handNotes>
    </profileDesc>
  </teiHeader>
  <text>
    <body xml:space="preserve">
      <!-- – ” ’ æ ½ -->
      <div type="letter">
        <opener>
          <dateline><placeName corresp="pl963">Kudniss</placeName> d. 26 Ap. 1836.</dateline>
          <salute>Kära barn.</salute>
        </opener>
        <p rend="noIndent">jag är vist Gudske lof öfvertygad om at jag har en god son men min goda son låt nog sin mor vänta länge på bref dit ena bref var daterat den 3 Mars och det andra Den 15 Ap. rätt många veckor emellan 3 postdar väntade jag med otålighet, i synnerhet som jag var illa mående at jag måste hålla sängen en hel vecka som för mig är bra ovanligt då tyckte jag et bref från dig skulle varit et läkemedel. men jag måste bli frisk det förutan oacktadt mit dåliga lynne. nu är alt godt igen. men mina kryddgårds frön lär i år åter komma i elfte stunden här har alla sått sina drifbänkar och väl någon börjat röra på jorden dessutom. således laga hit dem med det första jag skall skrifva till <rs corresp="pe140">Moster</rs> at hon är god och låter <persName corresp="pe4904">Christine</persName> bestyra om strump väfning åt dig du skall tala vid <persName corresp="pe4904">Cristine</persName> därom och ge pengar till 1. <anchor xml:id="start11737"/>℔<anchor xml:id="end11737"/><!--skålpund --> bomullsgarn först och sen skall du betala väfvare lön förgät ej detta utan gör det genast at de hinner bli färdiga till du kommer hem ty här har du inga och jag litar på at du har med dig eljest får du gå med ull strumpor i sommar och glöm ej at<pb/> nämna därom när du skrifver härnäst i år tycks vi få tidig sommar sista isen gick den 17. som sällan händer och nu lastas alla fartyg. fast det var så mycket snö synes blott nån liten fläck qvar vår qvarn har och ren malit ut en dag gick någodt sönder på kugg hjulet och ingen träffade vara i qvarn utan alla kuggar slog ur och alla <anchor xml:id="start19390"/>trällar i lycktan<anchor xml:id="end19390"/> sönder det var en lördag och <persName corresp="pe4506">Dalsten</persName> som nyss blifvit Enkling låg i sorgen hos <persName corresp="pe3208">Fribergs</persName> at de om söndag nätt opp fick honom hem till graföls men måndag och tisdag var han åter där så jag måste ha Landbond och <persName corresp="pe3295">Eric</persName> fast mera okunniga at arbeta på den äfven hade jag smed och lät jern banda kugg hjulet men den stod emedlertid 5 dar med mästa vatn och mäld i öfver flöd så vi fick knapt mala för eget behof. äfven en annan liten ledsamhet en af våra kor fick fel i sina bakben at hon ej kunde stå utan vi måste slackta henne.</p>
        <p>alt annat står väl till vänner och fränder mår väl <persName corresp="pe262">Sophie</persName> får väl skrifva om danser och ungdomens Nyheter om hon vet några. Just nu kom en sorgbillet som underrättar at <persName corresp="pe7147">Capten Sund</persName> dött i <placeName corresp="pl72">Constantinopel</placeName>. <persName corresp="pe1001">Otto Snellman</persName> skall vara<pb/> mycket dålig at där vist ej i år blir någodt Maj kalas. nu mister vi vår beskedliga hyres gäst <rs corresp="pe3025">Klockarn</rs> 1. Maj är han skild från denna tjenst men lär ej flytta förän inn på sommarn. jag kommer at sakna honom han har gjort mig många små tjenster. så at <persName corresp="pe33">Blanken</persName> stackare ännu ej sluppit sit bekymmer hälsa honom rätt mycket, hvad vill du säga med at han ämnar kanske spara inn sina 400 <choice><abbr>Rub.</abbr><expan resp="MaD">Rubel</expan></choice> är det at resa från promotion det skulle han aldrig ha hjerta till men kan den kosta så mycket. det är bra för dig at få afhöra så mången Candidat examen du blir då väl bekant med hvad du bäst behöfver beflita dig om och hvad du i tid kan göra undan. hvad tid tänker <persName corresp="pe798">Rosenkampffs</persName> komma hitåt. jag hoppas at vi skall få en treflig sommar om vår herre unnar oss hälsan <persName corresp="pe59">Gustaf</persName> upför nu som bäst en bygnad på <placeName corresp="pl35">alörn</placeName> emellan <persName corresp="pe4941">Backmans</persName> och gamla stugan alla stadens herrar körde ut hvar sitt timmer lass för plägning och det torde ej varit <anchor xml:id="start38375"/>ängsligt<anchor xml:id="end38375"/> <anchor xml:id="start38376"/>timmer kalas<anchor xml:id="end38376"/>.</p>
        <p>Gumman <persName corresp="pe484">Wacklin</persName> är skral få se om hon mera kommer till <placeName corresp="pl963">Kudniss</placeName> bara vägarna litet torkar skall jag fara och hälsa på henne. det skulle bra mycket<pb/> förundrat mig om du skulle vunnit någodt på <anchor xml:id="start38378"/>bok lotteriet<anchor xml:id="end38378"/>, den lyckan hör ej till vår släckt din pappa tog vist lott på alt som till böds men vann aldrig för en <anchor xml:id="start11738"/>fyrk<anchor xml:id="end11738"/> äfven så jag har aldrig vunnit på lotterie. <persName corresp="pe262">Sophie</persName> tycks och ha samma otour hon har i vinter tagit lott på många småsaker men alt förgäfves at prenumerera på musikalier bryr <persName corresp="pe262">Sophie</persName> sig ej om hon säger sig ha så mycket noter som hon på bra länge hinner spela om du ämnar spela fiol så köp dig strängar när du kommer hem ty här skall de ej finnas.</p>
        <p>ge pengar åt <persName corresp="pe4904">Cristine</persName> och be henne köpa två par stickade barn tossor jag tror de kostade 18 eller 24 <anchor xml:id="start11739"/>ʄ<anchor xml:id="end11739"/><!--skilling --> paret och skicka dem med <persName corresp="pe214">Logren</persName>. <persName corresp="pe37">Albert</persName> frågar så mycket efter bref från dig han lär skrifvit dig till. från <placeName corresp="pl2464">Uleåborg</placeName> har jag ej på länge haft bref men <persName corresp="pe968">Borgm. Calamnius</persName> kom nyligen där i från och sade at alla mådde väl han lär väl flytta på sommarn kan jag tro det skall bli roligt at höra hvem vi får i stället sökande lär det nog vara vår nuvarande <persName corresp="pe5491">Borgmästare Thölberg</persName> har och gjort visite hos oss. nu kan jag ej bestå dig längre <add>bref</add> utan gud vare hos dig och låt mig aldrig mer vänta 6 veckor på bref kära barn.</p>
        <closer>
          <salute>altid din hulda</salute>
          <signed>Mamma.</signed>
        </closer>
          <postscript><!-- i vänstra marginalen på sista sidan -->
            <p rend="place_leftMargin">i går var vi hos <persName corresp="pe3352">Lundmarks</persName> och flickorna spelte med <rs corresp="pe207">Tullförvaltarn</rs> och <persName corresp="pe494">fru Dovner</persName> der var rätt roligt. där var sått en stor del af <anchor xml:id="start11740"/>trägåln<anchor xml:id="end11740"/> och jag är utan frö ännu.</p>
          </postscript>
        <postscript><!--skrivet i vänstra marginalen på sid. 1-->
          <p rend="place_previousPage_leftMargin">nu går du miste om alla de utlåfvade ungdoms nyheterna <persName corresp="pe262">Sophie</persName> fick främmande och brefvet måste afgå emedlertid skall jag säga dig at sista klubben var i söndags och <anchor xml:id="start38377"/>i dag har jag betalt mina 18 <choice><abbr>Rd.<anchor xml:id="end38377"/></abbr><expan resp="EK">Riksdaler</expan></choice></p>
        </postscript>
      </div>
    </body>
  </text>
</TEI>