﻿<?xml version="1.0" encoding="UTF-8"?>
<TEI xmlns:xsi="http://www.w3.org/2001/XMLSchema-instance"
 xsi:schemaLocation="http://www.tei-c.org/ns/1.0 file:/T:/Instruktioner,%20manualer,%20scheman/TEI-scheman%20(AM)/tei_brevschema.xsd"
 xmlns="http://www.tei-c.org/ns/1.0">
  <teiHeader>
    <fileDesc>
      <titleStmt>
        <title>Br1508</title>
        <respStmt>
          <resp>Ansvarig redaktör:</resp>
          <name>Laura Mattsson</name>
        </respStmt>
      </titleStmt>
      <publicationStmt>
        <publisher>Zacharias Topelius Skrifter</publisher>
      </publicationStmt>
      <sourceDesc>
        <p>Arkivsignum: se databas</p>
      </sourceDesc>
    </fileDesc>
    <profileDesc>
      <handNotes>
        <handNote medium="black-ink" />
      </handNotes>
    </profileDesc>
  </teiHeader>
  <text>
    <body xml:space="preserve">
      <!-- – ” ’ æ ½ -->
      <div type="letter">
        <opener>
          <dateline><placeName corresp="pl963">Kudniss</placeName> d. 24. Ap.</dateline>
        </opener>
        <p rend="noIndent">min hjertans gosse vet du at jag höll på at bli orolig då du låt mig vänta så länge på bref två postdar väntade jag förgäfves och jag blef bra glad då jag läste at alt stod väl till det var lycka du skref med den posten ty om och <rs corresp="pe140">Moster</rs> skrifvit at du mådde väl skulle jag knapt trodt det. döm däraf kära barn hur du ligger mig om hjertat. dit bref förefaller mig litet dystert och inbundet. och ingen har mera orsak än du at ta verlden lätt och hvem har gladare utsigter än du nödtorftiga medel till din fort komst god hälsa god fattnings gåfva en mor hvars hopp och glädje du är och som ville bära dig på sina händer för at bevara din fot emot stenen, anhöriga som vill dig så väl, säg mig huru många har alt detta därföre arbeta med lätt sinne och samla dig kunskaper det är en rikedom som ingen kan taga i från dig och gör dig oberoende af händelser i alla skiften. nu till dina financer igen af <persName corresp="pe59">Morbror Gustav</persName> får du ta pengar det är bäst at du<pb /> begär 100 <choice><abbr>Rd. B<hi rend="raised">co</hi></abbr><expan resp="EK">Riksdaler Banco</expan></choice> ty kanske <persName corresp="pe33" correspUncert="Y">B.</persName> kan ej betala dig nu och några små utgifter har jag och som du skall betala till Moster och så snart du får pengar så betala genast <rs corresp="pe139">Baron</rs>, och hus hyran det är bäst at betala hela hyran men gör det sjelf. om nu <anchor xml:id="start19375" />Ellida<anchor xml:id="end19375" /> kommer hit hem så skicka hem en hop saker som nog <persName corresp="pe3215">åkerblom</persName> tar i <anchor xml:id="start19376" />för var<anchor xml:id="end19376" /> låna dig af honom en säck och stoppa dina orena kläder uti som du kan umbära jag vill nu ha hem dina linnkläder lakan och handukar skicka en del och ta resten sjelf godt tillfälle hade det varit för dig at komma hem men det är för bittida så det går ej ann. om jag och reser till <placeName corresp="pl2133"><anchor xml:id="start19377" />Sonnäs<anchor xml:id="end19377" /></placeName> i fall de bor där så får du ändå komma hem och följa sen med mig ty troligen blir det ej för midsommar. <persName corresp="pe262">Sophie</persName> kommer at resa med <persName corresp="pe2291">Fru Backman</persName><!-- Cristina Sofia Wacklin-Backman eller Carolina Augusta Löfving-Backman?. --> till <placeName corresp="pl2157">Stockholm</placeName> men vi vet ej ännu hvilken väg det blir och hur hastigt knapt blir det för än midsommar tiden <persName corresp="pe262">Sophie</persName> skall nu gå i skriftskoln<pb /> här hemma. nog får jag bra tomt och ledsa<unclear reason="inksmudge" resp="LM">mt</unclear> sen jag blir ensam, hvad säger du om det projectet at du skulle bli hem höst termin men vi får väl fundera därpå emedlertid ställ dina saker så och tag hem sådana böcker du då skulle behöfva. när du har så godt tillfälle med Ellida så glöm ej byttor och askar och skjut ej upp till sidsta dagen dit sängtäcke är väl smutsigt det skall du sjelf ha hem. frö få<unclear reason="inksmudge" resp="LM">r</unclear><!-- LM suppliade r:et, se tidigare --> vi väl nu med <persName corresp="pe59">Gustav</persName> men behåll termomet<unclear reason="inksmudge" resp="MD">ern</unclear><!-- LM är lite skeptisk, men kommer inte på något bättre --> till du kommer. om du blefve hem i höst s<unclear reason="inksmudge" resp="MD">kall</unclear> du väl få hyres man till dit rum som sen aftr<unclear reason="inksmudge" resp="LM">äder</unclear> det åt dig. Stadens nyheter får du väl höra af <persName corresp="pe59">Morbror Gustav</persName> de husliga äro at qvarnen mal i full fläng och at <persName corresp="pe7193">Jacob</persName> och <persName corresp="pe7352">Lena</persName> i dag <anchor xml:id="start11713" />blifvit hängd i kyrktaket<anchor xml:id="end11713" /><!-- vad betyder det?! LM -->. min hälsning till <persName corresp="pe33">Herr Blank</persName> frambär du och många hälsningar har du från <persName corresp="pe2766">anna lena</persName> och ännu flera från din kära</p>
        <closer>
          <signed>moder.</signed>
        </closer>
        <postscript>
          <p>se noga till at frö blir inpackad at det ej glöms.</p>
        </postscript>
      </div>
    </body>
  </text>
</TEI>