﻿<?xml version="1.0" encoding="UTF-8"?>
<TEI xmlns:xsi="http://www.w3.org/2001/XMLSchema-instance" xsi:schemaLocation="http://www.tei-c.org/ns/1.0 file:/T:/Instruktioner,%20manualer,%20scheman/TEI-scheman%20(AM)/tei_brevschema.xsd" xmlns="http://www.tei-c.org/ns/1.0">
  <teiHeader>
    <fileDesc>
      <titleStmt>
        <title>Br1542</title>
        <respStmt>
          <resp>Ansvarig redaktör:</resp>
          <name>Laura Mattsson</name>
        </respStmt>
      </titleStmt>
      <publicationStmt>
        <publisher>Zacharias Topelius Skrifter</publisher>
      </publicationStmt>
      <sourceDesc>
        <p>Arkivsignum: se databas</p>
      </sourceDesc>
    </fileDesc>
    <profileDesc>
      <handNotes>
        <handNote medium="black-ink" />
      </handNotes>
    </profileDesc>
  </teiHeader>
  <text>
    <body xml:space="preserve">
      <!-- – ” ’ æ ½ -->
      <div type="letter">
        <opener>
          <dateline><placeName corresp="pl963">Kudniss</placeName> d. 4. Julii.</dateline>
        </opener>
        <p rend="noIndent">Min kära <persName corresp="pe614">Zache</persName>, <anchor xml:id="start12493" />hur slår d<subst><del>ig</del><add>u</add></subst> dig nu ut så långt från hemmet den vackra sommarn,<anchor xml:id="end12493" /> men då du har så trefliga kamrater och vackert ställe så går ingen nöd på dig, bara du acktar dig för Neptuni rike det gläder mig at du tänker arbeta mycket du har och nog at arbeta på <anchor xml:id="start19431" />skrifningen gick ju ganska bra<anchor xml:id="end19431" />, nog vet du at det gladde mig <supplied reason="damage" resp="MD LM">m</supplied>åtte alt annat gå lika bra. nu har du vist saknat bref hemifrån, det är och länge sen jag skref. men jag vet ej hur tiden halkar undan, i stället för den 19. kom våra främmande d. 17. jag mötte dem helt oförmodat på landsvägen med <rs corresp="pe139">Baron</rs> skickade jag de böcker du bad om men som jag ej fick reda på dit bref utan ur minnet leta opp dem så tror jag at det var ännu en men omöjligt kan jag få reda därpå d. 20. lär Baron vara i <placeName corresp="pl399">Helsingfors</placeName>. skrif nu<pb /> snart. dit bref med <persName corresp="pe204" correspUncert="Y">Alfred</persName> har af misstag följt med hans res kamrat och ännu ej framkommit. vi har rätt trefligt här <rs corresp="pe140">Moster</rs> är vid godt lynne och barnena friska och glada i dag skall vi till <persName corresp="pe6251">Lagermarks</persName>, men mäst har vi varit hemma denna tiden. Gubben <persName corresp="pe7107">Lindqvist</persName> har vandrat hädan och Herrarna var i vår stora sal på begrafning. Gubben var 95 år.</p>
        <p><persName corresp="pe33">Herr Blank</persName> berättar väl för dig om ungdomen och dess förlustelser som är nog inskränkta men folket ser nöjda och glada ut. <persName corresp="pe967">Lithens</persName> samteliga (utom Gubben)<!-- LM skrev in parenteserna --> <anchor xml:id="start12564" />dricker brunn<anchor xml:id="end12564" /> och <persName corresp="pe2291">Fru Backman</persName> och <persName corresp="pe30">Hind.</persName> flere bruns gäster är det ej – – i dag börjar vårt folk<!-- folck? LM --> at höberga bra tidigt mot vanligheten men gräset är så välväxt at det vist kommer mycket hö i år. kall nordlig blåst har vi haft<pb /> at frost varit at befara, men nu Gudske lof är det vackert väder. Moster och <persName corresp="pe262">Sophie</persName> ber hälsa dig <persName corresp="pe262">Sophie</persName> skrifver ej nu på det du ej må få alt på en gång men det skall ej bli långt till här näst små flickorna ber och hälsa. stora <persName corresp="pe24">Fanny</persName> har plågats af tandvärk och den <rs corresp="pe323">lilla</rs> och <persName corresp="pe317">Calle</persName> har så ro<supplied reason="damage" resp="MaD">ligt</supplied> de springer hela dagen.</p>
        <p>nu lär jag ej hinna mer. Gud vare med dig kära barn i han<supplied reason="endline" resp="LM">s</supplied> beskydd anbefaller jag dig hvarje dag måtte du sjelf aldrig det heller förgäta.</p>
        <closer>
          <salute>altid din hulda</salute>
          <signed>
            <hi rend="underline">mamma.</hi>
          </signed>
        </closer>
      </div>
    </body>
  </text>
</TEI>