<?xml version='1.0' encoding='UTF-8'?><TEI xmlns:xsi="http://www.w3.org/2001/XMLSchema-instance" xmlns="http://www.tei-c.org/ns/1.0" xsi:schemaLocation="http://www.tei-c.org/ns/1.0 file:/T:/Instruktioner,%20manualer,%20scheman/TEI-scheman%20(AM)/tei_brevschema.xsd">
  <teiHeader>
    <fileDesc>
      <titleStmt>
        <title>Br1512</title>
        <respStmt>
          <resp>Ansvarig redaktör:</resp>
          <name>Laura Mattsson</name>
        </respStmt>
      </titleStmt>
      <publicationStmt>
        <publisher>Zacharias Topelius Skrifter</publisher>
      </publicationStmt>
      <sourceDesc>
        <p>Arkivsignum: se databas</p>
      </sourceDesc>
    </fileDesc>
    <profileDesc>
      <handNotes>
        <handNote medium="black-ink"/>
      </handNotes>
    </profileDesc>
  </teiHeader>
  <text>
    <body xml:space="preserve">
      <!-- – ” ’ æ ½ -->
      <div type="letter">
        <opener>
          <dateline><placeName corresp="pl963">Kudniss</placeName> d. 24 feb. 1836.</dateline>
          <salute>Min egen <persName corresp="pe614">Zacke</persName>.</salute>
        </opener>
        <p rend="noIndent">så här snart väntade du ej åter bref från mig men <persName corresp="pe262">Sophie</persName> ville skrifva och det är ej så ofta den lusten kommer åt henne också är det nödigt at jag på minner dig en <anchor xml:id="start11719"/>Commision<anchor xml:id="end11719"/> som <persName corresp="pe312">Brunström</persName> säger sig bedt dig om och du kanske glömt at fråga <persName corresp="pe995">Kantlin</persName> om han vill sälja sin gård ren när jag fick dit första bref frågte de därom jag sade då at du skref straxt du kom fram men jag tordes ej alls nämna at jag fick dit andra bref ty de är folk som aldrig skjuter opp. därföre kära du uträtta nu straxtt<!-- eller är reason=overwritten eller bara writing...? LM --> detta och underätta därom. det fägnar mig at du så snart kom i ordning nu är du ricktigt på egen hand sofver du längre än till kl. 8. här hem gick det väl till 9. i bland. arbetar du och bra snällt jag hoppas det och bara du kom opp i tid tror jag vist at du hinner bra hvems möbler har du i dit rum stolar och skrif pulpet ha nu ögone<!-- ögona? LM --> opp på dina saker ty på sådana ställen plär ej just så ärligt folk tjena i synnerhet ackta din lilla cassa. det var för argligt om handukarna om du köper dig en par stycken till om du kan få dem 24. eller 32. <anchor xml:id="start11721"/>ʄ<anchor xml:id="end11721"/> stycket<pb/> eller säg åt <rs corresp="pe140">Moster</rs> hur det händt och begär låna några <anchor xml:id="start38366"/>knapt nog får man skicka här i från<anchor xml:id="end38366"/> det är bra sällan hälsa Moster och säg at det fägnar mig at gossens fot är bättre. nu skickar jag vår <anchor xml:id="start21584"/>frö nota<anchor xml:id="end21584"/> spara ej tills du blir utan pengar och dugligt frö blir slut. <persName corresp="pe484">Mormor Wacklin</persName> är nu rest till <placeName corresp="pl4848">karkass</placeName> Gumman var så lycklig och nöjd här hon låfte at snart komma igen. <persName corresp="pe262">Sophie</persName> får berätta dig nyheter om hon vet några.</p>
        <p>ännu har jag ej rätt kunnat vänja mig vid din frånvaro i synnerhet sängdags ofta sätter jag opp kammar dörn i tankarna när jag går och lägger mig och somnar med bön på läpparna för mina barn. hälsa <persName corresp="pe33">Blanken</persName> jag tänkte väl skrifva till honom men jag skjuter opp <anchor xml:id="start11722"/>tills han gått genom skärselden<anchor xml:id="end11722"/> då skall jag väl skrifva och gratulera. en annan gång mera nu får du vara nöjd med detta och et gudvare med dig</p><!-- LM flytta "från din" från <p> till salute -->
        <closer>
          <salute>från din</salute>
          <signed>mamma.</signed>
        </closer>
        <postscript>
          <p>var det din mening at jag skulle säga åt <persName corresp="pe32">Benzelstjerna</persName> <subst><del>om</del><add>att</add></subst> du utlagt pengar för honom eller får du dem där af <persName corresp="pe327">Appelgren</persName> när du ger qvitto åt honom. ännu har jag ej sagt någodt förän jag får svar af dig.</p>
        </postscript>
      </div>
    </body>
  </text>
</TEI>