﻿<?xml version="1.0" encoding="UTF-8"?>
<TEI xmlns:xsi="http://www.w3.org/2001/XMLSchema-instance" xsi:schemaLocation="http://www.tei-c.org/ns/1.0 file:/T:/Instruktioner,%20manualer,%20scheman/TEI-scheman%20(AM)/tei_brevschema.xsd" xmlns="http://www.tei-c.org/ns/1.0">
  <teiHeader>
    <fileDesc>
      <titleStmt>
        <title>Br916</title>
        <respStmt>
          <resp>Ansvarig redaktör:</resp>
          <name>Laura Mattsson</name>
        </respStmt>
      </titleStmt>
      <publicationStmt>
        <publisher>Zacharias Topelius Skrifter</publisher>
      </publicationStmt>
      <sourceDesc>
        <p>Arkivsignum: se databas</p>
      </sourceDesc>
    </fileDesc>
    <profileDesc>
      <handNotes>
        <handNote medium="black-ink" />
      </handNotes>
    </profileDesc>
  </teiHeader>
  <text>
    <body xml:space="preserve">
      <!-- – ” ’ æ ½ -->
      <div type="letter">
        <opener>
          <dateline><placeName corresp="pl963">Kudniss</placeName> d. 4. Sept.</dateline>
        </opener>
        <p rend="noIndent">Min kära <persName corresp="pe614">Z.</persName> nu är du åter i <anchor xml:id="start11487" />ditt andra goda hem<anchor xml:id="end11487" /> och i verksamhet och lika dåligt väder har det varit alt sen och ännu kallare jag var bra glad at du kom så fort fram och ej behöfde ligga hos främmande länge som jag vet at du är så rädd för. <anchor xml:id="start13674" />ännu är <persName corresp="pe33">Herr Blank</persName> här men reser om måndag<anchor xml:id="end13674" /> han har dröjt för at få träffa <persName corresp="pe59">Morbror Gustav</persName> men ännu har han ej kommit du skall innan kort skrifva honom till på <placeName corresp="pl399">Helsingfors</placeName> och det någodt om ständeligt det är du skyldig honom för hans välvilja mot dig som du din stackare viste så litet begagna till dit eget bästa <anchor xml:id="start13676" />skicka brefvet hit<anchor xml:id="end13676" /> till mig ingenting har här passerat sen du reste <rs corresp="pe226">Pappa</rs> hälsar dig äfven så <persName corresp="pe22">Gustav</persName> och <persName corresp="pe262">Sofi</persName> ännu har hon ej börjat läsa i går åt vi afsked af smultro<add place="sublinear">na</add> och aldrig får man köpa nån sorts bär det säges at det ej blir lingon en gång. Bror <persName corresp="pe23">Frans</persName> var här med sin <rs corresp="pe741">Fru</rs> just när dit bref kom men jag kunde ej visa det åt honom fast han var inne då jag tog emot det. hälsa Fastrarna så mycket i från oss jag ämnade skrifva till <persName corresp="pe465">Faster Lisette</persName> men nu ser jag at <persName corresp="pe198" correspUncert="Y">brita</persName> har lagt sig sjuk igen och jag måste in till pappa. <persName corresp="pe498">Alexander</persName> tror jag at jag ej sedt sen du reste men nog vet jag at han mår bra<pb /> jag har nu ingen ting vidare at skrifva om utan var nu flitig och försumma ingenting hvad läras kan och var lydig mot <rs corresp="pe21">Farbror</rs> och <rs corresp="pe888">Moster</rs> och eftergifvande mot små syskona och när Moster skrifver så be altid at få skrifva en lapp med du vet huru mycket du där med gläder din</p>
        <closer>
          <signed>
            <hi rend="underline">Mamma.</hi>
          </signed>
        </closer>
      </div>
    </body>
  </text>
</TEI>