<?xml version='1.0' encoding='UTF-8'?><TEI xmlns:xsi="http://www.w3.org/2001/XMLSchema-instance" xmlns="http://www.tei-c.org/ns/1.0" xsi:schemaLocation="http://www.tei-c.org/ns/1.0 file:/T:/Instruktioner,%20manualer,%20scheman/TEI-scheman%20(AM)/tei_brevschema.xsd">
  <teiHeader>
    <fileDesc>
      <titleStmt>
        <title>Br1510</title>
        <respStmt>
          <resp>Ansvarig redaktör:</resp>
          <name>Laura Mattsson</name>
        </respStmt>
      </titleStmt>
      <publicationStmt>
        <publisher>Zacharias Topelius Skrifter</publisher>
      </publicationStmt>
      <sourceDesc>
        <p>Arkivsignum: se databas</p>
      </sourceDesc>
    </fileDesc>
    <profileDesc>
      <handNotes>
        <handNote medium="black-ink"/>
      </handNotes>
    </profileDesc>
  </teiHeader>
  <text>
    <body xml:space="preserve">
      <!-- – ” ’ æ ½ -->
      <div type="letter">
        <opener>
          <dateline><placeName corresp="pl2133"><anchor xml:id="start11715"/>Sonnes<anchor xml:id="end11715"/></placeName> den 11. Aug.</dateline>
        </opener>
        <p rend="noIndent">Goda <persName corresp="pe614">Zache</persName>. tack för dit bref jag längtade därefter, ehuru trefligt jag här förnöter mina dagar så är du och hem min stundeliga tanke.</p>
        <p>torsdag eftermiddag kom vi hit välbehållna <persName corresp="pe140">Augusta</persName> och <persName corresp="pe324">Jeana</persName> blef så glada <rs corresp="pe139">Baron</rs> var redan rest bort <rs corresp="pe317">lillus</rs> är ett för sött barn denna vecka törs jag ej nämna om hemresan men om måndag beger jag mig på väg gud låte mig träffa dig frisk. nu är du väl opp i tredje himmeln på <placeName corresp="pl35">alörn</placeName> kan jag tro. fundera genast med <persName corresp="pe5454">Jacob</persName> om man ej borde så på <anchor xml:id="start11716"/>kyttan<anchor xml:id="end11716"/> och den bör sås så tätt som vanlig åker och är ej Tulnärs åkern i ordning så måste det göras nödvändigt. om andra börjar så sina åkrar innan jag hinner hem så skall ni och börja därmed. skörden torde ej skynda på ty här börjas ej därmed denna vecka. <persName corresp="pe1997">Fru Backman</persName> och <persName corresp="pe33">Blanken</persName> dröjde här till tisdag eftermiddag då vi följde dem 1. ½ mil h<subst><del>ä</del><add>u</add></subst>r vi föröfrigt förnöter vår tid hinner jag väl berätta hemma altnog at <placeName corresp="pl2133">Sonnes</placeName> är rätt trefligt när du får detta hinner väl ej någodt bref mig<pb/> mera här men nog hade jag önskat at du skrifvit en gång till utan at vänta på ordrer här i från. här dras not helt nära dageligen och fås lax och stor <anchor xml:id="start19379"/>sig<anchor xml:id="end19379"/> det går lika enkelt till som hos oss men fås mycket fisk laxen kostar ändå 3 <choice><abbr>Rd.</abbr><expan resp="EK">Riksdaler</expan></choice> Banco <anchor xml:id="start38365"/>pundet<anchor xml:id="end38365"/> ty det är så mycket köpare. hälsa mycket <persName corresp="pe967">Lithens</persName> hos hvilka jag anser dig för närvarande <anchor xml:id="start19380"/>i pensjon<anchor xml:id="end19380"/><!-- LM ändrade från pension -->. <persName corresp="pe2231">Turdins</persName> och <persName corresp="pe3174">Calamniuses</persName> ej förglömmandes. och vårt tjenste folk säg <persName corresp="pe5454">Jacob</persName> at jag liter på at han <anchor xml:id="start19381"/>har bekymmer om<anchor xml:id="end19381"/> at arbetet går i ordning. jag tänker på hem vägen resa genom <placeName corresp="pl744">kauhajocki</placeName> och <placeName corresp="pl1570">Orisberg</placeName> likvist utan vidare dröjsmål än natt qvarter. lef väl kära barn gud låte oss snart träffas vid lif och hälsa. önskar din kära</p>
        <closer>
          <signed>moder.</signed><!-- LM sku överväga att låta "moder" stå inom <p> -->
        </closer>
        <postscript>
          <p>Moster och flickorna hälsar dig.</p>
        </postscript>
      </div>
    </body>
  </text>
</TEI>