<?xml version='1.0' encoding='UTF-8'?><TEI xmlns:xsi="http://www.w3.org/2001/XMLSchema-instance" xmlns="http://www.tei-c.org/ns/1.0" xsi:schemaLocation="http://www.tei-c.org/ns/1.0 file:/T:/Instruktioner,%20manualer,%20scheman/TEI-scheman%20(AM)/tei_brevschema.xsd">
  <teiHeader>
    <fileDesc>
      <titleStmt>
        <title>Br1492</title>
        <respStmt>
          <resp>Ansvarig redaktör:</resp>
          <name>Laura Mattsson</name>
        </respStmt>
      </titleStmt>
      <publicationStmt>
        <publisher>Zacharias Topelius Skrifter</publisher>
      </publicationStmt>
      <sourceDesc>
        <p>Arkivsignum: se databas</p>
      </sourceDesc>
    </fileDesc>
    <profileDesc>
      <handNotes>
        <handNote medium="brown-ink"/>
      </handNotes>
    </profileDesc>
  </teiHeader>
  <text>
    <body xml:space="preserve">
      <!-- – ” ’ æ ½ -->
      <div type="letter">
        <opener>
          <dateline><placeName corresp="pl963">Kudniss</placeName> d 6. Ocht.</dateline>
          <salute>min kära <persName corresp="pe614">Zachris</persName></salute>
        </opener>
        <p rend="noIndent">nu har du en vecka latmans dar vill jag tro och om jag spår rätt så lär du väl till bring en stor del af dagen i <rs corresp="pe3410">fastrarnas</rs> bibliotek men var noga i valet af hvad du läser <anchor xml:id="start11504"/>ock så skall du be fastrarna vara så god och tala bara finska med dig ty jag fruktar at du kommer från <placeName corresp="pl2464">uleåborg</placeName> utan at kunna finska och det vore bra skada för dig i framtiden.<anchor xml:id="end11504"/> med not dragningen går det dåligt at det ej lönar mödan at dra du skrifver at du sålt papper sådan handel är onödig man bör ej <anchor xml:id="start13689"/>hutla bort<anchor xml:id="end13689"/> sina saker om man ej straxt behöfver de<subst><del>t</del><add>m</add></subst></p>
        <p>Hälsa Fastrarna i från <rs corresp="pe226">pappa</rs> och mig pappas hosta är nu något bättre han har en svår patient som ligger i dreng kammarn som är är grufligt illa slagen i hufvud med knif och en pulsåder afskuren vid örat som blöder väl honom till döds det är så oroligt i bland väcker<pb/> de opp oss midt nätterna och pappa stackare måste låta bära sig till honom. din mag sjuka är väl bättre nu vill jag tro har du <anchor xml:id="start38329"/>valmans böxor<anchor xml:id="end38329"/> eller svarta <anchor xml:id="start38330"/>kläds<anchor xml:id="end38330"/> <gap reason="writing" extent="1" unit="letters"/><!-- LM ändrade från l. Kan det vara ett frågetecken? --> rätta dig efter hvad <rs corresp="pe888">moster</rs> vill i detta som i alt annat och var ej envis jag kan ej berätta dig några stads nyheter ty denna tiden som <persName corresp="pe262">Sofi</persName> varit sjuk har jag ej varit ute men at alla dina vänner mår väl det vet jag du skall väl få noter bara det blir tillfälle at skicka dem men var ej oordentlig därföre med spelningen det må väl finnas någon som har enklare noter om du kunde få låna at låta skrifa af åt dig något stycke där. lefväl kära barn dageligen ber jag Gud för dig. skrif så ofta du kan</p>
        <closer>
          <salute>till din</salute>
          <signed>Mamma</signed>
        </closer>
      </div>
    </body>
  </text>
</TEI>