﻿<?xml version="1.0" encoding="UTF-8"?>
<TEI xmlns:xsi="http://www.w3.org/2001/XMLSchema-instance" xmlns="http://www.tei-c.org/ns/1.0" xsi:schemaLocation="http://www.tei-c.org/ns/1.0 file:/T:/Instruktioner,%20manualer,%20scheman/TEI-scheman%20(AM)/tei_brevschema.xsd">
  <teiHeader>
    <fileDesc>
      <titleStmt>
        <title>Br1562</title>
        <respStmt>
          <resp>Ansvarig redaktör:</resp>
          <name>Laura Mattsson</name>
        </respStmt>
      </titleStmt>
      <publicationStmt>
        <publisher>Zacharias Topelius Skrifter</publisher>
      </publicationStmt>
      <sourceDesc>
        <p>Arkivsignum: se databas</p>
      </sourceDesc>
    </fileDesc>
    <profileDesc>
      <handNotes>
        <handNote medium="black-ink" />
      </handNotes>
    </profileDesc>
  </teiHeader>
  <text>
    <body xml:space="preserve">
      <!-- – ” ’ æ ½ -->
      <div type="letter">
        <opener>
          <dateline><placeName corresp="pl963">K.</placeName> d. 12 Maj.</dateline>
          <salute>Min goda <persName corresp="pe614">Zache</persName>.</salute>
        </opener>
        <p rend="noIndent">rätt nu <anchor xml:id="start19488" />lämnar<anchor xml:id="end19488" /> du allena nog kostar det på mig at sakna dig i sommar men som hoppet är vår största skatt så skall jag bjuda till at hålla mig där vid, Gud låte dig få ha hälsa och hvad jag ber dig ådra dig ej genom oförsigtighet någodt ondt gå ej at simma i otid – du har försökt hvad det vill säga. och vet du at din bössa gör mig bekymmer, må det ej betyda ondt at jag så ofta kommer i håg den nu skickar jag dig 100 <choice><abbr>b<hi rend="raised">co</hi></abbr><expan resp="EK">banco</expan></choice>. 50. <choice><abbr>rgs.</abbr><expan resp="EK">riksgälds</expan></choice> skall du ge åt <persName corresp="pe262">Sophie</persName>. köp du <anchor xml:id="start16330" />valk<anchor xml:id="end16330" /> åt dig och putsa opp dig du vet at jag ej nekar sådant som är nyttigt och prydligt men det är <anchor xml:id="start16331" />rosk<anchor xml:id="end16331" /> och strunt som jag ifrar emot. dessa pengar är i från <persName corresp="pe59"><anchor xml:id="start16336" />Gustafs</persName> Concours.<anchor xml:id="end16336" /> jag frågte <persName corresp="pe114">Josephina</persName> om <persName corresp="pe402">Lagermark</persName> skickat hon viste ej jag bad henne då säga ifall han skickat at de ej framkomit således må han väl snart göra det. dem skall du använda till <anchor xml:id="start36732" />Brandstods<anchor xml:id="end36732" /> handlingarna. en af gårdskartorna ligger här qvar hör dig genast före om den behöfs så skall jag skicka den. se och på förhand igenom den om något annat fattas. jag har varit litet krasslig men är nu bra igen..</p>
        <p><anchor xml:id="start16337" />islossningen gick i år mycket fort den rördes ej als hos oss för än öfra isen kom och lyfte den så hel den var och jemte mycket annat tog vår båt med sig som du troligen ej sörjer.<anchor xml:id="end16337" /> äfven <persName corresp="pe249">Kerrmans</persName> färja for af. men ännu en förlust har vi haft <anchor xml:id="start19491" />hvit fot har vandrat<anchor xml:id="end19491" /> han har varit sjuklig hela vintern och troligen var han det redan förän vi reste då han var så trög. han dog för 2 veckor sen. mycket hästar har eljest dödt här om kring. jag vet ej om jag nämt för dig at vi nu har både <title corresp="tw1800">Borgå tidn.</title> och <title corresp="tw456">Hf. morgonblad</title>. har du sett at <persName corresp="pe255">Aktörn Anderson</persName> ämnar ge ut sina dikter. Hälsa <persName corresp="pe33">Mag. Blank</persName>, tänker han på nån resa. små flickorna hälsar dig. försök at skaffa dig beskrifning på vacker betsning <!--brevet fortsätter i vänstra marginalen--><seg rend="place_leftMargin">Jag låfte <persName corresp="pe4511">G. Dalsten</persName> at be dig där om ingen vill här lära bort sin konst han gör hvarjehanda nätta arbeten och skulle få dem bättre om han kunde betsa äfven för oss vore det bra at han kunde putsa opp.</seg></p>
      </div>
    </body>
  </text>
</TEI>