<?xml version='1.0' encoding='UTF-8'?><TEI xmlns:xsi="http://www.w3.org/2001/XMLSchema-instance" xmlns="http://www.tei-c.org/ns/1.0" xsi:schemaLocation="http://www.tei-c.org/ns/1.0 file:/T:/Instruktioner,%20manualer,%20scheman/TEI-scheman%20(AM)/tei_brevschema.xsd">
  <teiHeader>
    <fileDesc>
      <titleStmt>
        <title>Br1535</title>
        <respStmt>
          <resp>Ansvarig redaktör:</resp>
          <name>Laura Mattsson</name>
        </respStmt>
      </titleStmt>
      <publicationStmt>
        <publisher>Zacharias Topelius Skrifter</publisher>
      </publicationStmt>
      <sourceDesc>
        <p>Arkivsignum: se databas</p>
      </sourceDesc>
    </fileDesc>
    <profileDesc>
      <handNotes>
        <handNote medium="black-ink"/>
      </handNotes>
    </profileDesc>
  </teiHeader>
  <text>
    <body xml:space="preserve">
      <!-- – ” ’ æ ½ -->
      <div type="letter">
        <opener>
          <dateline><placeName corresp="pl963">Kudniss</placeName> d. 6. Maj</dateline>
          <salute>Min kära <persName corresp="pe614">Zache</persName>.</salute>
        </opener>
        <p rend="noIndent">länge lät <add>du</add> mig vänta på dit <anchor xml:id="start19416"/>sista<anchor xml:id="end19416"/> bref och litet långt ser du väl och nu då detta är orecommenderat. men saken är <del>är</del> enkel jag är utan pengar. därföre skulle jag önska at du sade till i tid ty du vet ju nu at <anchor xml:id="start19417"/>det är ej at gå till <persName corresp="pe59">Turdins</persName> och ta<anchor xml:id="end19417"/> men till nästa Söndags post tror mig få. men nu åter bestämmer du ej alls hur mycket du behöfver intet kan jag gissa till dina utgifter du hade ungefär bordt öfveräckna <subst>dina</subst> behof. hvad åter din besparingsplan vidkommer (om det är någon) så lämnar jag till dit eget bedömmande om du ej förlorar någodt därpå månne om du reste in i höst och blef då borta öfver julen kanske du då kom hem till nästa midsommar som Candidat, men som sagt är detta kan du<pb/> bättre än jag bedömma och hvad dig nyttigt är bör göras mästa afseende på, rådgör med <persName corresp="pe33">Blanken</persName> därom at jag gärna har dig hem det vet du men at jag altid främst ser på din fortkomst, och största besparingen är i alla fall din arbetsamhet och du är nu så gammal at du må väl veta ta tiden i ackt både hemma och borta, således beslut hvad dig synes vara nyttigast, och jag är nöjd det vore ledsamt om ej <rs corresp="pe140">moster</rs> kom hit i sommar men nog tror jag ändå at det går där till <subst>fast</subst> intet kan alla dagar här heller bli så trefliga, men på <placeName corresp="pl2133">Sonnes</placeName> skulle hon säkert oroa sig lika mycket. <persName corresp="pe59">Turdinska</persName> affärerna står nu stilla till den 13. Aug då första utdelningen skall ske och öfverenskommas om den öfriga egendomens försälgning ganska bra har det betalt sig som blifvit försålt. har du träffat <persName corresp="pe207">Lundmark</persName>, stackars Gubbe han är fasligt affallen, hvad det vore<pb/> väl om han kunde uträtta någodt för sig på denna resa. gå till honom han är road af ungt folk och har vist dig mycken godhet. blomfröna har jag bekommit och delat och utsått vi har vackert väder och hopp om snar sommar ni kommer ju tidigare hem i år än vanligt vill jag minnas at <persName corresp="pe33">Blanken</persName> sade eller huru kommer han med. vi har nu brud i huset <persName corresp="pe3329">Cajsa</persName> är två gånger förelyst med <persName corresp="pe3328">Nyberg</persName> men han är utrest på längre tid så at det blir långt till brölloppet, han ville blott vara säker om hennes trohet hon skall tjena alt så länge han är borta äfven är <persName corresp="pe4814">Thure Levelius</persName> förelyst. <persName corresp="pe7157">Cajsa Österblads</persName> Bröllopp har vi nyligen bevistat det var helt alvarsamt utan dans. nästa fredag skall <persName corresp="pe30">Hind.</persName> begifva sig till <placeName corresp="pl2157">Stockholm</placeName> <persName corresp="pe262">Sophie</persName> hälsar dig hon säger sig ej ha någodt at skrifva om i dag, utom<pb/> en liten Commisjon at köpa åt henne en vaxdosa sådan du gaf oss till julklapp. hon vill ha paret på sin toilette, och som du mins gaf jag min åt <persName corresp="pe114">Josephine</persName> skulle du ej få aldeles lik så byter vi väl med henne. glöm nu ej denna bagatelle. lilla <persName corresp="pe323">Fanny</persName> är rask hon springer som bäst i trägåln med <persName corresp="pe107">Hildegard</persName> som är här, och frågar hvar dag när Farbror kommer hem. aldrig har jag kunnat ställa till nån bygnad som jag ämnade ehuru jag redan ackorderade men hvar skulle jag tagit medel därtill när det blef stopp hos <persName corresp="pe59">Gust.</persName> <persName corresp="pe2230">Mamsell Åberg</persName> går i bland här och spelar de saknar så mycket sitt instrument det togs genast ur huset. tyg till sommar böxor måste du väl köpa dig jag tror ej här fins någodt. <anchor xml:id="start19418"/>hvad Bränvinspannornas förändring vidkommer så är det en gammal sak och vår är gjord aldeles som den föreskrefne Modeln.<anchor xml:id="end19418"/> hälsa <persName corresp="pe33">Blanken</persName>. och öfverräckna nu dina utgifter<!-- ser inte ut som utgifter, fast det säkert varit som avsikt att skriva så. HK --> och skrif därom snart. <!--brevet fortsätter i vänstra marginalen på sid. 4--><seg rend="place_leftMargin">och hvad tid ni kommer. Gud välsigne dig kära barn.</seg></p>
        <closer rend="place_leftMargin">
          <signed>din hulda Mamma</signed>
        </closer>
      </div>
    </body>
  </text>
</TEI>