<?xml version='1.0' encoding='UTF-8'?><TEI xmlns:xsi="http://www.w3.org/2001/XMLSchema-instance" xmlns="http://www.tei-c.org/ns/1.0" xsi:schemaLocation="http://www.tei-c.org/ns/1.0 file:/T:/Instruktioner,%20manualer,%20scheman/TEI-scheman%20(AM)/tei_brevschema.xsd">
    <teiHeader> 
        <fileDesc> 
            <titleStmt> 
                <title>Br2903</title> 
                <respStmt> 
                    <resp>Ansvarig redaktör:</resp> 
                    <name>Laura Mattsson</name> 
                </respStmt> 
            </titleStmt> 
            <publicationStmt> 
                <publisher>Zacharias Topelius Skrifter</publisher> 
            </publicationStmt> 
            <sourceDesc> 
                <p>Arkivsignum: se databas</p> 
            </sourceDesc> 
        </fileDesc> 
        <profileDesc> 
            <handNotes> 
                <handNote medium="black-ink"/> 
            </handNotes> 
        </profileDesc> 
    </teiHeader> 
    <text> 
        <body xml:space="preserve"><!-- – ” ’ æ ½ --> 
            <div type="letter"> 
                <opener>
                    <dateline><placeName>Kudnis</placeName> d. 11 Mars 1830.</dateline>
                    <salute><choice><abbr>M. K. Z.</abbr><expan resp="EK">Min käre Zachris</expan></choice></salute>
                </opener> 
                <p rend="noIndent">Denna gång får du åtnöjas med denna lilla lapp – ty <rs corresp="pe14">mamma</rs> säger att brefpaketet ej tål mer <anchor xml:id="start20572"/>för att gå för <anchor xml:id="start20573"/>ett lods<anchor xml:id="end20573"/> betalning på posten<anchor xml:id="end20572"/>.</p>
                <p>För dina små nyheter ang<hi rend="raised">de</hi> <persName corresp="pe6021">Ståhle</persName> m. m. är jag förbunden. Utan att vara sqvalleraktig bör man i bref anföra hvad som passerat af vigt – derigenom blir brefvet intressant. Utom <persName corresp="pe892">Assessor Bergboms</persName> död har här intet märkligt tilldragit sig. Det förtjenar likväl såsom något ovanligt anmärkas, att gubbens gamla Katt efter hans död höll till och låg dels på, dels under likkistan, samt på begrafningsdagen följde liket och processionen ej <anchor xml:id="start20493"/>allenast<anchor xml:id="end20493"/> till kyrkan, utan ock derifrån till kyrkogården med jemmer och jamande – så att alla deraf blefvo rörda. Sålunda kan tacksamhet och tillgifvenhet finnas äfven hos oskäliga djur. huru bör den då icke hysas och ytras af den förnuftiga menniskan?</p>
                 <p><persName corresp="pe2106">Landtm. Stenroth</persName> reser nu till <placeName>Helsingfors</placeName>; med honom har jag ditsändt några st. af den här fångade fisken <unclear reason="writing" resp="EK"><anchor xml:id="start20603"/>kutur<anchor xml:id="end20603"/></unclear> på reqvisition genom <persName corresp="pe33">Hr Blank</persName> af <persName corresp="pe155">Prof. Tengström</persName>. Denna fisk lärer icke förut vara af Ichtyologerna beskrifven. Med <persName corresp="pe2106">St.</persName> har jag beställt frön af <foreign xml:lang="lat">Papaver somniferum</foreign> (Valmo) som är så mycket berömd för den goda olja deraf af frön erhålles. Förr odlade<pb/> man mycket i <placeName>Uleåb.</placeName> en vext <hi rend="underline">Pumpa</hi> kallad – om du der kan få frön deraf så köp och skicka hit en portion – äfven Valmo köper du hvad som kan åtkommas, ty frön som fås norr ifrån trifvas bätre än andra – häruti anliter du <rs corresp="pe3410">fastrarne</rs> om bistånd.</p>
                <p>Jag förnyar ytterligare min påminnelse att du söker göra dig bekant med de på orten växande örter, helst de allmännare.</p>
                <p>Lycka till din ståndaktiga föresats att icke studera Romaner. Jag erinrar mig härvid en af <persName corresp="pe4386">Horatii</persName> Oder till beröm för ståndaktighet och rättvisa, som börjar så här: <foreign xml:lang="lat"><anchor xml:id="start20494"/>Justum &amp; tenacem propositi virum etc.</foreign>.<anchor xml:id="end20494"/> der förekommer ibland annat: <foreign xml:lang="lat"><anchor xml:id="start20495"/>Qvem si fractus illabatur orbis Impavidum ferient ruinæ</foreign>.<anchor xml:id="end20495"/></p>
                <p>hvilket högt språk, och hvar träffar man sådant i vanl. Romaner?</p>
                <p>Farväl nu min goda gosse – hälsa mycket <rs corresp="pe21">farbror</rs> till <choice><abbr>hkn</abbr><expan resp="EK">hvilken</expan></choice> jag snart skall skrifva till <rs corresp="pe888">moster</rs> cousiner och fastrar – <anchor xml:id="start20570"/>Lilla <persName corresp="pe22">Gustav</persName> trifs här hjertans väl<anchor xml:id="end20570"/> och är dagen igenom i fullt fläng – med sina hästar kälkar och <anchor xml:id="start20498"/>såp blåsor<anchor xml:id="end20498"/> – han hälsar så mycket. Skrif <anchor xml:id="start20499"/>nu som oftast<anchor xml:id="end20499"/> till din</p>
                <closer><signed>pappa –</signed></closer> 
            </div> 
        </body> 
    </text> 
</TEI>