<?xml version='1.0' encoding='UTF-8'?><TEI xmlns:xsi="http://www.w3.org/2001/XMLSchema-instance" xmlns="http://www.tei-c.org/ns/1.0" xsi:schemaLocation="http://www.tei-c.org/ns/1.0 file:/T:/Instruktioner,%20manualer,%20scheman/TEI-scheman%20(AM)/tei_brevschema.xsd">
  <teiHeader>
    <fileDesc>
      <titleStmt>
        <title>Br1495</title>
        <respStmt>
          <resp>Ansvarig redaktör:</resp>
          <name>Laura Mattsson</name>
        </respStmt>
      </titleStmt>
      <publicationStmt>
        <publisher>Zacharias Topelius Skrifter</publisher>
      </publicationStmt>
      <sourceDesc>
        <p>Arkivsignum: se databas</p>
      </sourceDesc>
    </fileDesc>
    <profileDesc>
      <handNotes>
        <handNote medium="brown-ink"/>
      </handNotes>
    </profileDesc>
  </teiHeader>
  <text>
    <body xml:space="preserve">
      <!-- – ” ’ æ ½ -->
      <div type="letter">
        <opener>
          <dateline><placeName corresp="pl963">Kudniss</placeName> d. 29. Nov.</dateline>
        </opener>
        <p rend="noIndent">Min goda gosse. jag kan ej underlåta at vid varje tillfälle hälsa på dig med några rader ehuru här är just ingenting at skrifva om men jag vet väl at det obetydligaste intresserar så snart det är från hem. få nu se om vi är så lyckliga at få <rs corresp="pe21">Farbror</rs> och <rs corresp="pe888">Moster</rs> hit till jul då väl du också får följa med. om så är så köp åt flickorna några små saker till julklapp t. ex. små bläck kärl sådana de ej förr har eller några <anchor xml:id="start11510"/>socker dockor<anchor xml:id="end11510"/> se till at du kan hitta på något för <persName corresp="pe7298">Lithens gossar</persName> och du har väl inga <anchor xml:id="start38333"/>pengar<anchor xml:id="end38333"/> kan jag tro men jag skall väl skicka dess förinnan till dina öfriga behof och. jag ämnade skicka nu men hade ej nån passlig sedel at lägga på posten och med postiljon ville jag ej skicka pengar. skulle du ej kunna försöka at rita något som du kunde ge åt <rs corresp="pe226">pappa</rs> bjud till det vore bra välkommit pappa stackare har varit sjuk men är nu bättre igen för öfrigt mår alla väl och hälsar dig men aldra mäst din</p>
        <closer>
          <signed>pappa och Mamma.</signed>
        </closer>
        <postscript><!-- I vänstra marginalen -->
            <p rend="place_leftMargin">hälsa Farbror och Moster mycket i från oss äfvenså till <rs corresp="pe3410">Fastrarna</rs> <persName corresp="pe162">fina</persName> och <rs corresp="pe3411">små bröderna</rs>.</p>
        </postscript>
      </div>
    </body>
  </text>
</TEI>