<?xml version='1.0' encoding='UTF-8'?><TEI xmlns:xsi="http://www.w3.org/2001/XMLSchema-instance" xmlns="http://www.tei-c.org/ns/1.0" xsi:schemaLocation="http://www.tei-c.org/ns/1.0 file:/T:/Instruktioner,%20manualer,%20scheman/TEI-scheman%20(AM)/tei_brevschema.xsd">
  <teiHeader>
    <fileDesc>
      <titleStmt>
        <title>Br1559</title>
        <respStmt>
          <resp>Ansvarig redaktör:</resp>
          <name>Laura Mattsson</name>
        </respStmt>
      </titleStmt>
      <publicationStmt>
        <publisher>Zacharias Topelius Skrifter</publisher>
      </publicationStmt>
      <sourceDesc>
        <p>Arkivsignum: se databas</p>
      </sourceDesc>
    </fileDesc>
    <profileDesc>
      <handNotes>
        <handNote medium="brown-ink"/>
      </handNotes>
    </profileDesc>
  </teiHeader>
  <text>
    <body xml:space="preserve">
      <!-- – ” ’ æ ½ -->
      <div type="letter">
        <opener>
          <dateline><placeName corresp="pl963">Kudniss</placeName> d. 4. Dec.</dateline>
          <salute>Min Goda Gosse</salute>
        </opener>
        <p rend="noIndent">dit bref med <persName corresp="pe207">Lundm</persName> har jag bekommit jag väntade så höra at du var utan pengar. men som du ingenting nämde därom så lär du kanske <anchor xml:id="start21753"/>hjelpa dig fram<anchor xml:id="end21753"/> det vore sn<subst>e</subst>lt hushållat emedlertid om du behöfver kan du väl få litet af <persName corresp="pe59">Gustaf</persName>. om dit täc<unclear reason="inksmudge" resp="MD">ke</unclear> är smutsigt som det säkert är så ta hem det och hvad du har <anchor xml:id="start36728"/>söndert<anchor xml:id="end36728"/> strumpor i synnerhet. hälsa <rs corresp="pe140">Moster</rs> så mycket jag hinner ej skrifva till henne i dag. tacka för Commisjonernas uträttande kammarna var ypperliga hälsa <persName corresp="pe33">Herr Blank</persName> i från oss. kläd väl på dig till hemresan. jag sparar alt annat glam till jul. glöm ej at underrätta mig om <persName corresp="pe798">Rosenkampffs</persName> tänker på nån resa hit. <persName corresp="pe262">Sophie</persName> och <persName corresp="pe323">Fanny</persName> hälsar och gud vare med in på resan och altid.</p>
        <closer>
          <signed>din Mamma</signed>
        </closer>
      </div>
    </body>
  </text>
</TEI>