﻿<?xml version="1.0" encoding="UTF-8"?>
<TEI xmlns:xsi="http://www.w3.org/2001/XMLSchema-instance" xsi:schemaLocation="http://www.tei-c.org/ns/1.0 file:/T:/Instruktioner,%20manualer,%20scheman/TEI-scheman%20(AM)/tei_brevschema.xsd" xmlns="http://www.tei-c.org/ns/1.0">
  <teiHeader>
    <fileDesc>
      <titleStmt>
        <title>Br1502</title>
        <respStmt>
          <resp>Ansvarig redaktör:</resp>
          <name>Laura Mattsson</name>
        </respStmt>
      </titleStmt>
      <publicationStmt>
        <publisher>Zacharias Topelius Skrifter</publisher>
      </publicationStmt>
      <sourceDesc>
        <p>Arkivsignum: se databas</p>
      </sourceDesc>
    </fileDesc>
    <profileDesc>
      <handNotes>
        <handNote medium="black-ink" />
      </handNotes>
    </profileDesc>
  </teiHeader>
  <text>
    <body xml:space="preserve">
      <!-- – ” ’ æ ½ -->
      <div type="letter">
        <opener>
          <dateline>d. 26 Ocht.</dateline>
          <salute>Goda <persName corresp="pe614">Zachris</persName>.</salute>
        </opener>
        <p rend="noIndent">i dag har det varit en mycket bedröflig dag <rs corresp="pe889">Morfar</rs> dog i morse kl.<!-- LM satte till punkt --> ½&#x00A0;9. inneliggande bref lämnar du till till <rs corresp="pe140">Moster</rs> men ej straxt utan fråga <rs corresp="pe139">Morbror</rs> först därom <anchor xml:id="start19365" />kanske hennes hälsa ej tål at hon blir ännu mer uprörd<anchor xml:id="end19365" /> för än första smärtan<!-- LM ändrade från smärtorna --> litet saktar sig men som sagt fråga <rs corresp="pe139">Baron</rs> när du kan ge fram det. morfars död var väl ej oförväntat men den kom ändå långt förr än vi trodde ty han var ej mycket dålig.<!-- LM tog bort tankstreck --> jag tänkte skicka dig pengar med <persName corresp="pe3177">Salberg</persName><!-- postiljonen Fredrik Sahlberg? --> men Bror <persName corresp="pe59">Gustav</persName> gaf anvisning på 50 <choice><abbr>B<hi rend="raised">co</hi></abbr><expan resp="EK">Banco</expan></choice>. du skall nu nödvändigt skicka med <persName corresp="pe7066">Salberg</persName> 4 exempl. af <title corresp="ve3456"><persName corresp="pe3311">gedikes</persName> franska läro bok</title> sednaste uplagan <rs corresp="pe888">moster</rs> tror at 2 är redan här men nu vill hon ha 2 till. försumma ej detta tillfälle. hälsa <persName corresp="pe33">Herr Blank</persName> i från oss <persName corresp="pe262">Sofi</persName> hälsar jag hinner ej mer</p>
        <closer>
          <signed>S.&#x00A0;T.</signed>
        </closer>
        <postscript>
          <p>du skall äfven skrifva hvad böckerna kosta glöm ej det</p>
        </postscript>
      </div>
    </body>
  </text>
</TEI>