<?xml version='1.0' encoding='UTF-8'?><TEI xmlns:xsi="http://www.w3.org/2001/XMLSchema-instance" xmlns="http://www.tei-c.org/ns/1.0" xsi:schemaLocation="http://www.tei-c.org/ns/1.0 file:/T:/Instruktioner,%20manualer,%20scheman/TEI-scheman%20(AM)/tei_brevschema.xsd">
  <teiHeader>
    <fileDesc>
      <titleStmt>
        <title>Br1504</title>
        <respStmt>
          <resp>Ansvarig redaktör:</resp>
          <name>Laura Mattsson</name>
        </respStmt>
      </titleStmt>
      <publicationStmt>
        <publisher>Zacharias Topelius Skrifter</publisher>
      </publicationStmt>
      <sourceDesc>
        <p>Arkivsignum: se databas</p>
      </sourceDesc>
    </fileDesc>
    <profileDesc>
      <handNotes>
        <handNote medium="black-ink"/>
      </handNotes>
    </profileDesc>
  </teiHeader>
  <text>
    <body xml:space="preserve">
      <!-- – ” ’ æ ½ -->
      <div type="letter">
        <opener>
          <dateline><placeName corresp="pl963">Kudniss</placeName> d. 19 feb.</dateline>
          <salute>Min Älskade gosse.</salute>
        </opener>
        <p rend="noIndent">jag ämnade väl ej skrifva till dig förän jag fått framkomst bref men jag har dessa dagar haft så ledsamt at jag ej kan vänta till dess. då vi kom tillbakas från <placeName corresp="pl2205">Sundby</placeName> så var här så förskräckligt tomt till och med <persName corresp="pe7367" correspUncert="Y">Gustav</persName> och <persName corresp="pe2766">Anna lena</persName> var borta hos <persName corresp="pe5471">Nymans</persName>. i går och i dag har jag sysselsatt mig med at <anchor xml:id="start19370"/>rangera<anchor xml:id="end19370"/> <rs corresp="pe226">Pappas</rs> böcker och andra papper och hvilka påminnelser har ej detta arbete medfört ack kära barn hvad din pappa i sin ungdom måtte varit arbetsam här är stora Bundter med papper skrifna af hans hand anteckningar i flere vettenskaper för nämligast i medecin jag kan väl tro at de inne håller saker som jag ej förstår mig på men jag har och föresatt mig at ej genomse dem utan <anchor xml:id="start20613"/>tillika<anchor xml:id="end20613"/> med dig det är vist skatter som jag hoppas du med Guds hjelp skall veta värdera och at din pappas minne må leda dig till lika verksamhet för alt godt och nyttigt men kom i håg at arbetsamhet i från barndomen fodras at vänja sig vid om du vill hinna med så mycket som pappa hant i sin ungdom tid.<pb/> påminn dig äfven och upfyll hvad du lofvade mig. jag har ju ingen annan glädje än hoppet at ni skall bli goda och nyttiga menniskjor. här har ingenting passerat sen du reste utan alt så tyst och stilla som förr ni fick så skönt resväder och jag har i tankarna följt er den ena milen efter den andra och gissar at ni kommer hem söndags middag vid pass. <rs corresp="pe21">Farbror</rs> skref om några böcker hvad det var ledsamt at brefvet kom för sent det kan nu vara osäkert om man kan få skicka et så stort paquette med resande.</p>
        <p>Adieu med dig kära barn skrif nu ofta till din</p>
        <closer>
          <signed>mamma.</signed>
        </closer>
      </div>
    </body>
  </text>
</TEI>