<?xml version='1.0' encoding='UTF-8'?><TEI xmlns:xsi="http://www.w3.org/2001/XMLSchema-instance" xmlns="http://www.tei-c.org/ns/1.0" xsi:schemaLocation="http://www.tei-c.org/ns/1.0 file:/T:/Instruktioner,%20manualer,%20scheman/TEI-scheman%20(AM)/tei_brevschema.xsd">
  <teiHeader>
    <fileDesc>
      <titleStmt>
        <title>Br1513</title>
        <respStmt>
          <resp>Ansvarig redaktör:</resp>
          <name>Laura Mattsson</name>
        </respStmt>
      </titleStmt>
      <publicationStmt>
        <publisher>Zacharias Topelius Skrifter</publisher>
      </publicationStmt>
      <sourceDesc>
        <p>Arkivsignum: se databas</p>
      </sourceDesc>
    </fileDesc>
    <profileDesc>
      <handNotes>
        <handNote medium="black-ink"/>
      </handNotes>
    </profileDesc>
  </teiHeader>
  <text>
    <body xml:space="preserve">
      <!-- – ” ’ æ ½ -->
      <div type="letter">
        <opener>
          <salute>Goda <persName corresp="pe614">Zacke</persName>.</salute>
        </opener>
        <p rend="noIndent">jag trodde mig ej hinna skrifva till dig men jag skyndar mig at raspa till några rader tack för dit bref det har skänkt mig fler än en glad stund kära barn jag har läst det flere gånger, gud välsigne dina goda föresatser och gifve dig styrka och ihärdighet at utföra dem men börja ej på för mycket på en gång ty då plär det hända at alt blir på fusk ty at hinna med alt hvad du skrifver om vore väl ingen omöjlighet men där till skulle fodras stor arbetsamhet och lång dag men går du ut där med skall det fägna mig hjerteligen hvad fiol spelningen beträffar har jag vist ingenting emot jag frucktar blott at den skulle ta för mycken tid för dig kanske du i sommar kunde lära för <persName corresp="pe2747">Schale</persName> du har nu ing<supplied reason="damage" resp="MD">en</supplied> fiol och intet bör du köpa då du har h<supplied reason="damage" resp="LM">är</supplied> <persName corresp="pe259">Morbror Calamnius</persName> var och ville köpa eller låna men jag gaf den ej han har sålt sin åt <persName corresp="pe495">Oscar Roos</persName> för 200 <choice><abbr>Rd.</abbr><expan resp="EK">Riksdaler</expan></choice> och <persName corresp="pe53">Rosen</persName> skall sen sagt at han ej ville lämna den för 500. <anchor xml:id="start38367"/>hur mår den nya Candidaten<anchor xml:id="end38367"/> efter hvad jag vill minnas du sade skulle han fram den 22 hälsa honom och säg at vi både tänkte och talte mycket om honom den dagen och nu är han väl glad som en spelman. jag väntar snart bref från dig <!--brevet fortsätter i vänstra marginalen--><seg rend="place_leftMargin">Gud vare med dig kära barn snart skall du få et längre bref från</seg></p>
        <closer rend="place_leftMargin">
          <signed>din Mamma</signed><!-- LM flyttade "din" från salute till signed -->
        </closer>
      </div>
    </body>
  </text>
</TEI>