<?xml version='1.0' encoding='UTF-8'?><TEI xmlns:xsi="http://www.w3.org/2001/XMLSchema-instance" xmlns="http://www.tei-c.org/ns/1.0" xsi:schemaLocation="http://www.tei-c.org/ns/1.0 file:/T:/Instruktioner,%20manualer,%20scheman/TEI-scheman%20(AM)/tei_brevschema.xsd">
  <teiHeader>
    <fileDesc>
      <titleStmt>
        <title>Br1556</title>
        <respStmt>
          <resp>Ansvarig redaktör:</resp>
          <name>Laura Mattsson</name>
        </respStmt>
      </titleStmt>
      <publicationStmt>
        <publisher>Zacharias Topelius Skrifter</publisher>
      </publicationStmt>
      <sourceDesc>
        <p>Arkivsignum: se databas</p>
      </sourceDesc>
    </fileDesc>
    <profileDesc>
      <handNotes>
        <handNote medium="black-ink"/>
      </handNotes>
    </profileDesc>
  </teiHeader>
  <text>
    <body xml:space="preserve">
      <!-- – ” ’ æ ½ -->
      <div type="letter">
        <opener>
          <dateline><placeName corresp="pl963">Kudniss</placeName> d. 27. Nov.</dateline>
          <salute>Min Goda <persName corresp="pe614">Zache</persName>.</salute>
        </opener>
        <p rend="noIndent"><anchor xml:id="start19480"/>af huru oförmodat innehåll dit sista bref var och hur bestörtva vi blef kan jag ej beskrifva stackars <persName corresp="pe140">Augusta</persName> hvad hon måtte lidit jag känner detta så väl, och du kan väl förstå hur mycket jag deltar däri.<anchor xml:id="end19480"/></p>
        <p>hon som är så känslig. ack hvad jag önskat at vara hos henne denna tid. öfvertala dem nu at komma hit till Jul det vore nyttigt för <persName corresp="pe140">Augusta</persName> at litet skingra sin sorg om det låter göra sig så skall du skrifva snart därom <persName corresp="pe262">Sophie</persName> ville gärna sy någodt smått åt <rs corresp="pe140">Moster</rs>.</p>
        <p>hur är det med dina egna affärer med <persName corresp="pe207">Lundmark</persName> får jag kanske veta därom. hvad jag nödvändigt behöfver så är det <anchor xml:id="start35832"/>1. ℔<anchor xml:id="end35832"/> the är <persName corresp="pe59" correspUncert="Y">Gust.</persName> qvar så skicka med honom ty jag är utan<pb/> och så skall du låta mig få veta ungefär hvad dag ni kommer så at er kammare är varm ty ser du det är ej som då du kommer ensa<supplied reason="endline" resp="KP">m</supplied> och kan krypa fast in i Mammas kammare. jag för stod ej ditt bref rätt har <persName corresp="pe140">Augusta</persName> ämnat sig hit til jul medan lillan lefde efter du skrifver at jag skulle fått omfamna eder alla Moster främst med de små, dett hade jag aldrig vågat hoppats men nu tycker jag at det nog låter sig göra. <persName corresp="pe262">Sophie</persName> hälsar hon skall i nästa vecka som vanligt till <persName corresp="pe967">Lithens</persName>. <persName corresp="pe323">fanny</persName> är frisk och snäll, <persName corresp="pe484">Mormor Wacklin</persName> är hos oss som bäst. hälsa <persName corresp="pe33">Herr Blank</persName> och sen hjertans väl kommen hem till</p>
        <closer>
          <signed>din Mamma.</signed>
        </closer>
        <postscript>
          <p>men kanske jag skrifver ännu engång.</p>
        </postscript>
      </div>
    </body>
  </text>
</TEI>