<?xml version='1.0' encoding='UTF-8'?><TEI xmlns:xsi="http://www.w3.org/2001/XMLSchema-instance" xmlns="http://www.tei-c.org/ns/1.0" xsi:schemaLocation="http://www.tei-c.org/ns/1.0 file:/T:/Instruktioner,%20manualer,%20scheman/TEI-scheman%20(AM)/tei_brevschema.xsd">
  <teiHeader>
    <fileDesc>
      <titleStmt>
        <title>Br1615</title>
        <respStmt>
          <resp>Ansvarig redaktör:</resp>
          <name>Laura Mattsson</name>
        </respStmt>
      </titleStmt>
      <publicationStmt>
        <publisher>Zacharias Topelius Skrifter</publisher>
      </publicationStmt>
      <sourceDesc>
        <p>Arkivsignum: se databas</p>
      </sourceDesc>
    </fileDesc>
    <profileDesc>
      <handNotes>
        <handNote medium="black-ink"/>
      </handNotes>
    </profileDesc>
  </teiHeader>
  <text>
    <body xml:space="preserve">
      <!-- – ” ’ æ ½ -->
      <div type="letter">
        <opener>
          <dateline><placeName corresp="pl963">Kudnäs</placeName> d. 8. Ap.</dateline>
          <salute>Egen <persName corresp="pe614">Zache</persName>.</salute>
        </opener>
        <p rend="noIndent">Oväntat emotog jag åter ett kärt bref i från dig, måtte detta träffa dig och dina kära vid hälsan, jag är så ofta orolig för er, men kan ej annat än öfverlämna er i Guds beskydd under denna sjukliga tid och altid. ni skall så mycket ni kan undvika stora folksamlingar där kan finnas smittor om nån farsot är gängse och sen värme som lätt gör förkylning <anchor xml:id="start22343"/>ditt vistande i Lyceum<anchor xml:id="end22343"/> bekymrar mig och din gång där i från om du är varm, kära barn sök att ackta dig du har nu många att lefva för länge är det ej tills vi får träffas om Gud vill och ändå tycker jag nu att det är mycket länge till dess och huru mycket kan ej hända dess för innan. Och <persName corresp="pe10">Emelie</persName> <foreign xml:lang="fin"><anchor xml:id="start22342"/>rukka<anchor xml:id="end22342"/></foreign> som matar sin pia på bekostnad af eget hull ge henne annat mat efter som hon tål vid, nog märkes det hvad de tål och sen nån gång litet desert på och spara dig för natten det är bättre<pb/> ge flickan i bland gröt och fisk litet köttsoppa äfven i bland det är bättre att vänja dem medan de är små alt efter som <add>de</add> kan smälta, sitter hon ren för sig sjelf efter du skall lära henne krypa det lär bli lagom tid på <placeName corresp="pl963">Kudnäs</placeName> att börja på med det Påskdagen var jag opp hos <persName corresp="pe645">Häggströms</persName> och såg lilla <persName corresp="pe460">Aline</persName> i sin blåa kjol hon såg rätt näpen ut intet var den för stor snart är den för knapp. Jag har haft Påsk <anchor xml:id="start22345"/>främmande<anchor xml:id="end22345"/> <persName corresp="pe741"><anchor xml:id="start23445"/>Lisette Toppelius</persName> med lilla <persName corresp="pe461">Janne</persName> de reste i dag, nog var det sant att <persName corresp="pe7970" correspUncert="Y">Essens</persName> vill ha dem dit eller till sig när de fått köpa nån större egendom så vill de ha <persName corresp="pe741">Lisette</persName> äfven till att ha upsigt öfver det hela som en matmor, och i fall <rs corresp="pe4894">lilla Grefven</rs> ej skulle ha Fallenhet för läsa så skulle <persName corresp="pe461">Janne</persName> hållas i skola, det låter ej illa detta project då man vet att de är beskedliga menniskjor så nog kan det hända att hon antar det hon var i somras sex veckor tillsammans med dem hos <persName corresp="pe7189">Mamsellerna Forsman</persName> i <placeName corresp="pl1218">Lillkyro</placeName>, de flyttar nemligen Mamsellerna med första kärrför till <persName corresp="pe7970" correspUncert="Y">Essens<anchor xml:id="end23445"/></persName> sitt hemman har de sålt bort</p>
        <pb/>
        <p>med <persName corresp="pe309">Julius</persName> som var hem till Påsk hade jag bref i från lilla <persName corresp="pe521">Gustaf</persName> det var så likt honom kort och begripligt det låter ju ej så illa för honom hans Lärare är ej missnöjd med honom lexorna skall gå bra sade <persName corresp="pe309">Julius</persName> också <persName corresp="pe461">Janne</persName>, men att han kom i första klassens nedra afdelning dett var för dåligt, flyttat öfver många har han ändå blifvit och <persName corresp="pe2043">Lönmark</persName> skall sagt att han har ej många så <anchor xml:id="start23437"/>begripliga<anchor xml:id="end23437"/> i klassen, så kanske det ändå blir någodt af honom stackare Kan du minnas om du fått pengar mer än en gång af <persName corresp="pe139">Rosenkampff</persName> på min räckning ty <persName corresp="pe140">Augusta</persName> skrifver att skuldsedeln är 480. <choice><abbr>silf</abbr><expan resp="EK">silfver</expan></choice> men i boken står 456. nu hade äfven jag en lapp däri <persName corresp="pe139">Rosenkampff</persName> underrätta mig att sen 62. <choice><abbr><add>bco</add></abbr><expan resp="EK">banco</expan></choice> <choice><abbr>rub</abbr><expan resp="EK">rubel</expan></choice> som du fått var afdragit var 480. <add><choice><abbr>silf.</abbr><expan resp="EK">silfver</expan></choice></add> qvar men skulle du möjligtvis nån annan gång fått 24. <choice><abbr>Rub. Silf</abbr><expan resp="EK">Rubel Silfver</expan></choice> – för sök dra dit till minnes. Har <persName corresp="pe140">Augusta</persName> ingen aning om hvem hon fått brefvet med pengarna i från? en hederlig menniskja var det. kanske har du opskrifvit om du fått af <persName corresp="pe139">Rosenk.</persName> jag vill tro att så är eljest vore ej bok och revers olika.</p>
        <pb/>
        <p><persName corresp="pe3957">Hilda Favorin</persName> har lämnat verlden annan dag påsk. I dag reser <persName corresp="pe2044">Fredrika Dyhr</persName> och <persName corresp="pe720">Fred. Toppelius</persName> som varit hos <persName corresp="pe658">Dyhrns</persName> sen Mariedagen <persName corresp="pe720">Fred</persName> sade att han så gärna ville träffa dig som han ej sett sen du gick i skolan.</p>
        <p>d. 9. I går aftse var jag och tittade på <persName corresp="pe320">Augusta Lybeck</persName> med sin <rs corresp="pe5953">lilla pia</rs> med så stora blå ögon ett vackert barn <persName corresp="pe320">Augusta</persName> stackare har bröstböld men af lindrig art utan värk har det ren gått hål så nog blir den väl snart bra där träffade jag <persName corresp="pe527">Mamma Lindqv.</persName> och syster <persName corresp="pe319">Thilda</persName> de bad alla hälsa och mådde bra. nu igen till liten <persName corresp="pe11">Aina</persName> se för all del hur barn flickan bär henne oförmärkt om ni kan lita på då ni är borta att hon ej kan kasta sig bakut också skall ni aldrig ha henne att stor skratta häftigt det det är skadligt för hennes fina blodkärl – ja Gud låte er få vara friska och behålla skatten. Om <persName corresp="pe140">Augusta</persName> vill skicka pengar så passar det väl med <persName corresp="pe399">Otto Engström</persName> jag har gamla hål här för halfva summan.</p>
        <p>din <anchor xml:id="start23448"/>prackare<anchor xml:id="end23448"/> som åter gått i borgen för <persName corresp="pe2175">Cronhjelm</persName> den är du säker om att få betala har du sagt opp <persName corresp="pe146">Snellmans</persName> eller ha <persName corresp="pe7188">Malin</persName> betalt? farväl nu igen kära barn jag längtar ofta att språka med er nog vet jag att</p>
        <closer>
          <salute>ni ej glömmer er</salute>
          <signed>Mamma</signed>
        </closer>
        <postscript>
          <p rend="place_leftMargin"><!--skrivet i vänstra marginalen på sid. 4--><persName corresp="pe10">Emelie</persName> hälsas hjerteligen med sin pia, och låt mig veta hur det går för <persName corresp="pe160">Leopolds</persName> och hvad <persName corresp="pe45">Marie Kerrman</persName> tycker om sig och om de ofta går hos er.</p>
        </postscript>
      </div>
    </body>
  </text>
</TEI>