﻿<?xml version="1.0" encoding="UTF-8"?>
<TEI xmlns:xsi="http://www.w3.org/2001/XMLSchema-instance" xmlns="http://www.tei-c.org/ns/1.0" xsi:schemaLocation="http://www.tei-c.org/ns/1.0 file:/T:/Instruktioner,%20manualer,%20scheman/TEI-scheman%20(AM)/tei_brevschema.xsd">
  <teiHeader>
    <fileDesc>
      <titleStmt>
        <title>Br1569</title>
        <respStmt>
          <resp>Ansvarig redaktör:</resp>
          <name>Laura Mattsson</name>
        </respStmt>
      </titleStmt>
      <publicationStmt>
        <publisher>Zacharias Topelius Skrifter</publisher>
      </publicationStmt>
      <sourceDesc>
        <p>Arkivsignum: se databas</p>
      </sourceDesc>
    </fileDesc>
    <profileDesc>
      <handNotes>
        <handNote medium="brown-ink" />
      </handNotes>
    </profileDesc>
  </teiHeader>
  <text>
    <body xml:space="preserve">
      <!-- – ” ’ æ ½ --> 
      <div type="letter"> 
        <opener>
        <dateline><placeName corresp="pl963">Kudnäs</placeName> d. 2. Ocht.</dateline>
        <salute>Egen <persName corresp="pe614">Zache</persName></salute>
        </opener> 
        <p rend="noIndent">Kyss nu din Mammas bref i stället för hennes händer, som så oförmodat – eller rättare sagt skänker dig et oförmodat nöje, ty ingen menniskja tänkte på at skrifva i dag vi har suttit hemma hela veckan och sett ingen främmande sen i Måndags då <persName corresp="pe794">Fru Elfsberg</persName> med sina döttrar reste härifrån de låg hos oss öfver natten hon förde de två yngre till <placeName corresp="pl2561">vasa</placeName> till <persName corresp="pe3151" correspUncert="Y">Strömborgs</persName> och de två äldre var med för at roa sig glada och trefliga var de som altid. i går aftse kom hit tre flickor som var på promenade då omtaltes händelsevis at jag ämnade skrifva till <placeName corresp="pl399">Helsingfors</placeName> i dag, hvad däraf följde finner du <anchor xml:id="start16953" />innelyckt<anchor xml:id="end16953" />. jag hade bref ifrån <placeName corresp="pl2464">Uleåborg</placeName> de har fått höra om <persName corresp="pe19">Oscars</persName> sjukdom <supplied reason="damage" resp="KP">o</supplied>ch varit bekymrade jag skref straxt <gap reason="damage" extent="1" unit="lines" /><pb /> just nu ankom dit bref det var för väl at <persName corresp="pe19">Oscar</persName> kom helbregda fram jag ha<supplied reason="endline" resp="HK">r</supplied> varit smått änslig om honom. nu till di<supplied reason="endline" resp="HK">tt</supplied> bref, nytt bekymmer <anchor xml:id="start36741" />at du skall bo i fugtiga rum<anchor xml:id="end36741" /> och <anchor xml:id="start16954" />mat bolaget<anchor xml:id="end16954" /> är och som det kan och blir troligen på samma fot som förr och du under Comando ni kan ej lefva utan hvara<supplied reason="endline" resp="HK">nn</supplied> bjud nu till med tidningen både alvarsamt och nöjsamt, <anchor xml:id="start16955" />onödigt af <persName corresp="pe223">Collan</persName> at nu skälla p<supplied reason="endline" resp="MD">å</supplied> <persName corresp="pe75">Cygneus</persName> då han är från saken men jag tror at han begagnar tillfället at ge <title corresp="tw98">Helsingfors tidn.</title> en stöt som kan verka på det hela ty jag tro<supplied reason="endline" resp="EK">r</supplied> at <persName corresp="pe223">Collan</persName> beherskas af afvunden och vill ej ha nån i bredd med sig, gå ej i nån lek med honom han hugger till när det passar bäst är at vara god vän med honom.<anchor xml:id="end16955" /> med noten kommer ingenting fast de kniper laxar på nät både opp och ner. nu har vi målaren på andra sidan men det tål tid innan de törs dit. <anchor xml:id="start16972" />vet du <rs corresp="pe56">Prosten</rs> har korsat öfver <title corresp="tu1382">skattgräfvarn</title><anchor xml:id="end16972" /> han trodde vist ej at det var af dig och <persName corresp="pe75">Cygneus</persName> står ej i hans gunst. så du blef så firad på din resa. <persName corresp="pe262">Sophie</persName> ber hälsa hon får ej rum idag at svara på dit bref hon stod fadder i veckan hos <persName corresp="pe2292">Presten Häggbloms</persName>. <persName corresp="pe2291">Fru Backman</persName> och <persName corresp="pe29">Emelie</persName> ber hälsa. <persName corresp="pe3444">flickorna Lindqvist</persName> var inne hos henne i går aftse var bor <persName corresp="pe204">Alfred</persName> skrif om hvad han tar sig för. så din kärra var så besvärlig sälj bort den bjud ut den på tidn. men hjulena får ej säljas under 29 <choice><abbr>Rub.</abbr><expan resp="EK">Rubel</expan></choice> ty det kostar de för korgen får du ta hvad du får det är af bäs<supplied reason="damage" resp="KP">ta</supplied> sorten arbetshjul hela kärran bor<supplied reason="damage" resp="KP">de</supplied> vara värdt 40 <choice><abbr>rub.</abbr><expan resp="EK">rubel</expan></choice> Gud vare hos dig min skatt. mer här näst i från</p> 
      <closer>
      <signed>din mam<supplied reason="damage" resp="KP">ma</supplied></signed>
      </closer> 
      </div> 
    </body>
  </text>
</TEI>