<?xml version='1.0' encoding='UTF-8'?><TEI xmlns:xsi="http://www.w3.org/2001/XMLSchema-instance" xmlns="http://www.tei-c.org/ns/1.0" xsi:schemaLocation="http://www.tei-c.org/ns/1.0 file:/T:/Instruktioner,%20manualer,%20scheman/TEI-scheman%20(AM)/tei_brevschema.xsd">
  <teiHeader>
    <fileDesc>  
      <titleStmt>
        <title>Br1617</title>
        <respStmt>
          <resp>Ansvarig redaktör:</resp>
          <name>Laura Mattsson</name>
        </respStmt>
      </titleStmt>
      <publicationStmt>
        <publisher>Zacharias Topelius Skrifter</publisher>
      </publicationStmt>
      <sourceDesc>
        <p>Arkivsignum: se databas</p>
      </sourceDesc>
    </fileDesc>
    <profileDesc>
      <handNotes>
        <handNote medium="black-ink"/>
      </handNotes>
    </profileDesc>
  </teiHeader>
  <text>
    <body xml:space="preserve">
      <!-- – ” ’ æ ½ -->
      <div type="letter">
        <opener>
          <dateline><placeName corresp="pl2561">Wasa</placeName> d. 7. Dec.</dateline>
          <salute>Kära barn.</salute>
        </opener>
        <p rend="noIndent">Som ni ser är jag nu i <placeName corresp="pl2561">Wasa</placeName> och det ren öfver veckan, jag fick förra <subst>Tis</subst>dags bref i från <persName corresp="pe262">Sophie</persName> att hon hade små före bud till sin resa i anledning af ett litet fall och hon önskade så mycket att jag skulle komma hit, jag reste <subst><del>Ti</del><add>On</add></subst>sdags morgon d. 28 och kom hit kl. 6. på afton och fann <persName corresp="pe262">Sophie</persName> i sin säng med en liten <rs corresp="pe554">flicka</rs> på armen som blifvit född samma morgon Kl. 6. och ren höll på och födde sig raskt ehuru liten och spåd hon var hon vägde ej fullt <anchor xml:id="start23860"/>8. ℔<anchor xml:id="end23860"/><!--skålpund--> hon kom tre eller fyra veckor för tidigt snäll och tyst är hon och <persName corresp="pe262">Sophie</persName> ligger i dag på täcket <persName corresp="pe54">Schalin</persName> skulle skrifva till er med förra posten äfven så i dag men han får ingen fred <anchor xml:id="start23858"/>spanmåls upbörd har de<anchor xml:id="end23858"/> och hvarenda dag bara dop och sjuk besök nu är han och borta på ett sådant<pb/> ingen dag sen jag kom hit som han ej haft flere för rättningar nog har han bra mycket arbete men det skadar intet för en ung man då det ej är ett jemt stilla sittande som för dig kära <persName corresp="pe614">Zacke</persName> <persName corresp="pe262">Sophie</persName> ber så hjertligt hälsa och önskar bara att det må gå lika bra för <persName corresp="pe10">Emelie</persName> <foreign xml:lang="fin"><anchor xml:id="start23856"/>rukka<anchor xml:id="end23856"/></foreign>.</p>
        <p>och så ber de hälsa <persName corresp="pe140">moster Augusta</persName> och <persName corresp="pe162">Sophie Leopold</persName> dem <persName corresp="pe10">Emelie</persName> är god och underrättar om händelsen de brukar ej låta trycka kort detta folket de bara skickar bud till sina vänner. den lilla är redan döpt och heter <persName corresp="pe554">Johanna</persName> faddrarna var <persName corresp="pe2059">Pastor Kullman</persName> med <rs corresp="pe5587">Fru</rs> <persName corresp="pe7126" correspUncert="Y">Durch<unclear reason="endline" resp="MD">man</unclear></persName> med <rs corresp="pe7194" correspUncert="Y">Fru</rs> <persName corresp="pe7195">Revell</persName> med Fru <persName corresp="pe7985">Mamsell Gyllenberg  </persName> och en bok hållare jag mins ej hvad han hette, för öfrigt var ej flere främmande än <persName corresp="pe2060">Assesorskan Stenhagen</persName> <persName corresp="pe4540">Mamsell Tingelund</persName> och par Herrar.</p>
        <pb/>
        <p>Dagen för än jag for hem i från reste <persName corresp="pe527">mamma Lindqvist</persName> till <placeName corresp="pl269">GCarle</placeName> <anchor xml:id="start23862"/>men hon kom till ett bedröfvat hus<anchor xml:id="end23862"/> jag hör att <rs corresp="pe6842">Bömens gossar</rs> i morgon skall resa hem till begrafningen. Jag dröjer här ännu en vecka och tar då <persName corresp="pe521">Gustaf</persName> hem med mig, jag tycker att han har <anchor xml:id="start23863"/>hygat sig<anchor xml:id="end23863"/> åtminstone blifvit mera putsad och mån om sin klädsel nöjda är de med honom också. bara vi nu hade råd att låta honom fortsätta nog är det tror jag enda vägen för honom där han mer får nyttja sitt hufvud än armar och ben Kära Zache på minn nu <persName corresp="pe2064">and. Helander</persName> om slädfällen att den kommer med jul studenter.</p>
        <p>hur mår mina små pullor säkert har jag bref från er där hem jag längtar efter resande aldrig har jag hört ett ord där i från <persName corresp="pe553">Wille</persName> vill så mycket tala om <persName corresp="pe11">Aina</persName> hur hon gör och hvad hon säger han pratar mycket och är en klok gosse han är min säng kamrat ligger snällt<pb/> stilla första natten vaknade han och kände på mig och frågade heter du mamma eller heter du mormor. nå <persName corresp="pe11">Aina</persName> pian rätt nu kommer Jul med julträd och julgubbe skall det ej bli roligt? Farmor ville så gärna vara med er här vill de nog ha mig öfver Jul men det blir för länge att vara hem i från. i Söndags 1. adv. var jag i kyrkan där var ljus och två prester i skrud på altaret efter predikans slut sjöng skolgossarna Hosianna med den vackra orgeln så var det ganska vackert. Hälsa från mig äfven till <persName corresp="pe140">Augusta</persName> och hennes barn nu är väl <persName corresp="pe317">Carl</persName> hem hos sin mamma hälsa <persName corresp="pe162">Sophie</persName> och <persName corresp="pe24">Fanny</persName> och mina små kära gryn <persName corresp="pe11">Aina</persName> och <persName corresp="pe12">Micha</persName> gossen lilla pian här tycker jag i bland har starkt tycke af <persName corresp="pe11">Aina</persName> ingen likhet alls med <persName corresp="pe553">Wille</persName>.</p>
        <p>Gud vare med er. när jag kommer hem skall jag väl genast skrifva.</p>
        <closer/>
      </div>
    </body>
  </text>
</TEI>