<?xml version='1.0' encoding='UTF-8'?><TEI xmlns:xsi="http://www.w3.org/2001/XMLSchema-instance" xmlns="http://www.tei-c.org/ns/1.0" xsi:schemaLocation="http://www.tei-c.org/ns/1.0 file:/T:/Instruktioner,%20manualer,%20scheman/TEI-scheman%20(AM)/tei_brevschema.xsd">
  <teiHeader>
    <fileDesc>
      <titleStmt>
        <title>Br1573</title>
        <respStmt>
          <resp>Ansvarig redaktör:</resp>
          <name>Laura Mattsson</name>
        </respStmt>
      </titleStmt>
      <publicationStmt>
        <publisher>Zacharias Topelius Skrifter</publisher>
      </publicationStmt>
      <sourceDesc>
        <p>Arkivsignum: se databas</p>
      </sourceDesc>
    </fileDesc>
    <profileDesc>
      <handNotes>
        <handNote medium="black-ink"/>
      </handNotes>
    </profileDesc>
  </teiHeader>
  <text>
    <body xml:space="preserve">
      <!-- – ” ’ æ ½ -->
      <div type="letter">
        <opener>
          <dateline><placeName corresp="pl963">Kudnäs</placeName> d. 19. Nov.</dateline>
          <salute>Egen gosse.</salute>
        </opener>
        <p rend="noIndent">hvad du nu tittat efter bref gissar jag redan par postdar men vi ville invänta dit bref, <persName corresp="pe262">Sophie</persName> stackare hade en sådan längtan där efter jag borde ej kalla dessa dagar sorgsna men glada äro de ej. förra veckan var <persName corresp="pe262">Sophie</persName> tämmeligen glad och treflig men i Måndags kom <persName corresp="pe513">Sophie Fonselius</persName> hit och ville ha henne <anchor xml:id="start17014"/>till <persName corresp="pe800">Malmberg</persName> dit de nu alla springer<anchor xml:id="end17014"/> men de hade då kommit öfverens om en annan dag men ännu har jag ej tillåtit det intet är jag rädd för <persName corresp="pe800">Malmberg</persName> och jag har nästan funderat at följa henne dit sjelf <persName corresp="pe513">Sophie Fonsel</persName> är jag mer rädd för du vet hur öfverdrifven de är klok är hon ock t. ex. hon skrämde intet <persName corresp="pe262">Sophie</persName> pålade henne inga upofringar utan hänviste henne till sitt samvete och uprepade hvad hon sjelf tänkt och gjort – och det verkar nog i sinom tid <unclear reason="damage" resp="HK">.</unclear></p>
        <p>dagen efter kom <persName corresp="pe36">Collander</persName> intet till oss utan till <persName corresp="pe29">Fru Backman</persName> och skickade bud efter <persName corresp="pe262">Sophie</persName> där höll han tal för <persName corresp="pe29">Emelie</persName> och henne och ville att <persName corresp="pe800">Malmberg</persName> skulle få komma till dem <persName corresp="pe262">Sophie</persName> hade stark snufva och hon skulle genast bli bra bara hon fick tala med <persName corresp="pe800">Malmberg</persName> och <persName corresp="pe29">Emelie</persName> skulle nog bli frisk <persName corresp="pe2291">Fru Backman</persName> lär nog disputerat med honom men jag ville ej gå dit kanske jag blifvit ifrig och det ville jag ej ty då hade de vist predikat därom i kyrkan <persName corresp="pe36">Collander</persName> han går på med alla menniskjor men <persName corresp="pe262">Sophie</persName> tror ej at han kan lyckas. hos <persName corresp="pe967">Lithens</persName> håller han i hop med dem och <persName corresp="pe37">Albert</persName> är så stött där öfver. <persName corresp="pe243">Nordgren</persName> blir sträng predikant <persName corresp="pe513">S. Fonselius</persName> at hon aldrig kunnat tro honom ha mod at säga så sanningen och att det gladde henne hjerteligen at han predikade så väl hon tyckte så mycket därom jag var och i kyrk<supplied reason="damage" resp="KP">an</supplied> han talte om förödelsens stygelse först i verdligt afseende och hvarföre Frälsaren sade ve om dem som hafvande är och som di gifva och sen om förödelsens styggelse i andeligt som är djefvulen verlden och synden. företalet var om <persName corresp="my162">Loths</persName> flygt ur <placeName corresp="pl4882">Sodom</placeName> alt ganska Bibliskt och vackert at jag och fattig synderska fann mig så väl däraf. men sen säger han at hans predikan blott var för de om vända men ej för sådana som går i kyrkan för at andra går dit och för at visa sig och liksom ville de säga ser ni at jag brukar också gå i kyrkan m. m – sen kom då en förmaning till de som var stadd på bättringsvägen at säga till fader moder broder och syster gack bort i från mig jag känner eder icke och till slut blef det om Helvetes eldbrender men jag mins ej hur. så jag gick gudnås med sämre känslor i från kyrkan än dit <persName corresp="pe262">Sophie</persName> mådde illa hon var ej där. <persName corresp="pe513">S. Fons.</persName> sade att <persName corresp="pe36">Collanders</persName> gudsfruktan är så ren och at han är <persName corresp="pe800">Malmbergs</persName> gullöga. och jag tror at om han kunde ville han äfven vara <persName corresp="pe800">Malmbergs</persName> guldgrufva nog lär han bjuda till. ja hvad andra är det angår mig intet men jag är så rädd at de vänder mit barns kärlek ifrån mig och jag får höra gack i från mig, m. m.<pb/> denna tid har vi lefvat så för oss sjelfva sen du for har jag ej en gång varit hos <persName corresp="pe967">Lithens</persName> blott hos <persName corresp="pe2227">Lindqvistens</persName> en gång. du må tro nu är alla <anchor xml:id="start38430"/>rädd för<anchor xml:id="end38430"/> sina flickor sen <persName corresp="pe262">Sophie</persName> blifvit så där <persName corresp="pe2291">Fru Backman</persName> som går ut säger at det är et allmänt talämne somliga har rådt mig at bums resa bort med henne. en längtan har hon och at komma på deras så kallade samman komster som är nästan dageligen <gap reason="inksmudge" extent="1" unit="words"/> i synnerhet söndagarna och så far de på bondbröllop och graföl objudna detta vet jag ej om jag tillåter ty då tror jag at hon är med ens i från alt annat umgänge. <anchor xml:id="start17015"/>ännu <subst>h</subst>ar hon ej yttrat nån önskan hvad klädsel beträffar.<anchor xml:id="end17015"/> <persName corresp="pe196">August Essen</persName> lär vara vankelmodig och hans hälsa klen <persName corresp="pe800">Malmberg</persName> har rådt honom at fara till <placeName corresp="pl788">Keppos</placeName> och såga ved sade <persName corresp="pe36">Collander</persName>. <persName corresp="pe401">Calle Engström</persName> har och nu blifvit sådan också sade <persName corresp="pe36">Collander</persName> at han sett bref i från <persName corresp="pe204">Alfred</persName> till <persName corresp="pe243">Nordgren</persName> at ock han är Pietist du har aldrig nämt därom hvad uppe håller han sig med äter han ännu hos <persName corresp="pe798">Rosenkampffs</persName> hvad säger <rs corresp="pe139">Baron</rs> och <persName corresp="pe324">jeana</persName></p>
        <p>Söndag. <persName corresp="pe262">Sophie</persName> for till kyrkan jag ville at hon skulle som vanligt ta sin boa kring halsen för värmen men <persName corresp="pe513">S. F.</persName> hade sagt at det har ryst på henne då hon sett ormen om hennes hals och på det sättet skall det gå småningom <persName corresp="pe3933">Marie Bäck</persName> som ville vara så fin går nu med blå halsduk på hufvud som de andra och varit till <placeName corresp="pl574">Jacobstad</placeName> för at sälja sina kläder. nu skall du på alt detta inte svara mig och ej heller tala om det med någon ty jag vill ej komma i sqaller utan detta bref skall du genast kasta i elden glöm ej det intet hos <persName corresp="pe798">Rosenk.</persName> ej med <persName corresp="pe204">Alfred</persName> eller <persName corresp="pe33">Blank</persName> eller dina pietiska vänner skall du nämna et ord om hvad jag skrifvit ej heller skrifva till <persName corresp="pe262">Sophie</persName> därom du skref ej hvad <persName corresp="pe148">Sten<supplied reason="damage" resp="KP">bäc</supplied>k</persName> och <persName corresp="pe2827">Ingman</persName> sade – – <anchor xml:id="start19514"/>nu till annat det gick ej så lätt för <persName corresp="pe59">Tu<supplied reason="damage" resp="KP">rd</supplied>in</persName> at få Lifs assuransen det var misstag af dig at säga at brefve<supplied reason="damage" resp="KP">t</supplied> vunnit laga kraft det var blott anmält på Rådhuset och afskrifter skickade till arfvingarna som protesterat däremot och Lagen skall nu afgöra hvem dett till hör nog är det troligt at den går till delnings ledsamma upträden har ibland varit i anledning däraf emellan <persName corresp="pe2291">Fr B.</persName> och <persName corresp="pe59">G.</persName> ingen behållning säger <persName corresp="pe2291">Fru B.</persName> at det blir i boet ty de befarar at den uplagda tjäran i <placeName corresp="pl1100">köpenhamn</placeName> skall betala sig dåligt men räcker till gör det och det är ren bra.<anchor xml:id="end19514"/> deras rum är så nätta och trefliga at alla som kommer dit förundrar sig, och varma tyckes de och bli. men så låter det ej med dina rum efter det går mycket ved Gud bevare blott er hälsa kalla och fucktiga rum är farliga. <persName corresp="pe3352">Lundmarks</persName> skall ha två rum med eldning och uppassning för 15 rub i mån ej mer än ni betalar för blotta rummen. vet du någodt hvad de lefver med stackars folk <persName corresp="pe494">Fru Dovner</persName> är så bekymrade för dem hon vet ingen ting om de har nån inkomst eller ej. <anchor xml:id="start17017"/>hvarför skref du till <persName corresp="pe412">Almqvist<anchor xml:id="end17017"/></persName> <persName corresp="pe262">Sophie</persName> runkade på hufvudet och tyckte ej om det. Ja led har jag varit på <anchor xml:id="start17018"/>varg i veum<anchor xml:id="end17018"/> och hela smörjan nu har jag ej sett någodt öfver korsat kan ske paroxysmen gått om nu låt Gubben vara i fred skrif ingenting som angår honom. jag tycker at ni ej borde ha så brodtom med <anchor xml:id="start35935"/>anmälan<anchor xml:id="end35935"/> innan grälet hinner glömmas. så du är så nådigt ansedd af förnämt folk det förundrar mig at <persName corresp="pe202">Fru Grönlund</persName> orkar med verlden är hon nu frisk hon behöfde <persName corresp="pe800">Malmberg</persName> bäst. fortfar nu och skrif om alting jag behöfver nog skingring för mina tankar hälsa <persName corresp="pe19">Oscar</persName>. efter hvad jag hört om <persName corresp="pe19">Oscars</persName> resonement med <persName corresp="pe4939">Herrman</persName> så är ju den stackarn utan all religjon bi bringas de dem ej i skolan det minsta</p>
      </div>
    </body>
  </text>
</TEI>