<?xml version='1.0' encoding='UTF-8'?><TEI xmlns:xsi="http://www.w3.org/2001/XMLSchema-instance" xmlns="http://www.tei-c.org/ns/1.0" xsi:schemaLocation="http://www.tei-c.org/ns/1.0 file:/T:/Instruktioner,%20manualer,%20scheman/TEI-scheman%20(AM)/tei_brevschema.xsd">
  <teiHeader>
    <fileDesc>
      <titleStmt>
        <title>Br1605</title>
        <respStmt>
          <resp>Ansvarig redaktör:</resp>
          <name>Laura Mattsson</name>
        </respStmt>
      </titleStmt>
      <publicationStmt>
        <publisher>Zacharias Topelius Skrifter</publisher>
      </publicationStmt>
      <sourceDesc>
        <p>Arkivsignum: se databas</p>
      </sourceDesc>
    </fileDesc>
    <profileDesc>
      <handNotes>
        <handNote medium="brown-ink"/>
      </handNotes>
    </profileDesc>
  </teiHeader>
  <text>
    <body xml:space="preserve">
      <!-- – ” ’ æ ½ -->
      <div type="letter">
        <opener>
          <dateline><placeName corresp="pl963">Kudnäs</placeName> d. 26. Dec.</dateline>
          <salute>Goda <persName corresp="pe614">Zache</persName>.</salute>
        </opener>
        <p rend="noIndent">Nu är Julen förbi och året med när detta kommer i dina händer, Gud låte dett då ingångna nya år medföra åt dig sysla och hälsa och hvad dig nyttigt är om just ej alt hvad vi önskar. Julafton var vi hos <persName corresp="pe967">Lithens</persName> julklapper var där en hop fast där var ingen annan främmande än vi och bror <persName corresp="pe59">Gustaf</persName>. Tack för din julklapp den är mig nyttigast. Sen fick jag en Mössa från <persName corresp="pe7183">Falks</persName> och en af <persName corresp="pe262">Sophie</persName> en <anchor xml:id="start22147"/>klumpdyna<anchor xml:id="end22147"/> af <persName corresp="pe323">Fanny</persName> handskar af <persName corresp="pe300">Thilda</persName> Nyckelskåp och en krage af <persName corresp="pe10">Emelie</persName> <persName corresp="pe262">Sophie</persName> fick och en hop små saker äfven så <persName corresp="pe323">Fanny</persName> men <persName corresp="pe300">Thilda</persName> var mycket ledsen at hon ej fick boken nog hade <persName corresp="pe7186">gossarna Kerrman</persName> tagit den om du bett dem därom <persName corresp="pe656">Borgstr.</persName> paket var ej mycket mindre som en främmande tog aldrig lär väl hon be dig om nån Comision mer då du både i fjol och i år just lämnar hennes<pb/> och Gubben <persName corresp="pe49">Lithens</persName> som jag bad dig om den glömde du vist hur skall du nu få skicka <persName corresp="pe300">Thildas</persName> det lär väl ingen så hastigt resa <persName corresp="pe262">Sophie</persName> fick af <persName corresp="pe300">Thilda</persName> en bok som kostade 5 <choice><abbr>rub.</abbr><expan resp="EK">rubel</expan></choice> intet skall du köpa <persName corresp="pe262">Sophie</persName> nån bok det är svårt at hitta på rätt men vill du ge henne någodt när du kommer hem eller förr så passar e<subst><del>tt</del><add>n</add></subst> väfspännare eller så kallat spännträ af jern med skruf de fins vist i Fisskars magazin. <persName corresp="pe3444">flickorna Lindqvist</persName> var här i går och förfråga sig om julklapperna jag vet ej vist men jag sade att gossarnas böcker var från <persName corresp="pe656">Borgströms</persName> men kanske de var i från dig.</p>
        <p>jag längtar nu så att få underrättelse från <persName corresp="pe140">Augusta</persName>, dett vore hårdt om <persName corresp="pe139">Rosenkampff</persName> ej skulle ge <persName corresp="pe59">Gustaf</persName> nån post <anchor xml:id="start22149"/>när så mycket folk kan användas<anchor xml:id="end22149"/> <persName corresp="pe140">Augusta</persName> tycks tvifla där på åtminstone har han ej svarat på <persName corresp="pe59">Gustafs</persName> bref om du kunde väcka fråga därom och tala godt för honom du är litet skyldig därtill då du först<pb/> gifvit <persName corresp="pe59">Gustaf</persName> hopp därom det vore nu att försöka hjelpa honom vill han då ej sjelf är det en annan sak <persName corresp="pe140">Augusta</persName> säger att hon har svårt at be <persName corresp="pe139">Rosenkampff</persName> därom då han är så missnöjd med <persName corresp="pe59">Gustaf</persName>, men gör du et försök jag tycker <anchor xml:id="start22148"/>det är så ynkligt med honom unga karlen skall gå dagdrifvare<anchor xml:id="end22148"/>. I går afton var <persName corresp="pe967">Lithens</persName> och <persName corresp="pe7183">Falks</persName> hos oss, <title corresp="tw1616"><anchor xml:id="start38455"/>poetiska kalend.<anchor xml:id="end38455"/></title> gaf jag åt <persName corresp="pe300">Thilda</persName> intet för det at hon bryr sig om poesi men jag sade att du skickat den och så skref jag på vaggvisor. hur skall det vara nästa jul? denna frågan kommer så ofta för mig.</p>
        <p><title corresp="tw1518"><anchor xml:id="start38454"/>Saima</title> har nu satt ut en dålig prenumerant krok ett nedsättande af sämsta sort af era blad vatt välling och dylikt<anchor xml:id="end38454"/> <persName corresp="pe65">Berndtson</persName> lär <anchor xml:id="start22150"/>ej heller vara i lag<anchor xml:id="end22150"/> få se om ej <title corresp="tw254">Åbo underr.</title> nu blir den lyckliga åtminstone näms den ej bland de dåliga och den hjelper ju <title corresp="tw1518">Saima</title> litet at gå åt dig måtte du snart få nån bättre föd krok. <persName corresp="pe262">Sophie</persName> är i dag till <placeName corresp="pl1393">Munsala</placeName> hon<pb/> bad hälsa dig hon fick och en julklapp från <persName corresp="pe7183">Falks</persName> en alabaster pjes med frälsarns bild <anchor xml:id="start22151"/>hon har varit där inne med mig några gånger ofta umgås vi ej<anchor xml:id="end22151"/>.</p>
        <p>hälsa mycket till <persName corresp="pe798">Rosenkampffs</persName> i från oss. Gud ge dig godt kära barn och bevare dig i från alla onda frestelser i det är på en farlig ort. lef väl och kom mycket ofta i håg din</p>
        <closer>
          <signed>Mamma.</signed>
        </closer>
      </div>
    </body>
  </text>
</TEI>