<?xml version='1.0' encoding='UTF-8'?><TEI xmlns:xsi="http://www.w3.org/2001/XMLSchema-instance" xmlns="http://www.tei-c.org/ns/1.0" xsi:schemaLocation="http://www.tei-c.org/ns/1.0 file:/T:/Instruktioner,%20manualer,%20scheman/TEI-scheman%20(AM)/tei_brevschema.xsd">
  <teiHeader>
    <fileDesc>
      <titleStmt>
        <title>Br1578</title>
        <respStmt>
          <resp>Ansvarig redaktör:</resp>
          <name>Laura Mattsson</name>
        </respStmt>
      </titleStmt>
      <publicationStmt>
        <publisher>Zacharias Topelius Skrifter</publisher>
      </publicationStmt>
      <sourceDesc>
        <p>Arkivsignum: se databas</p>
      </sourceDesc>
    </fileDesc>
    <profileDesc>
      <handNotes>
        <handNote medium="black-ink"/>
      </handNotes>
    </profileDesc>
  </teiHeader>
  <text>
    <body xml:space="preserve">
      <!-- – ” ’ æ ½ -->
      <div type="letter">
        <opener>
          <dateline><placeName corresp="pl963">Kudnäs</placeName> d. 29. Dec.</dateline>
          <salute>Min egen käraste gosse.</salute>
        </opener>
        <p rend="noIndent">Jag ämnade väl ej skrifva förän på nya året, men vid nogare efter sinnande at detta kommer till dig först nästa år också och våra goda önskningar eljest bli helt gamla, så beslöt jag at genast afskicka dem. gamla året lider till slut måtte det nya medföra välsignelse och frid åt oss. jag befarar at du är på et stornigt haf i dessa oroliga tider Gud vare din styrman kära barn at du ej strandar på orätt strand. <anchor xml:id="start17064"/>jag är rädd at du kommer i många tvister och gräl genom den otäcka <persName corresp="pe223">Collan</persName> men du har och gifvit anledning i bland och dett skall du i år låta bli<anchor xml:id="end17064"/> hans artigheter till ock med innehåller altid någodt brevid t. ex. <anchor xml:id="start21833"/>utom hans gräl med <persName corresp="pe222">Gbl</persName> hade aldrig du fått tidn.<anchor xml:id="end21833"/> – och sen när han uprepade prenumeranterna ville han visa at hans stigit och era fallit – men låt se at du ej bryr dig om honom och ej uptar alt strunt annars blir det aldrig slut. nu tyckes och <title corresp="tw1800">Borgå tid.</title> söka sak med dig <subst>l</subst>åts ej märka det men var sjelf upmärksam och ordentlig at du ej ger hugg på dig de lurar nog efter det var säker därom. <persName corresp="pe148"><anchor xml:id="start19597"/>Stenbäcks</persName> upsats var bra skarp. <persName corresp="pe223">Collan</persName> hade et godt kryp hål at försvara sig med.<anchor xml:id="end19597"/> få se nu till hvem af er <persName corresp="pe203">Snellman</persName> börjar hålla sig enligt hans tänkesätt passar han väl bättre för <persName corresp="pe223">Collan</persName> än dig. det var trefligt at träffa <persName corresp="pe525">Ingman</persName> <persName corresp="pe262">Sophie</persName> var så belåten må du tro knapt hade han kommit hit om vi ej bett <persName corresp="pe204">Alfred</persName> föra hit honom det var dagen före julafton. den tillbringade de hos <persName corresp="pe800">Malmberg</persName>. Juldagen bad jag dem till Middagen.<pb/> andra dagen lär han rest <persName corresp="pe204">Alfred</persName> går ofta här <persName corresp="pe262">Sophie</persName> är glad at ha någon at tala med om sitt angelägnaste hon är nu ansedd öfver alt som pietist men har ej än alt för mycket skiljt sig i från andra i går var vi hos <persName corresp="pe792">Hammarins</persName> och i förrgår hos <persName corresp="pe4492">Bergers</persName>. ingen sammankomst har hon bevistat af det skäl at inga har nu varit dessa sednare veckor men nog vet jag at hon är med när det blir. med <persName corresp="pe527">Fru Lindqvist</persName> talte jag om pietismen hon sade sig ingenting läst därom intet engång det som stått på tidn. – det kan man kalla at ej vilja veta någodt därom. emedlertid har de gifvit sina flikor nya testamentet till jul klapp. tack kära barn för julklapparna jag tycker du skall blifvit pank eller i skuld mindre har och dugat tack emedlertid min gosse sjaln har jag redan begagnat på mina visiter at den är mig kär då den kom från dig det vet du. <persName corresp="pe10">Emelie</persName> hade sin brosche i går hon var här juldagen som hastigast och då jag kom in gret båda flickorna i hvarandras famn.. mina julklappar bestod af hvitt siden till hatt en <anchor xml:id="start38593"/>negligeé<anchor xml:id="end38593"/> och en krage och toflor. åt <persName corresp="pe262">Sophie</persName> gaf jag en mörk sjal och en brun siden vinter hatt men du må tro at detta alt var så onödigt hon behöfde det intet als om julmorgon tog hon ändå hatten på sig i kyrkan<pb/> men sade sig haft ondt af den at den stört hennes andackt då hon viste at at de andra skulle se på hennes nya hatt jag bjöd då till at <del>se</del> visa henne at ingen gudsfrucktan låg i det at se ruskig ut eller om de gillar eller ogilllar hatten är du ej bättre eller sämre för det. andra dagen tog hon hatten på och sade ingenting sedan frågade jag hur den bekom. aldrig kom jag i håg den sade hon. af <persName corresp="pe2291">Fru Backman</persName> fick hon en stor svart siden duk som var så välkommen af <persName corresp="pe29">Emelie</persName> en hår ring synålar handskar och hvad det var för smått. vi åt julafton hos <persName corresp="pe2291">Fru Backman</persName>. <persName corresp="pe323">Fanny</persName> fick en hel mängd småsaker <persName corresp="pe262">Sophie</persName> sydde en <anchor xml:id="start17067"/>pall<anchor xml:id="end17067"/> åt <persName corresp="pe29">Emelie</persName> med en katt uppå en krage åt <persName corresp="pe2291">Fru Backman</persName> en blyhartspenn åt <persName corresp="pe4939">Herrman</persName> <persName corresp="pe344">Marie Hammarin</persName> gaf och julklapp en pall åt <persName corresp="pe2291">Fru B.</persName> en broderad sykorg åt <persName corresp="pe29">Emelie</persName> och et bokmärke åt <persName corresp="pe4939">Herman</persName> båda juldagarna var vi hemma det vill säga ömsom hos oss och på andra sidan då andra gick på bal kom gubben <persName corresp="pe49">Lithen</persName> och <persName corresp="pe366">Rosalie</persName> hit nog ser det ut som detta vore Gubbens sista jul han är bra skral. <persName corresp="pe366">Rosalie</persName> lär och snart bryta med verlden många lär här vara som ville men törs ej. <anchor xml:id="start19525"/>få se om här svalnar sen <persName corresp="pe800">Malmberg</persName> far bort<anchor xml:id="end19525"/> – han predikar sista gången om nyårsdagen få se hur man får rum i kyrkan <persName corresp="pe243">Nordgren</persName> efterträder väl honom så godt han kan.</p>
        <pb/>
        <p><persName corresp="pe29">Emelie Turdin</persName> nemligen hon är sig lik juldagen var hon inne hos oss till middagen och i dag skall hon försöka åka ut litet <anchor xml:id="start19526"/>barnena var så glada öfver sitt julträd<anchor xml:id="end19526"/> och sina julklapper alla hälsar dig. nyårsdagen väntar vi med all säkerhet bref i från dig. måtte nu detta träffa dig frisk och glad min gosse och det kommande året bli för dig gladt och fröjde fullt i alla afseende andeliga och lekamliga, du som ännu ej försmår denna verldens goda. (intet för det at jag tror <persName corresp="pe800">Malmberg</persName> heller gör det ty där har varit mycket julklapper och julträn.) hälsa <persName corresp="pe798">Rosenkampffs</persName> <unclear reason="inksmudge" resp="MD">strax</unclear> efter nyåret skall jag väl skrifva till <persName corresp="pe140">Augusta</persName>. <rs corresp="pe139">Baron</rs> skref till mig at pengar skulle skickas till mig för sängen i från <placeName corresp="pl2133">Sonnäs</placeName> i början af Dec, men inga har ännu kommit. intet skall du påminna därom men skulle de fråga om jag nämt därom kan du säga det bara de ej bortkommit på vägen eljest är det ej brodtom. Gud vare med dig min älskling och beskydde och lede dig på en god väg det önskar din egen kära</p>
        <closer>
          <signed>
            <hi rend="underline">Mamma</hi>
          </signed>
        </closer>
      </div>
    </body>
  </text>
</TEI>