<?xml version='1.0' encoding='UTF-8'?><TEI xmlns:xsi="http://www.w3.org/2001/XMLSchema-instance" xmlns="http://www.tei-c.org/ns/1.0" xsi:schemaLocation="http://www.tei-c.org/ns/1.0 file:/T:/Instruktioner,%20manualer,%20scheman/TEI-scheman%20(AM)/tei_brevschema.xsd">
  <teiHeader>
    <fileDesc>
      <titleStmt>
        <title>Br1551</title>
        <respStmt>
          <resp>Ansvarig redaktör:</resp>
          <name>Laura Mattsson</name>
        </respStmt>
      </titleStmt>
      <publicationStmt>
        <publisher>Zacharias Topelius Skrifter</publisher>
      </publicationStmt>
      <sourceDesc>
        <p>Arkivsignum: se databas</p>
      </sourceDesc>
    </fileDesc>
    <profileDesc>
      <handNotes>
        <handNote medium="brown-ink"/>
      </handNotes>
    </profileDesc>
  </teiHeader>
  <text>
    <body xml:space="preserve">
      <!-- – ” ’ æ ½ -->
      <div type="letter">
        <opener>
          <dateline><placeName corresp="pl963">Kudniss</placeName> d. 29. Aprill.</dateline>
          <salute><choice><abbr>M. K.</abbr><expan resp="EK">Min kära</expan></choice> <persName corresp="pe614">Zache</persName>.</salute>
        </opener>
        <p rend="noIndent">Nå här sänder jag dig nu ändteligen <anchor xml:id="start32953"/>en större summa<anchor xml:id="end32953"/> du ser hvar i från den är tagen men jag skulle önska at den räckte till några af mina behof äfven. 2 exemplar af noter efter med följande upsats och en svensk gramatik, en grön <anchor xml:id="start13267"/>flors hufva<anchor xml:id="end13267"/> åt <persName corresp="pe262">Sophie</persName>, af billigare sort och litet <anchor xml:id="start19461"/>the till moror<anchor xml:id="end19461"/> åt mig och om sen möjligt vore Brandförsäkrings inbetalningen. Men kära barn hur tänker du med <anchor xml:id="start13968"/>promotions drägten<anchor xml:id="end13968"/> bestyr om den saken för än du kommer hem nödvändigt och det säger jag bestämt at du ej får komma med nån snuskig lånt frack som kanske ej engång passar utan förr skall du köpa nytt. jag såg på tidn. at en student frack var till salu hos en <persName corresp="pe429">Mamsell A<unclear reason="writing" resp="EK">ll</unclear>én</persName> eller någodt dylikt namn hör åt men som jag sagt intet <anchor xml:id="start19462"/>råsk<anchor xml:id="end19462"/> jag vill du skall på din hedersdag vara hederligt klädd också skjut ej opp at bestyra om denna sak då får du på pelsen när du kommer hem hur tänker du med hemresan osäkert om ångfartyget kommer så tidigt till <placeName corresp="pl2735">Åbo</placeName> och <anchor xml:id="start13969"/>dessutom är det ej trefligt på sjön så tidigt det har du sjelf sett.<anchor xml:id="end13969"/> men gör som du vill ehuru jag då får dig hem nån vecka sednare så skall jag väl ha tålamod. jag kommer ännu till din uniform kommer du at köpa någon eller låta göra så får du anlita <rs corresp="pe139"><subst>Morb</subst>ror</rs> om medel – kan du slippa så mycket bättre. vet du att Gubben <persName corresp="pe247">Berger</persName> blifvit Enkling <persName corresp="pe4022">Fru Berger</persName> dog d. 27. torsdags afton kom hon hem kl. 9. lade sig frisk och fick slag, at Kl. 11 kunde hon ej tala utan låg blott i en slummer till måndag då hon hon somnade i den långa sömnen. <persName corresp="pe247">Berger</persName> är mycket bedröfvad det är naturligt, de har lefvat mycket väl till<pb/> och i et oinskränkt förtroende nog saknar han henne längre än Enklings sorgen plär vara. här dör mycket folk rika <persName corresp="pe7161">Vik Eric</persName> är och död nästan i fattigdom. att <persName corresp="pe7162">Läns man Polviander</persName> är död har du väl hört och efter lämnat 250,000 <choice><abbr>Rd.</abbr><expan resp="EK">Riksdaler</expan></choice> men kanske du ej hört at <persName corresp="pe4585"><anchor xml:id="start21623"/>Bastman</persName> ämnar anmäla sig som närmaste arvinge<anchor xml:id="end21623"/> han skall vara Cousin och systersonen som är utnämd skall vara oäckta, och intet skriftligt testamente finnas om detta är sant vet jag ej men så har jag hört berättas skulle det ej falla i värdiga händer? i år ser det ut som vi skulle få tidig sommar <anchor xml:id="start19463"/>isen har aldeles obemärkt passerat<anchor xml:id="end19463"/> och fisk fins redan i två veckor. ännu har ej <persName corresp="pe207">Lundmark</persName> kommit hvad gör han så länge? här var utlyst auction på den lilla lös egendom som de har, tills i går, men jag vet ej om den gick för sig då han ej var hem. tack för dit bref. nog vet jag at du ej vill göra mig bekymmer, men din fram tida bana skall ej bestämmas efter den minsta Kostnad, utan efter din egen böjelse och du afgör väl ingen ting innan du kommer hem. Ty med Guds hjelp skall väl det du kostar bära hundra falt fruckt. <persName corresp="pe262">Sophie</persName> får du väl hålla skadeslös om hon behöfver, för hvad hon därigenom förlorar och kom ihåg hvad jag altid sagt dig <anchor xml:id="start21622"/>om intet förordnande finnes vid min död at <subst><del>d</del><add>ni</add></subst> delar lika<anchor xml:id="end21622"/> det lilla vi har men med Guds hjelp får vi väl tala mundtligt om sådant, men då det går som med <persName corresp="pe4022">Fru Berger</persName> så är det bäst at tänka förut på sitt hus. Gud vare med dig kära barn och låte för dig alt väl gå som är till dit sanna väl <!--brevet fortsätter i vänstra marginalen på sid. 2--><seg rend="place_leftMargin">Hälsa <persName corresp="pe33">Herr Blank</persName> rätt mycket <anchor xml:id="start19464"/>småpiorna<anchor xml:id="end19464"/> hälsar de har haft pås sjukan den lilla var rätt dålig och aldeles döf men nu är hon snart bra.</seg></p>
      </div>
    </body>
  </text>
</TEI>