<?xml version='1.0' encoding='UTF-8'?><TEI xmlns:xsi="http://www.w3.org/2001/XMLSchema-instance" xmlns="http://www.tei-c.org/ns/1.0" xsi:schemaLocation="http://www.tei-c.org/ns/1.0 file:/T:/Instruktioner,%20manualer,%20scheman/TEI-scheman%20(AM)/tei_brevschema.xsd">
  <teiHeader>
    <fileDesc>
      <titleStmt>
        <title>Br1579</title>
        <respStmt>
          <resp>Ansvarig redaktör:</resp>
          <name>Laura Mattsson</name>
        </respStmt>
      </titleStmt>
      <publicationStmt>
        <publisher>Zacharias Topelius Skrifter</publisher>
      </publicationStmt>
      <sourceDesc>
        <p>Arkivsignum: se databas</p>
      </sourceDesc>
    </fileDesc>
    <profileDesc>
      <handNotes>
        <handNote medium="black-ink"/>
      </handNotes>
    </profileDesc>
  </teiHeader>
  <text>
    <body xml:space="preserve">
      <!-- – ” ’ æ ½ -->
      <div type="letter">
        <opener>
          <dateline><placeName corresp="pl963">Kudnäs</placeName> d. 14. Jan</dateline>
          <salute>Egen gosse.</salute>
        </opener>
        <p rend="noIndent"><anchor xml:id="start17068"/>25 år gammal<anchor xml:id="end17068"/> Gud välsigne dig och bevare dig – det är min önskan och bön för dig i dag och alla dagar men visserligen särskilt i dag då vi så mycket talat om dig.</p>
        <p><persName corresp="pe10">Emelie</persName> har varit här på qvällen vi satt för oss sjelfva och drack thé och en stol sattes för dig sen synades min lilla födelsedagsgåfva <anchor xml:id="start19527"/>Chemisetterna<anchor xml:id="end19527"/> <subst>so</subst>m medföljer och namnet på den öfversta fick sig en kyss..</p>
        <p><persName corresp="pe204">Alfred</persName> återvänder nu och <anchor xml:id="start19528"/>vi begagnar tillfället at skinna posten<anchor xml:id="end19528"/>, jag är nu bra nyfiken efter dit nästa bref, <anchor xml:id="start19529"/>bara nu ej snålheten bedragit visheten och du får mindre än du haft<anchor xml:id="end19529"/> jag är rädd därför <anchor xml:id="start19530"/>din lilla sparlakans lexa var nätt och behändig och vår goda prost har observerat och understrukit en gammal man som korsat öfver.<anchor xml:id="end19530"/> det var just lagom mycket åt honom at man ej lägger det mer på sinnet. <anchor xml:id="start19531"/>på hvad sätt får du ut dina pengar blir det <foreign xml:lang="lat"><anchor xml:id="start21835"/>qvartaliter<anchor xml:id="end21835"/></foreign><anchor xml:id="end19531"/> alt glömde du bort bibeln jag bad dig om åt <persName corresp="pe7172">Greta</persName> nu skickar jag pengar därtill köp en af de billiga men med öfver skrifter öfver <choice><abbr>Capt.</abbr><expan resp="EK">Capitlen</expan></choice> du skall skicka den med <persName corresp="pe39">Tullförvaltar Falk</persName> glöm ej bort det resten af pengarna skall vara at förfärdiga din <anchor xml:id="start19532"/>dyna<anchor xml:id="end19532"/> med. de där theskedarna var vist de som du vann på det stora lotteriet efter jag aldrig hört af någodt annat som du vunnit. <persName corresp="pe4463">Taxell</persName> annonserar varor för godt köp månne man kunde få god <anchor xml:id="start17074"/>sjerting<anchor xml:id="end17074"/> där för billigt så skulle jag behöfva et halft stycke eller helt du kan höra åt så skall jag skicka dig pengar<pb/> med <persName corresp="pe39">Falken</persName> fick du från mig en liten lapp som väl kunnat bli hem ty den gjorde dig ledsen liksom mig. ja kära du <persName corresp="pe262">Sophie</persName> är så rädd at stöta sina nya vänner at hon lägger af sig alt hvad hon hinner kläderna besvärar ej henne men hon törs ej utsätta sig för slikt som med lockarna. jag vet ej hur det står till men <persName corresp="pe513">Sophie Fonselius</persName> har ej varit här mer än den ena gången för längesen. <anchor xml:id="start19533"/>nå du vet väl at <persName corresp="pe366">Rosalie</persName> också är Pietist det har tagit mer på henne än <persName corresp="pe262">Sophie</persName> hon ser ut som hon legat sjuk. <persName corresp="pe37">Albert</persName> är så rädd för <persName corresp="pe300">Thilda</persName> at han i bland är helt disperat<anchor xml:id="end19533"/></p>
        <p>här är nu ej tal om annat än Pietister om två träffas vist är de genast till saken om vi kommer hur ofta inn till <persName corresp="pe2291">Fru Backman</persName> vist räcker det till hon är stark motståndare och <persName corresp="pe59">Turdin</persName> och hon komma väl öfverens i denna enda punkt från dem får vi höra alla historier som är i omlopp den ena tokigare än den andra jag skulle ej önska at <persName corresp="pe262">Sophie</persName> fick höra alt strunt men det tyckes vara en njutning at få berätta.</p>
        <p><persName corresp="pe262"><anchor xml:id="start17076"/>Sophie</persName> är beskedlig men <persName corresp="pe800">Malmberg</persName> har sagt henne då hon sade at mamma ej ville at hon skulle skilja sig i klädsel at man ej får ha mamma till sin afgud. hvad skall hon då göra stackars flicka. men det kan jag ej begripa at Herrarna är lika fina som förr men deras damer ser ut som pigor.<anchor xml:id="end17076"/></p>
        <p>jag vet ej bättre än vi kommer nästa vinter och bor med dig i <placeName corresp="pl399">Helsingfors</placeName> så slipper jag det bråket mit lynne är dåligt jag har ej sömn jag tål ingen ting jag är ej ledsen på <persName corresp="pe262">Sophie</persName> men jag är nedslagen till sinnes. kanske det blir bättre när du kommer hem om jag lefver till dess godnatt min gosse sof du godt och dröm äfven om </p>
        <closer>
          <signed>din Mamma.</signed>
        </closer>
        <postscript>
          <p>du <anchor xml:id="start19534"/>loss<anchor xml:id="end19534"/> ej höra frågan om dina rums fugtighet <!--fortsätter i vänstra marginalen på sid. 2--><seg rend="place_leftMargin">jag skickar äfven några servietter at ni litet kan duk åt er.</seg></p>
        </postscript>
      </div>
    </body>
  </text>
</TEI>