<?xml version='1.0' encoding='UTF-8'?><TEI xmlns:xsi="http://www.w3.org/2001/XMLSchema-instance" xmlns="http://www.tei-c.org/ns/1.0" xsi:schemaLocation="http://www.tei-c.org/ns/1.0 file:/T:/Instruktioner,%20manualer,%20scheman/TEI-scheman%20(AM)/tei_brevschema.xsd">
  <teiHeader>
    <fileDesc>
      <titleStmt>
        <title>Br1603</title>
        <respStmt>
          <resp>Ansvarig redaktör:</resp>
          <name>Laura Mattsson</name>
        </respStmt>
      </titleStmt>
      <publicationStmt>
        <publisher>Zacharias Topelius Skrifter</publisher>
      </publicationStmt>
      <sourceDesc>
        <p>Arkivsignum: se databas</p>
      </sourceDesc>
    </fileDesc>
    <profileDesc>
      <handNotes>
        <handNote medium="brown-ink"/>
      </handNotes>
    </profileDesc>
  </teiHeader>
  <text>
    <body xml:space="preserve">
      <!-- – ” ’ æ ½ -->
      <div type="letter">
        <opener>
          <dateline><placeName corresp="pl963">Kudnäs</placeName> d. 9. Nov.</dateline>
          <salute>Egen <persName corresp="pe614">Zache</persName>.</salute>
        </opener>
        <p rend="noIndent">Du såg väl på min sista lilla lapp att jag var litet misslynt men eljest mår vi godt. du tänker på brud klänning men du skulle se hvad <rs corresp="pe21">Farbror</rs> och <rs corresp="pe888">moster</rs> skrifver om den saken att det är aldeles för bittida för dig att ta på dig ett sådant bekymmer och hur du får bereda dig på drygt hushåll genast och så många behöfvande dessutom i den slägten <anchor xml:id="start22054"/>som nog anser dig skyldig att hjelpa<anchor xml:id="end22054"/> m. m.</p>
        <p>men detta alt bör du ej undra på de vill dig så väl jag har i dag svarat Moster därpå att du ej gifter dig förän du har säker inkomst att lefva af.</p>
        <p>Ja angående <anchor xml:id="start38449"/>proflapparna<anchor xml:id="end38449"/> så var ej min mening att du skulle tala om det för någon kanske ej det kan bli bröllop i sommar så är det löjligt att fjeska med brud klänningen utan jag tänkte om du sjelf bara skulle fråga efter i bodarna några lätta fina vita tyger får du ej någodt som duger så är det tids nog längre fram att anmoda andra därom om du skall rådgöra om <anchor xml:id="start38450"/>kammen<anchor xml:id="end38450"/> så vänd dig till <persName corresp="pe140">Augusta</persName> hon har bättre smak än <persName corresp="pe316">Fru Borg.</persName> och skulle vist tycka illa vara om hon fick veta det se nu i tid på någodt siden tyg och fråga pris <persName corresp="pe37">Albert</persName> har och om de vore billigare här. Aldrig skall du tänka på giftermål för än du får ordentlig sysla ty tidningen är ingen varacktighet hur gick det med <anchor xml:id="start38451"/>literära understödet<anchor xml:id="end38451"/> hvem fick det? intet hvar det du kan jag tro? denna vecka har du väl haft mycket bråk och ännu lär det väl räcka.<pb/> hvad skall du sen börja med är du fullärd då du blir Licentiat är det ej nån liten tjenst där som kunde fås så länge lämnar du dig med bara tidn. så blir du lat och för stör pengar. nå men <persName corresp="pe33">Blank</persName> hvad tänker han på han blir Magister i all sin tid det är skam. <persName corresp="pe242">Frosterus</persName> lär söka till <placeName corresp="pl2299">Tammerfors</placeName> skulle <persName corresp="pe33">Blanken</persName> då vara färdig och vilja hit vore han säker därom. säger du ej åt honom? har han nu god praktik? betalte du allsammans tillbakas åt honom så var du litet dum den gången ty länge blir det till härnäst.</p>
        <p>hälsa till <persName corresp="pe798">Rosenkampffs</persName> om de i år ber dig till julafton skall du gå dit <anchor xml:id="start22055"/>odelat<anchor xml:id="end22055"/> du är ändå närmare <rs corresp="pe140">Moster</rs> nog är <persName corresp="pe656">Borgströms</persName> artiga mot dig men aldrig skulle <persName corresp="pe798">Rosenkampffs</persName> vela skinna dig som <persName corresp="pe68">Borgst.</persName> gjorde med rummet jag har haft bref i från <placeName corresp="pl2157">Stockholm</placeName> <persName corresp="pe29">Emelie Turdin</persName> är så rask men <persName corresp="pe1997">Fru Backman</persName> vantrifs säger hon och längtar till <placeName corresp="pl963">kudnäs</placeName> i ro <persName corresp="pe4939">Herman</persName> skall <anchor xml:id="start17261"/>på Contor<anchor xml:id="end17261"/> till <persName corresp="pe7395" correspUncert="Y">Heggart</persName>.</p>
        <p>en glädjefull tilldragelse på vårt apothek en son är anländ till huset. i förrgår var jag på <anchor xml:id="start38448"/>Cristning<anchor xml:id="end38448"/> hos <persName corresp="pe7184">Helanders</persName> som och har en son. Vårt hyresfolk är så belåtna att de aldrig bott så bra sade <rs corresp="pe39">Tullförvaltarn</rs> åt mig – och nöjda är vi med dem vi vet så litet af hvarann, dumheten var blott att jag ej begärde 300 <choice><abbr>Rub</abbr><expan resp="EK">Rubel</expan></choice> ty det hade jag fått de säger att de bor för så billigt. <persName corresp="pe214">Logren</persName> har köpt <placeName corresp="pl4860">Mattila</placeName> af <!--brevet fortsätter i vänstra marginalen på sid. 2--><seg rend="place_leftMargin"><persName corresp="pe1996">Friherrinnan Stromberg</persName> få se hur han slipper udden.</seg> <!--brevet fortsätter i vänstra marginalen på sid. 1--><seg rend="place_previousPage_leftMargin">gör du nu med ens i från dig disputation eller hvad det heter för Doctors graden? <persName corresp="pe262">Sophie</persName> och <persName corresp="pe323">Fanny</persName> hälsar och din mamma omfamnar hjerteligen sin skatt.</seg></p>
        <closer rend="place_leftMargin">
          <salute>Gud vare med dig.</salute>
        </closer>
      </div>
    </body>
  </text>
</TEI>