﻿<?xml version="1.0" encoding="UTF-8"?>
<TEI xmlns:xsi="http://www.w3.org/2001/XMLSchema-instance" xmlns="http://www.tei-c.org/ns/1.0" xsi:schemaLocation="http://www.tei-c.org/ns/1.0 file:/T:/Instruktioner,%20manualer,%20scheman/TEI-scheman%20(AM)/tei_brevschema.xsd">
  <teiHeader>
    <fileDesc>
      <titleStmt>
        <title>Br1567</title>
        <respStmt>
          <resp>Ansvarig redaktör:</resp>
          <name>Laura Mattsson</name>
        </respStmt>
      </titleStmt>
      <publicationStmt>
        <publisher>Zacharias Topelius Skrifter</publisher>
      </publicationStmt>
      <sourceDesc>
        <p>Arkivsignum: se databas</p>
      </sourceDesc>
    </fileDesc>
    <profileDesc>
      <handNotes>
        <handNote medium="black-ink" />
      </handNotes>
    </profileDesc>
  </teiHeader>
  <text>
    <body xml:space="preserve">
      <!-- – ” ’ æ ½ -->
      <div type="letter">
        <opener>
          <dateline><placeName corresp="pl963">Kudnäs</placeName> d. 16. Feb.</dateline>
          <salute><choice><abbr>M. K.</abbr><expan resp="EK">Min käre</expan></choice> gosse.</salute>
        </opener>
        <p rend="noIndent">hvad vi alla blef storögda då vi såg <persName corresp="pe204">Alfred Backman</persName>. det var samma dag som jag om morgonen afskickade din frack med <persName corresp="pe4757">Sandman</persName> och på eftermiddagen dina Dagböcker med <persName corresp="pe53">Roos</persName> som jag vill minnas ty <persName corresp="pe509">Ekholm</persName> tog bestyr om det och sen gick jag på den musikaliska soireen här gafs opp hos <persName corresp="pe2227">Lindqvistens</persName> och bäst jag kommit träder min goda <persName corresp="pe204">Alfred</persName> fram och hälsar sen afhämtade vi alla skickningar tack skall du ha men hvarje handa glömde du <anchor xml:id="start16363" />gullpapperet<anchor xml:id="end16363" /> det måste du skicka med första. sen glömde du <persName corresp="pe344">Marie Hammarins</persName> <gap reason="damage" extent="1" unit="words" /> som du och måste skicka de tror at du köpt den men glömt den det <gap reason="overstrike" extent="1" unit="words" /> <del>af</del> när du kommer hem får du ta betalt både för den och böckerna då jag ingen räckning har så vill jag ej gå dit och kräfva då jag ej als haft bestyr med dem eller skall du skicka räckning. <title corresp="tw2607"><anchor xml:id="start16367" />julqvällen</title> var treflig och söt och tycktes vara välkommen dit den kom.<anchor xml:id="end16367" /> thé kom så lagom at intet blad fans i huset men ej heller har jag köpt här någodt.</p>
        <pb />
        <p>Hur är det nu med dina <anchor xml:id="start16368" />björnar<anchor xml:id="end16368" />, de är väl till det mästa klubbade vill jag tro ehuru du ännu i dit sista bref jemrar dig öfver dem. du projectera<supplied reason="damage" resp="MD">de</supplied> för jul at låna af <rs corresp="pe21">Farbror</rs> 300. rub – till deras betalande och nu har du sen fått <del>340</del> 340. här i från och 50. af Far<supplied reason="damage" resp="MD">bror</supplied> således måste de väl vara någodt när<supplied reason="damage" resp="MD">a</supplied> slut åtminstone om du tagit ut din<supplied reason="damage" resp="MD">a</supplied> förtjenta penningar af <persName corresp="pe170">Wasenius</persName>. låt mig alt veta hur dina affärer står. du är väl ej mer under mitt förmynderskap aldra minst nu då du tänker hjelpa dig sjelf men du vet väl från hvad källa min omsorg om dig utgår och då vet jag at du alt svarar på mina frågor med samma barnsliga förtroende och upricktighet som förr.</p>
        <p>fast du nu har inkomster så håll fast styfvern om du tänker sätta bo på så <anchor xml:id="start36053" />knappa vilkor som i <placeName corresp="pl574">Jacobstad<anchor xml:id="end36053" /></placeName> då blir det at kunna hushålla nog vore det trefligt men fasligt litet. dina vänner här tyckte at det sku<supplied reason="damage" resp="MD">lle</supplied> vara orätt af dig att så nedgräfva dit <anchor xml:id="start21799" />pund<anchor xml:id="end21799" /> de har höga tankar om dig – <anchor xml:id="start26236" />få se nu om tidningen ökar<pb /> eller <anchor xml:id="start16369" />minskar<anchor xml:id="end26236" /><anchor xml:id="end16369" /><gap reason="damage" extent="29" unit="lines" /><pb /><gap reason="damage" extent="33" unit="lines" /> <!--sidorna 3 och 4 saknas--></p>
          <p rend="place_leftMargin"><!--skrivet i vänstra marginalen på sid. 2-->har du köpt dig nytt löstäcke på din <supplied reason="damage" resp="MD">sän</supplied>g det tycker jag skall vara dåligt nog behöfde du et skrifbord ackta din hälsa <supplied reason="damage" resp="MD">fram</supplied> för alt och skrif ej om nätterna. <!--fortsätter i vänstra marginalen på sid. 1--><seg rend="place_previousPage_leftMargin">hälsa <persName corresp="pe33">Blanken</persName>. och skrif nu snart och ej altid i brådskan gud vare med dig min älskling tänk <supplied reason="damage" resp="MD">altid på din</supplied></seg></p>
          <closer rend="place_leftMargin"><signed>Mamma</signed></closer>
        <postscript>
          <p rend="place_botMargin"><persName corresp="pe7172">Greta</persName> ber at du skall vara god och betala <persName corresp="pe114">Josephina</persName> för böckerna och hälsa henne. <persName corresp="pe323">Fanny</persName> ber hälsa Farbror.</p>
        </postscript>
      </div>
    </body>
  </text>
</TEI>