<?xml version='1.0' encoding='UTF-8'?><TEI xmlns:xsi="http://www.w3.org/2001/XMLSchema-instance" xmlns="http://www.tei-c.org/ns/1.0" xsi:schemaLocation="http://www.tei-c.org/ns/1.0 file:/T:/Instruktioner,%20manualer,%20scheman/TEI-scheman%20(AM)/tei_brevschema.xsd">
  <teiHeader>
    <fileDesc>
      <titleStmt>
        <title>Br1588</title>
        <respStmt>
          <resp>Ansvarig redaktör:</resp>
          <name>Laura Mattsson</name>
        </respStmt>
      </titleStmt>
      <publicationStmt>
        <publisher>Zacharias Topelius Skrifter</publisher>
      </publicationStmt>
      <sourceDesc>
        <p>Arkivsignum: se databas</p>
      </sourceDesc>
    </fileDesc>
    <profileDesc>
      <handNotes>
        <handNote medium="brown-ink"/>
      </handNotes>
    </profileDesc>
  </teiHeader>
  <text>
    <body xml:space="preserve">
      <!-- – ” ’ æ ½ -->
      <div type="letter">
        <opener>
          <dateline><placeName corresp="pl963">Kudnäs</placeName> 30. Ap. –</dateline>
          <salute>Kärälskelige son.</salute>
        </opener>
        <p rend="noIndent">Vi väntade bror <persName corresp="pe385">Simelius</persName> både länge och väl at till slut trodde vi at han dött på vägen, ändteligen kom uplösning på dröjsmålet. hvad skall jag nu vidare skrifva? när jag sätter mig tycker jag att ingen ting är att skrifva om men vanligtvis blir ändå alla sidor fullplottrade och när brefvet är afsändt är ändå någodt glömt. nu skall jag börja om väder leken vackra solskinsdagar isen hopskjuten vid <placeName corresp="pl4858">Nybron</placeName> vår qvarn igång men brist på <anchor xml:id="start17164"/>mäld<anchor xml:id="end17164"/> <anchor xml:id="start19558"/><anchor xml:id="start19557"/>annat än torpare<anchor xml:id="end19557"/> och landbönder och det renderar ej qvarn smörja engång<anchor xml:id="end19558"/> ty den får jag ge på köpet. landsvägen och gatorna är torra men vår gård och åkrar ännu full med snö och vatten. med <persName corresp="pe49">Lithenska</persName> affärerne är dett nu så att <persName corresp="pe247">Berger</persName> och <persName corresp="pe36">Collander</persName> blifvit <anchor xml:id="start19559"/>Curatorer<anchor xml:id="end19559"/>, <persName corresp="pe2003">Tengström</persName> från <placeName corresp="pl574">Jacobstad</placeName> Domare ty <persName corresp="pe42">Häggström</persName> är jäfvig mången tror att han önskat bli Curator och därföre jäfvat sig många röster fick han och vid valet men Dett gjordes af seende på <persName corresp="pe49">Lithens</persName> begäran att få <persName corresp="pe36">Collander</persName> och <persName corresp="pe247">Berger</persName>, inställelse dag blir i Nov. <persName corresp="pe2003">Tengström</persName> har varit hyglig mot Gubben <persName corresp="pe49">Lithen</persName> och sagt att man sällan får se en så ordentligt upgjord <anchor xml:id="start19560"/>stat<anchor xml:id="end19560"/> <persName corresp="pe7171">Lindskog</persName> i <placeName corresp="pl574">Jacobstad</placeName> <subst>har</subst> och lagt in men dett skall vara så slarvigt att alt måste skrifvas om. <persName corresp="pe49">Lithen</persName> är nu litet raskare att han går opp men kan ej vara klädd ty <anchor xml:id="start17176"/>fisteln<anchor xml:id="end17176"/> är öppen och lär väl aldrig bli bra. Få se hur <persName corresp="pe16">Lindqvist</persName> stackars gubbe slår sig ut jag har ej hört hur pass han hunnit, jag såg hans stat när Svåger var här där var så många små summor på 7. 8. <choice><abbr>rub. silf</abbr><expan resp="EK">rubel silfver</expan></choice> som jag tyckte såg litet futtigt ut at ackordera om.</p>
        <pb/>
        <p><persName corresp="pe10">Emelie</persName> har jag ej träffat på 14 dar, <persName corresp="pe262">Sophie</persName> var där en eftermiddag denna vecka och samma dag hade <persName corresp="pe10">Emelie</persName> ämnat sig hit, intet är det så underligt att hon nu ej går här så ofta som förr nog håller väl <persName corresp="pe262">Sophie</persName> lika mycket af henne men samtalen är nu af skilda intressen.</p>
        <p>hvad mig beträffar är dett väl ingen skilnad men jag är åter gammal, nå om vi lefver så kommer hon väl framdeles till oss med svalorna så få vi väl vara tillsammans nog håller jag af henne och gör hon dig lycklig i framtiden (nu är dett utom all fråga) som jag med Guds hjelp hoppas så vill jag bära henne på mina händer. hon lär nu väfva, dett gör och <persName corresp="pe262">Sophie</persName> vi får alt börja tänka på att lägga litet väfvar till hopa för att kunna ge med oss när dett behöfs kanske <persName corresp="pe262">Sophie</persName> möjligtvis och kan få sig nån bondkaplan. jag vet ej hur dett går till att de så mycket gifter sig pietisterne de tyckes ej alls bry sig om eller få vara roade af andra än sitt egit kön. t. ex. <persName corresp="pe243">Nordgren</persName> har aldrig talt ett ord med <persName corresp="pe366">Rosalie</persName> eller <persName corresp="pe262">Sophie</persName> sen de blifvit pietister <persName corresp="pe525">Ingman</persName> har de och varit i sällskap med men aldrig <gap reason="overstrike" extent="1" unit="words"/> hälsar ej engång. du skall ej säga detta åt <persName corresp="pe204">Alfred</persName> ty då kommer dett straxt hit de är mycket medelsam åt hvarandra</p>
        <p>nog är <persName corresp="pe262">Sophie</persName> beskedlig och jag har nu vant mig vid mycket som kan falla dig ovant före, och jag skulle bra gärna komma och bli öfver vintern i <placeName corresp="pl399">Helsingfors</placeName> hos dig, vi skulle då hyra oss et par rum – på dett att <persName corresp="pe262">Sophie</persName> skulle få <add>se</add> andra mindre småacktiga pietister som hon satte värde på nu vill hon utaf ödmjukhet ej synas annorlunda än de som fins här.</p>
        <pb/>
        <p>men för detta project ligger i vägen, at jag är rädd kommer vi dit så kan dett värka på <persName corresp="pe140">Augusta</persName> ty jag känner henne jag tror det ginge fort, och hur gick det då med deras husliga frid <rs corresp="pe139">Baron</rs> som är så strängt emot, så det lär väl få bli som dett är. Hälsa <persName corresp="pe798">Rosenkampffs</persName> så att barnen varit sjuka, då i synnerhet tycker jag altid att jag ville vara hos <persName corresp="pe140">Augusta</persName>, då hon har gladt och trefligt behöfver hon mig ej. <persName corresp="pe29">Emelie Turdin</persName> har varit skral men är åter till fötters de hälsar dig och till Barons. hvad tycker att jag ej sett <persName corresp="pe209">Fru Lundmark</persName> ännu hon går aldrig ut. ganska få skolbarn har hon <persName corresp="pe323">Fanny</persName> går ej heller och intet vet jag just hvad hon skall lära där hon läser historie och geografi här hem och skrifver och räcknar dett enda vore att litet bidra till deras inkomst 3 <choice><abbr>rub.</abbr><expan resp="EK">rubel</expan></choice> i mån. tar hon <persName corresp="pe207">Lundmark</persName> är nu i <placeName corresp="pl2561">Wasa</placeName> men får gå ut <anchor xml:id="start36794"/>fast han bor på <placeName corresp="pl5375">korsholm<anchor xml:id="end36794"/></placeName>, han gamla bekanta skall vara mycket beskedliga mot honom Bror <persName corresp="pe59">Gustaf</persName> har träffat honom han har varit rask talt bra och nytjat ingen för ställning mer. men frun skall vara skral, du skref att du tagit lott – men du har aldrig skrifvit hvad silfver du vant på ditt svenska lotteri. <anchor xml:id="start17177"/>hör du hvem är <persName corresp="pe9524" correspUncert="Y">Zac. Z. poika</persName> har han så lika namn med dig,<anchor xml:id="end17177"/> <anchor xml:id="start17178"/>aldrig skall du ta emot <persName corresp="pe202">Glunds</persName> ovettiga uppsatser mer.<anchor xml:id="end17178"/> dett är ju ledsamt att du kommer i sådant censurkrångel känner du ej ren din man at du något så när kan veta hvad han god känner eller ej, sådant där tycker jag skall vara obehagligt.</p>
        <pb/>
        <p><persName corresp="pe262">Sophie</persName> skrifver i dag till <persName corresp="pe204">Alfred</persName>, och lär då ej hinna skrifva till dig utan du lär få vara nöjd med hälsningar. så du väntar ännu flere prenumeranter det torde ej bli många, du får intet af dem som säljes styckevis? i från <persName corresp="pe888">Moster Marie</persName> har jag haft bref de träffade ut för elakt väder de reste om tisdag ock kom först hem om fredag. vi hade så trefligt medan de var här och bra tomt sedan. rätt nu blir väl pilten <persName corresp="pe19">Oscar</persName> het om öronen kan jag tro, hälsa honom. <rs corresp="pe21">pappa</rs> tycktes nu vara nöjdare med <persName corresp="pe22">Gustaf</persName> än förr. dett var ledsamt för lilla <persName corresp="pe162">Sophie</persName> som råkade för ett så obehagligt sqvaller. jag rådde dem till att aldrig mer tala om hela saken, <persName corresp="pe4470">Elfsbergs</persName> tog ej emot <persName corresp="pe162">Sophies</persName> bref utan skickade det oläst till dem och har ej engång tagit emot <rs corresp="pe21" correspUncert="Y">Professorns</rs> besök. så alfvarsamt är dett. sätt du dig ej i någodt groll med nån för strunten utan bäst att tiden får sluka den i sig nog rår den på den. hälsa <persName corresp="pe33">Blanken</persName>, kom dett pengar från <persName corresp="pe247">Bergers</persName>? du skall tro Gubben är något lycklig så jag tycker han i glädjen har bordt hjelpa talman då han ej engång kunde få stå fadder.</p>
        <closer><salute>Gud vare med dig min gosse, tänk ofta på</salute>
          <signed>din Mamma.</signed>
        </closer>
      </div>
    </body>
  </text>
</TEI>