<?xml version='1.0' encoding='UTF-8'?><TEI xmlns:xsi="http://www.w3.org/2001/XMLSchema-instance" xmlns="http://www.tei-c.org/ns/1.0" xsi:schemaLocation="http://www.tei-c.org/ns/1.0 file:/T:/Instruktioner,%20manualer,%20scheman/TEI-scheman%20(AM)/tei_brevschema.xsd">
  <teiHeader>
    <fileDesc>
      <titleStmt>
        <title>Br1550</title>
        <respStmt>
          <resp>Ansvarig redaktör:</resp>
          <name>Laura Mattsson</name>
        </respStmt>
      </titleStmt>
      <publicationStmt>
        <publisher>Zacharias Topelius Skrifter</publisher>
      </publicationStmt>
      <sourceDesc>
        <p>Arkivsignum: se databas</p>
      </sourceDesc>
    </fileDesc>
    <profileDesc>
      <handNotes>
        <handNote medium="black-ink"/>
      </handNotes>
    </profileDesc>
  </teiHeader>
  <text>
    <body xml:space="preserve">
      <!-- – ” ’ æ ½ -->
      <div type="letter">
        <opener>
          <dateline><placeName corresp="pl963">Kudniss</placeName> d. 5 Ap.</dateline>
          <salute>Min Kära <persName corresp="pe614">Zache</persName>.</salute>
        </opener>
        <p rend="noIndent">efter jag åter <anchor xml:id="start32950"/>fått i hop skrapat en liten summa<anchor xml:id="end32950"/> så skickar jag den genast ty jag kan väl förstå at du <anchor xml:id="start32952"/>ej kom långt med det förra<anchor xml:id="end32952"/> men jag skickar nu genom <rs corresp="pe140">Moster</rs> <anchor xml:id="start36721"/>på det ingen skall veta komma och åberopa sig<anchor xml:id="end36721"/> på dina 5 <anchor xml:id="start13244"/>lock<anchor xml:id="end13244"/><!--enligt SAOB är lock ett vardagligt namn för krona men också för riksdaler--> och du därigenom ej komma i mellan hand. är <persName corresp="pe207">Lundmark</persName> qvar så glöm ej mina trädgårds frön med honom sen kan det bli svårt om tillfälle några sorter blom frön kanske bara efter med följande lapp. hur står till med <anchor xml:id="start19459"/>din garde rob<anchor xml:id="end19459"/> hur kan du hjelpa dig med din rock jag tycker du behöfver komma hem på våren för at få någodt helt. bref väntar jag snart med uplysning om dina behof. <persName corresp="pe262">Sophie</persName> hälsar dig hon har ej rum at skrifva jag kommer just i från kyrkan <persName corresp="pe4124">flickorna Lithen</persName> bad hälsa dig sista torsdag gaf <persName corresp="pe36">Collander</persName> et stort dans kaffe där de unga hade så roligt och de gamla med. hur står du på dig med dina myror i hufvudet skrif <anchor xml:id="start19460"/>om ständeligt<anchor xml:id="end19460"/> hur det går för dig jag tänker ständigt därpå. nu hinner jag ej mer hälsa <persName corresp="pe33">Mag. Blank</persName>. och Gud vare med er.</p>
      </div>
    </body>
  </text>
</TEI>