<?xml version='1.0' encoding='UTF-8'?><TEI xmlns:xsi="http://www.w3.org/2001/XMLSchema-instance" xmlns="http://www.tei-c.org/ns/1.0" xsi:schemaLocation="http://www.tei-c.org/ns/1.0 file:/T:/Instruktioner,%20manualer,%20scheman/TEI-scheman%20(AM)/tei_brevschema.xsd">
  <teiHeader>
    <fileDesc>
      <titleStmt>
        <title>Br1568</title>
        <respStmt>
          <resp>Ansvarig redaktör:</resp>
          <name>Laura Mattsson</name>
        </respStmt>
      </titleStmt>
      <publicationStmt>
        <publisher>Zacharias Topelius Skrifter</publisher>
      </publicationStmt>
      <sourceDesc>
        <p>Arkivsignum: se databas</p>
      </sourceDesc>
    </fileDesc>
    <profileDesc>
      <handNotes>
        <handNote medium="black-ink"/>
      </handNotes>
    </profileDesc>
  </teiHeader>
  <text>
    <body xml:space="preserve">
      <!-- – ” ’ æ ½ -->
      <div type="letter">
        <opener>
          <dateline><placeName corresp="pl963">Kudnäs</placeName> den 20. Sept. måndag</dateline>
          <salute>Kärälskelige Son.</salute>
        </opener>
        <p rend="noIndent"><anchor xml:id="start21800"/>Ändteligen förpassar vi nu <persName corresp="pe19">Oscar<anchor xml:id="end21800"/></persName>, Gud gifve han lyckligt må framkomma nog tyckes han vara frisk nu. hvad skall jag nu berätta för dig som ej andra sagt dig förut som skrifvit långa bref. – jo at jag i går var i afton sången och hörde på <persName corresp="pe800">Malmbergs</persName> vackra predikan, därifrån gick vi till <persName corresp="pe2227">Lindq.</persName> var vi välkomna må du gissa efter en liten inledning af mig kom vi på ämnet och alt var så väl Gubben var då ej närvarande sen kom främmande och ingenting vidare blef fråga om <anchor xml:id="start16370"/>en gång viskade Gubben åt mig våra barn har funderingar sig emellan jag hoppas det är med Cousins bifall ts. ts. och intet vidare.<anchor xml:id="end16370"/> hvad skall jag skrifva vidare det vore kanske lagom at sluta – men skada på papper och <anchor xml:id="start36740"/>fri Postporto<anchor xml:id="end36740"/>. än <anchor xml:id="start38388"/>noten<anchor xml:id="end38388"/> då frågar du. jo i morgon skall <persName corresp="pe7360">Sigfrid Norss</persName> hopfoga den. <persName corresp="pe4361">Gossarna<pb/> Engström</persName> har ren knipit flere Laxar men jag hoppas at vår del är qvar spanmåln är ej så gifvande som vi väntade men utmärkt god potates ger mycket olika vi får ganska bra men på forna ställen blir det ganska litet. ännu har det ej långt hunnit framåt med vår <anchor xml:id="start16371"/>reparotion<anchor xml:id="end16371"/>. <anchor xml:id="start16376"/>hos <persName corresp="pe2227">L.</persName> såg vi 2 n. af <title corresp="tw98">H. T</title> af <rs corresp="pe56">Prosten</rs> så jemmer med mångdubla kors öfver strukna och på skrifvit drafvel sladder floskler och <choice><abbr>m. d. l</abbr><expan resp="EK">mera dylikt</expan></choice>. det var lapparna till Signora L.<anchor xml:id="end16376"/> – det var hög tid du kom dit låt ingen ann veta detta fort kunde det komma till <persName corresp="pe75">Cygneus</persName> och det vore ledsamt jag smått intreserar mig för honom. få se nu om vi får <anchor xml:id="start16379"/>plats bref<anchor xml:id="end16379"/> om thorsdag i från dig flickorna tror det ej men jag har nästan lofvat det. ledsamt har vi haft det kan du förstå. låt mig nu veta hur du slår dig ut i alla examina – <placeName corresp="pl2322"><anchor xml:id="start21806"/>Tavastkyro</placeName> Pastorat får ej till trädas förän efter två år och ändå är redan Conrectors tjensten anslagen ledig.<anchor xml:id="end21806"/> Gud vare hos dig kära barn önskar din</p>
        <closer>
          <signed>Mamma</signed>
        </closer>
      </div>
    </body>
  </text>
</TEI>