﻿<?xml version="1.0" encoding="UTF-8"?>
<TEI xmlns:xsi="http://www.w3.org/2001/XMLSchema-instance" xmlns="http://www.tei-c.org/ns/1.0" xsi:schemaLocation="http://www.tei-c.org/ns/1.0 file:/T:/Instruktioner,%20manualer,%20scheman/TEI-scheman%20(AM)/tei_brevschema.xsd">
  <teiHeader>
    <fileDesc>
      <titleStmt>
        <title>Br1586</title>
        <respStmt>
          <resp>Ansvarig redaktör:</resp>
          <name>Laura Mattsson</name>
        </respStmt>
      </titleStmt>
      <publicationStmt>
        <publisher>Zacharias Topelius Skrifter</publisher>
      </publicationStmt>
      <sourceDesc>
        <p>Arkivsignum: se databas</p>
      </sourceDesc>
    </fileDesc>
    <profileDesc>
      <handNotes>
        <handNote medium="brown-ink" />
      </handNotes>
    </profileDesc>
  </teiHeader>
  <text>
    <body xml:space="preserve">
      <!-- – ” ’ æ ½ -->
      <div type="letter">
        <opener>
          <dateline><placeName corresp="pl963">Kudniss</placeName> d. 7. Aprill. – påskdagen</dateline>
          <salute>Min egen Gosse.</salute>
        </opener>
        <p rend="noIndent">Just nu emotog jag dit altid efterlängtade bref. men i alla fall ämnade jag skrifva med <persName corresp="pe421">Janne Kerrman</persName> hvem skulle låta ett sådant tillfälle gå sig ur händerna, men nu får du nöja dig blott med mitt bref ty din käresta är alt ännu i <placeName corresp="pl269">G:Carleby</placeName>. <anchor xml:id="start19581" />Nog kan det vara skäl som du skrifver om <placeName corresp="pl2561">Wasa</placeName> och du måste väl bida tiden, men jag önskar upricktigt att du må komma i från den strunt tidningen du har ju bara förargelse af den,<anchor xml:id="end19581" /> de börjar ju gå åt dig som åt <persName corresp="pe222">Grönblad</persName>, <anchor xml:id="start19582" />hvad är det för en insändare i <title corresp="tw456">Morgonbl.</title> som är så sträng är det den samma som skref emot din natt och Morgon är han känd?<anchor xml:id="end19582" /> kanske det är <persName corresp="pe223">Collan</persName> sjelf som insändt. <anchor xml:id="start22016" />så att han söker till <placeName corresp="pl1009">k<subst><del>ou</del><add>uo</add></subst>pio<anchor xml:id="end22016" /></placeName> då blir väl <title corresp="tw1518">Saima</title> i stor scala jag läste med mera bekymmer <anchor xml:id="start19587" />hans filosofiska afhandling i sednaste tidning<anchor xml:id="end19587" /> än alt obeskedlighet han visat dig och alt fortfar <unclear reason="endline" resp="MD">med</unclear><pb /> det är påtagligt en utmaning att få er ut på det hala men gå intet dit det ber jag dig på det alfvarsammaste ty ni förvärrar i stället för att vederlägga och ger honom tillfälle att helt och hållet utveckla och <anchor xml:id="start19584" />utstoffera<anchor xml:id="end19584" /> <anchor xml:id="start17200" />Strausianismen<anchor xml:id="end17200" /><!--syftar på David Friedrich Strauss--> på bästa vis och därigenom <del>och</del> inkasta tviflet i månget hjerta, och öfvertygelse i förut tviflande, han har gjort god början då han ger tillkänna att all sanning är blott för sin tid och att dett är tid för fabeln om Cristus att försvinna lik Grekernas Guda lära är det ej rysligt kanske jag misstar mig men så där förstod jag det. därföre ber jag dig ännu en gång svara ej et ord därpå och om ingen gjorde det vore det väl, ty då blef det snart slut <persName corresp="pe262">Sophie</persName> ber dig och rör ej i Geting boet så sprids det ej omkring och bidrar ni därtill att utsprida sådant så kan ni ej trygga er vid en redlig vilja. och just fastlagen väljer han.. aldrig kan ni öfver rösta honom utan öker det onda jag har varit orolig och är det än innan du lofvar mig<pb /> att ej blanda dig i den saken. dett andra skräpet har väl varit ledsamt hvad menar du <rs corresp="pe16">Svärfar</rs> skall tycka om det nog kan det hända att du litet faller i mångas ögon ty hvem kan tro att någon utan orsak så häcklas. och hvad som ännu mer beviser att <persName corresp="pe203">Snellman</persName> vill ha er till strids han på står att en tidn. som ej är organ för et parti är ingen tidn. men bry dig ej därom gör som <title corresp="tw2266">Vasa tidn.</title> så får du vara i fred om den säger han ingenting mer. låt honom tala och svara sjelf tills han trötnar. hvad <title corresp="tw1518">Saimas</title> prenumeranter skall bli lärda innan årets slut. har du ej fallit på den försicktiga idén att ej ta dina ryska notiser från annat håll än ur ryska tidningar gör det hädan efter så är du säker lapri om nyheterna är gamla och inga ryska anekdoter heller som ej stått där. <anchor xml:id="start19589" />hvem skall du få i sommar som tar tidn. om du du fick <persName corresp="pe65">Berndtson</persName> eller <persName corresp="pe201">Lundal</persName> de skrifver trefligt.<anchor xml:id="end19589" /> <anchor xml:id="start19588" />vid hvad tid blir Promotion?<anchor xml:id="end19588" /></p>
        <pb />
        <p><persName corresp="pe262">Sophi</persName> hälsar dig vi lefver här vårt tysta obemärkta lif <persName corresp="pe10">Emelie</persName> går väl hit i bland men ej ofta nog håller vi af henne och vi får väl framdeles om vi lefver vara mer tillsammans.</p>
        <p><anchor xml:id="start36652" />om <persName corresp="pe319">Thilda</persName> gjorde något godt parti i <placeName corresp="pl399">Helsingfors<anchor xml:id="end36652" /></placeName> men de vill väl ha pengar där också. hälsa till <persName corresp="pe798">Rosenkampffs</persName> och tacka <persName corresp="pe140">Augusta</persName> för brefvet jag skall väl snart skrifva till henne, hälsa lilla <persName corresp="pe521">Gustaf</persName> hjelp honom nu att han kan vara <rs corresp="pe139">Baron</rs> till nöjes och det blir bäst därigenom att han förliks väl med gossarna och lär sig ge efter. den är lyckligast som det kan. hälsa honom från <persName corresp="pe323">Fanny</persName>. hans <rs corresp="pe29">Mamma</rs> blef så glad när hon fick hans bref hon började stor gråta men var ändå så glad. godnatt med dig kära barn det är sängdags, måtte Gud dag och natt vaka öfver dig beder innerligt din</p>
        <closer>
          <signed>egen mamma.</signed>
        </closer>
        <postscript>
          <p rend="place_leftMargin"><!--brevet skrivet i vänstra marginalen på sid. 4-->hälsa <persName corresp="pe7285">flickorna Backman</persName><!-- Johanna Backman, Emilie Backman och Christina Sophia Backman --> och <persName corresp="pe33">Blanken</persName>.</p>
        </postscript>
      </div>
    </body>
  </text>
</TEI>