﻿<?xml version="1.0" encoding="UTF-8"?>
<TEI xmlns:xsi="http://www.w3.org/2001/XMLSchema-instance" xmlns="http://www.tei-c.org/ns/1.0" xsi:schemaLocation="http://www.tei-c.org/ns/1.0 file:/T:/Instruktioner,%20manualer,%20scheman/TEI-scheman%20(AM)/tei_brevschema.xsd">
  <teiHeader>
    <fileDesc>
      <titleStmt>
        <title>Br1582</title>
        <respStmt>
          <resp>Ansvarig redaktör:</resp>
          <name>Laura Mattsson</name>
        </respStmt>
      </titleStmt>
      <publicationStmt>
        <publisher>Zacharias Topelius Skrifter</publisher>
      </publicationStmt>
      <sourceDesc>
        <p>Arkivsignum: se databas</p>
      </sourceDesc>
    </fileDesc>
    <profileDesc>
      <handNotes>
        <handNote medium="black-ink" />
      </handNotes>
    </profileDesc>
  </teiHeader>
  <text>
    <body xml:space="preserve">
      <!-- – ” ’ æ ½ -->
      <div type="letter">
                <opener />
        <p rend="noIndent">Min goda <persName corresp="pe614">Zache</persName>. <anchor xml:id="start19545" />Nå hvad du får för <supplied reason="seal" resp="MaD"><anchor xml:id="start36784" />rart<anchor xml:id="end36784" /></supplied> främmande nu vet du väl ej hvad fot du står.<anchor xml:id="end19545" /> <anchor xml:id="start36782" />måtte nu ej lördags nummern bli bara skräp till glädje för <persName corresp="pe223">Collan</persName>, det var som jag väntade på <title corresp="tw456">Morgbl.</title> måtte det nu vara slut ty det såg ut som en alfvarsam träta men ackta dig för den och att ge anledning till några anmärkningar börja aldrig heller med sådana om du får se aldrig så många bockar men anotera dem dig till minnes.<anchor xml:id="end36782" /> förlik dig emedlertid med <persName corresp="pe223">Collan</persName> ty att vara hans ovän vore ej bra om du aldrig bryr dig om hans vänskap så var ändå höflig mot hon<supplied reason="endline" resp="MD">om</supplied> jag så rädd för mera gräl. medföljande låda skall till <persName corresp="pe798">Rosenkampffs</persName> den inne håller <anchor xml:id="start17104" />säng gardinerna<anchor xml:id="end17104" />. lådan skall du återsända med <rs corresp="pe16">svärfar</rs>. och så skall du lägga den full med gamla kläder som du ej nytjar trasigt linne och strumpor som ej kan nytjas så får jag sticka nya fötter det är hälften mindre besvär än att sticka hela. och sen så håller vi på att väfva mattor och dit går nog trasor. låt se nu att du ej glömmer detta jag nästan tror det. få se nu <anchor xml:id="start17106" />om <persName corresp="pe68">Borgström</persName> ej får veta af svärfar ert förhållande<anchor xml:id="end17106" />, om så är så måste du genast säga åt <persName corresp="pe140">Augusta</persName> därom men blott åt henne ty då är det en nödvändig skyldighet om <persName corresp="pe656">Borgströms</persName> får veta det ty <persName corresp="pe316">Fru Borgst.</persName> säger det eljest åt <persName corresp="pe140">Augusta</persName> bara de träffas vill <persName corresp="pe140">Augusta</persName> att du skall säga dett åt <rs corresp="pe139">Baron</rs> så gör det. <persName corresp="pe262">Sophie</persName> och <persName corresp="pe323">Fanny</persName> hälsar och jag säger gud vare hos dig.</p>
      </div>
    </body>
  </text>
</TEI>