<?xml version='1.0' encoding='UTF-8'?><TEI xmlns:xsi="http://www.w3.org/2001/XMLSchema-instance" xmlns="http://www.tei-c.org/ns/1.0" xsi:schemaLocation="http://www.tei-c.org/ns/1.0 file:/T:/Instruktioner,%20manualer,%20scheman/TEI-scheman%20(AM)/tei_brevschema.xsd">
  <teiHeader>
    <fileDesc>
      <titleStmt>
        <title>Br1609</title>
        <respStmt>
          <resp>Ansvarig redaktör:</resp>
          <name>Laura Mattsson</name>
        </respStmt>
      </titleStmt>
      <publicationStmt>
        <publisher>Zacharias Topelius Skrifter</publisher>
      </publicationStmt>
      <sourceDesc>
        <p>Arkivsignum: se databas</p>
      </sourceDesc>
    </fileDesc>
    <profileDesc>
      <handNotes>
        <handNote medium="brown-ink"/>
      </handNotes>
    </profileDesc>
  </teiHeader>
  <text>
    <body xml:space="preserve">
      <!-- – ” ’ æ ½ -->
      <div type="letter">
        <opener>
          <dateline><placeName corresp="pl963">Kudnäs</placeName> d. 18 Sept.</dateline>
          <salute>Gulle <persName corresp="pe614">Zache</persName>.</salute>
        </opener>
        <p rend="noIndent">Det är trefligt att få bref för än man väntar så var det med oss i går. <persName corresp="pe10">Emlie</persName> och <persName corresp="pe319">Thilda</persName> kom hit så lagom straxt efter kom dit bref, <anchor xml:id="start22263"/>i dag kommer du således till <placeName corresp="pl2735">Åbo<anchor xml:id="end22263"/></placeName> ja nog lär det vara förgäfves ser du att <persName corresp="pe679"><anchor xml:id="start22268"/>Renvall</persName> hinner och därigenom vinner<anchor xml:id="end22268"/>.</p>
        <p>men det hjelper nu ej att vidare tala därom men litet ledsamt att kasta bort tid och pengar nu då bägge delarna kan ske mer värderas än förr. Nog kommer jag dessa dagar att följa dig med tankarna och dela dina <unclear reason="writing" resp="MD"><anchor xml:id="start22257"/>assesorer<anchor xml:id="end22257"/></unclear> på för hand ty sådana kan väl vankas i parti förmodar jag om det är dig nyttigt så får du väl tjensten i annat fall har väl Gud omsorg om dig om du alfvarligt ber därom det slås ej felt. jag är nöjd med hvad som sker öfvertygad om att det är godt och nyttigt för oss om det och gör streck<!-- streck? HK --> öfver våra önskningar och uträckningar som troligen nu sker<pb/> <rs corresp="pe2040">Bäck Byggmästarn</rs> har varit här och kom i stort bryderie om pengar men jag sade att han bestämt skall skaffa åtminstone hälften i början af Nov och resten till årets slut således hoppas jag att kunna skicka dig någodt ett par hunda <choice><abbr>rub.</abbr><expan resp="EK">rubel</expan></choice> åtminstone. skulle några utmärkt goda priser bli på <persName corresp="pe7176">Aspelins</persName> Auction så blir det att passa på kanske möbler och Service din goda vän <persName corresp="pe92">Grundfelt</persName> kan väl underrätta dig när det går och hvad som går och laga att du förut får bese sakerna om priserna blir goda så måste vi väl se till att få pengar på någodt håll.</p>
        <p><persName corresp="pe139">Rosenkampff</persName> kom om Söndag middag steg af och skickade <persName corresp="pe3379">Rickström</persName> och vagnen till <placeName corresp="pl617">Gästgifvare gården</placeName> och gick hit men jag låt då be <persName corresp="pe3379">Rickström</persName> till middan äfven <persName corresp="pe42">Häggström</persName> <persName corresp="pe59">Gustaf</persName> kom och hit <anchor xml:id="start22261"/>jag fick emedlertid tala förut med <persName corresp="pe139">Rosenkampff</persName> om <persName corresp="pe59">Gustaf</persName> och bad honom ge honom<pb/> nån liten tjenst på försök<anchor xml:id="end22261"/> <subst>M</subst>en lexa opp honom dugtigt först det lär han och gjort tyst och ned slagen var <persName corresp="pe59">Gustaf</persName> men ändå så nöjd måtte det nu lyckas, <persName corresp="pe140">Augusta</persName> skref och bad att vi inga lunda skulle be om någodt för <persName corresp="pe59">Gustaf</persName> men jag tycker att det varit orätt detta är nu den enda möjligheten lyckas det ej så har vi bjudit till.</p>
        <p>Förra tisdags var jag på <persName corresp="pe4585">Bastmans</persName> Auction och köpte några Svanduns kuddar och en liten nätt kittel för herrskapets räckning där blef alt mycket dyrt <persName corresp="pe2106">Stenroth</persName> släpte ej bort någodt för godt pris.</p>
        <p><anchor xml:id="start22259"/>Artickeln om Läseriet<anchor xml:id="end22259"/> var ohygglig nog vet <persName corresp="pe262">Sophie</persName> att du ej hade fört inn sådant, hvar och en har väl gjort sit bästa att få den sådan. <persName corresp="pe262">Sophie</persName> hälsar dig och vi önskar dig lycka och framgång i dina förehafvanden, läs nu bra latin att du ej <anchor xml:id="start22258"/>hackar och malar<anchor xml:id="end22258"/>.</p>
        <p>Gud styre alt till det bästa önskar</p>
        <closer>
          <signed>din Mamma.</signed>
        </closer>
      </div>
    </body>
  </text>
</TEI>