﻿<?xml version="1.0" encoding="UTF-8"?>
<TEI xmlns:xsi="http://www.w3.org/2001/XMLSchema-instance" xmlns="http://www.tei-c.org/ns/1.0" xsi:schemaLocation="http://www.tei-c.org/ns/1.0 file:/T:/Instruktioner,%20manualer,%20scheman/TEI-scheman%20(AM)/tei_brevschema.xsd">
  <teiHeader>
    <fileDesc>
      <titleStmt>
        <title>Br1571</title>
        <respStmt>
          <resp>Ansvarig redaktör:</resp>
          <name>Laura Mattsson</name>
        </respStmt>
      </titleStmt>
      <publicationStmt>
        <publisher>Zacharias Topelius Skrifter</publisher>
      </publicationStmt>
      <sourceDesc>
        <p>Arkivsignum: se databas</p>
      </sourceDesc>
    </fileDesc>
    <profileDesc>
      <handNotes>
        <handNote medium="black-ink" />
      </handNotes>
    </profileDesc>
  </teiHeader>
  <text>
    <body xml:space="preserve">
      <!-- – ” ’ æ ½ -->
      <div type="letter">
        <opener>
          <dateline><placeName corresp="pl963">Kudnäs</placeName> d. 30. Ocht</dateline>
          <salute>Egen <persName corresp="pe614">Zache</persName>.</salute>
        </opener>
        <p rend="noIndent">Nu har du vist väntat en postdag förgäfves kanske två. jag ämnade väl skrifva med förra posten, men jag hade då ej kunnat skrifva om <persName corresp="pe30"><anchor xml:id="start17007" />Hind.</persName> Auction.<anchor xml:id="end17007" /> den har för sig gått och alt skingrat. <persName corresp="pe50">Lybeck</persName> köpte gården för <anchor xml:id="start35917" />90100<anchor xml:id="end35917" /> <choice><abbr>Rub.</abbr><expan resp="EK">Rubel</expan></choice> Tullförvaltar <persName corresp="pe39">Falk</persName> <placeName corresp="pl35">alörn</placeName> för jag vill minnas 420 eller ditåt <persName corresp="pe37">Albert</persName> <placeName corresp="pl2762">Åmins</placeName> platsen för 800 – nog torde det bli någon behållning bra nog betaltes alting jag köpte nästan intet det skall betalas om 8 dar och jag är utan pengar reparation har så noga med tagit alla tillgångar. ännu är de ej inflyttade.</p>
        <p>mit sista bref till dig var ej gladt jag vet ej hvad <persName corresp="pe262">Sophie</persName> skref, i dag väntar vi svar därpå, <persName corresp="pe262">Sophie</persName> har nu varit gladare vist läser hon mycket men det nekar jag henne ej <persName corresp="pe10">Emelie</persName> har jag ej träffat mer än en gång sen jag skref, då var hon här en förmiddag <persName corresp="pe262">Sophie</persName> var där en eftermiddag i veckan <rs corresp="pe16">Gubben</rs> predikar ifrigt mot Pietismen Gamla Herrarna har sagt at <anchor xml:id="start17008" />kl<unclear reason="overwritten" resp="MD">ab</unclear>ber skall det bli men det tror jag ej går i genom.<anchor xml:id="end17008" /> <persName corresp="pe196">August Essen</persName> är här och bor hos <persName corresp="pe36">Collander</persName> <persName corresp="pe245">Sundström</persName> är väl uptagen hos dem men <persName corresp="pe4501">Sunds</persName> och <persName corresp="pe5971">Garben</persName> skall <persName corresp="pe800">Malmberg</persName> ej gilla och således ej de andra heller <persName corresp="pe262">Sophie</persName> och <persName corresp="pe7172">Greta</persName> är nu som bäst i aftonsången at höra <persName corresp="pe800">Malmberg</persName>. <persName corresp="pe30">Hind.</persName> Böcker såldes vist ej till fulla värdet men bättre än man kunnat vänta <title corresp="ve1871">Conversations lexicon</title> som var det dyraste verket ropte <persName corresp="pe2291">Fru Backman</persName> inn åt <persName corresp="pe7125" correspUncert="Y">Härman</persName> för 28 <choice><abbr>rub.</abbr><expan resp="EK">rubel</expan></choice> <title corresp="ve31"><persName corresp="pe2229">Fryxell</persName></title> köpte <persName corresp="pe243">Nordgren</persName> <persName corresp="pe36">Collander</persName> var ej på hela auction och hvad mera intet Gubben <persName corresp="pe49">Lithen</persName> heller hvad tycks? nog lär <supplied reason="damage" resp="MD">det</supplied> varit den första han hållit sig i <supplied reason="damage" resp="MD">fr</supplied>ån ha<supplied reason="damage" resp="MD">n fic</supplied>k så myck<supplied reason="damage" resp="MD">et</supplied> <gap reason="damage" extent="3" unit="words" /> frunti<supplied reason="damage" resp="MD">mmer</supplied> <gap reason="damage" extent="1" unit="lines" /><pb /> intet tror jag at hon är <supplied reason="damage" resp="MD">n</supplied>ärmare för det Gud vet. väderleken är snöslaskig men intet vinterlik med noten har vi ej fått nånting 7 sikar här var fyra notor som ingenting fick också lär det vara förbi med not fisket ty de lägger nät vid nät alt i från <placeName corresp="pl2762">Åminne</placeName> och de som slipper under tar de med <anchor xml:id="start17009" />lippa<anchor xml:id="end17009" />. intet har jag sett en <anchor xml:id="start19509" />näting<anchor xml:id="end19509" /> i år det är så litet vatten i ån at de går öfver den torr skodd (folk nemligen)</p>
        <p>Du skall så ofta du kan skrifva <anchor xml:id="start19510" />helst<anchor xml:id="end19510" /> litet till <persName corresp="pe262">Sophie</persName>. ser hon sig hos dig tillbaka satt så får hennes lynne en svår stöt hon håller så innerligt af dig och du är hennes alt at du förstår henne, tröstar opp henne mången gång, hon skulle nu i stan höra efter bref i från dig.</p>
        <p>du har råkat ut för <persName corresp="pe56"><anchor xml:id="start19511" />Joh Niklas</persName> här värre än för <persName corresp="pe155">Joh Magnus<anchor xml:id="end19511" /></persName> i <placeName corresp="pl399">Helsingfors</placeName> <anchor xml:id="start21816" />hela bladet med Bror Flygt<anchor xml:id="end21816" /> korsade han så jemmerligt öfver och tycktes i vredes mod skrifvit <placeName corresp="pl399">Helsingfors</placeName> strunt tidn. – Gubben tror jag är litet förryckt på andra blad får både sämre och bättre passera jag tänker dessa dagar gå till honom för at liqvidera hans upbörd med penningar. det vore roligt om jag kunde få honom at tala om tidningen jag skall försöka hälsa <persName corresp="pe19">Oscar</persName> det måtte varit oförmodat för gossen stackare at finna sina kunskaper medelmåttiga och rätt väl at du ej åtog dig hans läsning nu lär han se at det ej går så i fyrsprång.</p>
        <p>Passar <persName corresp="pe7776" correspUncert="Y">Fru Amalia</persName> opp er ännu hvarifrån tar ni mat och hvad betalas därför? <anchor xml:id="start21815" />har <persName corresp="pe19">Oscar</persName> varit med hos <persName corresp="pe656">Borgströms</persName>.<anchor xml:id="end21815" /> gå nu sjelf med brefvet till <rs corresp="pe140">Moster</rs> så får ni <anchor xml:id="start19513" />fundera<anchor xml:id="end19513" /> om <subst>Nyheter från hemmet</subst>.</p>
        <p>ingen post har ännu kommit och jag kan ej vänta längre kanske detta ej tas emot och då blir du säkert misslynt. och intet har jag mer at säga dig denna gång annat än at pojkarna bulrar om kring mig at öronen må gå i lås. glöm nu ej at skrifva omständeligt om alla dina affärer du vet at allting intresserar mig, glöm ej at höra efter din vargskins pels <anchor xml:id="start17010" />Varg i Veum<anchor xml:id="end17010" /> ledde mig på den vargen – och nu blott et h<supplied reason="damage" resp="MD">jer</supplied>tligt <gap reason="damage" extent="1" unit="lines" /></p>
      </div>
    </body>
  </text>
</TEI>