<?xml version='1.0' encoding='UTF-8'?><TEI xmlns:xsi="http://www.w3.org/2001/XMLSchema-instance" xmlns="http://www.tei-c.org/ns/1.0" xsi:schemaLocation="http://www.tei-c.org/ns/1.0 file:/T:/Instruktioner,%20manualer,%20scheman/TEI-scheman%20(AM)/tei_brevschema.xsd">
  <teiHeader>
    <fileDesc>
      <titleStmt>
        <title>Br1549</title>
        <respStmt>
          <resp>Ansvarig redaktör:</resp>
          <name>Laura Mattsson</name>
        </respStmt>
      </titleStmt>
      <publicationStmt>
        <publisher>Zacharias Topelius Skrifter</publisher>
      </publicationStmt>
      <sourceDesc>
        <p>Arkivsignum: se databas</p>
      </sourceDesc>
    </fileDesc>
    <profileDesc>
      <handNotes>
        <handNote medium="black-ink"/>
      </handNotes>
    </profileDesc>
  </teiHeader>
  <text>
    <body xml:space="preserve">
      <!-- – ” ’ æ ½ -->
      <div type="letter">
        <opener>
          <dateline><placeName corresp="pl963">Kudniss</placeName> d. 22 Martii.</dateline>
          <salute>Min kära gosse.</salute>
        </opener>
        <p rend="noIndent">Nu är vi lyckeligen hemkommen till vårt kära <placeName corresp="pl963">Kudniss</placeName>. friska och välbehållna vi dröjde någodt länge på hemvägen ehuru vi hade et ypperligt före, men först stannade vi i <placeName corresp="pl119">Brahestad</placeName> en stund hos lilla <persName corresp="pe323">Fannys</persName> Mormor <persName corresp="pe3220">Fru Bergren</persName> jag tyckte at det varit orätt at resa förbi då Gumman aldrig sett <persName corresp="pe323">Fanny</persName> det var en rask och treflig gumma hon var så rörd då hon lyfte flickan ur slädan också måtte hon väntat oss ty hon hade färdig en ny silfversked åt <persName corresp="pe323">Fanny</persName>. Sedan stannade vi i <placeName corresp="pl671">Kalajocki</placeName> på Marknan en förmiddag där vi träffade <persName corresp="pe7775">Carolina Basilier</persName> med sin hygliga <rs corresp="pe9518">Man</rs>. och än ytterligare i <placeName corresp="pl269">GCarleby</placeName> et helt dygn. och nu är vi åter i vårt förra skick som vi aldrig varit borta, förra lördags kom vi hem och i söndags fick jag dit bref det gläder mig vist at du är frisk och arbetar men hvad jag intet tycker om är at du altid är utan pengar du hinner knapt få det lilla jag ofta har rätt svårt at skaffa förän du igen är utan och hur kunde du vara dum nog at låna bort någodt när du hade så litet, och et så punkligt behof som hyran, dessutom får du lof at hushålla på hvad som ej hör till det nödvändiga, kläder köper du dig aldrig mat vill jag at du skall ha men intet kan nu alt för mycket gå därtill. om din Candidat examen går lyckligt som jag hoppas<pb/> så tycker jag at du kan komma hem de par månaderna som är före promotion ty jag kan väl tro at då ingen ting blir arbetat och efter hvad nu gått åt så blir det vist dyrare at ligga där än komma hem. således skall du räkna öfver hvad du nödigt behöfver till dess och till skjuts (du kan väl få halfvera med någon) at du kommer skuldfri därifrån du vet at jag är så stor hatare till skulder och ändå måste jag jemt gräma mig öfver at du aldrig är utan, lik huru jag bjuder till at skaffa – må det nu vara nog med straffpredikan lägg den bara på minnet. <persName corresp="pe262">Sophie</persName> får berätta nyheter från ungdomens verld om vårt husliga är ej mycket at säga par <anchor xml:id="start21590"/>skogstjufvar<anchor xml:id="end21590"/> har jag låtit stämma till tinget för öfrigt är ingenting at om nämna. jag gläder mig nu öfver möjligheten at några månader förän jag på räknat få omfamna dig kära barn ty då jag för et år sen skildes från dig och tänkte på den långa tiden till härnäst eller om någon sin hvilket alt ännu står i Herrans hand så var jag nog bedröfvad innom mig sjelf då jag lämnade det käraste jag äger på jorden, mina barn. nu är det väl bättre sen jag har <persName corresp="pe262">Sophie</persName> <anchor xml:id="start19458"/>hem<anchor xml:id="end19458"/> och Gudskelof hon är rätt förståndig och arbetsam och vårt största nöje är at språka om dig. du lär väl rynka på näsan åt den lumpna summan du nu får men jag kan ej hjelpa det ty det fins ej mer i kassan än <anchor xml:id="start35867"/>fogden skall ha som kommer denna vecka<anchor xml:id="end35867"/> men för hyran skull skickar jag det lilla som fins skrapa in dina fodringar om du har några mer till dina andra behof <!--brevet fortsätter i vänstra marginalen på sid. 2--><seg rend="place_leftMargin">när jag får dit nästa bref och upgift hur mycket du tror dig behöfva så skall jag väl bjuda till at få ihop det Gud vare hos dig min Gosse</seg></p>
      </div>
    </body>
  </text>
</TEI>