﻿<?xml version="1.0" encoding="UTF-8"?>
<TEI xmlns:xsi="http://www.w3.org/2001/XMLSchema-instance" xsi:schemaLocation="http://www.tei-c.org/ns/1.0 file:/T:/Instruktioner,%20manualer,%20scheman/TEI-scheman%20(AM)/tei_brevschema.xsd" xmlns="http://www.tei-c.org/ns/1.0">
  <teiHeader>
    <fileDesc>
      <titleStmt>
        <title>Br1597</title>
        <respStmt>
          <resp>Ansvarig redaktör:</resp>
          <name>Laura Mattsson</name>
        </respStmt>
      </titleStmt>
      <publicationStmt>
        <publisher>Zacharias Topelius Skrifter</publisher>
      </publicationStmt>
      <sourceDesc>
        <p>Arkivsignum: se databas</p>
      </sourceDesc>
    </fileDesc>
    <profileDesc>
      <handNotes>
        <handNote medium="brown-ink" />
      </handNotes>
    </profileDesc>
  </teiHeader>
  <text>
    <body xml:space="preserve">
      <!-- – ” ’ æ ½ -->
      <div type="letter">
        <opener>
          <dateline><placeName corresp="pl963">Kudnäs</placeName> d. 17. Feb.</dateline>
          <salute>Goda <persName corresp="pe614">Zache</persName>.</salute>
        </opener>
        <p rend="noIndent">Träffar detta dig eller ej? nog kan dett hända kanske på resande fot hemåt i flygande då skall dett och gå fort i alla fall så skrifver jag, <persName corresp="pe10">Emelie</persName> har låft fort skaffa dett. <persName corresp="pe160">Leopold</persName> är väl nu hem igen några rader skickade jag i hast, äfven dina med <persName corresp="pe6340" correspUncert="Y">Alhqvist</persName> är mig tillhanda komna. i går hade jag och bref i från <persName corresp="pe140">Augusta</persName>, fast jag så mycket och flere gånger bad dig att skicka spetsarna med posten du hade då genast bordt be <persName corresp="pe140">Augusta</persName> om dem och laga af dem nu händer hvad jag befarat att de ej hinner till. jag skrifver nu detta på dett om du ämnar dig hem om du och satt i slädan så skall du stiga opp och gå till <persName corresp="pe140">Augusta</persName> och be henne vara god och köpa en omgång till dylika och lika mycket som de förra och kom ej utan ty <persName corresp="pe7175">Silfverhjelms</persName> väntas ej ännu på två veckor sade <persName corresp="pe509">Ekholm</persName> som är Fruns Cousin. du vet ju att Brölloppet är förr. det vore bra roligt<pb /> <add place="inline">om</add> <persName corresp="pe4637">Augusta</persName> kom med, emedlertid skall jag <anchor xml:id="start19579" />elda varmt<anchor xml:id="end19579" /> hälsa dem så mycket. vi mår som vanligt och har smått bestyr för <persName corresp="pe300">Thilda</persName>. <anchor xml:id="start17197" />tidnings revue – ingen andtäppa får jag väl af strunten men vist läser jag det <unclear reason="overwritten" resp="EK">m</unclear>ålet med förargelse dett tyckes nu vara dig <persName corresp="pe203">Snellman</persName> tänker gå åt dett förut såg jag när du onödigt utmanade honom och gör det än, han rider ju på allt lappri.<anchor xml:id="end17197" /> en stor hatare lär han vara af vatten, kanske tidningarna blefve bättre om de fugtades med romm innan de trycktes, de stank väl ännu då i <placeName corresp="pl1009">Kuopio</placeName> litet däraf – så skulle de ej heller frysa på vägen. nog kan det hända at de som ej närmare känner dig kan anse dina relgiösa utgjutelser för et ytligt vilja synas, också tycker jag att du så litet som möjligt bör röra vid religiösa ämnen i bredd med en hop tidnings kram. du utmanar <persName corresp="pe203">Snellman</persName> och <persName corresp="pe223">Collan</persName> än vidare på det viset blir det aldrig slut, och nog vet du att<pb /> den som har lätt för att skrifva kan lika lätt bevisa mot som med och hvad är då vunnit. du kan ju beqvämt göra som <persName corresp="pe203">Snellman</persName> och flere andra af skrifva lärda historier och recentioner så får de gneta på dem. <anchor xml:id="start19580" />hans flick uppfostran var litet särdeles, intet var det så många år sen han så mycket tyckte om <persName corresp="pe758">Gustava Stenroth</persName> ty hon var ett naturens barn.<anchor xml:id="end19580" /></p>
        <p>vet du hvad här förljudes att <persName corresp="pe549">Bergenheim</persName> skall få <placeName corresp="pl2176">Stor Kyro</placeName> Pastorat och bli Inspector öfver Gymnasium i <placeName corresp="pl2561">Wasa</placeName>. om så är blir ju hans post i <placeName corresp="pl2735">Åbo</placeName> ledig. nog såge jag häldre att du kom i från <placeName corresp="pl399">Helsingfors</placeName> bara du får en tjenst så att du kan lefva skuldfritt, ty där skall dett ej vara litet och de goda föresatserna viker så lätt för frestelsen. <persName corresp="pe262">Sophie</persName> och <persName corresp="pe323">Fanny</persName> hälsar dig hjerteligen, och alla menniskjor frågar om du kommer hem och största delen tror dett jag vet ingen ting utan omfamnar dig af allt mit hjerta. Gud vare med dig.</p>
        <!-- Skrivet i vänstra kanten på sid. 2 HK -->
        <postscript>
          <p rend="place_leftMargin">lilla <persName corresp="pe521">Gustaf</persName> kommer med <persName corresp="pe407">Jacob Kerrman</persName>.</p>
        </postscript>
      </div>
    </body>
  </text>
</TEI>