﻿<?xml version="1.0" encoding="UTF-8"?>
<TEI xmlns:xsi="http://www.w3.org/2001/XMLSchema-instance" xsi:schemaLocation="http://www.tei-c.org/ns/1.0 file:/T:/Instruktioner,%20manualer,%20scheman/TEI-scheman%20(AM)/tei_brevschema.xsd" xmlns="http://www.tei-c.org/ns/1.0">
  <teiHeader>
    <fileDesc>
      <titleStmt>
        <title>Br1560</title>
        <respStmt>
          <resp>Ansvarig redaktör:</resp>
          <name>Laura Mattsson</name>
        </respStmt>
      </titleStmt>
      <publicationStmt>
        <publisher>Zacharias Topelius Skrifter</publisher>
      </publicationStmt>
      <sourceDesc>
        <p>Arkivsignum: se databas</p>
      </sourceDesc>
    </fileDesc>
    <profileDesc>
      <handNotes>
        <handNote medium="brown-ink" />
      </handNotes>
    </profileDesc>
  </teiHeader>
  <text>
    <body xml:space="preserve">
      <!-- – ” ’ æ ½ -->
      <div type="letter">
        <opener>
          <salute>Min goda <persName corresp="pe614">Zache</persName>.</salute>
        </opener>
        <p rend="noIndent">du får nu bref på bref i från mig men som jag i dag skrifver till <persName corresp="pe140">Augusta</persName> så måste jag väl och litet språka med dig. <anchor xml:id="start19485" />gröna färgen behöfver jag ej nu men kan du få recept på den vore bra.<anchor xml:id="end19485" /> hur står till med dina penninge affärer om jag hade några skulle jag redan skickat dig men om du vore nog lycklig at få Stipendium at du ej behöfde det vore en god sak. men men – emedlertid får jag väl snart höra hur det står till.</p>
        <p><persName corresp="pe262">Sophie</persName> ber hälsa dig om du nån ut väg har så ber hon dig nödvändigt skaffa sig <anchor xml:id="start19486" />tre qvarter<anchor xml:id="end19486" /> vit silkes tyll och <anchor xml:id="start19487" />et halft lod<anchor xml:id="end19487" /> hvitt sysilke och svart duk till två pallar af samma sort och samma storlek som <persName corresp="pe140">augustas</persName>. du får väl Cousinerna at hjelpa dig intet skall det vara arbete till julklapp men vi behöfver det eljest. i dag förelystes <persName corresp="pe758">Gustava Stenroth</persName> och vår <persName corresp="pe7358">Landbonds Maja</persName> som gifter sig med en bonde i från <placeName corresp="pl1512">kyrkobyn</placeName>.<pb /> du är väl snart färdig at vända näsan hem åt, här roar de sig tappert – men nog är det qvar åt dig ännu. i dag är Cristning hos <persName corresp="pe2231">Turdins</persName>. måtte mit förra bref hunnit till med Brand medlena ogärna vill jag för summa någodt.</p>
        <p>hälsa <persName corresp="pe33">Mag. Blank</persName> och hälsningar till dig i från samteliga men mäst i från din kära</p>
        <closer>
          <signed>Mamma</signed>
        </closer>
      </div>
    </body>
  </text>
</TEI>