<?xml version='1.0' encoding='UTF-8'?><TEI xmlns:xsi="http://www.w3.org/2001/XMLSchema-instance" xmlns="http://www.tei-c.org/ns/1.0" xsi:schemaLocation="http://www.tei-c.org/ns/1.0 file:/T:/Instruktioner,%20manualer,%20scheman/TEI-scheman%20(AM)/tei_brevschema.xsd">
  <teiHeader>
    <fileDesc>
      <titleStmt>
        <title>Br1548</title>
        <respStmt>
          <resp>Ansvarig redaktör:</resp>
          <name>Laura Mattsson</name>
        </respStmt>
      </titleStmt>
      <publicationStmt>
        <publisher>Zacharias Topelius Skrifter</publisher>
      </publicationStmt>
      <sourceDesc>
        <p>Arkivsignum: se databas</p>
      </sourceDesc>
    </fileDesc>
    <profileDesc>
      <handNotes>
        <handNote medium="black-ink"/>
      </handNotes>
    </profileDesc>
  </teiHeader>
  <text>
    <body xml:space="preserve">
      <!-- – ” ’ æ ½ -->
      <div type="letter">
        <opener>
          <dateline><placeName corresp="pl2464"><anchor xml:id="start19456"/>Uleåborg<anchor xml:id="end19456"/></placeName> d. 11 Feb.</dateline>
          <salute>Min kära gosse.</salute>
        </opener>
        <p rend="noIndent">Nu ville jag gärna muntra opp dig med et gladt och trefligt bref om jag bara hittade på någodt mer än at vi alla befinner oss väl som det förnämsta. och ständiga bjudningar af hvilka jag bevistat ganska få, då jag varit <anchor xml:id="start19452"/>hem<anchor xml:id="end19452"/> med barnen o<subst>ch</subst> alla andra <anchor xml:id="start19453"/>bort<anchor xml:id="end19453"/> så har jag tagit mig en bok som här ej är brist på. och sen både då och där emellan kära <persName corresp="pe614">Zacke</persName> är mina tankar hos dig och delar dina bekymmer, ehuru jag ej kan lätta dem hvad läsningen angår så skall jag se till om 100 <choice><abbr>Rub</abbr><expan resp="EK">Rubel</expan></choice> kan i andra fall lindra. jag har skrifvit till <persName corresp="pe37">Albert</persName> at han skulle skicka dig denna summa se nu till at du hus hållar denna termin lär nog komma at kosta. det var besynnerligt at du ej fick strumpor och de låg förseglade färdigt hemma när jag for men antingen har <persName corresp="pe7172">Greta</persName> glömt skicka dem eller har de<pb/> blifvit borttappade det var 12 par jag längtar vist at få höra hur det går för dig kanske om du låtit <anchor xml:id="start13241"/>Tardiff<anchor xml:id="end13241"/> varna dig hade du nu haft lättare. Gud låte det gå bra för dig, så där smått väntade jag bref i dag i från dig men fast det slog <anchor xml:id="start19454"/>felt<anchor xml:id="end19454"/> så längtade jag ändå at språka med dig jag tycker det är så länge sen sist dessa dagar går här i från en <anchor xml:id="start19455"/>fora<anchor xml:id="end19455"/> till <placeName corresp="pl399">Helsingfors</placeName> om de har rum skall du få en Renstek jag har ren gjort som de<unclear reason="writing" resp="EK">n</unclear> som funderade om han skulle steka alla foglarna innan de blifvit fångade. jag har bett <rs corresp="pe888">Moster</rs> vara så god och låta steka den. smaklig måltid i fall den kommer men felet är ej mit om den uteblir <anchor xml:id="start36719"/>i morgon<anchor xml:id="end36719"/> blir bal hos <persName corresp="pe1992">Lagman Clasens</persName> och om Fredag här på bästa vis. Gossarna har nu börjat sin skolgång och små flickorna har hjertans roligt. <persName corresp="pe5367">Fru Fabritius</persName> frågade efter dig och sade at hon intreserade sig så för dig mycket<pb/> många andra har och frågt efter dig <persName corresp="pe4329">flickorna Elfsberg</persName> har skrifvit till sin <rs corresp="pe794">Mamma</rs> om sin bekantskap med dig. <rs corresp="pe21">Farbror</rs> Moster och <rs corresp="pe3410">Fastrarna</rs> pojkar och flickor alla hälsar dig vi talar så mycket om dig de vet nog hvad som mäst intreserar mig. hälsa <persName corresp="pe33">Blanken</persName> nog vet jag han hjelper dig alt hvad möjligt är intet bref har jag haft hem i från så jag vet ej hur där står till ochså har vi ej skrifvit dit föränn i förra veckan då <persName corresp="pe262">Sophie</persName> skref till <persName corresp="pe300">Thilda</persName> i början af <anchor xml:id="start13242"/>Martii<anchor xml:id="end13242"/> beger vi oss hem så du skall ej skrifva hit något bref som ej hinner till d. 5 eller 6. det är tråkigt at nu igen tänka på Landsvägen jag har lefvat et så bekymmerlöst lif här at jag blifvit helt frisk igen jag var länge krasslig i höst med hosta och nattsvett men resan gjorde mig godt fast den var besvärlig. om du gör som jag vill så bränner du genast opp våra bref lappar det som skrifs med så liten om sorg bör ej komma för andras ögon. Gud vare med dig min Gosse glöm ej at förtro dig i hans vård. <!--brevet fortsätter i vänstra marginalen på sid. 3--><seg rend="place_leftMargin">lägg af 3–4 <choice><abbr>Rub</abbr><expan resp="EK">Rubel</expan></choice> till mina trädgårds frön som du med första <subst>ska</subst>ll få <anchor xml:id="start21587"/>nota<anchor xml:id="end21587"/> på. var mån om din hälsa ber</seg></p>
        <closer rend="place_leftMargin">
          <signed>din kära Mamma.</signed>
        </closer>
        <postscript>
          <p rend="place_previousPage_leftMargin"><!--skrivet i vänstra marginalen på sid. 1-->din renstek har afgått det är <anchor xml:id="start19457"/>2 ℔<anchor xml:id="end19457"/> och jag har bett Moster låta röka hälften men tycker du annorlunda så fundera med moster <anchor xml:id="start36720"/>for lön<anchor xml:id="end36720"/> skall du betala.</p>
        </postscript>
      </div>
    </body>
  </text>
</TEI>