<?xml version='1.0' encoding='UTF-8'?><TEI xmlns:xsi="http://www.w3.org/2001/XMLSchema-instance" xmlns="http://www.tei-c.org/ns/1.0" xsi:schemaLocation="http://www.tei-c.org/ns/1.0 file:/T:/Instruktioner,%20manualer,%20scheman/TEI-scheman%20(AM)/tei_brevschema.xsd">
  <teiHeader>
    <fileDesc>
      <titleStmt>
        <title>Br1611</title>
        <respStmt>
          <resp>Ansvarig redaktör:</resp>
          <name>Laura Mattsson</name>
        </respStmt>
      </titleStmt>
      <publicationStmt>
        <publisher>Zacharias Topelius Skrifter</publisher>
      </publicationStmt>
      <sourceDesc>
        <p>Arkivsignum: se databas</p>
      </sourceDesc>
    </fileDesc>
    <profileDesc>
      <handNotes>
        <handNote medium="brown-ink"/>
      </handNotes>
    </profileDesc>
  </teiHeader>
  <text>
    <body xml:space="preserve">
      <!-- – ” ’ æ ½ -->
      <div type="letter">
        <opener>
          <dateline><placeName corresp="pl963">Kudnäs</placeName> Thorsdag.</dateline>
          <salute>Goda <persName corresp="pe614">Zache</persName>.</salute>
        </opener>
        <p rend="noIndent">Du må tro att vi längtade efter dit sista bref jag fick det på gatan och kunde ej vänta utan bröt opp det genast och läste det på stående fot innehållet gladde mig att <anchor xml:id="start22280"/>dina Specimina<anchor xml:id="end22280"/> lyckades var ju så bra, om du nu ej får tjensten så har du ändå gjort dig känd som skicklig därtill <persName corresp="pe2037"><anchor xml:id="start22284"/>Herr Hjelts</persName> skamlöshet<anchor xml:id="end22284"/> bevisar att det möjligtvis var fara för <persName corresp="pe679">Renvall</persName> men du hade ej bordt fara bort före lördagen det är bättre för elakheten att handla bakom ryggen och så hade du bordt emotaga <rs corresp="pe7040">Domprostens</rs> bjudning du hade altid vunnit på att bli mera personligt känd. men det hjelper ej att nu tala därom besvära dig måste du om det sker dig orätt och kanske du på den tiden <anchor xml:id="start22281"/>hant<anchor xml:id="end22281"/> Docentera så vore du säker om tjensten och då skulle <persName corresp="pe2037">Hjelt</persName> hjelpt dig därtill, du har väl kort om tid men indela den som Gütslof så hinner du mycket och med flere arbetan på engång. Ännu har jag ej hört af <rs corresp="pe2040">byggmästar</rs><pb/> med pengarna nog låfte han skaffa det kan väl snart börja kännas efter på kassan för dig jag läste om flere stora auctioner medan du var i <placeName corresp="pl2735">Åbo</placeName> men du har väl i alla fall hvarken tid eller pengar att besöka dem. En afton var jag hos <persName corresp="pe2227">Lindq.</persName> <persName corresp="pe42">Häggström</persName> var där att vi mäst talte om dig kan du väl förstå han tyckte och att du bör besvära dig om du har skäl han sade till och med om ej nån ann orättvisa vedefares dig än gå miste om tjensten men däri gör du som du tycker. I går kom <persName corresp="pe407">Jac. Kerrman</persName> hem missnöjd att ej fått träffa dig. Sik har vi fått vid pass en <anchor xml:id="start22279"/>fjerding<anchor xml:id="end22279"/> med noten men i natt var det så stark frost att det var is på fönsterna där rullgardin var nedfäld <persName corresp="pe262">Sophie</persName> hälsar dig att vi lefver i spänd väntan vet du väl fast man tycks vara viss om utgången, om thordag <add>i dag</add> vecka till förr lär vi ej få någodt bref i från dig du vet åt minstone ren om betygen hur de lyder lef väl goda Zache din mamma ber Gud för dig stundeligen.</p>
      </div>
    </body>
  </text>
</TEI>