<?xml version='1.0' encoding='UTF-8'?><TEI xmlns:xsi="http://www.w3.org/2001/XMLSchema-instance" xmlns="http://www.tei-c.org/ns/1.0" xsi:schemaLocation="http://www.tei-c.org/ns/1.0 file:/T:/Instruktioner,%20manualer,%20scheman/TEI-scheman%20(AM)/tei_brevschema.xsd">
  <teiHeader>
    <fileDesc>
      <titleStmt>
        <title>Br1577</title>
        <respStmt>
          <resp>Ansvarig redaktör:</resp>
          <name>Laura Mattsson</name>
        </respStmt>
      </titleStmt>
      <publicationStmt>
        <publisher>Zacharias Topelius Skrifter</publisher>
      </publicationStmt>
      <sourceDesc>
        <p>Arkivsignum: se databas</p>
      </sourceDesc>
    </fileDesc>
    <profileDesc>
      <handNotes>
        <handNote medium="black-ink"/>
      </handNotes>
    </profileDesc>
  </teiHeader>
  <text>
    <body xml:space="preserve">
      <!-- – ” ’ æ ½ -->
      <div type="letter">
        <opener>
          <dateline><placeName corresp="pl963">Kudnäs</placeName> d 22 Dec.</dateline>
          <salute>Goda <persName corresp="pe614">Zache</persName></salute>
        </opener>
        <p rend="noIndent"><anchor xml:id="start35976"/>Nog är jag bra svag för min gosse som var vecka plottrar bort 50 kop för det at han skall få läsa litet kärleksjoller från sin sköna.<anchor xml:id="end35976"/> Denna gång undantar jag likväl ty jag vill så gärna sjelf språka några ord med dig än i år, dett står i Guds hand om vi här i lifvet slutar näst kommande år. måtte du sluta detta med hälsan jag är så bekymrad om dig för <anchor xml:id="start36747"/>de gemena rummena<anchor xml:id="end36747"/> du bebor <persName corresp="pe204">Alfred</persName> sade at de fucktar mycket och at du kunnat få bättre rum för bättre pris det tycker jag ej var rätt af <persName corresp="pe68">Borgstr</persName> at för säkra det de ej skulle fukta men hvad betyder andra menniskjors hälsa för egennyttan. jag skulle nästan råda dig at på vinter månaderna flytta därifrån hvad betyder den dubla hyran emot hälsan kom i håg och at <persName corresp="pe19">Oscar</persName> är en drifhusplanta. <persName corresp="pe204">Alfred</persName> är lyckeligen anländ med dina skickningar men ingen <persName corresp="pe525">Ingman</persName> har hörats af. glömde du bibeln åt <persName corresp="pe7172">Greta</persName> så skicka den än ty jag lofvar henne den i stället för julklapp –. <anchor xml:id="start36746"/>hvad tycker du at den goda <persName corresp="pe494">Fru Dovner</persName> vandrade hädan det är rörande at se en sådan vänskap som hennes och <persName corresp="pe28">Anna lena Backmans</persName> hon sörjer till den grad att ingen syster kunde göra det mer. den stackars <rs corresp="pe79">gossen</rs><pb/> tar hon vist vård om men <rs corresp="pe7365">den arma gumman</rs> hvart skall hon. hvad skall <persName corresp="pe209">Fru Lundmark</persName> huru skall hon bära detta de stackars menniskjorna vist fick de på sin lott menskligt elände<anchor xml:id="end36746"/> <persName corresp="pe2227">Lindqvistens</persName> är obeskrifligt god emot de här varande..</p>
        <p>få se om de små julklapper här i från skickades till dig under <rs corresp="pe140">mosters</rs> adresse med <persName corresp="pe7777">Baron Sjerncrants</persName> vid tullverket. huru höll du god min den qvällen gissade du på den blytunga lådan så var det rätt gissat julen är nu här hardt nära men vi är nog nedstämda till sinnes sen <persName corresp="pe494">Fru Dovners</persName> död. <persName corresp="pe262">Sophie</persName> är sig lik intet bråkar hon mycket vist läser hon men inga samman komster har nu varit tillgång på och intet har hon besökt några kamrater hon var så glad at träffa <persName corresp="pe204">Alfred</persName> och när jag gick ut så börjades förhöret. <persName corresp="pe204">Alfred</persName> var så fin i frack och det var just väl at <persName corresp="pe262">Sophie</persName> såg at de ej annorstädes som här stökar till sig <anchor xml:id="start17061"/>men intet har <persName corresp="pe262">Sophie</persName> gjort nån ändring i kläder fast nog vet jag at alt prål lägges bort.<anchor xml:id="end17061"/> skrif åt <persName corresp="pe10">Emelie</persName> at du ämna siden tyget till <anchor xml:id="start19522"/>kapott<anchor xml:id="end19522"/> ty hon har en god svart klädn. – nu inträder nytt år innan du får bref i från oss måtte det träffa dig vid hälsan och et för nöjt sinne och <anchor xml:id="start19523"/>med föra åt dig 1000 prenumeranter<anchor xml:id="end19523"/>. hälsa till <persName corresp="pe798">Rosenkampffs</persName> tacka för brefvet med <persName corresp="pe204">Alfred</persName>. Gud ge min gosse så godt som hans Mamma önskar .</p>
        <postscript>
          <p rend="place_leftMargin"><!--skrivet i vänstra marginalen på sid. 2-->hälsa <persName corresp="pe22" correspUncert="Y">Gustaf</persName> och <persName corresp="pe19">Oscar</persName><!-- Gr? HK --></p>
        </postscript>
      </div>
    </body>
  </text>
</TEI>