<?xml version='1.0' encoding='UTF-8'?><TEI xmlns:xsi="http://www.w3.org/2001/XMLSchema-instance" xmlns="http://www.tei-c.org/ns/1.0" xsi:schemaLocation="http://www.tei-c.org/ns/1.0 file:/T:/Instruktioner,%20manualer,%20scheman/TEI-scheman%20(AM)/tei_brevschema.xsd">
  <teiHeader>
    <fileDesc>
      <titleStmt>
        <title>Br1557</title>
        <respStmt>
          <resp>Ansvarig redaktör:</resp>
          <name>Laura Mattsson</name>
        </respStmt>
      </titleStmt>
      <publicationStmt>
        <publisher>Zacharias Topelius Skrifter</publisher>
      </publicationStmt>
      <sourceDesc>
        <p>Arkivsignum: se databas</p>
      </sourceDesc>
    </fileDesc>
    <profileDesc>
      <handNotes>
        <handNote medium="black-ink"/>
      </handNotes>
    </profileDesc>
  </teiHeader>
  <text>
    <body xml:space="preserve">
      <!-- – ” ’ æ ½ -->
      <div type="letter"> 
        <opener/>
        <p rend="noIndent">Jag hade nyss en öfverläggning med Målar <persName corresp="pe3192">Gumerus</persName> nu först kommer han för at måla opp rummet som hela sommaren varit fråga om, jag ville ha den grön med <anchor xml:id="start19473"/>vatufärg<anchor xml:id="end19473"/> men han säger at här fins ingen grönfärg som duger därtill men jag tror at han ej vet hvad färg därtill begagnas ty han har aldrig målat grönt annat än med olja. Jag låfte skrifva till dig om du ville gå till nån Målare kanske <persName corresp="pe7168">Källström</persName> som <anchor xml:id="start36726"/>Landsman<anchor xml:id="end36726"/> underrättar dig därom <persName corresp="pe3192">Gummerus</persName> har hört talas om grön <anchor xml:id="start16323"/>sinober<anchor xml:id="end16323"/> skulle nån resande vara till hands eller höras af så skulle du skicka mig till et rum som är <anchor xml:id="start19470"/>7. aln.<anchor xml:id="end19470"/> i fyrkant och <anchor xml:id="start19471"/>4 ½ aln<anchor xml:id="end19471"/> högt fråga hur mycket därtill behöfs men ej vill jag ha om det kostar mer än 3 a 4 <choice><abbr>rub.</abbr><expan resp="EK">rubel</expan></choice> emedlertid måste du svara mig med första post om du kund äfven höra åt hvad papper de nytjar at spänna i tak och huru därmed tillgår vore bra du skall ej uppskjuta detta utan gå genast at det ej <anchor xml:id="start38419"/>lämnar<anchor xml:id="end38419"/>.</p>
      <closer/>      
      </div> 
    </body>
  </text>
</TEI>