﻿<?xml version="1.0" encoding="UTF-8"?>
<TEI xmlns:xsi="http://www.w3.org/2001/XMLSchema-instance" xsi:schemaLocation="http://www.tei-c.org/ns/1.0 file:/T:/Instruktioner,%20manualer,%20scheman/TEI-scheman%20(AM)/tei_brevschema.xsd" xmlns="http://www.tei-c.org/ns/1.0">
  <teiHeader>
    <fileDesc>
      <titleStmt>
        <title>Br1591</title>
        <respStmt>
          <resp>Ansvarig redaktör:</resp>
          <name>Laura Mattsson</name>
        </respStmt>
      </titleStmt>
      <publicationStmt>
        <publisher>Zacharias Topelius Skrifter</publisher>
      </publicationStmt>
      <sourceDesc>
        <p>Arkivsignum: se databas</p>
      </sourceDesc>
    </fileDesc>
    <profileDesc>
      <handNotes>
        <handNote medium="brown-ink" />
      </handNotes>
    </profileDesc>
  </teiHeader>
  <text>
    <body xml:space="preserve">
      <!-- – ” ’ æ ½ -->
      <div type="letter">
        <opener>
          <dateline><placeName corresp="pl963">Kudnäs</placeName> d. 26 Nov.</dateline>
          <salute>Goda <persName corresp="pe614">Zache</persName>.</salute>
        </opener>
        <p rend="noIndent">i dag får du knapphändiga bref, jag ämnade ej skrifva för än med nästa post men <persName corresp="pe29">Emelie Turdin</persName> bad mig genom dig skicka inneliggande sjuk beskrifn. till <persName corresp="pe33">Blanken</persName> <persName corresp="pe59">Turdin</persName> skulle skrifva med denna post till honom men han sjuknade för par dar sen och ligger än – och <persName corresp="pe29">Emelie</persName> ville ej skjuta opp utan ger dig i Commisjon att framföra hennes tacksägelse till <persName corresp="pe33">Doctor Blank</persName> för hans godhet och ber att han ej skall trötna och bli ledsen på henne om hon flere gånger uprepar ett och dett samma hon håller och jemt på för oss hur det kokar i hennes mage som en garngryta.</p>
        <p><persName corresp="pe2291">Fru Backman</persName> ber och hälsa och tacka <persName corresp="pe33">Mag. Blank</persName> och de skulle önska veta om de skall ta flere omgånger af samma medicamenter. hon är ej utan aptit men rädd för all mat utom <anchor xml:id="start17184" />vatnsoppa<anchor xml:id="end17184" /> och <anchor xml:id="start17183" />mjölgröt<anchor xml:id="end17183" /> helt fin och tunn som hon äter om aftnarna. fasligt nerfsvag är hon törs ej se på en menniskja som ser ledsen ut eller höra hårdt tal hon blir <anchor xml:id="start19564" />haj<anchor xml:id="end19564" /> för det minsta. Säg eller läs opp detta för <persName corresp="pe33">Blanken</persName> och hälsa honom äfven i från oss.</p>
        <pb />
        <p>nu till dina eller våra egna saker <anchor xml:id="start17185" />så du nu åter hållit tal.<anchor xml:id="end17185" /> då det lyckas är det bra. Stipendium det tror jag nog rakar dig förbi, men rätt var det att försöka. <anchor xml:id="start17186" />du skref en gång att du för min och <persName corresp="pe10">Emelies</persName> skulld ville söka Lectors tjensten men kära barn för min skull skall du ej göra dett.<anchor xml:id="end17186" /> du skall sjelf bana din framtida väg, vill du hällre stanna vid Universitetet så gör det om du ser din utkomst där. jag får ju dig hem hvar sommar. Således gör som du vill kära barn och bed Gud om råd och visdom att välja det bästa. – Efter en vecka skrifver jag igen och skickar ett bevis som skall till brandförsakring Direction när afgörs det om stipendium nyfiken är jag i alla fall att höra hvem som gör et sådant kap.</p>
        <p>hälsa till <persName corresp="pe798">Rosenkampffs</persName> vi mår som vanligt d. 5 Dec. blir åter Auction hos <persName corresp="pe967">Lithens</persName>. Det hörs ej af någodt tillfälle att få skicka dig ullstrumpor som jag haft så brottom med du får ingen ann jul klapp af mig. Gud vare med dig min gosse tänk ofta på din</p>
        <closer>
          <signed>egen Mamma.</signed>
        </closer>
        <postscript>
          <p rend="place_leftMargin"><!--skrivet i vänstra marginalen på sid. 2-->glöm ej böckerna</p>
        </postscript>
      </div>
    </body>
  </text>
</TEI>