<?xml version='1.0' encoding='UTF-8'?><TEI xmlns:xsi="http://www.w3.org/2001/XMLSchema-instance" xmlns="http://www.tei-c.org/ns/1.0" xsi:schemaLocation="http://www.tei-c.org/ns/1.0 file:/T:/Instruktioner,%20manualer,%20scheman/TEI-scheman%20(AM)/tei_brevschema.xsd">
  <teiHeader>
    <fileDesc>
      <titleStmt>
        <title>Br1612</title>
        <respStmt>
          <resp>Ansvarig redaktör:</resp>
          <name>Laura Mattsson</name>
        </respStmt>
      </titleStmt>
      <publicationStmt>
        <publisher>Zacharias Topelius Skrifter</publisher>
      </publicationStmt>
      <sourceDesc>
        <p>Arkivsignum: se databas</p>
      </sourceDesc>
    </fileDesc>
    <profileDesc>
      <handNotes>
        <handNote medium="brown-ink"/>
      </handNotes>
    </profileDesc>
  </teiHeader>
  <text>
    <body xml:space="preserve">
      <!-- – ” ’ æ ½ -->
      <div type="letter">
        <opener>
          <dateline><placeName corresp="pl963">Kudnäs</placeName> d. 23. Ocht.</dateline>
          <salute>Min kära goda <persName corresp="pe614">Zache</persName>.</salute>
        </opener>
        <p rend="noIndent">Så ramlar våra förhoppningar men då man stält saken i Guds hand så får man ej klaga ej var det utan att några tårar ville smyga fram från moders ögat då utsigten at få sin älskling närmare <add>gick förlorad</add> men de undertrycktes snart genom tanken att Gud väl ger dig annat och att detta ej var dig nyttigt och bara du lefver lycklig om och skild långt från mig så är jag nöjd. <anchor xml:id="start22312"/>vi var ju så väl beredd på utgången men om det var just genom <persName corresp="pe348">Helander</persName>, så var det ej hvad vi väntat<anchor xml:id="end22312"/> aldrig har du nämt åt mig om hans sjukdom var du hos honom att du tyckte det såg misstänkt ut hur var hans upförande eljest emot dig? du skall nu när du skrifver skicka mig hans bref jag är nyfiken att se det du kan skrifva där på till mig om der är rum. Hvad skall du nu ta dig före fins ej vid hela Universitetet ingen hälst liten tjenst för dig du har nu varit i 13 år där och aldrig kunnat få dig hvarken tjenst eller stipendium eller understöd som otaliga under den tiden fått och lämnat goda betyg har du och är väl känd således anser jag det vara dit eget fel att du ej passar på när<pb/> någodt fins och tränger dig fram det är ty värr nödvändigt är det ej nu nån möjlighet för dig att få där nån ordinär tjenst med <anchor xml:id="start22309"/>några hundra <choice><abbr>rub.</abbr><expan resp="EK">rubel</expan></choice> lön<anchor xml:id="end22309"/> ty att nu ligga där som bara tidnings skrifvare är för uselt och sen har du inga meriter att framvisa ty <title corresp="tw774">Joukahainen</title> och <title corresp="ve238">Jungblommorna</title> var första hindret för Lectoratet men vi skall ej mer tala om hvad som varit men dess mer om hvad du nu skall göra att få dig tjenst spana noga efter ty tidnings och annat <anchor xml:id="start22324"/>skribleri<anchor xml:id="end22324"/> bör vara en bisak och annars tycker jag att du just ej har synnerligt att bjuda <persName corresp="pe10">Emelie</persName> på bara bekymmer och troligen skulder det kan ej annat bli, de där stora understöden hvem har nu fått dem? Skall du hinna Docentera i höst om du det kan så för all del att du är färdig härnäst det behöfs jag har sådant bekymmer om dig nu blir det vist mer än förr, har du ingen äldre man vid universitetet som du kunde rådgöra med om nån tjenste befattning hvad säger t. ex. <persName corresp="pe136">Rein</persName> om <persName corresp="pe679">Renvalls</persName> utnämnande han känner väl er båda? <persName corresp="pe2037"><anchor xml:id="start22325"/>Hjelt</persName> var ingen narr och gaf dig anledning till besvär<anchor xml:id="end22325"/> <anchor xml:id="start22310"/>bättre och klokare att ge så pass betyg att du inga skäl hade att klaga bara det gick under <persName corresp="pe679">Renvall</persName> fick han Laudatur<anchor xml:id="end22310"/> <subst>e</subst>fter han kunde förodras nog nu om den ledsamma saken.</p>
        <pb/>
        <p>nu till jul affärerna ännu har ej <rs corresp="pe2040">Byggmästarn</rs> hörs af men det var ej förän 1. Nov. utsatt tid hyr du ren rum men du skall väl ej ta och betala för några för än på nyåret ingalunda och ha ej brådtom och betala för mycket nog hins där med ta då på half år jemt du lär väl ej förr slippa hem i sommar i fall du ej blir aldeles lös från tidn. har ej <persName corresp="pe170">Wasenius</persName> sagt åt dig eller nån ann därom?</p>
        <p>Se åt hos <persName corresp="pe7176">Aspelins</persName> hvad där fins och be <persName corresp="pe324">Jeana</persName> komma med dig dit på <anchor xml:id="start22305"/>stufhandel<anchor xml:id="end22305"/> hon förstår det vill säga <anchor xml:id="start22306"/>slumpa bitar<anchor xml:id="end22306"/> <anchor xml:id="start22307"/>för godt köp<anchor xml:id="end22307"/> du skall väl ha på din soffa och åt <persName corresp="pe527">Fru Lindq.</persName> <persName corresp="pe320">Aug.</persName> och <persName corresp="pe119">lotta</persName> <gap reason="overstrike" extent="1" unit="words"/> hvitt det förstås så skall du hälsa <persName corresp="pe324">jeana</persName> i från mig och be henne vara god och se om där fins slätt svart siden tyg som är godt om aldrig färgen är så modern om den eljest är vacker och dett kunde fås till 3.–3 ½ <choice><abbr>Rub.</abbr><expan resp="MaD">Rubel</expan></choice> <anchor xml:id="start38458"/>aln<anchor xml:id="end38458"/> <add><anchor xml:id="start22304"/>5 <choice><abbr>qv.</abbr><expan resp="EK">qvart</expan></choice> bredt<anchor xml:id="end22304"/></add> då skulle ni ta åt mig ett klädnings tyg om du kan gå i utläggning till en månad men godt tyg vill jag ha eljest låter ni bli köp nån bit vacker <anchor xml:id="start38457"/>negligee tyll<anchor xml:id="end38457"/> åt mig så kan vi ge <persName corresp="pe527">mamma Lindq.</persName> med till bröllops mössa det blir på min räckning intet är det precis nödvändigt men jag menar om det fås för godt köp när du har <persName corresp="pe324">Jeana</persName> med som förstår<pb/> jag mins ej om vi skref opp kaffe qvarn och <anchor xml:id="start38459"/>brännare<anchor xml:id="end38459"/> till dit hus håll och får du Postlin för godt köp kan du ta litet mer och ett par sockeraskar med lock till bords socker ljus manschetter om du kan få för 10. eller 15 kop b<hi rend="raised">co</hi> kan du köpa ett dussin och åt mig 6. st. – <anchor xml:id="start22311"/>preja<anchor xml:id="end22311"/> och pruta vid konkurser <anchor xml:id="start22308"/>sköflas<anchor xml:id="end22308"/> altid reser nån hitåt så packa på hvad möjligt är var ej granlaga köper du tyg åt mig så laga hit det med brudklänningarna under julen har man ej tid att sy. Du har väl hört den stora nyheten att <persName corresp="pe231">Uno</persName> är här han är så fet och rask nu väl som du han besökte oss straxt han kom sen har jag ej sett honom. <persName corresp="pe4634">Borgens</persName> är och komna men dem har jag ej sett <persName corresp="pe37">Albert</persName> är hemkommen. Är <persName corresp="pe19">Oscar</persName> i <placeName corresp="pl399">Helsingfors</placeName>? hur lider med <persName corresp="pe33">Blanks</persName> Examen. Klockan slår 1<subst><add>2</add><del>3</del></subst>. Gud vare med dig <persName corresp="pe262">Sofi</persName> och <persName corresp="pe323">Fanny</persName> hälsar men mest hälsas du af din Mamma lef väl.</p>
      </div>
    </body>
  </text>
</TEI>