<?xml version='1.0' encoding='UTF-8'?><TEI xmlns:xsi="http://www.w3.org/2001/XMLSchema-instance" xmlns="http://www.tei-c.org/ns/1.0" xsi:schemaLocation="http://www.tei-c.org/ns/1.0 file:/T:/Instruktioner,%20manualer,%20scheman/TEI-scheman%20(AM)/tei_brevschema.xsd">
  <teiHeader>
    <fileDesc>
      <titleStmt>
        <title>Br1570</title>
        <respStmt>
          <resp>Ansvarig redaktör:</resp>
          <name>Laura Mattsson</name>
        </respStmt>
      </titleStmt>
      <publicationStmt>
        <publisher>Zacharias Topelius Skrifter</publisher>
      </publicationStmt>
      <sourceDesc>
        <p>Arkivsignum: se databas</p>
      </sourceDesc>
    </fileDesc>
    <profileDesc>
      <handNotes>
        <handNote medium="black-ink"/>
      </handNotes>
    </profileDesc>
  </teiHeader>
  <text>
    <body xml:space="preserve">
      <!-- – ” ’ æ ½ -->
      <div type="letter">
        <opener>
          <dateline><placeName corresp="pl963">Kudnäs</placeName> d. 12 Ocht.</dateline>
          <salute>Goda <persName corresp="pe614">Zache</persName>.</salute>
        </opener>
        <p rend="noIndent">i dag sätter jag mig at skrifva vid rätt dåligt lynne först läker vårt nya tegel tak och sen har jag bredvid mig 2. packor tidningar med ämnen till flere förargelser – <anchor xml:id="start16973"/>där har du nu <persName corresp="pe223">Collan</persName> på nacken som jag förut sett, och denna gången var det ej oväntat ty så snart jag läste <persName corresp="pe412">Almqvistska</persName> försvaret<!--debatt mellan Helsingfors Tidningar och Helsingfors Morgonblad om C. J. L. Almqvist, se t.ex. H:fors Morgonblad 29.9.1842, "Om Guldkalvar". MD--> så tänkte jag hvad hade <persName corresp="pe614">Zache</persName> med det at göra<anchor xml:id="end16973"/> vill <persName corresp="pe223">Collan</persName> nu så får han anledning ty från samma synpunckt som <persName corresp="pe223">Collan</persName> ser jag och saken nämligen <persName corresp="pe412">Almqvistska</persName> <unclear reason="overwritten" resp="MD">ock</unclear> om han velat eller kunnat ha skäl till försvar hade han nog varit den man som kunnat skrifva det sjelf, nu får du hålla till godo. jag tycker hvad skade fröjd du skänk<unclear reason="endline" resp="KP">t</unclear> <persName corresp="pe223">Collan</persName> då du så gaf hugg på dig <anchor xml:id="start38427"/>peppar artickeln lär väl ej heller varit så lätt smällt<anchor xml:id="end38427"/> jag hör du får för den och fast jag än ej sett den, nog tänker han <anchor xml:id="start16974"/>börja med dig som med <persName corresp="pe222">Grönblad<anchor xml:id="end16974"/></persName> bara han får locka dig på stället men gå intet dit, du kan aldrig mäta dig med <persName corresp="pe223">Collan</persName> i klyftighet och jag tror ilska fattas honom ej heller laga dig bara fri i från den räfven han tål ingen i bredd med sig, fast detta blott tyckes vara en hederlig tillrätta visning. måtte han blott vara så sannings älskande som du vet at vid slutet af din <persName corresp="pe412">Almq.</persName> art. stod med <anchor xml:id="start19499"/>blyharts<anchor xml:id="end19499"/> när den kom hit flere fråge och utrops tecken jag gissar af <persName corresp="pe243">Nordgren</persName> som nu helt och hållit blifvit pietist intet v<supplied reason="damage" resp="KP">ar</supplied> det af <rs corresp="pe58">Prosten</rs> ty af medföljande <gap reason="damage" extent="1" unit="words"/> ser du hans sätt at <gap reason="damage" extent="5" unit="words"/> du gjorde ill<supplied reason="damage" resp="KP">a</supplied><pb/> som ej gick till honom ty vist blef han stött därföre ty alt sen du for har han då och då så där tygat till bladet du kan förstå at det förargar mig, <anchor xml:id="start19500"/>af det medföljande var det vist <persName corresp="pe620">Achrens</persName> beröm som stötte honom<anchor xml:id="end19500"/> men just på det kunde han <del>just</del> ej korsa och lyckligtvis fans det och som jag vet ej hvar du gräfvit opp <anchor xml:id="start19501"/>de lapris sakerna som var så olik dig nog får du göra bättre urval till spalt fyllnad hädanefter<anchor xml:id="end19501"/>.</p>
        <p>tack för dit bref med söndags posten <anchor xml:id="start19502"/>bråk lär du få med <persName corresp="pe19">Oscar<anchor xml:id="end19502"/></persName> kan jag tro hälsa och tacka honom för brefvet bara han nu äter måttligt fruckt för sin dålig mage så ofta du kan skall du gå till <persName corresp="pe798">Rosenkampffs</persName> du gör vist <persName corresp="pe140">Augusta</persName> et nöje därmed hon håller så mycket af dig nog lär det vara bäst ut hämta mat hem så har ni qvar till qvällen det som ej går åt om middan.</p>
        <p>går <persName corresp="pe196">A. Essen</persName> hos dig mer vet du här har många förändrat sig på den korta tid sen du reste <persName corresp="pe262"><anchor xml:id="start17005"/>Sophie</persName> lär väl skrifva därom hon håller också på och <anchor xml:id="start36742"/>läser ifrigt <persName corresp="pe7172">gretas</persName> böcker<anchor xml:id="end36742"/> Gud uplyse både henne och mig om hvad rätt är. hur det går med <persName corresp="pe2227">Lindqvistska</persName> vänskapen i slikt fall vänskap och slägtskap har <gap reason="overstrike" extent="1" unit="words"/> (som vi ha tyckt onödigt vis) blifvit glömda eller undvikits för de nya vännerna intet tror jag från <persName corresp="pe262">S.</persName> sida men från deras vet man ej.<anchor xml:id="end17005"/></p>
        <p><persName corresp="pe2291">Fru Backman</persName> och <persName corresp="pe29">Emelie</persName> hälsar dig denna vecka blir det nära färdigt i deras rum <anchor xml:id="start21823"/>få se när de får flytta<anchor xml:id="end21823"/> <anchor xml:id="start19503"/>det görs så många om vägar innan de får hålla Auction och afsluta affärerna<anchor xml:id="end19503"/> här har varit grufliga stormar den 4. starkt snö at här flere dar åkits på släda ännu är snö eller <anchor xml:id="start17006"/>isgata<anchor xml:id="end17006"/> qvar – men ej slädföre <anchor xml:id="start21813"/>den dagen fans af Lotsarne et farty<supplied reason="damage" resp="KP">g</supplied> <gap reason="damage" extent="1" unit="words"/>ar vatten utan <unclear reason="damage" resp="MD">folk</unclear> blott en <unclear reason="damage" resp="MD">hund</unclear> om <unclear reason="damage" resp="MD">bord</unclear> <gap reason="damage" extent="4" unit="words"/> men<pb/> lagt sig och befans vara västerbotn. och lastat med <anchor xml:id="start19504"/>victualier<anchor xml:id="end19504"/> och bräder at gå på <placeName corresp="pl2157">stockholm</placeName> folket fem till antalet hade gått i båt och kommit till <placeName corresp="pl4879">Monäs</placeName> en lär dödt och några förfrusit sig skepparen kom opp till staden för at söka läkare biträde utan at veta at hans skuta var bergat. Lotsarna skall haft rättighet till ⅓ <choice><abbr>d.</abbr><expan resp="EK">del</expan></choice> i den men gått af för 500 <choice><abbr>Rd</abbr><expan resp="EK">Riksdaler</expan></choice> – en annan skuta blef äfven samma dag kastat på grund nära <placeName corresp="pl4880">Laxörn</placeName> hem från <placeName corresp="pl119">Brahestad</placeName> lastat med <anchor xml:id="start21814"/>400 <choice><abbr><unclear reason="writing" resp="MD">t.</unclear></abbr><expan resp="EK">tunnor</expan></choice><anchor xml:id="end21814"/> smör<anchor xml:id="end21813"/> at föras till <placeName corresp="pl1957">Petterborg</placeName> folk och last har blifvit bergad men fartyget lär ej stå at hjelpas. de har nog varit rädda för <persName corresp="pe37">Dyrhn</persName> men i går kom han hem landvägen i från <placeName corresp="pl2735">Åbo</placeName> han har gått i land i <placeName corresp="pl4881">Alholma</placeName> och från <placeName corresp="pl264">Furusund</placeName> på ångfartyg ingen skada hade hans skuta lidit fast de haft svår storm. nu fick jag åter en tidningspacka. peppar affären var svar på tal må det nu vara <unclear reason="damage" resp="MD">slut</unclear> <title corresp="tw456">Morgonbladet</title> innehöll för öfrigt ricktigt <anchor xml:id="start19505"/>rosk<anchor xml:id="end19505"/> som Prosten vist skulle korsat om det stått på <title corresp="tw98">H. T.</title> – hur blir det <anchor xml:id="start19506"/>skall du behålla tidn.<anchor xml:id="end19506"/> hvem skall du ha till <anchor xml:id="start19507"/>oppasserska<anchor xml:id="end19507"/> i år<pb/> skrif noga om hur du ställer dina affärer <anchor xml:id="start19508"/>dina Conturtekningar var vackra<anchor xml:id="end19508"/> men intet tyckte jag de var pietistiska och en pietist skulle väl aldrig skrifva <title corresp="tw98">H. T.</title> eller hur? <persName corresp="pe16">Lindqv.</persName> är starkt emot dem så intet lär de gärna se <persName corresp="pe262">Sophie</persName> hos sig bara det blir kändt at hon är på väg at bli sådan jag lägger vist inga hinder i vägen men ogerna skulle jag se henne bli så sektisk som de här är en stor del och så fördömmande, rysligt vore det at veta sig fördömd af sina egna barn som så många föräldrar här fått höra men åtminstone skall ni ej få skäl at före brå mig at jag hindrat en fast jag ej kunnat leda er som sig bordt Gud hjelpe och styre alt till det bästa.</p>
        <p>dessa dagar har vi väntat <persName corresp="pe794">Fru Elfsberg</persName> tillbakas hennes ena flicka skall vara svårt sjuk i rödsot hvartill hon hade början ren då de var här jag vet ej om hon blifvit bättre. hvad kostar en hel bibel af de billigaste om de ej är dyra så har jag tänkt ge <persName corresp="pe7172">greta</persName> en sådan till jul – men skrif nu först hvad de kostar.</p>
        <p>hälsa till <persName corresp="pe798">Rosenkampffs</persName>. du går väl nu med kalsonger och ull strumpor. Gudvare med dig min gosse glöm ej din Mamma – lef väl</p>
      </div>
    </body>
  </text>
</TEI>