<?xml version='1.0' encoding='UTF-8'?><TEI xmlns:xsi="http://www.w3.org/2001/XMLSchema-instance" xmlns="http://www.tei-c.org/ns/1.0" xsi:schemaLocation="http://www.tei-c.org/ns/1.0 file:/T:/Instruktioner,%20manualer,%20scheman/TEI-scheman%20(AM)/tei_brevschema.xsd">
  <teiHeader>
    <fileDesc>
      <titleStmt>
        <title>Br1618</title>
        <respStmt>
          <resp>Ansvarig redaktör:</resp>
          <name>Laura Mattsson</name>
        </respStmt>
      </titleStmt>
      <publicationStmt>
        <publisher>Zacharias Topelius Skrifter</publisher>
      </publicationStmt>
      <sourceDesc>
        <p>Arkivsignum: se databas</p>
      </sourceDesc>
    </fileDesc>
    <profileDesc>
      <handNotes>
        <handNote medium="black-ink"/>
      </handNotes>
    </profileDesc>
  </teiHeader>
  <text>
    <body xml:space="preserve">
      <!-- – ” ’ æ ½ -->
      <div type="letter">
        <opener>
          <dateline><placeName corresp="pl963">Kudnäs</placeName> <anchor xml:id="start38461"/>d. 26. Nov.<anchor xml:id="end38461"/></dateline>
          <salute>Mina goda barn.</salute>
        </opener>
        <p rend="noIndent">Nu kan <persName corresp="pe614">Zache</persName> väl ej klaga öfver min tröghet att skrifva då det går så tätt på men dubbel anledning har jag denna gång ty måttet till dosan glömdes på bordet, och sen kära Zache skall jag berätta att vår gamla <persName corresp="pe198">Brita</persName> dog sista tisdags hon flyttade till oss hon skulle bo hos <anchor xml:id="start23851"/><rs corresp="pe4826" correspUncert="Y">Landbonds</rs><anchor xml:id="end23851"/> och ha sin egen hushållning, <del>men</del> det var om onsdag, fredagen mådde hon illa men sade det vara sin gamla sjukdom som brukade räcka par dagar men då hon ej om söndags morgon var bättre gick jag dit och bad Doctorn komma med och han sade det var bröstinflamation vi bjöd då till att noga göra som han före skref med åder låtning och medicin han for bort om afton till <placeName corresp="pl509">Härmä</placeName> måndags morgon när jag kom tyckte jag att hon var sämre jag sade henne det och hon sade söta frun bed Gud för mig och sjelf låg hon med hopknäpta<pb/> händer och bad vet du hon var så hyglig jag frågte om hon ville tala vid nån prest det ville hon och <anchor xml:id="start23853"/>jag skickade efter <persName corresp="pe2069">Favorin</persName> som bor på <placeName corresp="pl3096">Harald</placeName> och är finne<anchor xml:id="end23853"/>.</p>
        <p>hon tog nattvarden måndags afton och när jag gick i från henne tog hon med båda händerna mig om halsen och sade förlåt mig int jag all gånger varit bra mot Frun ljus brändes om natten och folket var opp kl. 4 räckte hon ut sin hand då <persName corresp="pe659">Stina</persName> frågade om hon ville ha något svarade hon nej jag skall släck ljuset hvad ska<supplied reason="endline" resp="KP">ll</supplied> det brinn <anchor xml:id="start23854"/>fåfängon<anchor xml:id="end23854"/> kl. 5 dog hon helt stilla. i går begrofs hon alla <placeName corresp="pl963">Kudnäs</placeName> och <placeName corresp="pl3170">Frill</placeName> undhafvande var bjudna till middag opp hos Landbonds sen de först ledsagat henne till sin graf några från staden af hennes bekanta <persName corresp="pe7190">Ferm</persName> med hustru <persName corresp="pe7191">Axelsons</persName> och <persName corresp="pe7192">Ronndells</persName> <persName corresp="pe5977">Hellstrands</persName> och <persName corresp="pe7193">nämdeman Högbacka</persName> med Fru sällskapet bestod af 50. personer utom barn en hel hop jag var där när de samlades och hon bars ut under<pb/> sång det var ganska högtidligt sen kom de till bakas och måltiden bestod af bränvin i skålar smör och bröd fläsk med potatis Risgrynsgröt i ugn och tårtor – sen kaffe <anchor xml:id="start23855"/>kaffepunss<anchor xml:id="end23855"/> och ett glas toddi, <persName corresp="pe323">Fanny</persName> och jag gick dit på kaffe och var där tills Sällskapet väl belåtna åt skildes kl. 6. ingen öfver lastad jag tyckte att en sådan begrafning var passligare än att bjuda mina bekanta. <persName corresp="pe2245">Mamsell Glansk</persName> som <persName corresp="pe198">Brita</persName> skött som barn hon var den som skötte serveringen, här hemma lagade vi till 16. fat gröt hade vi ugn alt gick åt. så nu hvilar hon efter 75 år 9. m. besvärlig vandring på jorden, nog hade jag önskat att hon lefvat något år hos oss men intet missunnar jag henne hvilan.</p>
        <p>Stadbona har jag just ej träffat men nog vet jag att de mår bra jo <persName corresp="pe658">Dyrhns</persName> råkade jag i afton.</p>
        <p>hälsa <persName corresp="pe140">Augusta</persName> med de sina och <persName corresp="pe324">Jeana</persName> samt <persName corresp="pe262">Sophie</persName> och <persName corresp="pe24">Fanny</persName>.</p>
        <pb/>
        <p>Nu är väl <persName corresp="pe2074">Grundfelts</persName> framkomna här har vi full vinter med godt släd före i går var 18 graders köld och ännu kallare mot afton <persName corresp="pe323">Fanny</persName> ber hälsa, och nu det bästa till sist mina små älsklingar intet glömmer Farmor bort er utan skickar er tusende pu<unclear reason="endline" resp="MD">ssar</unclear> och hälsningar och så skall jag berätta om en gosse jag såg han var mycket större än både <persName corresp="pe11">aina</persName> och <persName corresp="pe12">Micha</persName> och var klädd i stöflor och låg i sin mammas famn och fick mat af henne och benen hängde i golfvet det såg för roligt ut. nu lär jag ej hinna mer</p>
        <closer>
          <salute>Gud vare med er.</salute>
        </closer>
        <postscript>
          <p><persName corresp="pe35">Johanna Wahlström</persName> har en stor flicka kanske jag ren skrifvit därom. <anchor xml:id="start38460"/>cristningen<anchor xml:id="end38460"/> blir ej förän <persName corresp="pe60">Wahlström</persName> kommer. <persName corresp="pe33">Blank</persName> står Fadder allestans nyss hos <persName corresp="pe4445">Kjellmans</persName></p>
        </postscript>
      </div>
    </body>
  </text>
</TEI>