<?xml version='1.0' encoding='UTF-8'?><TEI xmlns:xsi="http://www.w3.org/2001/XMLSchema-instance" xmlns="http://www.tei-c.org/ns/1.0" xsi:schemaLocation="http://www.tei-c.org/ns/1.0 file:/T:/Instruktioner,%20manualer,%20scheman/TEI-scheman%20(AM)/tei_brevschema.xsd">
  <teiHeader>
    <fileDesc>
      <titleStmt>
        <title>Br1608</title>
        <respStmt>
          <resp>Ansvarig redaktör:</resp>
          <name>Laura Mattsson</name>
        </respStmt>
      </titleStmt>
      <publicationStmt>
        <publisher>Zacharias Topelius Skrifter</publisher>
      </publicationStmt>
      <sourceDesc>
        <p>Arkivsignum: se databas</p>
      </sourceDesc>
    </fileDesc>
    <profileDesc>
      <handNotes>
        <handNote medium="brown-ink"/>
      </handNotes>
    </profileDesc>
  </teiHeader>
  <text>
    <body xml:space="preserve">
      <!-- – ” ’ æ ½ -->
      <div type="letter">
        <opener>
          <dateline><placeName corresp="pl963">Kudnäs</placeName> d. 5. Ap.</dateline>
          <salute>Min älskelige gosse.</salute>
        </opener>
        <p rend="noIndent">i morgon hoppas jag att vi får bref i från dig, men som du troligen ren väntat en postdag för gäfves så vill jag ej längre pröfva dit tålamod. Hvad dett skall bli roligt när du kommer till <placeName corresp="pl2561">Wasa</placeName> och vi i stället för att skrifva kan skutta sjelf och si hur våra kära befinner sig. nu svarar du, var ej så säker kära mor på den saken, det är jag ej heller men det gläder mig att i bland tänka det som säkert i bland i mulnare stunder tvärtom men Gud styrer väl till dett bästa men s<unclear reason="inksmudge" resp="MD">at</unclear>brackor är hela <anchor xml:id="start22180"/>Consistorium<anchor xml:id="end22180"/>. Har du snart <anchor xml:id="start22265"/>din disputation<anchor xml:id="end22265"/> färdig? nu börjar frågorna..</p>
        <p>men först skall du Hälsa <persName corresp="pe139">Rosenkampff</persName> och tacka för pengarna som jag bekommit glöm för all del ej bort det sen hälsar du den öfriga famillen Hörs det ej om den stackars <persName corresp="pe59">Turdin</persName> har nån förhoppning? <persName corresp="pe204">Alfrd Backm</persName> var här i går han sade att <persName corresp="pe19">Oscars</persName> kärra har vintrat på <placeName corresp="pl827">Kimo bruk</placeName> jag bad honom skaffa den hit till oss och du<pb/> skall fråga <persName corresp="pe19">Oscar</persName> om den skall vänta honom här eller om tillfälle blir att skicka den till <placeName corresp="pl2464">Uleåborg</placeName>, till <placeName corresp="pl399">Helsingfors</placeName> är det knapt tänkbart att få den och kanske sen förstörd på så lång väg glöm ej att svara äfven på en annan sak <anchor xml:id="start22181"/>skall tidn. stanna hos oss eller <persName corresp="pe2227">Lindqv.<anchor xml:id="end22181"/></persName> här är de ännu alla som kommit men om du vill skall jag låta dem stanna där.</p>
        <p>I förra veckan kom <persName corresp="pe5479">torparn Forsberg</persName> och frågade om jag hade någodt att skicka till dig han och två andra skulle fara dit på arbete kan du ta en kista? nå ja nog får den vara bra stor i morgon far vi och kommer in efter den, jag skickar efter <persName corresp="pe2525" correspUncert="Y">Dalsten</persName> och låter slå i hop en låda och tar ner alla böcker och klistrar tunna remsor öfver namnen binder dem i packor hvart verk för sig i ordning och som alt är färdigt och vi bara väntar vår <persName corresp="pe5479">Forssberg</persName>, så får vi återbud det blef ingen resa utaf och böckerna ligger färdiga till afsändning<pb/> <persName corresp="pe262">Sophie</persName> hälsar hon var rest till <placeName corresp="pl1132"><unclear reason="inksmudge" resp="MD">Lappo</unclear></placeName> till påsk hon för står bra finska men bara i andeliga ämnen intet skall du för hennes skull prenumerera på <title corresp="ve1885">viborgs tidn.</title> men jag trodde att du hade den. <persName corresp="pe10">Emelie</persName> berättade för mig om tidn. revuen som var på <title corresp="tw559">morgonbladet</title> <rs corresp="pe42">Borgmästarn</rs> skickar det till dem hvar postdag, nog har han godt i meningen, men han vill väl litet närmare lära känna <persName corresp="pe319">Thilda</persName> innan han säger ärendet intet tror jag han får korgen om han kommer.</p>
        <p><persName corresp="pe300">Thilda Dyhr</persName> och hennes lilla <rs corresp="pe640">skatt</rs> mår bra för en vecka sen var jag där då hade han första gången dragit sin lilla mun till leende då har <persName corresp="pe300">thilda</persName> sagt om nu Morbror <persName corresp="pe614">Zachris</persName> vore här nog skref han opp i sin dagbok hans första leende hon är så öfvertygad om det deltagande i hennes små fröjder. påsk lördagen föll <rs corresp="pe49">Gubbens</rs> dom honom till nöjes han vurmar nu i Landtbruk du skref i ditt förra bref att ej kan för må dig att skrifva på för hand – men om du det gjorde <add place="leftMargin">sparade du dig många hastverks förargelser.</add></p>
        <pb/>
        <p>– <title corresp="tw774"><anchor xml:id="start22184"/>Joukahainen</title> skall väl nagelfaras med yttersta stränghet<anchor xml:id="end22184"/> där får du stackars gosse igen <anchor xml:id="start22183"/>smälta piller<anchor xml:id="end22183"/> det är säkert. Månne du skulle slippa skrifklådan om du kom till <placeName corresp="pl2561">Vasa</placeName>? – Så vi får så mycken Militär i landet det blir så mycket brillantare. ännu har jag ej hört om <rs corresp="pe21">Farbrors</rs> och <persName corresp="pe162">Sophies</persName> hemkomst ja få se hur det går med <persName corresp="pe2240" correspUncert="Y">Gripenbergs</persName> parti <persName corresp="pe18">Vilhelm</persName> är han äldre än <persName corresp="pe160">Leopold</persName> hur ser han ut hvad kan det bli af, för <persName corresp="pe160">Leopold</persName> var de litet rädd. blir <persName corresp="pe33">Blank</persName> Candidat snart han väntas hit i sommar af många patienter. i vår skall <persName corresp="pe204">Alfred Backm</persName> gifta sig <persName corresp="pe187">Justus</persName> fick ge med sig. får du nu reda på detta bref så nog kan du läsa både tryckt och skrifvit. Gud vare med dig kära barn därom ber <unclear reason="inksmudge" resp="MD">alti</unclear>d din</p>
        <closer>
          <signed>Mamma.</signed>
        </closer>
      </div>
    </body>
  </text>
</TEI>