﻿<?xml version="1.0" encoding="UTF-8"?>
<TEI xmlns:xsi="http://www.w3.org/2001/XMLSchema-instance" xsi:schemaLocation="http://www.tei-c.org/ns/1.0 file:/T:/Instruktioner,%20manualer,%20scheman/TEI-scheman%20(AM)/tei_brevschema.xsd" xmlns="http://www.tei-c.org/ns/1.0">
  <teiHeader>
    <fileDesc>
      <titleStmt>
        <title>Br1552</title>
        <respStmt>
          <resp>Ansvarig redaktör:</resp>
          <name>Laura Mattsson</name>
        </respStmt>
      </titleStmt>
      <publicationStmt>
        <publisher>Zacharias Topelius Skrifter</publisher>
      </publicationStmt>
      <sourceDesc>
        <p>Arkivsignum: se databas</p>
      </sourceDesc>
    </fileDesc>
    <profileDesc>
      <handNotes>
        <handNote medium="brown-ink" />
      </handNotes>
    </profileDesc>
  </teiHeader>
  <text>
    <body xml:space="preserve">
      <!-- – ” ’ æ ½ -->
      <div type="letter">
        <opener>
          <dateline><placeName corresp="pl963">Kudniss</placeName> d. 3 Maj.</dateline>
        </opener>
        <p rend="noIndent">Nå min goda <persName corresp="pe614">Zache</persName> hur har det gått för dig, <anchor xml:id="start13971" />när du emotager detta, är du en väl bestäld Candidat<anchor xml:id="end13971" /> som jag hoppas, och jag vill skynda mig at omfamna dig i tankarna och gratulera och framför alt välsigna dig och be om den Högstes bistånd för dig vid alla dina företag. föräldrars välsignelse bygger hus åt barnen står det ack huru säkert skulle ej dit hus vara bygdt om mina böner blir hörda, men kära barn lägg sjelf en säker grundval genom bön och flit för dit timmeliga och eviga väl. När du läser detta var säker at mina tankar omger dig och at <subst><del>du</del><add>vi</add></subst> följer dig hela dagen, från ditt upvaknande sedan till Academien där jag ganska väl kommer ihåg det rum där du står het om öronen och sen din glädje när det är förbi och du dricker et glas på saken men kom i håg måttligt måtte du ej skäm<pb />ma bort en glad dag med någodt så dåligt som et rus. det är efter min tanke et dåligt sätt at yttra sin glädje. jag addresserar detta till <persName corresp="pe140">Augusta</persName> ty jag tror at du ej den dagen hvarken väntar eller har tid at höra efter bref, men jag fick en längtan at språka med dig och jag tycker när jag vet at du läser detta är du mig närmare. och sen börjar du väl i sakta mak laga dig hemåt, men res ej om nätterne ännu har det ej stått i tidningarna om någodt ångfartyg således tror jag at du kommer landvägen. vi har vackra dagar och kalla nätter och sjukligt är här därföre var försicktig. 3 menniskjor fick slag här innom en vecka <persName corresp="pe4022">Fru Berger</persName> och gamla <persName corresp="pe7165">Lalin</persName> dog <persName corresp="pe1993">styrman Willman</persName> lefver än men mål lös han kom i från <placeName corresp="pl2561">Vasa</placeName> och lär åkt om natten och hant i <persName corresp="pe4440">Österblads</persName> farstuga där han föll liflös han skulle denna<pb /> vecka stå Brudgum med <persName corresp="pe7164">jungfru Österblad</persName>. hvart tog <persName corresp="pe207">Lundmark</persName> vägen med mina frön <anchor xml:id="start13973" />här <anchor xml:id="start13974" />glunkas<anchor xml:id="end13974" /> dåligt om hans afärer och tros at det är slut.<anchor xml:id="end13973" /> stackars folk hvad de är beklagansvärda hur skulle han kunna bära det. hans hustru är et exemple af undergifvenhet och troligen beredd på det värsta. jag var litet krasslig här några dagar men nu mår jag bra igen. ta nu med dig alla söndriga linn kläder men lämna de hela qvar jag har nytt åt dig här hur ser dina täcken ut jag tycker de skall vara både sönder och smutsiga ta hem dem om du <anchor xml:id="start19465" />nånsin<anchor xml:id="end19465" /> kan din säng kan ju lyftas ut <anchor xml:id="start19466" />emedlertid<anchor xml:id="end19466" />. hälsa <persName corresp="pe33">Herr Blank</persName> kommer han till oss i sommar så är han välkommen som altid. gudvare hos dig. <persName corresp="pe262">Sophie</persName> ämnade väl skrifva men hon ber mig nu hälsa och säga at hon gömmer alt tills ni träffas</p>
      </div>
    </body>
  </text>
</TEI>