<?xml version='1.0' encoding='UTF-8'?><TEI xmlns:xsi="http://www.w3.org/2001/XMLSchema-instance" xmlns="http://www.tei-c.org/ns/1.0" xsi:schemaLocation="http://www.tei-c.org/ns/1.0 file:/T:/Instruktioner,%20manualer,%20scheman/TEI-scheman%20(AM)/tei_brevschema.xsd">
  <teiHeader>
    <fileDesc>
      <titleStmt>
        <title>Br1601</title>
        <respStmt>
          <resp>Ansvarig redaktör:</resp>
          <name>Laura Mattsson</name>
        </respStmt>
      </titleStmt>
      <publicationStmt>
        <publisher>Zacharias Topelius Skrifter</publisher>
      </publicationStmt>
      <sourceDesc>
        <p>Arkivsignum: se databas</p>
      </sourceDesc>
    </fileDesc>
    <profileDesc>
      <handNotes>
        <handNote medium="brown-ink"/>
      </handNotes>
    </profileDesc>
  </teiHeader>
  <text>
    <body xml:space="preserve">
      <!-- – ” ’ æ ½ -->
      <div type="letter">
        <opener>
          <dateline><placeName corresp="pl963">Kudnäs</placeName> d. 8. Sept.</dateline>
          <salute>Goda <persName corresp="pe614">Zache</persName>.</salute>
        </opener>
        <p rend="noIndent">Så du kom oförmodat och präcktigt i vagn till <placeName corresp="pl399">Helsingfors</placeName>, jag ämnade i Thordags skrifva till dig på <placeName corresp="pl2735">Åbo</placeName> väl at jag ej gjorde det nu lär den tiden komma då jag får nöja mig med underrättelser från dig ur andra hand – likvist väntar jag nu i från dig ett om ständeligt bref <anchor xml:id="start38445"/>om dit vistande i <placeName corresp="pl2561">Wasa<anchor xml:id="end38445"/></placeName> och hvad du där uträttat aldrig har jag hört et ord om <persName corresp="pe323">Fanny</persName> tomt och ledsamt är här kan du tro i Fredags din namsdag kom <persName corresp="pe10">Emelie</persName> hit med en stor Oleander blomma som fästes på dit förut bekransade fagra Conterfej. en stund därefter ankom <persName corresp="pe2016">Fru Hammarin</persName> med sin <persName corresp="pe344">Mia</persName> och <persName corresp="pe2122">Fru Falk</persName> med <persName corresp="pe2808">Lovisa</persName> <add type="noAnchor"><persName corresp="pe2394">Fru Lith.</persName> och <persName corresp="pe300">Thilda</persName></add> och det var en rätt treflig namsdag men du fattades likväl. <persName corresp="pe262">Sophie</persName> gjorde och hvad hon kunde för att roa sitt främmande ett bref kom med sista posten till dig och som jag ej viste om det var nödigt at skicka det till dig så bröt jag opp det och det var i från <persName corresp="pe9200" correspUncert="Y">Borgen</persName> som säger sig hvarken sjelf eller veta af nån ann som<pb/> vill ha <anchor xml:id="start38446"/>Condition<anchor xml:id="end38446"/> som brefvet ej an gick något annat så skickade jag det till <persName corresp="pe4082">Synnerbergs</persName> med till sägelse att jag skulle skicka det till dig därpå kom <persName corresp="pe2039">Synnerberg</persName> hit och sade at han ämnat samma dag komma för att säga att <persName corresp="pe58">Prosten Stenbäck</persName> till bjudit dem en sin syster son således behöfver du ej vidare bry dig om den saken och jag besvärar mig ej heller med att skicka brefvet. <persName corresp="pe33">Blanken</persName> och <persName corresp="pe19">Oscar</persName> blef väl förundrade då du kom så snart efter om du nånsin kan så ställ så till att <persName corresp="pe19">Oscar</persName> kan få bo under din vård i samma hus åtminstone hans Föräldrar tyckes önska det, han har ju present åt dig från <rs corresp="pe21">pappa</rs>, alla vill dig väl kära barn, skjut ej länge upp med att skrifva och tacka kom ihåg det. Hvart lämnade <persName corresp="pe656">Borgströms</persName> kärra? kom du fritt fram? Denna vecka har det varit ett och annat lass ännu som sökt <rs corresp="pe242">Doctorn</rs> <rs corresp="pe32">Apothekarn</rs> har redan afskedat sin hjelpreda och lär nu i maklighet få påminna sig den gyllene tiden<pb/> Nu skall jag berätta för dig att jag bar <persName corresp="pe36">Collanders</persName> lilla dotter till Dopet, där var så blandade faddrar <persName corresp="pe398">Östrings</persName> och <persName corresp="pe450">Helanders</persName> <persName corresp="pe3951">Doctor Berg</persName> och <rs corresp="pe278">Son</rs> <persName corresp="pe2394">Fru Lithen</persName> <persName corresp="pe247">Råd. Berger</persName>, <persName corresp="pe50">Lybeck</persName> <persName corresp="pe366">Rosalie</persName> <persName corresp="pe10001">Mamsell Collander</persName>, hade <persName corresp="pe33">Mag. Blank</persName> varit qvar hade han vist fått vara med och. Gubben <persName corresp="pe49">Lithen</persName> var och där. ganska präcktig<unclear reason="inksmudge" resp="KP">t</unclear> och hyggligt. den lilla heter <persName corresp="pe7182">Johanna</persName>.</p>
        <p>vår skörd och såning är nu slutad de som tröskat säger att råger ger ganska litet i morgon skall vi tröska. Hälsa så mycket till <persName corresp="pe798">Rosenkampffs</persName> och berätta för <persName corresp="pe140">Augusta</persName> om hvad <persName corresp="pe2291">Fru Backman</persName> skref till mig lilla <persName corresp="pe521">Gustaf</persName> skall du be skrifva ett litet bref till sin <rs corresp="pe29">Mamma</rs> och skicka det till mig. <persName corresp="pe262">Sophie</persName> hälsar dig hjertligt hälsa vår <rs corresp="pe33">Doctor</rs> och <persName corresp="pe19">Oscar</persName> – i från</p>
        <closer>
          <signed>din Mamma.</signed>
        </closer>
        <postscript>
          <p>Gud beskydde och bevare dig i från frestelser och alt ondt. –<pb/> Hvem af Herrarna har oppe i kammarn lämnat 45. <choice><abbr>kop Silf.</abbr><expan resp="EK">kopek Silfver</expan></choice> och några slantar</p>
        </postscript>
      </div>
    </body>
  </text>
</TEI>