﻿<?xml version="1.0" encoding="UTF-8"?>
<TEI xmlns:xsi="http://www.w3.org/2001/XMLSchema-instance" xmlns="http://www.tei-c.org/ns/1.0" xsi:schemaLocation="http://www.tei-c.org/ns/1.0 file:/T:/Instruktioner,%20manualer,%20scheman/TEI-scheman%20(AM)/tei_brevschema.xsd">
  <teiHeader>
    <fileDesc>
      <titleStmt>
        <title>Br1595</title>
        <respStmt>
          <resp>Ansvarig redaktör:</resp>
          <name>Laura Mattsson</name>
        </respStmt>
      </titleStmt>
      <publicationStmt>
        <publisher>Zacharias Topelius Skrifter</publisher>
      </publicationStmt>
      <sourceDesc>
        <p>Arkivsignum: se databas</p>
      </sourceDesc>
    </fileDesc>
    <profileDesc>
      <handNotes>
        <handNote medium="black-ink" />
      </handNotes>
    </profileDesc>
  </teiHeader>
  <text>
    <body xml:space="preserve">
      <!-- – ” ’ æ ½ -->
      <div type="letter">
        <opener>
          <dateline><placeName corresp="pl963">Kudnäs</placeName> d. 4. feb. Söndag</dateline>
          <salute>Egen <persName corresp="pe614">Zache</persName>.</salute>
        </opener>
        <p rend="noIndent">Ännu har ingen <persName corresp="pe160">Leopold</persName> passerat men i dag lär han resa i från <placeName corresp="pl2464">Uleåbg</placeName> <placeName corresp="pl1009">Kuopio</placeName> vägen, stackars gosse som varit sjuk då har han väl ej haft roligt där hade de som vanligt är ansett honom som en friare. <persName corresp="pe39">Tullförvaltar Falk</persName> är väl nu i <placeName corresp="pl399">Helsingfors</placeName> och du bekomit bref och paquette, fast inga bref i från mig var med så vet jag att han ändå hade åt dig. <persName corresp="pe262">Sophie</persName> var mån om att få bältet åt dig till hemresan. Tack för ditt bref så du ej kommer hem, jag säger ingen ting därom gör som dett bäst sy<subst>nes</subst> och passar för dig vist vore det roligt för oss alla men nog är det en lång resa för några dagar, men <persName corresp="pe300">Thilda</persName> hon säger nog kommer han. nästa Söndag lyses det och Brölloppet blir samma vecka det blir utlyst. <persName corresp="pe798">Rosenkampffs</persName> blir och bjudna til Bröllops säg åt <rs corresp="pe140">Moster</rs> att jag väntar henne med säkerhet vist tycker jag hon kund<supplied reason="endline" resp="KP">e</supplied> göra denna <anchor xml:id="start19575" />skuttresa<anchor xml:id="end19575" /> om ej just för brölloppets så för vår skull.. du är en bjesse att sätta af pengar få se om du blir lika rask att inbringa, eljest bär det till sko<supplied reason="endline" resp="MD">gen</supplied> din lilla hustjuf förundrar mig ej alls om du mins så förut såg jag att så skulle gå stackars barn det är ynkligt med sådana varelser kan han ej komma i nån lära hvad blir det af sådana där, i synnerhet <anchor xml:id="start17192" />plär<anchor xml:id="end17192" /> fickor noga under sökas du brukar nog lämna dina lådor öpna hur hvar det med den som stal porslinerna följde inga linne kläder med har du ditt silfver i behåll<pb /> dessa dagar har vi studerat tidningarne utom <title corresp="tw1518">Saima</title> som ännu ej anländt <persName corresp="pe262">Sophie</persName> håller nog och till godo fast hon litet knotar i bland i synnerhet kan hon ej fördra att bibelspråk användes – som sagt är tidnings gräl lär det bli i år men du är ju beskedlig <title corresp="ve2399">Borgå tidning</title> ger ju dig och det loford tillika med annat att du har god takt i polemik. dett bästa med <title corresp="tw456">Mbl.</title> blir vist det slå honom med hans egna bockar ty då kanske han låter dig vara i fred. jag trodde vist at han och <title corresp="tw1518">Saima</title> skulle dra ett men nu ser jag att och de är i lufven på hvarann men höfligare är <title corresp="tw456">Mlb.</title> mot honom än mot er nog ser det ut som han väntat sig en bundsförvandt. och hvad han <anchor xml:id="start19574" />gör sig grön<anchor xml:id="end19574" /> för vederbörlig ort ett och annat är som jag tycker han kunnat låta bli att fram dra. du gör kanske för litet i det afseendet det är altid så kort om godt, aldrig har du till mig nämt et ord om <anchor xml:id="start19573" />Nikolai balen<anchor xml:id="end19573" /> var du där? –</p>
        <p>ännu till tidn. – det var ju <anchor xml:id="start17194" />en stygg uppsats emot dig i <title corresp="tw2558">Åbo tidn.</title> jag hörde<pb /> väl <persName corresp="pe37">Albert</persName> säga engång att de går illa åt <persName corresp="pe614">Zachris</persName> för prest historien<anchor xml:id="end17194" /> men som jag ingenstans såg det så trodde jag att det var ingenting jag kom ej alls i håg <title corresp="tw2558">Åbo tidn.</title> men nu ser jag på dit eget blad att det var sant. blir ingen stött öfver <anchor xml:id="start17193" />Borgå färden<anchor xml:id="end17193" /> så är det under då det är nån sanning till grund.</p>
        <p>previligerande lögnare tycker jag att alla diktare och roman skrifvare är, så det var dumt utryck om han ej hade annat emot berättelsen. <anchor xml:id="start22011" />kanske det ej är värdt att in föra <persName corresp="pe2839">Marmiers</persName> uttryck om din <rs corresp="pe226">pappa<anchor xml:id="end22011" /></rs> det ser så skrytsamt ut då han ej utgifvit i tryck annat än run<supplied reason="damage" resp="MD">or</supplied> och <persName corresp="pe2839">Marmiers</persName> resebeskrifning för öfrigt är ej ansedd för så noga <unclear reason="writing" resp="MD">ande</unclear><!-- tycker det ser ut som mede HK --> litet mer eller mindre än sanningen skulle det hända att du kommer hem så ta din uniform med och slit på den så sparar du på fracken som säkert slet ondt. om ej spetsarna är af sända så gör det snart och <persName corresp="pe366">Rosalies</persName> böcker med aldra första tillfället. <persName corresp="pe10">Emelie</persName> har berättat kan jag tro att <persName corresp="pe397">Sophie Aspegren</persName> blef hufvudstupa förlofvad och brölloppet<pb /> blir Marie dagen. Nu är vi utan <anchor xml:id="start17195" />Landbönder<anchor xml:id="end17195" /> på <placeName corresp="pl3170">Frillas</placeName> båda har sagt opp, få se nu hur jag får den saken i ordning ogerna tar jag det sjelf. <persName corresp="pe262">Sophie</persName> bad hälsa dig hon är i kyrkan hon hjelper nu <persName corresp="pe300">Thilda</persName> med ett och hvarje till Brudbrådskan hon var där i tre dar och <anchor xml:id="start19572" />stickade täcke<anchor xml:id="end19572" /> –. <anchor xml:id="start17196" />inne lyckt<anchor xml:id="end17196" /> följer åter en sorts sjuk journal från <persName corresp="pe29">Emelie Turdin</persName> till <persName corresp="pe33">Doctor Blank</persName> med mång tusende hälsningar och bön om ursäckt för så mycket besvär, hon hoppas och att han skall komma till <persName corresp="pe37">Dyhrs</persName> bröllop så där till halften blott. de hälsar och dig. <persName corresp="pe29">Emelie</persName> stackare är alt lika skral Gud vet om nån medecin hjelper henne. jag hoppas mera på en resa till <placeName corresp="pl2157">Stockholm</placeName> hälsa <persName corresp="pe798">Rosenkampffs</persName> i från oss och Gud vare med dig min älskling. jag förblifver altid din hulda</p>
        <closer>
          <signed>Mamma.</signed>
        </closer>
      </div>
    </body>
  </text>
</TEI>