<?xml version='1.0' encoding='UTF-8'?><TEI xmlns:xsi="http://www.w3.org/2001/XMLSchema-instance" xmlns="http://www.tei-c.org/ns/1.0" xsi:schemaLocation="http://www.tei-c.org/ns/1.0 file:/T:/Instruktioner,%20manualer,%20scheman/TEI-scheman%20(AM)/tei_brevschema.xsd">
  <teiHeader>
    <fileDesc>
      <titleStmt>
        <title>Br1585</title>
        <respStmt>
          <resp>Ansvarig redaktör:</resp>
          <name>Laura Mattsson</name>
        </respStmt>
      </titleStmt>
      <publicationStmt>
        <publisher>Zacharias Topelius Skrifter</publisher>
      </publicationStmt>
      <sourceDesc>
        <p>Arkivsignum: se databas</p>
      </sourceDesc>
    </fileDesc>
    <profileDesc>
      <handNotes>
        <handNote medium="brown-ink"/>
      </handNotes>
    </profileDesc>
  </teiHeader>
  <text>
    <body xml:space="preserve">
      <!-- – ” ’ æ ½ -->
      <div type="letter">
        <opener>
          <salute>Egen gosse.</salute>
        </opener>
        <p rend="noIndent"><persName corresp="pe16"><anchor xml:id="start17137"/>Lindqvist</persName> och lådan lyckeligen åter kommen<anchor xml:id="end17137"/> – mera trasor väntade jag intet alls linne så mycket bättre om du har bara helt men vet du fyra strumpor var makalös och kan således ej göras någodt åt för än de får sin andra hälft igen som du ej får glömma bort i sommar. detta tyckes vara vigtigast efter jag börjar därmed, men det lär vara fruntimmers sed att lämna sådant till Postskriptum men som jag nu just ej har någodt i synnerhet så skall jag börja med en hop frågor igen som ofta brukar <anchor xml:id="start19550"/>lämna<anchor xml:id="end19550"/> obesvarade. när tror du dig kunna ta Licentiatexamen och kan du då sedan söka dig Lectors tjenst ty jag tror aldrig att du som gift slår dig ut i <placeName corresp="pl399">Helsingfors</placeName> du är för mycket gästfri till dett. <anchor xml:id="start38433"/>ditt blifvande verk<anchor xml:id="end38433"/> lär bli i stor scala tycker jag mig förstå – och så ser jag dig i andanom som jordbrukare nog är jag rädd att dett skulle bli bara theori ännu har jag ej sett <anchor xml:id="start21849"/>upsatsen på <title corresp="tw2558">Åbo tidn.<anchor xml:id="end21849"/></title> <anchor xml:id="start19551"/>vårt hus hålls acktiga bolag<anchor xml:id="end19551"/> har ej råd att hålla sig den, men jag skall skaffa den i från andra och så skall jag göra försök som du önskar och så skall vi till sammans gå se på alt hur det vexer.</p>
        <p>få se hur det går med <anchor xml:id="start17142"/>din utländska resa<anchor xml:id="end17142"/> efter du nu är <anchor xml:id="start19548"/>på modet<anchor xml:id="end19548"/> <anchor xml:id="start19549"/>är det ingen förnäm mans son som behöfver en gouvernör på en resa.<anchor xml:id="end19549"/> nog gör du rätt i att laga bort dina skulder, jag skall och så göra här.</p>
        <p>undvik dem sedan och fram för alt borgen som <anchor xml:id="start38432"/>till och med den vise <persName corresp="my207">Salomo</persName> varnar för<anchor xml:id="end38432"/> står du nu qvar för någon så laga dig fri.</p>
        <p>intet är det under om du behöfver ny rock dett plagg som mäst synes och du mäst nytjar,<pb/> bör vara snygt – din <anchor xml:id="start19553"/>morgon rock<anchor xml:id="end19553"/> skall vi väl förnya här hem. tack för bibeln det var en huggare hvad hjelpte med priset mer du fick inga öfverskott till dynan men nog borde den göras. i år behöfver jag inga trädgårds frön, men väl skulle jag behöfva 1. <anchor xml:id="start17143"/>L℔<anchor xml:id="end17143"/> Thimotej frö om du hade utväg för pengar och lägenhet om det ej vore mycket dyrt jag skall <anchor xml:id="start17144"/>släppa stolpåkern i linda<anchor xml:id="end17144"/>. <persName corresp="pe6961">Daniel</persName> är nu bort flyttat till sin far och lär alt <subst>ko</subst>mma att förbli en skogs <anchor xml:id="start19554"/>ödare<anchor xml:id="end19554"/> han ämnade börja att räkna ut gödsel vissa lass åt efter trädarn så att jag måste hota och vara sträng innan jag fick på rätt dett är en tråkig menniskja aldrig vet jag hur dett blir med <persName corresp="pe16">Lindqvistska</persName> affärerna om <persName corresp="pe49">Lithenska</persName> har jag skrifvit till <persName corresp="pe140">Augusta</persName> hvad jag vet. <persName corresp="pe366">Rosalie</persName> är vist Pietist och <anchor xml:id="start36788"/>ser äfven så ut<anchor xml:id="end36788"/>.</p>
        <p>Du måtte väl ha fri billet på <anchor xml:id="start17156"/>spectaklerna<anchor xml:id="end17156"/> <anchor xml:id="start21850"/>dett hade du väl af <persName corresp="pe380">Fru Millberg</persName> <anchor xml:id="start19552"/>och efter<anchor xml:id="end19552"/> du så tacksamt gjorde narr af henne<anchor xml:id="end21850"/> du har ju mycket prenumeranter fler lär det ej heller bli. hvad är det för tidn. du håller dig och hvad kostar de.</p>
        <p>så du är så väl hos <persName corresp="pe68">Borgstr.</persName> nå måttligt bäst att du kan hålla dig qvar i gunsten. <persName corresp="pe2527">G. Kyntzell</persName> är död få se om <persName corresp="pe2398">Fru Kemmer</persName> måste komma hem och beställa om sitt hus sen flyttar hon vist med allone hälsa <persName corresp="pe19">Oscar</persName> och <persName corresp="pe33">Blanken</persName> aldrig skrifver du ett ord om honom går han ej hos dig är han Candidat. Gud vare med min älskling så är alt bra.</p>
      </div>
    </body>
  </text>
</TEI>